<?xml version="1.0" encoding="utf-8"?>
<COLLADA xmlns="http://www.collada.org/2005/11/COLLADASchema" version="1.4.1">
  <asset>
    <contributor>
      <author>Mixamo</author>
      <authoring_tool>COLLADA Mixamo exporter</authoring_tool>
      <comments/>
    </contributor>
    <created>2026-07-14T03:28:52Z</created>
    <modified>2026-07-14T03:28:52Z</modified>
    <revision/>
    <title/>
    <unit meter="0.010000"/>
    <up_axis>Y_UP</up_axis>
  </asset>
  <library_animations>
    <animation id="mixamorig_Hips-anim" name="mixamorig_Hips">
      <source id="mixamorig_Hips-Matrix-animation-input">
        <float_array id="mixamorig_Hips-Matrix-animation-input-array" count="38">

0.000000 0.033333 0.066667 0.100000 0.133333 0.166667 0.200000 0.233333 0.266667 0.300000 0.333333 0.366667 0.400000 0.433333 0.466667 0.500000
0.533333 0.566667 0.600000 0.633333 0.666667 0.700000 0.733333 0.766667 0.800000 0.833333 0.866667 0.900000 0.933333 0.966667 1.000000 1.033333
1.066667 1.100000 1.133333 1.166667 1.200000 1.233333</float_array>
        <technique_common>
          <accessor source="#mixamorig_Hips-Matrix-animation-input-array" count="38">
            <param name="TIME" type="float"/>
          </accessor>
        </technique_common>
      </source>
      <source id="mixamorig_Hips-Matrix-animation-output-transform">
        <float_array id="mixamorig_Hips-Matrix-animation-output-transform-array" count="608">

0.999429 -0.013595 0.030924 -0.641663 0.011180 0.996971 0.076967 108.736893 -0.031877 -0.076578 0.996554 -0.294791 0.000000 0.000000 0.000000 1.000000
0.999365 -0.020441 0.029186 -0.830643 0.017985 0.996465 0.082064 108.509346 -0.030760 -0.081487 0.996200 0.118792 0.000000 0.000000 0.000000 1.000000
0.999336 -0.027085 0.024359 -1.074746 0.024921 0.996059 0.085125 108.064072 -0.026569 -0.084461 0.996072 0.463851 0.000000 0.000000 0.000000 1.000000
0.999176 -0.035166 0.020265 -1.402232 0.033212 0.995408 0.089778 107.630417 -0.023329 -0.089031 0.995756 0.711698 0.000000 0.000000 0.000000 1.000000
0.998969 -0.042035 0.017139 -1.832289 0.040224 0.994661 0.095031 107.259125 -0.021042 -0.094244 0.995327 0.844752 0.000000 0.000000 0.000000 1.000000
0.998929 -0.044055 0.014160 -2.309206 0.042475 0.994355 0.097234 106.968903 -0.018364 -0.096528 0.995161 0.914877 0.000000 0.000000 0.000000 1.000000
0.998990 -0.044057 0.008826 -2.809882 0.043029 0.994599 0.094451 106.693390 -0.012939 -0.093976 0.995490 0.921967 0.000000 0.000000 0.000000 1.000000
0.998963 -0.045529 -0.000898 -3.297007 0.045429 0.995025 0.088667 106.640900 -0.003143 -0.088616 0.996061 0.831811 0.000000 0.000000 0.000000 1.000000
0.998930 -0.043625 -0.015377 -3.740510 0.044712 0.995838 0.079418 105.962944 0.011848 -0.080020 0.996723 0.471759 0.000000 0.000000 0.000000 1.000000
0.998837 -0.034775 -0.033403 -4.278817 0.036980 0.997010 0.067854 105.052422 0.030943 -0.069010 0.997136 -0.074849 0.000000 0.000000 0.000000 1.000000
0.998734 -0.016958 -0.047356 -4.733083 0.019727 0.998085 0.058632 104.342499 0.046271 -0.059492 0.997156 -0.543661 0.000000 0.000000 0.000000 1.000000
0.998767 0.000971 -0.049630 -5.035514 0.001685 0.998569 0.053448 104.309235 0.049611 -0.053466 0.997337 -0.820427 0.000000 0.000000 0.000000 1.000000
0.998944 0.002643 -0.045858 -5.411641 -0.000184 0.998565 0.053545 105.008560 0.045933 -0.053481 0.997512 -0.837951 0.000000 0.000000 0.000000 1.000000
0.999322 -0.007112 -0.036120 -5.836691 0.009016 0.998564 0.052815 106.214615 0.035693 -0.053105 0.997951 -0.762669 0.000000 0.000000 0.000000 1.000000
0.999660 -0.014607 -0.021582 -6.112127 0.015671 0.998625 0.050016 107.971565 0.020822 -0.050338 0.998515 -0.779561 0.000000 0.000000 0.000000 1.000000
0.999759 -0.015369 -0.015698 -6.156037 0.016128 0.998647 0.049433 109.531364 0.014917 -0.049674 0.998654 -0.602556 0.000000 0.000000 0.000000 1.000000
0.999596 -0.014332 -0.024531 -5.992565 0.015540 0.998639 0.049778 109.573784 0.023784 -0.050140 0.998459 -0.052476 0.000000 0.000000 0.000000 1.000000
0.999163 -0.013752 -0.038535 -5.759054 0.015564 0.998767 0.047131 109.339363 0.037840 -0.047691 0.998145 0.377440 0.000000 0.000000 0.000000 1.000000
0.998949 -0.009579 -0.044834 -5.558144 0.011606 0.998912 0.045174 108.928085 0.044353 -0.045647 0.997973 0.689954 0.000000 0.000000 0.000000 1.000000
0.999275 -0.001076 -0.038068 -5.399354 0.002901 0.998847 0.047923 108.468552 0.037972 -0.047999 0.998125 0.896804 0.000000 0.000000 0.000000 1.000000
0.999707 0.008589 -0.022643 -5.210088 -0.007361 0.998526 0.053774 108.030434 0.023072 -0.053591 0.998296 1.008428 0.000000 0.000000 0.000000 1.000000
0.999832 0.016588 -0.007755 -4.887589 -0.016121 0.998250 0.056888 107.676315 0.008685 -0.056754 0.998350 1.002287 0.000000 0.000000 0.000000 1.000000
0.999728 0.023254 0.001839 -4.420516 -0.023320 0.998200 0.055245 107.358223 -0.000552 -0.055273 0.998471 0.861617 0.000000 0.000000 0.000000 1.000000
0.999555 0.028314 0.009368 -3.906449 -0.028751 0.998317 0.050368 106.981049 -0.007926 -0.050615 0.998687 0.621675 0.000000 0.000000 0.000000 1.000000
0.999410 0.029677 0.017303 -3.383759 -0.030403 0.998597 0.043353 106.603203 -0.015992 -0.043854 0.998910 0.318878 0.000000 0.000000 0.000000 1.000000
0.999272 0.025165 0.028660 -2.888854 -0.026144 0.999069 0.034304 106.183113 -0.027770 -0.035029 0.999000 -0.067479 0.000000 0.000000 0.000000 1.000000
0.998867 0.014456 0.045346 -2.413879 -0.015550 0.999594 0.023862 105.317871 -0.044983 -0.024540 0.998686 -0.690226 0.000000 0.000000 0.000000 1.000000
0.998022 0.001258 0.062856 -1.780365 -0.002242 0.999876 0.015581 104.272095 -0.062828 -0.015691 0.997901 -1.526611 0.000000 0.000000 0.000000 1.000000
0.997036 -0.013020 0.075823 -1.231958 0.011863 0.999806 0.015699 103.655945 -0.076013 -0.014753 0.996998 -2.296504 0.000000 0.000000 0.000000 1.000000
0.997011 -0.023289 0.073665 -0.917297 0.021484 0.999451 0.025203 103.759766 -0.074211 -0.023545 0.996965 -2.936450 0.000000 0.000000 0.000000 1.000000
0.998220 -0.022097 0.055387 -0.687808 0.019863 0.998980 0.040564 104.458984 -0.056227 -0.039391 0.997641 -3.335034 0.000000 0.000000 0.000000 1.000000
0.999191 -0.016690 0.036588 -0.370840 0.014595 0.998279 0.056799 105.457581 -0.037473 -0.056219 0.997715 -3.228383 0.000000 0.000000 0.000000 1.000000
0.999620 -0.010992 0.025296 -0.050105 0.009227 0.997583 0.068877 107.058907 -0.025992 -0.068617 0.997304 -3.055518 0.000000 0.000000 0.000000 1.000000
0.999631 -0.010370 0.025125 -0.015385 0.008522 0.997327 0.072562 107.717590 -0.025810 -0.072321 0.997047 -2.363004 0.000000 0.000000 0.000000 1.000000
0.999450 -0.008384 0.032093 -0.143388 0.006133 0.997555 0.069610 108.367020 -0.032598 -0.069375 0.997058 -1.818537 0.000000 0.000000 0.000000 1.000000
0.999265 -0.008742 0.037325 -0.345936 0.006142 0.997583 0.069216 108.737747 -0.037840 -0.068936 0.996903 -1.293492 0.000000 0.000000 0.000000 1.000000
0.999272 -0.010743 0.036616 -0.508584 0.008042 0.997290 0.073132 108.817078 -0.037302 -0.072785 0.996650 -0.787866 0.000000 0.000000 0.000000 1.000000
0.999429 -0.013595 0.030924 -0.641664 0.011180 0.996971 0.076967 108.736893 -0.031877 -0.076578 0.996554 -0.294791 0.000000 0.000000 0.000000 1.000000</float_array>
        <technique_common>
          <accessor source="#mixamorig_Hips-Matrix-animation-output-transform-array" count="38" stride="16">
            <param type="float4x4"/>
          </accessor>
        </technique_common>
      </source>
      <source id="mixamorig_Hips-Interpolations">
        <Name_array id="mixamorig_Hips-Interpolations-array" count="38">
 LINEAR LINEAR LINEAR LINEAR LINEAR LINEAR LINEAR LINEAR LINEAR LINEAR LINEAR
LINEAR LINEAR LINEAR LINEAR LINEAR LINEAR LINEAR LINEAR LINEAR LINEAR LINEAR LINEAR
LINEAR LINEAR LINEAR LINEAR LINEAR LINEAR LINEAR LINEAR LINEAR LINEAR LINEAR LINEAR
LINEAR LINEAR LINEAR</Name_array>
        <technique_common>
          <accessor source="#mixamorig_Hips-Interpolations-array" count="38">
            <param type="name"/>
          </accessor>
        </technique_common>
      </source>
      <sampler id="mixamorig_Hips-Matrix-animation-transform">
        <input semantic="INPUT" source="#mixamorig_Hips-Matrix-animation-input"/>
        <input semantic="OUTPUT" source="#mixamorig_Hips-Matrix-animation-output-transform"/>
        <input semantic="INTERPOLATION" source="#mixamorig_Hips-Interpolations"/>
      </sampler>
      <channel source="#mixamorig_Hips-Matrix-animation-transform" target="mixamorig_Hips/matrix"/>
    </animation>
    <animation id="mixamorig_Spine-anim" name="mixamorig_Spine">
      <source id="mixamorig_Spine-Matrix-animation-input">
        <float_array id="mixamorig_Spine-Matrix-animation-input-array" count="38">

0.000000 0.033333 0.066667 0.100000 0.133333 0.166667 0.200000 0.233333 0.266667 0.300000 0.333333 0.366667 0.400000 0.433333 0.466667 0.500000
0.533333 0.566667 0.600000 0.633333 0.666667 0.700000 0.733333 0.766667 0.800000 0.833333 0.866667 0.900000 0.933333 0.966667 1.000000 1.033333
1.066667 1.100000 1.133333 1.166667 1.200000 1.233333</float_array>
        <technique_common>
          <accessor source="#mixamorig_Spine-Matrix-animation-input-array" count="38">
            <param name="TIME" type="float"/>
          </accessor>
        </technique_common>
      </source>
      <source id="mixamorig_Spine-Matrix-animation-output-transform">
        <float_array id="mixamorig_Spine-Matrix-animation-output-transform-array" count="608">

0.999775 0.017931 -0.011361 0.000000 -0.018927 0.995328 -0.094677 10.706700 0.009610 0.094871 0.995443 -1.175800 0.000000 0.000000 0.000000 1.000000
0.999743 0.022633 0.001020 0.000000 -0.022447 0.995641 -0.090528 10.706700 -0.003065 0.090482 0.995893 -1.175800 0.000000 0.000000 0.000000 1.000000
0.999450 0.027227 0.018943 0.000000 -0.025537 0.996107 -0.084368 10.706700 -0.021166 0.083838 0.996255 -1.175800 0.000000 0.000000 0.000000 1.000000
0.998729 0.033743 0.037433 -0.000000 -0.030572 0.996140 -0.082278 10.706700 -0.040065 0.081029 0.995906 -1.175800 0.000000 0.000000 0.000000 1.000000
0.997743 0.039416 0.054357 0.000000 -0.034824 0.995942 -0.082991 10.706700 -0.057407 0.080911 0.995067 -1.175800 0.000000 0.000000 0.000000 1.000000
0.996869 0.039934 0.068240 0.000000 -0.034200 0.995943 -0.083230 10.706700 -0.071287 0.080636 0.994191 -1.175800 0.000000 0.000000 0.000000 1.000000
0.996267 0.037687 0.077660 0.000000 -0.031290 0.996141 -0.082006 10.706700 -0.080451 0.079270 0.993601 -1.175800 0.000000 0.000000 0.000000 1.000000
0.995779 0.036135 0.084365 0.000000 -0.029315 0.996305 -0.080727 10.706700 -0.086971 0.077914 0.993159 -1.175800 0.000000 0.000000 0.000000 1.000000
0.995666 0.031592 0.087472 -0.000000 -0.024549 0.996456 -0.080458 10.706700 -0.089704 0.077962 0.992912 -1.175800 0.000000 0.000000 0.000000 1.000000
0.996010 0.021975 0.086499 -0.000000 -0.015112 0.996743 -0.079210 10.706700 -0.087958 0.077587 0.993098 -1.175800 0.000000 0.000000 0.000000 1.000000
0.997074 0.002394 0.076405 -0.000000 0.003570 0.996961 -0.077827 10.706700 -0.076359 0.077872 0.994035 -1.175800 0.000000 0.000000 0.000000 1.000000
0.998536 -0.016901 0.051381 -0.000000 0.020986 0.996570 -0.080052 10.706700 -0.049852 0.081013 0.995466 -1.175800 0.000000 0.000000 0.000000 1.000000
0.999580 -0.012851 0.025956 0.000000 0.015012 0.996280 -0.084852 10.706700 -0.024769 0.085206 0.996055 -1.175800 0.000000 0.000000 0.000000 1.000000
0.999965 0.005031 0.006729 -0.000000 -0.004426 0.996180 -0.087209 10.706700 -0.007142 0.087176 0.996167 -1.175800 0.000000 0.000000 0.000000 1.000000
0.999844 0.015994 -0.007446 -0.000000 -0.016615 0.995578 -0.092456 10.706700 0.005934 0.092565 0.995689 -1.175800 0.000000 0.000000 0.000000 1.000000
0.999785 0.016658 -0.012357 0.000000 -0.017791 0.995015 -0.098125 10.706700 0.010661 0.098324 0.995097 -1.175800 0.000000 0.000000 0.000000 1.000000
0.999863 0.014963 -0.007119 0.000000 -0.015559 0.995567 -0.092761 10.706700 0.005699 0.092859 0.995663 -1.175800 0.000000 0.000000 0.000000 1.000000
0.999896 0.014351 -0.001731 0.000000 -0.014446 0.996289 -0.084851 10.706700 0.000506 0.084868 0.996392 -1.175800 0.000000 0.000000 0.000000 1.000000
0.999923 0.010728 -0.006316 -0.000000 -0.011188 0.996893 -0.077975 10.706700 0.005460 0.078040 0.996935 -1.175800 0.000000 0.000000 0.000000 1.000000
0.999770 0.004242 -0.021007 0.000000 -0.005826 0.997097 -0.075915 10.706700 0.020624 0.076020 0.996893 -1.175800 0.000000 0.000000 0.000000 1.000000
0.999156 -0.003125 -0.040956 0.000000 -0.000064 0.996982 -0.077628 10.706700 0.041075 0.077565 0.996141 -1.175800 0.000000 0.000000 0.000000 1.000000
0.998108 -0.011066 -0.060488 -0.000000 0.006288 0.996886 -0.078610 10.706700 0.061170 0.078080 0.995069 -1.175800 0.000000 0.000000 0.000000 1.000000
0.996796 -0.020145 -0.077413 0.000000 0.014079 0.996844 -0.078121 10.706700 0.078742 0.076781 0.993934 -1.175800 0.000000 0.000000 0.000000 1.000000
0.995329 -0.028464 -0.092252 0.000000 0.021387 0.996816 -0.076817 10.706700 0.094145 0.074485 0.992768 -1.175800 0.000000 0.000000 0.000000 1.000000
0.994190 -0.032549 -0.102595 -0.000000 0.024917 0.996887 -0.074809 10.706700 0.104711 0.071818 0.991906 -1.175800 0.000000 0.000000 0.000000 1.000000
0.993468 -0.029871 -0.110131 0.000000 0.021953 0.997133 -0.072415 10.706700 0.111978 0.069524 0.991276 -1.175800 0.000000 0.000000 0.000000 1.000000
0.992979 -0.021610 -0.116300 0.000000 0.013569 0.997490 -0.069498 10.706700 0.117510 0.067432 0.990780 -1.175800 0.000000 0.000000 0.000000 1.000000
0.993031 -0.010716 -0.117365 0.000000 0.002608 0.997612 -0.069019 10.706700 0.117825 0.068232 0.990688 -1.175800 0.000000 0.000000 0.000000 1.000000
0.993904 0.003334 -0.110196 0.000000 -0.011685 0.997098 -0.075225 10.706700 0.109626 0.076054 0.991059 -1.175800 0.000000 0.000000 0.000000 1.000000
0.995980 0.017471 -0.087860 0.000000 -0.025350 0.995675 -0.089375 10.706700 0.085918 0.091243 0.992115 -1.175800 0.000000 0.000000 0.000000 1.000000
0.998059 0.021008 -0.058625 0.000000 -0.026980 0.994315 -0.103005 10.706700 0.056128 0.104387 0.992952 -1.175800 0.000000 0.000000 0.000000 1.000000
0.999058 0.014803 -0.040790 -0.000000 -0.019352 0.993351 -0.113491 10.706700 0.038839 0.114173 0.992701 -1.175800 0.000000 0.000000 0.000000 1.000000
0.999427 0.005001 -0.033470 0.000000 -0.009072 0.992415 -0.122594 10.706700 0.032603 0.122828 0.991892 -1.175800 0.000000 0.000000 0.000000 1.000000
0.999457 0.003073 -0.032806 -0.000000 -0.006816 0.993388 -0.114602 10.706700 0.032237 0.114763 0.992870 -1.175800 0.000000 0.000000 0.000000 1.000000
0.999454 0.002565 -0.032949 0.000000 -0.005950 0.994659 -0.103044 10.706700 0.032509 0.103184 0.994131 -1.175800 0.000000 0.000000 0.000000 1.000000
0.999559 0.006056 -0.029079 -0.000000 -0.008832 0.995314 -0.096294 10.706700 0.028360 0.096508 0.994928 -1.175800 0.000000 0.000000 0.000000 1.000000
0.999695 0.011424 -0.021915 0.000000 -0.013460 0.995374 -0.095124 10.706700 0.020727 0.095390 0.995224 -1.175800 0.000000 0.000000 0.000000 1.000000
0.999775 0.017931 -0.011361 0.000000 -0.018927 0.995328 -0.094677 10.706700 0.009610 0.094871 0.995443 -1.175800 0.000000 0.000000 0.000000 1.000000</float_array>
        <technique_common>
          <accessor source="#mixamorig_Spine-Matrix-animation-output-transform-array" count="38" stride="16">
            <param type="float4x4"/>
          </accessor>
        </technique_common>
      </source>
      <source id="mixamorig_Spine-Interpolations">
        <Name_array id="mixamorig_Spine-Interpolations-array" count="38">
 LINEAR LINEAR LINEAR LINEAR LINEAR LINEAR LINEAR LINEAR LINEAR LINEAR LINEAR
LINEAR LINEAR LINEAR LINEAR LINEAR LINEAR LINEAR LINEAR LINEAR LINEAR LINEAR LINEAR
LINEAR LINEAR LINEAR LINEAR LINEAR LINEAR LINEAR LINEAR LINEAR LINEAR LINEAR LINEAR
LINEAR LINEAR LINEAR</Name_array>
        <technique_common>
          <accessor source="#mixamorig_Spine-Interpolations-array" count="38">
            <param type="name"/>
          </accessor>
        </technique_common>
      </source>
      <sampler id="mixamorig_Spine-Matrix-animation-transform">
        <input semantic="INPUT" source="#mixamorig_Spine-Matrix-animation-input"/>
        <input semantic="OUTPUT" source="#mixamorig_Spine-Matrix-animation-output-transform"/>
        <input semantic="INTERPOLATION" source="#mixamorig_Spine-Interpolations"/>
      </sampler>
      <channel source="#mixamorig_Spine-Matrix-animation-transform" target="mixamorig_Spine/matrix"/>
    </animation>
    <animation id="mixamorig_Spine1-anim" name="mixamorig_Spine1">
      <source id="mixamorig_Spine1-Matrix-animation-input">
        <float_array id="mixamorig_Spine1-Matrix-animation-input-array" count="38">

0.000000 0.033333 0.066667 0.100000 0.133333 0.166667 0.200000 0.233333 0.266667 0.300000 0.333333 0.366667 0.400000 0.433333 0.466667 0.500000
0.533333 0.566667 0.600000 0.633333 0.666667 0.700000 0.733333 0.766667 0.800000 0.833333 0.866667 0.900000 0.933333 0.966667 1.000000 1.033333
1.066667 1.100000 1.133333 1.166667 1.200000 1.233333</float_array>
        <technique_common>
          <accessor source="#mixamorig_Spine1-Matrix-animation-input-array" count="38">
            <param name="TIME" type="float"/>
          </accessor>
        </technique_common>
      </source>
      <source id="mixamorig_Spine1-Matrix-animation-output-transform">
        <float_array id="mixamorig_Spine1-Matrix-animation-output-transform-array" count="608">

0.999996 -0.000118 -0.002895 0.000000 -0.000379 0.985307 -0.170793 12.566200 0.002873 0.170793 0.985303 0.000000 0.000000 0.000000 0.000000 1.000000
0.999999 0.001532 0.000372 0.000000 -0.001446 0.985387 -0.170326 12.566200 -0.000627 0.170325 0.985388 0.000000 0.000000 0.000000 0.000000 1.000000
0.999984 0.002506 0.005115 0.000000 -0.001598 0.985368 -0.170433 12.566200 -0.005467 0.170422 0.985356 0.000000 0.000000 0.000000 0.000000 1.000000
0.999943 0.003693 0.010021 0.000000 -0.001925 0.985261 -0.171049 12.566200 -0.010505 0.171020 0.985212 -0.000000 0.000000 0.000000 0.000000 1.000000
0.999882 0.004966 0.014538 0.000000 -0.002398 0.985169 -0.171568 12.566200 -0.015175 0.171513 0.985065 0.000000 0.000000 0.000000 0.000000 1.000000
0.999819 0.005200 0.018324 -0.000000 -0.001976 0.985140 -0.171739 12.566200 -0.018944 0.171672 0.984972 -0.000000 0.000000 0.000000 0.000000 1.000000
0.999766 0.005217 0.020978 -0.000000 -0.001542 0.985176 -0.171539 12.566200 -0.021562 0.171467 0.984954 -0.000000 0.000000 0.000000 0.000000 1.000000
0.999724 0.005301 0.022905 0.000000 -0.001286 0.985124 -0.171842 12.566200 -0.023475 0.171765 0.984858 0.000000 0.000000 0.000000 0.000000 1.000000
0.999704 0.004947 0.023840 -0.000000 -0.000722 0.984733 -0.174073 12.566200 -0.024337 0.174004 0.984444 0.000000 0.000000 0.000000 0.000000 1.000000
0.999712 0.003467 0.023746 -0.000000 0.000851 0.983765 -0.179459 12.566200 -0.023983 0.179428 0.983479 0.000000 0.000000 0.000000 0.000000 1.000000
0.999772 0.000574 0.021357 0.000000 0.003432 0.982344 -0.187050 12.566200 -0.021088 0.187081 0.982118 -0.000000 0.000000 0.000000 0.000000 1.000000
0.999887 -0.002112 0.014871 0.000000 0.004929 0.981382 -0.192002 12.566200 -0.014189 0.192053 0.981282 0.000000 0.000000 0.000000 0.000000 1.000000
0.999965 -0.002820 0.007851 0.000000 0.004283 0.981165 -0.193124 12.566200 -0.007158 0.193151 0.981143 -0.000000 0.000000 0.000000 0.000000 1.000000
0.999997 -0.001337 0.002278 0.000000 0.001745 0.981792 -0.189953 12.566200 -0.001982 0.189957 0.981790 0.000000 0.000000 0.000000 0.000000 1.000000
0.999998 0.000443 -0.001742 -0.000000 -0.000753 0.983350 -0.181718 12.566200 0.001633 0.181719 0.983349 0.000000 0.000000 0.000000 0.000000 1.000000
0.999992 0.002320 -0.003210 0.000000 -0.002842 0.984841 -0.173439 12.566200 0.002759 0.173447 0.984839 0.000000 0.000000 0.000000 0.000000 1.000000
0.999988 0.004527 -0.002026 0.000000 -0.004806 0.985291 -0.170816 12.566200 0.001223 0.170824 0.985301 0.000000 0.000000 0.000000 0.000000 1.000000
0.999984 0.005601 -0.000667 0.000000 -0.005633 0.985705 -0.168386 12.566200 -0.000286 0.168387 0.985721 -0.000000 0.000000 0.000000 0.000000 1.000000
0.999983 0.005428 -0.001937 0.000000 -0.005675 0.985931 -0.167056 12.566200 0.001003 0.167064 0.985946 0.000000 0.000000 0.000000 0.000000 1.000000
0.999972 0.004513 -0.005908 -0.000000 -0.005436 0.985953 -0.166936 12.566200 0.005072 0.166964 0.985950 0.000000 0.000000 0.000000 0.000000 1.000000
0.999932 0.003114 -0.011281 0.000000 -0.004959 0.985878 -0.167393 12.566200 0.010600 0.167438 0.985826 0.000000 0.000000 0.000000 0.000000 1.000000
0.999862 0.001644 -0.016552 0.000000 -0.004394 0.985859 -0.167520 12.566200 0.016043 0.167569 0.985730 0.000000 0.000000 0.000000 0.000000 1.000000
0.999776 0.000547 -0.021144 -0.000000 -0.004077 0.985900 -0.167288 12.566200 0.020755 0.167337 0.985681 -0.000000 0.000000 0.000000 0.000000 1.000000
0.999682 -0.000183 -0.025200 0.000000 -0.004027 0.985964 -0.166910 12.566200 0.024877 0.166959 0.985650 -0.000000 0.000000 0.000000 0.000000 1.000000
0.999606 -0.000991 -0.028069 -0.000000 -0.003695 0.986052 -0.166395 12.566200 0.027842 0.166433 0.985660 0.000000 0.000000 0.000000 0.000000 1.000000
0.999542 -0.001462 -0.030217 0.000000 -0.003592 0.986030 -0.166528 12.566200 0.030038 0.166561 0.985574 -0.000000 0.000000 0.000000 0.000000 1.000000
0.999489 -0.001050 -0.031944 0.000000 -0.004363 0.985620 -0.168922 12.566200 0.031662 0.168976 0.985112 0.000000 0.000000 0.000000 0.000000 1.000000
0.999478 -0.000037 -0.032317 0.000000 -0.005579 0.984789 -0.173664 12.566200 0.031832 0.173754 0.984275 0.000000 0.000000 0.000000 0.000000 1.000000
0.999532 0.001524 -0.030540 0.000000 -0.006998 0.983653 -0.179938 12.566200 0.029767 0.180067 0.983204 -0.000000 0.000000 0.000000 0.000000 1.000000
0.999692 0.002898 -0.024652 0.000000 -0.007416 0.982670 -0.185215 12.566200 0.023688 0.185341 0.982389 -0.000000 0.000000 0.000000 0.000000 1.000000
0.999850 0.003682 -0.016900 0.000000 -0.006813 0.981927 -0.189137 12.566200 0.015898 0.189224 0.981805 0.000000 0.000000 0.000000 0.000000 1.000000
0.999922 0.003734 -0.011928 0.000000 -0.005926 0.981886 -0.189383 12.566200 0.011005 0.189438 0.981831 0.000000 0.000000 0.000000 0.000000 1.000000
0.999948 0.003036 -0.009769 -0.000000 -0.004778 0.982981 -0.183646 12.566200 0.009045 0.183683 0.982944 0.000000 0.000000 0.000000 0.000000 1.000000
0.999957 0.001025 -0.009226 0.000000 -0.002666 0.983715 -0.179715 12.566200 0.008892 0.179732 0.983675 -0.000000 0.000000 0.000000 0.000000 1.000000
0.999959 -0.000993 -0.009044 0.000000 -0.000608 0.984515 -0.175301 12.566200 0.009078 0.175299 0.984473 0.000000 0.000000 0.000000 0.000000 1.000000
0.999968 -0.001754 -0.007768 0.000000 0.000388 0.985002 -0.172543 12.566200 0.007954 0.172534 0.984971 0.000000 0.000000 0.000000 0.000000 1.000000
0.999983 -0.001054 -0.005744 0.000000 0.000055 0.985233 -0.171217 12.566200 0.005840 0.171213 0.985217 0.000000 0.000000 0.000000 0.000000 1.000000
0.999996 -0.000118 -0.002895 0.000000 -0.000379 0.985307 -0.170793 12.566200 0.002873 0.170793 0.985303 0.000000 0.000000 0.000000 0.000000 1.000000</float_array>
        <technique_common>
          <accessor source="#mixamorig_Spine1-Matrix-animation-output-transform-array" count="38" stride="16">
            <param type="float4x4"/>
          </accessor>
        </technique_common>
      </source>
      <source id="mixamorig_Spine1-Interpolations">
        <Name_array id="mixamorig_Spine1-Interpolations-array" count="38">
 LINEAR LINEAR LINEAR LINEAR LINEAR LINEAR LINEAR LINEAR LINEAR LINEAR LINEAR
LINEAR LINEAR LINEAR LINEAR LINEAR LINEAR LINEAR LINEAR LINEAR LINEAR LINEAR LINEAR
LINEAR LINEAR LINEAR LINEAR LINEAR LINEAR LINEAR LINEAR LINEAR LINEAR LINEAR LINEAR
LINEAR LINEAR LINEAR</Name_array>
        <technique_common>
          <accessor source="#mixamorig_Spine1-Interpolations-array" count="38">
            <param type="name"/>
          </accessor>
        </technique_common>
      </source>
      <sampler id="mixamorig_Spine1-Matrix-animation-transform">
        <input semantic="INPUT" source="#mixamorig_Spine1-Matrix-animation-input"/>
        <input semantic="OUTPUT" source="#mixamorig_Spine1-Matrix-animation-output-transform"/>
        <input semantic="INTERPOLATION" source="#mixamorig_Spine1-Interpolations"/>
      </sampler>
      <channel source="#mixamorig_Spine1-Matrix-animation-transform" target="mixamorig_Spine1/matrix"/>
    </animation>
    <animation id="mixamorig_Spine2-anim" name="mixamorig_Spine2">
      <source id="mixamorig_Spine2-Matrix-animation-input">
        <float_array id="mixamorig_Spine2-Matrix-animation-input-array" count="38">

0.000000 0.033333 0.066667 0.100000 0.133333 0.166667 0.200000 0.233333 0.266667 0.300000 0.333333 0.366667 0.400000 0.433333 0.466667 0.500000
0.533333 0.566667 0.600000 0.633333 0.666667 0.700000 0.733333 0.766667 0.800000 0.833333 0.866667 0.900000 0.933333 0.966667 1.000000 1.033333
1.066667 1.100000 1.133333 1.166667 1.200000 1.233333</float_array>
        <technique_common>
          <accessor source="#mixamorig_Spine2-Matrix-animation-input-array" count="38">
            <param name="TIME" type="float"/>
          </accessor>
        </technique_common>
      </source>
      <source id="mixamorig_Spine2-Matrix-animation-output-transform">
        <float_array id="mixamorig_Spine2-Matrix-animation-output-transform-array" count="608">

0.999996 -0.000196 -0.002931 -0.000000 -0.000308 0.985307 -0.170793 14.361400 0.002921 0.170794 0.985302 -0.000000 0.000000 0.000000 0.000000 1.000000
0.999999 0.001542 0.000349 0.000000 -0.001460 0.985387 -0.170325 14.361400 -0.000607 0.170325 0.985388 0.000000 0.000000 0.000000 0.000000 1.000000
0.999984 0.002627 0.005052 -0.000000 -0.001728 0.985368 -0.170429 14.361400 -0.005425 0.170417 0.985357 -0.000000 0.000000 0.000000 0.000000 1.000000
0.999943 0.003932 0.009898 0.000000 -0.002181 0.985261 -0.171043 14.361400 -0.010425 0.171012 0.985214 -0.000000 0.000000 0.000000 0.000000 1.000000
0.999883 0.005318 0.014366 -0.000000 -0.002775 0.985170 -0.171560 14.361400 -0.015065 0.171500 0.985069 0.000000 0.000000 0.000000 0.000000 1.000000
0.999820 0.005644 0.018106 0.000000 -0.002451 0.985139 -0.171740 14.361400 -0.018806 0.171664 0.984976 0.000000 0.000000 0.000000 0.000000 1.000000
0.999769 0.005722 0.020736 0.000000 -0.002081 0.985173 -0.171551 14.361400 -0.021410 0.171468 0.984957 0.000000 0.000000 0.000000 0.000000 1.000000
0.999726 0.005860 0.022642 -0.000000 -0.001882 0.985119 -0.171863 14.361400 -0.023312 0.171773 0.984861 0.000000 0.000000 0.000000 0.000000 1.000000
0.999706 0.005528 0.023606 -0.000000 -0.001335 0.984729 -0.174092 14.361400 -0.024208 0.174009 0.984446 0.000000 0.000000 0.000000 0.000000 1.000000
0.999714 0.004001 0.023595 -0.000000 0.000299 0.983763 -0.179474 14.361400 -0.023930 0.179430 0.983480 0.000000 0.000000 0.000000 0.000000 1.000000
0.999772 0.001007 0.021326 -0.000000 0.003002 0.982341 -0.187075 14.361400 -0.021138 0.187096 0.982114 0.000000 0.000000 0.000000 0.000000 1.000000
0.999887 -0.001806 0.014943 0.000000 0.004642 0.981378 -0.192031 14.361400 -0.014318 0.192079 0.981275 0.000000 0.000000 0.000000 0.000000 1.000000
0.999966 -0.002652 0.007863 -0.000000 0.004121 0.981162 -0.193145 14.361400 -0.007202 0.193171 0.981139 0.000000 0.000000 0.000000 0.000000 1.000000
0.999997 -0.001281 0.002204 0.000000 0.001677 0.981790 -0.189961 14.361400 -0.001920 0.189964 0.981789 -0.000000 0.000000 0.000000 0.000000 1.000000
0.999998 0.000438 -0.001792 -0.000000 -0.000756 0.983350 -0.181718 14.361400 0.001683 0.181720 0.983349 0.000000 0.000000 0.000000 0.000000 1.000000
0.999992 0.002307 -0.003187 0.000000 -0.002824 0.984840 -0.173441 14.361400 0.002738 0.173449 0.984839 0.000000 0.000000 0.000000 0.000000 1.000000
0.999988 0.004568 -0.001962 0.000000 -0.004836 0.985291 -0.170814 14.361400 0.001153 0.170821 0.985301 0.000000 0.000000 0.000000 0.000000 1.000000
0.999984 0.005682 -0.000604 0.000000 -0.005702 0.985706 -0.168377 14.361400 -0.000362 0.168378 0.985722 0.000000 0.000000 0.000000 0.000000 1.000000
0.999983 0.005485 -0.001866 0.000000 -0.005719 0.985932 -0.167051 14.361400 0.000924 0.167059 0.985946 0.000000 0.000000 0.000000 0.000000 1.000000
0.999973 0.004490 -0.005805 0.000000 -0.005396 0.985951 -0.166946 14.361400 0.004974 0.166973 0.985949 0.000000 0.000000 0.000000 0.000000 1.000000
0.999934 0.002977 -0.011136 0.000000 -0.004799 0.985873 -0.167424 14.361400 0.010480 0.167466 0.985822 -0.000000 0.000000 0.000000 0.000000 1.000000
0.999865 0.001395 -0.016360 0.000000 -0.004117 0.985852 -0.167570 14.361400 0.015895 0.167614 0.985725 0.000000 0.000000 0.000000 0.000000 1.000000
0.999782 0.000209 -0.020890 -0.000000 -0.003703 0.985889 -0.167358 14.361400 0.020560 0.167398 0.985675 0.000000 0.000000 0.000000 0.000000 1.000000
0.999690 -0.000590 -0.024880 0.000000 -0.003574 0.985950 -0.167003 14.361400 0.024629 0.167040 0.985642 -0.000000 0.000000 0.000000 0.000000 1.000000
0.999615 -0.001461 -0.027719 0.000000 -0.003176 0.986037 -0.166498 14.361400 0.027575 0.166522 0.985652 0.000000 0.000000 0.000000 0.000000 1.000000
0.999551 -0.001954 -0.029884 0.000000 -0.003055 0.986013 -0.166638 14.361400 0.029792 0.166654 0.985565 -0.000000 0.000000 0.000000 0.000000 1.000000
0.999498 -0.001537 -0.031631 0.000000 -0.003834 0.985601 -0.169046 14.361400 0.031436 0.169083 0.985100 0.000000 0.000000 0.000000 0.000000 1.000000
0.999487 -0.000487 -0.032021 0.000000 -0.005089 0.984766 -0.173808 14.361400 0.031617 0.173882 0.984259 0.000000 0.000000 0.000000 0.000000 1.000000
0.999541 0.001097 -0.030262 0.000000 -0.006532 0.983627 -0.180096 14.361400 0.029569 0.180211 0.983183 0.000000 0.000000 0.000000 0.000000 1.000000
0.999697 0.002492 -0.024483 0.000000 -0.006988 0.982650 -0.185337 14.361400 0.023596 0.185452 0.982370 0.000000 0.000000 0.000000 0.000000 1.000000
0.999852 0.003387 -0.016856 0.000000 -0.006516 0.981917 -0.189200 14.361400 0.015911 0.189282 0.981794 0.000000 0.000000 0.000000 0.000000 1.000000
0.999923 0.003552 -0.011906 0.000000 -0.005743 0.981881 -0.189412 14.361400 0.011018 0.189466 0.981825 0.000000 0.000000 0.000000 0.000000 1.000000
0.999948 0.002901 -0.009757 -0.000000 -0.004644 0.982979 -0.183660 14.361400 0.009058 0.183695 0.982941 0.000000 0.000000 0.000000 0.000000 1.000000
0.999957 0.000910 -0.009222 0.000000 -0.002553 0.983714 -0.179722 14.361400 0.008908 0.179738 0.983674 0.000000 0.000000 0.000000 0.000000 1.000000
0.999958 -0.001104 -0.009071 0.000000 -0.000504 0.984515 -0.175302 14.361400 0.009124 0.175299 0.984473 -0.000000 0.000000 0.000000 0.000000 1.000000
0.999968 -0.001830 -0.007820 0.000000 0.000453 0.985002 -0.172541 14.361400 0.008019 0.172532 0.984971 0.000000 0.000000 0.000000 0.000000 1.000000
0.999983 -0.001163 -0.005772 -0.000000 0.000158 0.985233 -0.171217 14.361400 0.005886 0.171213 0.985217 0.000000 0.000000 0.000000 0.000000 1.000000
0.999996 -0.000196 -0.002931 -0.000000 -0.000308 0.985307 -0.170793 14.361400 0.002921 0.170794 0.985303 0.000000 0.000000 0.000000 0.000000 1.000000</float_array>
        <technique_common>
          <accessor source="#mixamorig_Spine2-Matrix-animation-output-transform-array" count="38" stride="16">
            <param type="float4x4"/>
          </accessor>
        </technique_common>
      </source>
      <source id="mixamorig_Spine2-Interpolations">
        <Name_array id="mixamorig_Spine2-Interpolations-array" count="38">
 LINEAR LINEAR LINEAR LINEAR LINEAR LINEAR LINEAR LINEAR LINEAR LINEAR LINEAR
LINEAR LINEAR LINEAR LINEAR LINEAR LINEAR LINEAR LINEAR LINEAR LINEAR LINEAR LINEAR
LINEAR LINEAR LINEAR LINEAR LINEAR LINEAR LINEAR LINEAR LINEAR LINEAR LINEAR LINEAR
LINEAR LINEAR LINEAR</Name_array>
        <technique_common>
          <accessor source="#mixamorig_Spine2-Interpolations-array" count="38">
            <param type="name"/>
          </accessor>
        </technique_common>
      </source>
      <sampler id="mixamorig_Spine2-Matrix-animation-transform">
        <input semantic="INPUT" source="#mixamorig_Spine2-Matrix-animation-input"/>
        <input semantic="OUTPUT" source="#mixamorig_Spine2-Matrix-animation-output-transform"/>
        <input semantic="INTERPOLATION" source="#mixamorig_Spine2-Interpolations"/>
      </sampler>
      <channel source="#mixamorig_Spine2-Matrix-animation-transform" target="mixamorig_Spine2/matrix"/>
    </animation>
    <animation id="mixamorig_Neck-anim" name="mixamorig_Neck">
      <source id="mixamorig_Neck-Matrix-animation-input">
        <float_array id="mixamorig_Neck-Matrix-animation-input-array" count="38">

0.000000 0.033333 0.066667 0.100000 0.133333 0.166667 0.200000 0.233333 0.266667 0.300000 0.333333 0.366667 0.400000 0.433333 0.466667 0.500000
0.533333 0.566667 0.600000 0.633333 0.666667 0.700000 0.733333 0.766667 0.800000 0.833333 0.866667 0.900000 0.933333 0.966667 1.000000 1.033333
1.066667 1.100000 1.133333 1.166667 1.200000 1.233333</float_array>
        <technique_common>
          <accessor source="#mixamorig_Neck-Matrix-animation-input-array" count="38">
            <param name="TIME" type="float"/>
          </accessor>
        </technique_common>
      </source>
      <source id="mixamorig_Neck-Matrix-animation-output-transform">
        <float_array id="mixamorig_Neck-Matrix-animation-output-transform-array" count="608">

0.999939 -0.006985 -0.008516 0.000000 0.005351 0.983889 -0.178702 16.156500 0.009627 0.178645 0.983866 -0.000000 0.000000 0.000000 0.000000 1.000000
0.999916 -0.008035 -0.010157 0.000000 0.006097 0.983972 -0.178221 16.156500 0.011427 0.178145 0.983938 -0.000000 0.000000 0.000000 0.000000 1.000000
0.999897 -0.007898 -0.012004 0.000000 0.005620 0.983813 -0.179113 16.156500 0.013225 0.179027 0.983755 0.000000 0.000000 0.000000 0.000000 1.000000
0.999872 -0.007840 -0.013980 0.000000 0.005188 0.983550 -0.180559 16.156500 0.015166 0.180463 0.983465 -0.000000 0.000000 0.000000 0.000000 1.000000
0.999845 -0.008296 -0.015541 -0.000000 0.005320 0.983178 -0.182572 16.156500 0.016794 0.182461 0.983070 0.000000 0.000000 0.000000 0.000000 1.000000
0.999832 -0.008262 -0.016359 0.000000 0.005100 0.982786 -0.184680 16.156500 0.017604 0.184565 0.982663 0.000000 0.000000 0.000000 0.000000 1.000000
0.999836 -0.007429 -0.016509 -0.000000 0.004222 0.982470 -0.186376 16.156500 0.017604 0.186275 0.982340 0.000000 0.000000 0.000000 0.000000 1.000000
0.999855 -0.005800 -0.016035 0.000000 0.002696 0.982316 -0.187211 16.156500 0.016838 0.187141 0.982189 0.000000 0.000000 0.000000 0.000000 1.000000
0.999878 -0.004328 -0.014980 0.000000 0.001452 0.982380 -0.186891 16.156500 0.015525 0.186846 0.982266 -0.000000 0.000000 0.000000 0.000000 1.000000
0.999905 -0.003042 -0.013472 -0.000000 0.000485 0.982574 -0.185873 16.156500 0.013802 0.185849 0.982481 0.000000 0.000000 0.000000 0.000000 1.000000
0.999931 -0.001685 -0.011618 0.000000 -0.000486 0.982852 -0.184393 16.156500 0.011730 0.184386 0.982784 0.000000 0.000000 0.000000 0.000000 1.000000
0.999957 -0.001903 -0.009098 -0.000000 0.000200 0.982990 -0.183658 16.156500 0.009293 0.183648 0.982948 0.000000 0.000000 0.000000 0.000000 1.000000
0.999973 -0.003252 -0.006517 0.000000 0.002000 0.982995 -0.183623 16.156500 0.007004 0.183605 0.982975 0.000000 0.000000 0.000000 0.000000 1.000000
0.999980 -0.003848 -0.004980 0.000000 0.002874 0.983202 -0.182497 16.156500 0.005598 0.182479 0.983194 0.000000 0.000000 0.000000 0.000000 1.000000
0.999985 -0.002784 -0.004704 0.000000 0.001891 0.983656 -0.180048 16.156500 0.005129 0.180036 0.983647 -0.000000 0.000000 0.000000 0.000000 1.000000
0.999985 -0.001153 -0.005347 0.000000 0.000189 0.984213 -0.176990 16.156500 0.005467 0.176986 0.984198 -0.000000 0.000000 0.000000 0.000000 1.000000
0.999981 0.000416 -0.006198 0.000000 -0.001485 0.984839 -0.173463 16.156500 0.006032 0.173469 0.984821 0.000000 0.000000 0.000000 0.000000 1.000000
0.999979 0.001986 -0.006213 0.000000 -0.003014 0.985421 -0.170105 16.156500 0.005785 0.170120 0.985406 -0.000000 0.000000 0.000000 0.000000 1.000000
0.999983 0.002282 -0.005388 -0.000000 -0.003152 0.985868 -0.167497 16.156500 0.004930 0.167511 0.985858 0.000000 0.000000 0.000000 0.000000 1.000000
0.999989 0.000493 -0.004703 0.000000 -0.001269 0.986052 -0.166432 16.156500 0.004556 0.166436 0.986042 0.000000 0.000000 0.000000 0.000000 1.000000
0.999988 -0.002338 -0.004293 0.000000 0.001588 0.985919 -0.167218 16.156500 0.004624 0.167210 0.985911 -0.000000 0.000000 0.000000 0.000000 1.000000
0.999983 -0.004526 -0.003777 0.000000 0.003822 0.985582 -0.169157 16.156500 0.004489 0.169140 0.985582 0.000000 0.000000 0.000000 0.000000 1.000000
0.999980 -0.005411 -0.003232 -0.000000 0.004780 0.985341 -0.170530 16.156500 0.004107 0.170511 0.985347 -0.000000 0.000000 0.000000 0.000000 1.000000
0.999979 -0.005788 -0.002849 0.000000 0.005215 0.985272 -0.170914 16.156500 0.003797 0.170895 0.985282 0.000000 0.000000 0.000000 0.000000 1.000000
0.999981 -0.005518 -0.002696 0.000000 0.004976 0.985294 -0.170797 16.156500 0.003599 0.170780 0.985303 -0.000000 0.000000 0.000000 0.000000 1.000000
0.999984 -0.004962 -0.002621 0.000000 0.004445 0.985486 -0.169697 16.156500 0.003425 0.169683 0.985493 0.000000 0.000000 0.000000 0.000000 1.000000
0.999986 -0.004563 -0.002811 0.000000 0.004025 0.985729 -0.168295 16.156500 0.003539 0.168281 0.985733 0.000000 0.000000 0.000000 0.000000 1.000000
0.999984 -0.004292 -0.003590 -0.000000 0.003631 0.985877 -0.167432 16.156500 0.004258 0.167417 0.985877 0.000000 0.000000 0.000000 0.000000 1.000000
0.999979 -0.004201 -0.005022 0.000000 0.003303 0.985939 -0.167075 16.156500 0.005653 0.167055 0.985931 -0.000000 0.000000 0.000000 0.000000 1.000000
0.999965 -0.004369 -0.007105 0.000000 0.003112 0.985754 -0.168163 16.156500 0.007738 0.168135 0.985734 -0.000000 0.000000 0.000000 0.000000 1.000000
0.999948 -0.005006 -0.008856 0.000000 0.003416 0.985229 -0.171208 16.156500 0.009582 0.171169 0.985195 0.000000 0.000000 0.000000 0.000000 1.000000
0.999949 -0.004664 -0.008953 0.000000 0.003026 0.984582 -0.174896 16.156500 0.009630 0.174860 0.984546 0.000000 0.000000 0.000000 0.000000 1.000000
0.999963 -0.003634 -0.007838 0.000000 0.002174 0.983897 -0.178723 16.156500 0.008361 0.178699 0.983868 0.000000 0.000000 0.000000 0.000000 1.000000
0.999974 -0.003109 -0.006556 0.000000 0.001864 0.983302 -0.181970 16.156500 0.007012 0.181953 0.983282 0.000000 0.000000 0.000000 0.000000 1.000000
0.999977 -0.003471 -0.005892 0.000000 0.002334 0.983086 -0.183131 16.156500 0.006428 0.183113 0.983071 0.000000 0.000000 0.000000 0.000000 1.000000
0.999968 -0.004899 -0.006360 -0.000000 0.003657 0.983223 -0.182373 16.156500 0.007147 0.182343 0.983209 0.000000 0.000000 0.000000 0.000000 1.000000
0.999952 -0.006394 -0.007393 0.000000 0.004954 0.983538 -0.180635 16.156500 0.008426 0.180590 0.983522 0.000000 0.000000 0.000000 0.000000 1.000000
0.999939 -0.006985 -0.008516 0.000000 0.005351 0.983889 -0.178702 16.156500 0.009627 0.178645 0.983866 0.000000 0.000000 0.000000 0.000000 1.000000</float_array>
        <technique_common>
          <accessor source="#mixamorig_Neck-Matrix-animation-output-transform-array" count="38" stride="16">
            <param type="float4x4"/>
          </accessor>
        </technique_common>
      </source>
      <source id="mixamorig_Neck-Interpolations">
        <Name_array id="mixamorig_Neck-Interpolations-array" count="38">
 LINEAR LINEAR LINEAR LINEAR LINEAR LINEAR LINEAR LINEAR LINEAR LINEAR LINEAR
LINEAR LINEAR LINEAR LINEAR LINEAR LINEAR LINEAR LINEAR LINEAR LINEAR LINEAR LINEAR
LINEAR LINEAR LINEAR LINEAR LINEAR LINEAR LINEAR LINEAR LINEAR LINEAR LINEAR LINEAR
LINEAR LINEAR LINEAR</Name_array>
        <technique_common>
          <accessor source="#mixamorig_Neck-Interpolations-array" count="38">
            <param type="name"/>
          </accessor>
        </technique_common>
      </source>
      <sampler id="mixamorig_Neck-Matrix-animation-transform">
        <input semantic="INPUT" source="#mixamorig_Neck-Matrix-animation-input"/>
        <input semantic="OUTPUT" source="#mixamorig_Neck-Matrix-animation-output-transform"/>
        <input semantic="INTERPOLATION" source="#mixamorig_Neck-Interpolations"/>
      </sampler>
      <channel source="#mixamorig_Neck-Matrix-animation-transform" target="mixamorig_Neck/matrix"/>
    </animation>
    <animation id="mixamorig_Head-anim" name="mixamorig_Head">
      <source id="mixamorig_Head-Matrix-animation-input">
        <float_array id="mixamorig_Head-Matrix-animation-input-array" count="38">

0.000000 0.033333 0.066667 0.100000 0.133333 0.166667 0.200000 0.233333 0.266667 0.300000 0.333333 0.366667 0.400000 0.433333 0.466667 0.500000
0.533333 0.566667 0.600000 0.633333 0.666667 0.700000 0.733333 0.766667 0.800000 0.833333 0.866667 0.900000 0.933333 0.966667 1.000000 1.033333
1.066667 1.100000 1.133333 1.166667 1.200000 1.233333</float_array>
        <technique_common>
          <accessor source="#mixamorig_Head-Matrix-animation-input-array" count="38">
            <param name="TIME" type="float"/>
          </accessor>
        </technique_common>
      </source>
      <source id="mixamorig_Head-Matrix-animation-output-transform">
        <float_array id="mixamorig_Head-Matrix-animation-output-transform-array" count="608">

0.996042 -0.064114 -0.061553 0.000000 0.045557 0.962948 -0.265812 1.383600 0.076315 0.261956 0.962058 1.145800 0.000000 0.000000 0.000000 1.000000
0.995318 -0.069132 -0.067549 0.000000 0.048913 0.963040 -0.264880 1.383600 0.083364 0.260335 0.961913 1.145800 0.000000 0.000000 0.000000 1.000000
0.994506 -0.071911 -0.076065 0.000000 0.049058 0.962121 -0.268173 1.383600 0.092468 0.262968 0.960363 1.145800 0.000000 0.000000 0.000000 1.000000
0.993659 -0.073567 -0.085031 0.000000 0.047597 0.960360 -0.274668 1.383600 0.101867 0.268879 0.957772 1.145800 0.000000 0.000000 0.000000 1.000000
0.993072 -0.074796 -0.090630 0.000000 0.046040 0.957263 -0.285532 1.383600 0.108113 0.279381 0.954074 1.145800 0.000000 0.000000 0.000000 1.000000
0.992964 -0.073711 -0.092680 -0.000000 0.042865 0.953311 -0.298934 1.383600 0.110388 0.292858 0.949762 1.145800 0.000000 0.000000 0.000000 1.000000
0.993265 -0.069990 -0.092337 -0.000000 0.037962 0.949531 -0.311367 1.383600 0.109469 0.305765 0.945793 1.145800 0.000000 0.000000 0.000000 1.000000
0.993851 -0.064353 -0.090110 0.000000 0.032286 0.946835 -0.320094 1.383600 0.105919 0.315217 0.943091 1.145800 0.000000 0.000000 0.000000 1.000000
0.994744 -0.057634 -0.084627 -0.000000 0.027627 0.946957 -0.320170 1.383600 0.098591 0.316149 0.943573 1.145800 0.000000 0.000000 0.000000 1.000000
0.995756 -0.050752 -0.076774 -0.000000 0.024532 0.950392 -0.310084 1.383600 0.088703 0.306885 0.947604 1.145800 0.000000 0.000000 0.000000 1.000000
0.996765 -0.043338 -0.067691 0.000000 0.021381 0.954806 -0.296459 1.383600 0.077479 0.294053 0.952644 1.145800 0.000000 0.000000 0.000000 1.000000
0.997775 -0.038001 -0.054780 -0.000000 0.020796 0.958057 -0.285824 1.383600 0.063344 0.284049 0.956715 1.145800 0.000000 0.000000 0.000000 1.000000
0.998155 -0.041855 -0.043993 -0.000000 0.027987 0.960054 -0.278412 1.383600 0.053888 0.276667 0.959454 1.145800 0.000000 0.000000 0.000000 1.000000
0.997790 -0.051954 -0.041428 0.000000 0.038826 0.961785 -0.271038 1.383600 0.053926 0.268831 0.961677 1.145800 0.000000 0.000000 0.000000 1.000000
0.997235 -0.058489 -0.045832 0.000000 0.044640 0.964645 -0.259746 1.383600 0.059404 0.256982 0.964589 1.145800 0.000000 0.000000 0.000000 1.000000
0.996805 -0.059999 -0.052723 0.000000 0.045348 0.968515 -0.244792 1.383600 0.065750 0.241619 0.968141 1.145800 0.000000 0.000000 0.000000 1.000000
0.996531 -0.059138 -0.058550 0.000000 0.044205 0.972267 -0.229660 1.383600 0.070508 0.226275 0.971508 1.145800 0.000000 0.000000 0.000000 1.000000
0.996576 -0.057083 -0.059814 0.000000 0.042800 0.975123 -0.217493 1.383600 0.070742 0.214189 0.974227 1.145800 0.000000 0.000000 0.000000 1.000000
0.996853 -0.056127 -0.055973 -0.000000 0.043211 0.976772 -0.209879 1.383600 0.066453 0.206800 0.976124 1.145800 0.000000 0.000000 0.000000 1.000000
0.996916 -0.059041 -0.051700 -0.000000 0.047021 0.976821 -0.208831 1.383600 0.062831 0.205756 0.976584 1.145800 0.000000 0.000000 0.000000 1.000000
0.996615 -0.066009 -0.048999 -0.000000 0.054103 0.975421 -0.213606 1.383600 0.061895 0.210232 0.975690 1.145800 0.000000 0.000000 0.000000 1.000000
0.996216 -0.073271 -0.046741 0.000000 0.061205 0.973296 -0.221245 1.383600 0.061704 0.217547 0.974098 1.145800 0.000000 0.000000 0.000000 1.000000
0.996010 -0.077124 -0.044890 0.000000 0.064955 0.971512 -0.227915 1.383600 0.061189 0.224090 0.972646 1.145800 0.000000 0.000000 0.000000 1.000000
0.996062 -0.077261 -0.043482 0.000000 0.065215 0.970769 -0.230988 1.383600 0.060057 0.227242 0.971985 1.145800 0.000000 0.000000 0.000000 1.000000
0.996214 -0.075008 -0.043955 0.000000 0.062990 0.971215 -0.229723 1.383600 0.059921 0.226085 0.972263 1.145800 0.000000 0.000000 0.000000 1.000000
0.996338 -0.072380 -0.045510 -0.000000 0.060435 0.972725 -0.223949 1.383600 0.060479 0.220379 0.973538 1.145800 0.000000 0.000000 0.000000 1.000000
0.996362 -0.070172 -0.048360 0.000000 0.058207 0.974820 -0.215265 1.383600 0.062248 0.211667 0.975358 1.145800 0.000000 0.000000 0.000000 1.000000
0.996091 -0.069750 -0.054202 0.000000 0.057198 0.976888 -0.205959 1.383600 0.067315 0.202054 0.977058 1.145800 0.000000 0.000000 0.000000 1.000000
0.995466 -0.071470 -0.062764 0.000000 0.057544 0.977921 -0.200896 1.383600 0.075737 0.196374 0.977600 1.145800 0.000000 0.000000 0.000000 1.000000
0.994647 -0.073366 -0.072763 0.000000 0.056903 0.976696 -0.206945 1.383600 0.086250 0.201697 0.975643 1.145800 0.000000 0.000000 0.000000 1.000000
0.994564 -0.070067 -0.077029 0.000000 0.051121 0.973013 -0.225014 1.383600 0.090716 0.219853 0.971306 1.145800 0.000000 0.000000 0.000000 1.000000
0.995624 -0.059451 -0.072103 0.000000 0.039914 0.968160 -0.247130 1.383600 0.084499 0.243171 0.966296 1.145800 0.000000 0.000000 0.000000 1.000000
0.996865 -0.047821 -0.063039 0.000000 0.029305 0.963182 -0.267248 1.383600 0.073498 0.264563 0.961563 1.145800 0.000000 0.000000 0.000000 1.000000
0.997674 -0.040363 -0.054930 0.000000 0.023181 0.958711 -0.283435 1.383600 0.064102 0.281502 0.957417 1.145800 0.000000 0.000000 0.000000 1.000000
0.997921 -0.039725 -0.050753 0.000000 0.023259 0.956366 -0.291242 1.383600 0.060108 0.289457 0.955302 1.145800 0.000000 0.000000 0.000000 1.000000
0.997597 -0.046115 -0.051699 0.000000 0.029311 0.957136 -0.288152 1.383600 0.062771 0.285944 0.956188 1.145800 0.000000 0.000000 0.000000 1.000000
0.996914 -0.055337 -0.055674 0.000000 0.037769 0.959898 -0.277793 1.383600 0.068813 0.274834 0.959026 1.145800 0.000000 0.000000 0.000000 1.000000
0.996042 -0.064114 -0.061553 0.000000 0.045557 0.962948 -0.265812 1.383600 0.076315 0.261956 0.962058 1.145800 0.000000 0.000000 0.000000 1.000000</float_array>
        <technique_common>
          <accessor source="#mixamorig_Head-Matrix-animation-output-transform-array" count="38" stride="16">
            <param type="float4x4"/>
          </accessor>
        </technique_common>
      </source>
      <source id="mixamorig_Head-Interpolations">
        <Name_array id="mixamorig_Head-Interpolations-array" count="38">
 LINEAR LINEAR LINEAR LINEAR LINEAR LINEAR LINEAR LINEAR LINEAR LINEAR LINEAR
LINEAR LINEAR LINEAR LINEAR LINEAR LINEAR LINEAR LINEAR LINEAR LINEAR LINEAR LINEAR
LINEAR LINEAR LINEAR LINEAR LINEAR LINEAR LINEAR LINEAR LINEAR LINEAR LINEAR LINEAR
LINEAR LINEAR LINEAR</Name_array>
        <technique_common>
          <accessor source="#mixamorig_Head-Interpolations-array" count="38">
            <param type="name"/>
          </accessor>
        </technique_common>
      </source>
      <sampler id="mixamorig_Head-Matrix-animation-transform">
        <input semantic="INPUT" source="#mixamorig_Head-Matrix-animation-input"/>
        <input semantic="OUTPUT" source="#mixamorig_Head-Matrix-animation-output-transform"/>
        <input semantic="INTERPOLATION" source="#mixamorig_Head-Interpolations"/>
      </sampler>
      <channel source="#mixamorig_Head-Matrix-animation-transform" target="mixamorig_Head/matrix"/>
    </animation>
    <animation id="mixamorig_LeftShoulder-anim" name="mixamorig_LeftShoulder">
      <source id="mixamorig_LeftShoulder-Matrix-animation-input">
        <float_array id="mixamorig_LeftShoulder-Matrix-animation-input-array" count="38">

0.000000 0.033333 0.066667 0.100000 0.133333 0.166667 0.200000 0.233333 0.266667 0.300000 0.333333 0.366667 0.400000 0.433333 0.466667 0.500000
0.533333 0.566667 0.600000 0.633333 0.666667 0.700000 0.733333 0.766667 0.800000 0.833333 0.866667 0.900000 0.933333 0.966667 1.000000 1.033333
1.066667 1.100000 1.133333 1.166667 1.200000 1.233333</float_array>
        <technique_common>
          <accessor source="#mixamorig_LeftShoulder-Matrix-animation-input-array" count="38">
            <param name="TIME" type="float"/>
          </accessor>
        </technique_common>
      </source>
      <source id="mixamorig_LeftShoulder-Matrix-animation-output-transform">
        <float_array id="mixamorig_LeftShoulder-Matrix-animation-output-transform-array" count="608">

0.157106 0.904222 -0.397116 12.201900 -0.008326 -0.400882 -0.916092 13.791400 -0.987547 0.147230 -0.055452 -0.529900 0.000000 0.000000 0.000000 1.000000
0.150201 0.910566 -0.385108 12.201900 -0.007039 -0.388533 -0.921408 13.791400 -0.988630 0.141107 -0.051949 -0.529900 0.000000 0.000000 0.000000 1.000000
0.145124 0.913172 -0.380863 12.201900 -0.006294 -0.384079 -0.923279 13.791400 -0.989394 0.136387 -0.049992 -0.529900 0.000000 0.000000 0.000000 1.000000
0.140795 0.916054 -0.375528 12.201900 -0.005630 -0.378559 -0.925560 13.791400 -0.990023 0.132429 -0.048142 -0.529900 0.000000 0.000000 0.000000 1.000000
0.138448 0.920282 -0.365942 12.201900 -0.005103 -0.368833 -0.929482 13.791400 -0.990357 0.130552 -0.046368 -0.529900 0.000000 0.000000 0.000000 1.000000
0.136001 0.923058 -0.359816 12.201900 -0.004676 -0.362589 -0.931938 13.791400 -0.990698 0.128427 -0.044996 -0.529900 0.000000 0.000000 0.000000 1.000000
0.131553 0.924487 -0.357794 12.201900 -0.004152 -0.360414 -0.932783 13.791400 -0.991300 0.124196 -0.043575 -0.529900 0.000000 0.000000 0.000000 1.000000
0.129258 0.923085 -0.362223 12.201900 -0.004001 -0.364799 -0.931078 13.791400 -0.991603 0.121798 -0.043460 -0.529900 0.000000 0.000000 0.000000 1.000000
0.126894 0.920414 -0.369778 12.201900 -0.003896 -0.372326 -0.928094 13.791400 -0.991909 0.119210 -0.043660 -0.529900 0.000000 0.000000 0.000000 1.000000
0.125563 0.917264 -0.377968 12.201900 -0.003905 -0.380524 -0.924763 13.791400 -0.992078 0.117592 -0.044197 -0.529900 0.000000 0.000000 0.000000 1.000000
0.128488 0.912755 -0.387774 12.201900 -0.004456 -0.390480 -0.920601 13.791400 -0.991701 0.120014 -0.046105 -0.529900 0.000000 0.000000 0.000000 1.000000
0.130892 0.910074 -0.393234 12.201900 -0.004875 -0.396051 -0.918216 13.791400 -0.991385 0.122104 -0.047403 -0.529900 0.000000 0.000000 0.000000 1.000000
0.136108 0.906613 -0.399410 12.201900 -0.005692 -0.402439 -0.915429 13.791400 -0.990678 0.126871 -0.049615 -0.529900 0.000000 0.000000 0.000000 1.000000
0.146025 0.900539 -0.409520 12.201900 -0.007307 -0.412964 -0.910718 13.791400 -0.989254 0.135980 -0.053723 -0.529900 0.000000 0.000000 0.000000 1.000000
0.156167 0.893456 -0.421128 12.201900 -0.009142 -0.425034 -0.905131 13.791400 -0.987688 0.145201 -0.058208 -0.529900 0.000000 0.000000 0.000000 1.000000
0.161306 0.889420 -0.427684 12.201900 -0.010162 -0.431839 -0.901894 13.791400 -0.986852 0.149827 -0.060620 -0.529900 0.000000 0.000000 0.000000 1.000000
0.159608 0.888279 -0.430679 12.201900 -0.010043 -0.434789 -0.900477 13.791400 -0.987129 0.148049 -0.060475 -0.529900 0.000000 0.000000 0.000000 1.000000
0.154504 0.887882 -0.433353 12.201900 -0.009392 -0.437280 -0.899277 13.791400 -0.987948 0.143012 -0.059222 -0.529900 0.000000 0.000000 0.000000 1.000000
0.150759 0.889486 -0.431378 12.201900 -0.008762 -0.435146 -0.900317 13.791400 -0.988532 0.139511 -0.057808 -0.529900 0.000000 0.000000 0.000000 1.000000
0.152107 0.891533 -0.426652 12.201900 -0.008790 -0.430438 -0.902577 13.791400 -0.988325 0.141038 -0.057636 -0.529900 0.000000 0.000000 0.000000 1.000000
0.156957 0.891657 -0.424631 12.201900 -0.009425 -0.428589 -0.903451 13.791400 -0.987560 0.145805 -0.058866 -0.529900 0.000000 0.000000 0.000000 1.000000
0.161570 0.890634 -0.425049 12.201900 -0.010123 -0.429190 -0.903158 13.791400 -0.986809 0.150226 -0.060329 -0.529900 0.000000 0.000000 0.000000 1.000000
0.159483 0.890940 -0.425196 12.201900 -0.009828 -0.429255 -0.903130 13.791400 -0.987152 0.148213 -0.059703 -0.529900 0.000000 0.000000 0.000000 1.000000
0.151769 0.893264 -0.423137 12.201900 -0.008624 -0.426883 -0.904266 13.791400 -0.988378 0.140889 -0.057085 -0.529900 0.000000 0.000000 0.000000 1.000000
0.147360 0.894519 -0.422043 12.201900 -0.007949 -0.425616 -0.904869 13.791400 -0.989051 0.136696 -0.055608 -0.529900 0.000000 0.000000 0.000000 1.000000
0.146589 0.894248 -0.422887 12.201900 -0.007871 -0.426437 -0.904483 13.791400 -0.989166 0.135915 -0.055472 -0.529900 0.000000 0.000000 0.000000 1.000000
0.152237 0.891242 -0.427215 12.201900 -0.008860 -0.431005 -0.902306 13.791400 -0.988304 0.141150 -0.057718 -0.529900 0.000000 0.000000 0.000000 1.000000
0.163348 0.885523 -0.434932 12.201900 -0.010863 -0.439212 -0.898318 13.791400 -0.986509 0.151463 -0.062125 -0.529900 0.000000 0.000000 0.000000 1.000000
0.175881 0.880460 -0.440291 12.201900 -0.013080 -0.445133 -0.895369 13.791400 -0.984324 0.163238 -0.066774 -0.529900 0.000000 0.000000 0.000000 1.000000
0.189885 0.875696 -0.443959 12.201900 -0.015530 -0.449450 -0.893170 13.791400 -0.981684 0.176494 -0.071744 -0.529900 0.000000 0.000000 0.000000 1.000000
0.194140 0.876118 -0.441279 12.201900 -0.016050 -0.446940 -0.894420 13.791400 -0.980842 0.180726 -0.072707 -0.529900 0.000000 0.000000 0.000000 1.000000
0.184623 0.882050 -0.433477 12.201900 -0.014077 -0.438640 -0.898553 13.791400 -0.982709 0.171996 -0.068567 -0.529900 0.000000 0.000000 0.000000 1.000000
0.173111 0.886439 -0.429254 12.201900 -0.012089 -0.433889 -0.900885 13.791400 -0.984828 0.161143 -0.064395 -0.529900 0.000000 0.000000 0.000000 1.000000
0.165566 0.888584 -0.427793 12.201900 -0.010886 -0.432107 -0.901757 13.791400 -0.986139 0.153958 -0.061869 -0.529900 0.000000 0.000000 0.000000 1.000000
0.162797 0.891442 -0.422880 12.201900 -0.010249 -0.427047 -0.904171 13.791400 -0.986606 0.151530 -0.060386 -0.529900 0.000000 0.000000 0.000000 1.000000
0.163244 0.895388 -0.414284 12.201900 -0.009919 -0.418406 -0.908206 13.791400 -0.986536 0.152368 -0.059421 -0.529900 0.000000 0.000000 0.000000 1.000000
0.161220 0.900535 -0.403789 12.201900 -0.009164 -0.407757 -0.913044 13.791400 -0.986876 0.150901 -0.057487 -0.529900 0.000000 0.000000 0.000000 1.000000
0.157106 0.904222 -0.397115 12.201900 -0.008326 -0.400882 -0.916092 13.791400 -0.987547 0.147230 -0.055452 -0.529900 0.000000 0.000000 0.000000 1.000000</float_array>
        <technique_common>
          <accessor source="#mixamorig_LeftShoulder-Matrix-animation-output-transform-array" count="38" stride="16">
            <param type="float4x4"/>
          </accessor>
        </technique_common>
      </source>
      <source id="mixamorig_LeftShoulder-Interpolations">
        <Name_array id="mixamorig_LeftShoulder-Interpolations-array" count="38">
 LINEAR LINEAR LINEAR LINEAR LINEAR LINEAR LINEAR LINEAR LINEAR LINEAR LINEAR
LINEAR LINEAR LINEAR LINEAR LINEAR LINEAR LINEAR LINEAR LINEAR LINEAR LINEAR LINEAR
LINEAR LINEAR LINEAR LINEAR LINEAR LINEAR LINEAR LINEAR LINEAR LINEAR LINEAR LINEAR
LINEAR LINEAR LINEAR</Name_array>
        <technique_common>
          <accessor source="#mixamorig_LeftShoulder-Interpolations-array" count="38">
            <param type="name"/>
          </accessor>
        </technique_common>
      </source>
      <sampler id="mixamorig_LeftShoulder-Matrix-animation-transform">
        <input semantic="INPUT" source="#mixamorig_LeftShoulder-Matrix-animation-input"/>
        <input semantic="OUTPUT" source="#mixamorig_LeftShoulder-Matrix-animation-output-transform"/>
        <input semantic="INTERPOLATION" source="#mixamorig_LeftShoulder-Interpolations"/>
      </sampler>
      <channel source="#mixamorig_LeftShoulder-Matrix-animation-transform" target="mixamorig_LeftShoulder/matrix"/>
    </animation>
    <animation id="mixamorig_LeftArm-anim" name="mixamorig_LeftArm">
      <source id="mixamorig_LeftArm-Matrix-animation-input">
        <float_array id="mixamorig_LeftArm-Matrix-animation-input-array" count="38">

0.000000 0.033333 0.066667 0.100000 0.133333 0.166667 0.200000 0.233333 0.266667 0.300000 0.333333 0.366667 0.400000 0.433333 0.466667 0.500000
0.533333 0.566667 0.600000 0.633333 0.666667 0.700000 0.733333 0.766667 0.800000 0.833333 0.866667 0.900000 0.933333 0.966667 1.000000 1.033333
1.066667 1.100000 1.133333 1.166667 1.200000 1.233333</float_array>
        <technique_common>
          <accessor source="#mixamorig_LeftArm-Matrix-animation-input-array" count="38">
            <param name="TIME" type="float"/>
          </accessor>
        </technique_common>
      </source>
      <source id="mixamorig_LeftArm-Matrix-animation-output-transform">
        <float_array id="mixamorig_LeftArm-Matrix-animation-output-transform-array" count="608">

0.970651 -0.237092 0.040298 -0.000000 0.187537 0.641317 -0.744004 24.900900 0.150554 0.729726 0.666958 0.000000 0.000000 0.000000 0.000000 1.000000
0.977257 -0.196112 0.080679 -0.000000 0.194100 0.674003 -0.712773 24.900900 0.085405 0.712222 0.696739 0.000000 0.000000 0.000000 0.000000 1.000000
0.979626 -0.163880 0.116089 0.000000 0.198719 0.707358 -0.678348 24.900900 0.029051 0.687596 0.725512 -0.000000 0.000000 0.000000 0.000000 1.000000
0.982737 -0.141510 0.119173 0.000000 0.184934 0.733454 -0.654098 24.900900 0.005154 0.664846 0.746963 0.000000 0.000000 0.000000 0.000000 1.000000
0.988504 -0.125748 0.083947 0.000000 0.150129 0.750558 -0.643524 24.900900 0.017915 0.648729 0.760808 0.000000 0.000000 0.000000 0.000000 1.000000
0.993018 -0.116018 0.021322 0.000000 0.102863 0.763178 -0.637949 24.900900 0.057741 0.635688 0.769784 0.000000 0.000000 0.000000 0.000000 1.000000
0.992684 -0.108805 -0.052339 0.000000 0.051363 0.772857 -0.632498 24.900900 0.109270 0.625183 0.772791 -0.000000 0.000000 0.000000 0.000000 1.000000
0.986445 -0.105285 -0.125861 -0.000000 0.003618 0.780789 -0.624784 24.900900 0.164051 0.615860 0.770586 0.000000 0.000000 0.000000 0.000000 1.000000
0.975018 -0.114295 -0.190463 -0.000000 -0.028596 0.785736 -0.617901 24.900900 0.220277 0.607911 0.762838 0.000000 0.000000 0.000000 0.000000 1.000000
0.961527 -0.134646 -0.239450 0.000000 -0.043647 0.785694 -0.617074 24.900900 0.271221 0.603785 0.749589 0.000000 0.000000 0.000000 0.000000 1.000000
0.949004 -0.163250 -0.269705 0.000000 -0.043940 0.778649 -0.625920 24.900900 0.312187 0.605851 0.731768 -0.000000 0.000000 0.000000 0.000000 1.000000
0.939751 -0.193915 -0.281540 0.000000 -0.037331 0.760420 -0.648358 24.900900 0.339815 0.619805 0.707367 0.000000 0.000000 0.000000 0.000000 1.000000
0.935796 -0.222144 -0.273748 0.000000 -0.021544 0.739012 -0.673348 24.900900 0.351884 0.636014 0.686778 0.000000 0.000000 0.000000 0.000000 1.000000
0.934337 -0.255717 -0.248239 -0.000000 0.014052 0.722429 -0.691302 24.900900 0.356113 0.642421 0.678585 0.000000 0.000000 0.000000 0.000000 1.000000
0.929556 -0.297829 -0.217309 0.000000 0.061183 0.705866 -0.705698 24.900900 0.363568 0.642690 0.674364 0.000000 0.000000 0.000000 0.000000 1.000000
0.922244 -0.348939 -0.166456 0.000000 0.126176 0.678642 -0.723550 24.900900 0.365439 0.646287 0.669901 0.000000 0.000000 0.000000 0.000000 1.000000
0.912193 -0.400838 -0.085049 -0.000000 0.212499 0.640220 -0.738216 24.900900 0.350355 0.655322 0.669182 0.000000 0.000000 0.000000 0.000000 1.000000
0.895411 -0.445231 0.002940 -0.000000 0.299103 0.596613 -0.744708 24.900900 0.329813 0.667699 0.667384 0.000000 0.000000 0.000000 0.000000 1.000000
0.870056 -0.486683 0.078374 -0.000000 0.374665 0.549543 -0.746745 24.900900 0.320359 0.679074 0.660476 0.000000 0.000000 0.000000 0.000000 1.000000
0.839060 -0.525263 0.141692 0.000000 0.440359 0.502781 -0.743838 24.900900 0.319470 0.686520 0.653168 -0.000000 0.000000 0.000000 0.000000 1.000000
0.806107 -0.560094 0.191011 -0.000000 0.494556 0.460369 -0.737208 24.900900 0.324971 0.688734 0.648104 0.000000 0.000000 0.000000 0.000000 1.000000
0.777172 -0.590857 0.216547 0.000000 0.526857 0.422752 -0.737362 24.900900 0.344130 0.687146 0.639848 0.000000 0.000000 0.000000 0.000000 1.000000
0.753030 -0.618776 0.223745 -0.000000 0.539773 0.386466 -0.747856 24.900900 0.376286 0.683930 0.625019 0.000000 0.000000 0.000000 0.000000 1.000000
0.734104 -0.641198 0.223511 0.000000 0.539501 0.350866 -0.765397 24.900900 0.412348 0.682465 0.603499 -0.000000 0.000000 0.000000 0.000000 1.000000
0.720959 -0.657874 0.217760 -0.000000 0.529147 0.319721 -0.785991 24.900900 0.447461 0.681894 0.578618 0.000000 0.000000 0.000000 0.000000 1.000000
0.710204 -0.671141 0.212556 0.000000 0.518880 0.294972 -0.802344 24.900900 0.475788 0.680119 0.557732 -0.000000 0.000000 0.000000 0.000000 1.000000
0.698503 -0.681703 0.217655 0.000000 0.524721 0.281102 -0.803523 24.900900 0.486581 0.675472 0.554054 -0.000000 0.000000 0.000000 0.000000 1.000000
0.683795 -0.692639 0.229511 0.000000 0.545908 0.276913 -0.790762 24.900900 0.484158 0.666011 0.567468 0.000000 0.000000 0.000000 0.000000 1.000000
0.669597 -0.702729 0.240441 -0.000000 0.569486 0.277953 -0.773581 24.900900 0.476787 0.654915 0.586311 0.000000 0.000000 0.000000 0.000000 1.000000
0.663056 -0.706548 0.247280 0.000000 0.588107 0.287307 -0.756032 24.900900 0.463127 0.646719 0.606027 0.000000 0.000000 0.000000 0.000000 1.000000
0.673601 -0.697619 0.244109 0.000000 0.586554 0.303626 -0.750844 24.900900 0.449685 0.648952 0.613714 0.000000 0.000000 0.000000 0.000000 1.000000
0.704813 -0.673700 0.222185 0.000000 0.554446 0.327770 -0.764955 24.900900 0.442525 0.662340 0.604547 -0.000000 0.000000 0.000000 0.000000 1.000000
0.759872 -0.623228 0.184880 -0.000000 0.497445 0.374365 -0.782560 24.900900 0.418501 0.686613 0.594491 0.000000 0.000000 0.000000 0.000000 1.000000
0.820505 -0.554379 0.139410 0.000000 0.427003 0.432255 -0.794244 24.900900 0.380052 0.711210 0.591389 0.000000 0.000000 0.000000 0.000000 1.000000
0.873096 -0.479385 0.088848 0.000000 0.349919 0.489239 -0.798875 24.900900 0.339501 0.728584 0.594899 -0.000000 0.000000 0.000000 0.000000 1.000000
0.914362 -0.401979 0.048526 0.000000 0.281014 0.543745 -0.790805 24.900900 0.291502 0.736719 0.610141 0.000000 0.000000 0.000000 0.000000 1.000000
0.946731 -0.320395 0.032363 0.000000 0.227528 0.594413 -0.771301 24.900900 0.227884 0.737578 0.635648 0.000000 0.000000 0.000000 0.000000 1.000000
0.970651 -0.237092 0.040298 0.000000 0.187537 0.641317 -0.744004 24.900900 0.150554 0.729726 0.666958 0.000000 0.000000 0.000000 0.000000 1.000000</float_array>
        <technique_common>
          <accessor source="#mixamorig_LeftArm-Matrix-animation-output-transform-array" count="38" stride="16">
            <param type="float4x4"/>
          </accessor>
        </technique_common>
      </source>
      <source id="mixamorig_LeftArm-Interpolations">
        <Name_array id="mixamorig_LeftArm-Interpolations-array" count="38">
 LINEAR LINEAR LINEAR LINEAR LINEAR LINEAR LINEAR LINEAR LINEAR LINEAR LINEAR
LINEAR LINEAR LINEAR LINEAR LINEAR LINEAR LINEAR LINEAR LINEAR LINEAR LINEAR LINEAR
LINEAR LINEAR LINEAR LINEAR LINEAR LINEAR LINEAR LINEAR LINEAR LINEAR LINEAR LINEAR
LINEAR LINEAR LINEAR</Name_array>
        <technique_common>
          <accessor source="#mixamorig_LeftArm-Interpolations-array" count="38">
            <param type="name"/>
          </accessor>
        </technique_common>
      </source>
      <sampler id="mixamorig_LeftArm-Matrix-animation-transform">
        <input semantic="INPUT" source="#mixamorig_LeftArm-Matrix-animation-input"/>
        <input semantic="OUTPUT" source="#mixamorig_LeftArm-Matrix-animation-output-transform"/>
        <input semantic="INTERPOLATION" source="#mixamorig_LeftArm-Interpolations"/>
      </sampler>
      <channel source="#mixamorig_LeftArm-Matrix-animation-transform" target="mixamorig_LeftArm/matrix"/>
    </animation>
    <animation id="mixamorig_LeftForeArm-anim" name="mixamorig_LeftForeArm">
      <source id="mixamorig_LeftForeArm-Matrix-animation-input">
        <float_array id="mixamorig_LeftForeArm-Matrix-animation-input-array" count="38">

0.000000 0.033333 0.066667 0.100000 0.133333 0.166667 0.200000 0.233333 0.266667 0.300000 0.333333 0.366667 0.400000 0.433333 0.466667 0.500000
0.533333 0.566667 0.600000 0.633333 0.666667 0.700000 0.733333 0.766667 0.800000 0.833333 0.866667 0.900000 0.933333 0.966667 1.000000 1.033333
1.066667 1.100000 1.133333 1.166667 1.200000 1.233333</float_array>
        <technique_common>
          <accessor source="#mixamorig_LeftForeArm-Matrix-animation-input-array" count="38">
            <param name="TIME" type="float"/>
          </accessor>
        </technique_common>
      </source>
      <source id="mixamorig_LeftForeArm-Matrix-animation-output-transform">
        <float_array id="mixamorig_LeftForeArm-Matrix-animation-output-transform-array" count="608">

0.999114 -0.041786 -0.004924 0.000000 0.041781 0.999126 -0.001232 34.805500 0.004971 0.001026 0.999987 -0.000000 0.000000 0.000000 0.000000 1.000000
0.997538 -0.069964 -0.004877 0.000000 0.069955 0.997548 -0.002063 34.805500 0.005010 0.001717 0.999986 0.000000 0.000000 0.000000 0.000000 1.000000
0.995119 -0.098568 -0.004806 0.000000 0.098555 0.995127 -0.002907 34.805500 0.005069 0.002419 0.999984 -0.000000 0.000000 0.000000 0.000000 1.000000
0.993383 -0.114750 -0.004755 0.000000 0.114735 0.993390 -0.003384 34.805500 0.005112 0.002816 0.999983 -0.000000 0.000000 0.000000 0.000000 1.000000
0.993212 -0.116219 -0.004750 -0.000000 0.116203 0.993220 -0.003427 34.805500 0.005116 0.002852 0.999983 -0.000000 0.000000 0.000000 0.000000 1.000000
0.994056 -0.108762 -0.004774 0.000000 0.108747 0.994064 -0.003208 34.805500 0.005095 0.002669 0.999983 0.000000 0.000000 0.000000 0.000000 1.000000
0.995102 -0.098733 -0.004806 0.000000 0.098720 0.995111 -0.002912 34.805500 0.005070 0.002423 0.999984 0.000000 0.000000 0.000000 0.000000 1.000000
0.996128 -0.087784 -0.004836 -0.000000 0.087772 0.996137 -0.002589 34.805500 0.005044 0.002154 0.999985 0.000000 0.000000 0.000000 0.000000 1.000000
0.997396 -0.071949 -0.004873 0.000000 0.071939 0.997407 -0.002121 34.805500 0.005013 0.001765 0.999986 -0.000000 0.000000 0.000000 0.000000 1.000000
0.998598 -0.052699 -0.004909 0.000000 0.052692 0.998610 -0.001554 34.805500 0.004984 0.001293 0.999987 0.000000 0.000000 0.000000 0.000000 1.000000
0.999616 -0.027284 -0.004939 0.000000 0.027280 0.999627 -0.000805 34.805500 0.004959 0.000670 0.999987 0.000000 0.000000 0.000000 0.000000 1.000000
0.999986 -0.001900 -0.004949 0.000000 0.001900 0.999998 -0.000056 34.805500 0.004949 0.000046 0.999988 0.000000 0.000000 0.000000 0.000000 1.000000
0.999988 -0.000000 -0.004950 -0.000000 0.000000 1.000000 0.000000 34.805500 0.004950 -0.000000 0.999988 0.000000 0.000000 0.000000 0.000000 1.000000
0.999988 0.000000 -0.004950 0.000000 -0.000000 1.000000 -0.000000 34.805500 0.004950 0.000000 0.999988 0.000000 0.000000 0.000000 0.000000 1.000000
0.999988 0.000000 -0.004950 0.000000 -0.000000 1.000000 0.000000 34.805500 0.004950 -0.000000 0.999988 0.000000 0.000000 0.000000 0.000000 1.000000
0.999988 -0.000000 -0.004950 0.000000 0.000000 1.000000 -0.000000 34.805500 0.004950 0.000000 0.999988 0.000000 0.000000 0.000000 0.000000 1.000000
0.999792 -0.019780 -0.004944 -0.000000 0.019778 0.999804 -0.000583 34.805500 0.004955 0.000486 0.999988 0.000000 0.000000 0.000000 0.000000 1.000000
0.997519 -0.070230 -0.004877 0.000000 0.070221 0.997529 -0.002071 34.805500 0.005010 0.001723 0.999986 0.000000 0.000000 0.000000 0.000000 1.000000
0.993413 -0.114494 -0.004756 0.000000 0.114478 0.993420 -0.003376 34.805500 0.005111 0.002810 0.999983 0.000000 0.000000 0.000000 0.000000 1.000000
0.988576 -0.150654 -0.004613 0.000000 0.150634 0.988580 -0.004443 34.805500 0.005230 0.003697 0.999979 -0.000000 0.000000 0.000000 0.000000 1.000000
0.983273 -0.182082 -0.004457 0.000000 0.182057 0.983273 -0.005369 34.805500 0.005360 0.004468 0.999976 -0.000000 0.000000 0.000000 0.000000 1.000000
0.978429 -0.206540 -0.004314 0.000000 0.206513 0.978425 -0.006091 34.805500 0.005479 0.005069 0.999972 -0.000000 0.000000 0.000000 0.000000 1.000000
0.974541 -0.224172 -0.004199 0.000000 0.224142 0.974534 -0.006611 34.805500 0.005574 0.005501 0.999969 -0.000000 0.000000 0.000000 0.000000 1.000000
0.967989 -0.250959 -0.004006 0.000000 0.250925 0.967978 -0.007401 34.805500 0.005735 0.006159 0.999965 0.000000 0.000000 0.000000 0.000000 1.000000
0.961143 -0.276024 -0.003804 0.000000 0.275988 0.961127 -0.008140 34.805500 0.005903 0.006774 0.999960 0.000000 0.000000 0.000000 0.000000 1.000000
0.953689 -0.300773 -0.003584 0.000000 0.300733 0.953667 -0.008869 34.805500 0.006086 0.007381 0.999954 0.000000 0.000000 0.000000 0.000000 1.000000
0.940444 -0.339934 -0.003193 -0.000000 0.339889 0.940412 -0.010025 34.805500 0.006411 0.008342 0.999945 0.000000 0.000000 0.000000 0.000000 1.000000
0.928900 -0.370320 -0.002853 -0.000000 0.370271 0.928860 -0.010920 34.805500 0.006694 0.009087 0.999936 0.000000 0.000000 0.000000 0.000000 1.000000
0.928774 -0.370637 -0.002850 0.000000 0.370587 0.928733 -0.010930 34.805500 0.006698 0.009095 0.999936 0.000000 0.000000 0.000000 0.000000 1.000000
0.941365 -0.337373 -0.003221 -0.000000 0.337328 0.941334 -0.009949 34.805500 0.006388 0.008279 0.999945 0.000000 0.000000 0.000000 0.000000 1.000000
0.959658 -0.281146 -0.003760 0.000000 0.281109 0.959640 -0.008291 34.805500 0.005939 0.006899 0.999959 -0.000000 0.000000 0.000000 0.000000 1.000000
0.980172 -0.198099 -0.004365 0.000000 0.198072 0.980170 -0.005842 34.805500 0.005436 0.004861 0.999973 -0.000000 0.000000 0.000000 0.000000 1.000000
0.987844 -0.155383 -0.004592 0.000000 0.155362 0.987847 -0.004582 34.805500 0.005248 0.003813 0.999979 0.000000 0.000000 0.000000 0.000000 1.000000
0.992957 -0.118377 -0.004742 -0.000000 0.118361 0.992964 -0.003491 34.805500 0.005122 0.002905 0.999983 0.000000 0.000000 0.000000 0.000000 1.000000
0.996971 -0.077628 -0.004860 -0.000000 0.077618 0.996981 -0.002289 34.805500 0.005023 0.001905 0.999986 0.000000 0.000000 0.000000 0.000000 1.000000
0.999031 -0.043736 -0.004922 -0.000000 0.043730 0.999043 -0.001290 34.805500 0.004973 0.001073 0.999987 0.000000 0.000000 0.000000 0.000000 1.000000
0.999520 -0.030601 -0.004936 -0.000000 0.030596 0.999531 -0.000902 34.805500 0.004961 0.000751 0.999987 0.000000 0.000000 0.000000 0.000000 1.000000
0.999114 -0.041786 -0.004923 0.000000 0.041781 0.999126 -0.001232 34.805500 0.004971 0.001026 0.999987 0.000000 0.000000 0.000000 0.000000 1.000000</float_array>
        <technique_common>
          <accessor source="#mixamorig_LeftForeArm-Matrix-animation-output-transform-array" count="38" stride="16">
            <param type="float4x4"/>
          </accessor>
        </technique_common>
      </source>
      <source id="mixamorig_LeftForeArm-Interpolations">
        <Name_array id="mixamorig_LeftForeArm-Interpolations-array" count="38">
 LINEAR LINEAR LINEAR LINEAR LINEAR LINEAR LINEAR LINEAR LINEAR LINEAR LINEAR
LINEAR LINEAR LINEAR LINEAR LINEAR LINEAR LINEAR LINEAR LINEAR LINEAR LINEAR LINEAR
LINEAR LINEAR LINEAR LINEAR LINEAR LINEAR LINEAR LINEAR LINEAR LINEAR LINEAR LINEAR
LINEAR LINEAR LINEAR</Name_array>
        <technique_common>
          <accessor source="#mixamorig_LeftForeArm-Interpolations-array" count="38">
            <param type="name"/>
          </accessor>
        </technique_common>
      </source>
      <sampler id="mixamorig_LeftForeArm-Matrix-animation-transform">
        <input semantic="INPUT" source="#mixamorig_LeftForeArm-Matrix-animation-input"/>
        <input semantic="OUTPUT" source="#mixamorig_LeftForeArm-Matrix-animation-output-transform"/>
        <input semantic="INTERPOLATION" source="#mixamorig_LeftForeArm-Interpolations"/>
      </sampler>
      <channel source="#mixamorig_LeftForeArm-Matrix-animation-transform" target="mixamorig_LeftForeArm/matrix"/>
    </animation>
    <animation id="mixamorig_LeftHand-anim" name="mixamorig_LeftHand">
      <source id="mixamorig_LeftHand-Matrix-animation-input">
        <float_array id="mixamorig_LeftHand-Matrix-animation-input-array" count="38">

0.000000 0.033333 0.066667 0.100000 0.133333 0.166667 0.200000 0.233333 0.266667 0.300000 0.333333 0.366667 0.400000 0.433333 0.466667 0.500000
0.533333 0.566667 0.600000 0.633333 0.666667 0.700000 0.733333 0.766667 0.800000 0.833333 0.866667 0.900000 0.933333 0.966667 1.000000 1.033333
1.066667 1.100000 1.133333 1.166667 1.200000 1.233333</float_array>
        <technique_common>
          <accessor source="#mixamorig_LeftHand-Matrix-animation-input-array" count="38">
            <param name="TIME" type="float"/>
          </accessor>
        </technique_common>
      </source>
      <source id="mixamorig_LeftHand-Matrix-animation-output-transform">
        <float_array id="mixamorig_LeftHand-Matrix-animation-output-transform-array" count="608">

0.451615 -0.012633 0.892124 0.000000 0.072093 0.997147 -0.022375 34.147900 -0.889296 0.074421 0.451237 0.000000 0.000000 0.000000 0.000000 1.000000
0.446740 -0.037362 0.893884 0.000000 0.101933 0.994747 -0.009366 34.147900 -0.888838 0.095300 0.448201 -0.000000 0.000000 0.000000 0.000000 1.000000
0.454943 -0.065593 0.888101 0.000000 0.119308 0.992782 0.012207 34.147900 -0.882492 0.100404 0.459485 0.000000 0.000000 0.000000 0.000000 1.000000
0.460952 -0.088138 0.883037 0.000000 0.106596 0.993350 0.043505 34.147900 -0.881000 0.074074 0.467282 0.000000 0.000000 0.000000 0.000000 1.000000
0.480055 -0.104250 0.871022 0.000000 0.097050 0.993130 0.065376 34.147900 -0.871854 0.053149 0.486874 0.000000 0.000000 0.000000 0.000000 1.000000
0.519189 -0.106881 0.847950 0.000000 0.089406 0.993498 0.070485 34.147900 -0.849970 0.039216 0.525369 0.000000 0.000000 0.000000 0.000000 1.000000
0.569377 -0.103759 0.815502 -0.000000 0.073693 0.994451 0.075075 34.147900 -0.818767 0.017351 0.573864 0.000000 0.000000 0.000000 0.000000 1.000000
0.624351 -0.102799 0.774350 0.000000 0.056006 0.994643 0.086886 34.147900 -0.779133 -0.010879 0.626764 0.000000 0.000000 0.000000 0.000000 1.000000
0.681540 -0.099993 0.724917 0.000000 0.036576 0.994037 0.102728 34.147900 -0.730866 -0.043499 0.681134 -0.000000 0.000000 0.000000 0.000000 1.000000
0.729072 -0.085169 0.679117 0.000000 0.009781 0.993423 0.114086 34.147900 -0.684367 -0.076535 0.725110 0.000000 0.000000 0.000000 0.000000 1.000000
0.758077 -0.057263 0.649646 0.000000 -0.027628 0.992424 0.119716 34.147900 -0.651579 -0.108703 0.750752 0.000000 0.000000 0.000000 0.000000 1.000000
0.760657 -0.025920 0.648636 0.000000 -0.057047 0.992668 0.106567 34.147900 -0.646642 -0.118064 0.753601 0.000000 0.000000 0.000000 0.000000 1.000000
0.740465 0.011579 0.671995 0.000000 -0.073703 0.995220 0.064064 34.147900 -0.668041 -0.096966 0.737779 0.000000 0.000000 0.000000 0.000000 1.000000
0.704331 0.050017 0.708107 -0.000000 -0.069684 0.997568 -0.001150 34.147900 -0.706443 -0.048534 0.706104 0.000000 0.000000 0.000000 0.000000 1.000000
0.654095 0.081285 0.752032 -0.000000 -0.065175 0.996568 -0.051030 34.147900 -0.753599 -0.015635 0.657148 0.000000 0.000000 0.000000 0.000000 1.000000
0.614488 0.089772 0.783802 0.000000 -0.084559 0.995276 -0.047700 34.147900 -0.784382 -0.036967 0.619176 0.000000 0.000000 0.000000 0.000000 1.000000
0.577482 0.073276 0.813109 0.000000 -0.107670 0.994100 -0.013118 34.147900 -0.809273 -0.079972 0.581964 0.000000 0.000000 0.000000 0.000000 1.000000
0.502746 0.042230 0.863402 -0.000000 -0.114837 0.993216 0.018289 34.147900 -0.856772 -0.108345 0.504185 0.000000 0.000000 0.000000 0.000000 1.000000
0.430400 0.013072 0.902544 0.000000 -0.104932 0.993840 0.035645 34.147900 -0.896518 -0.110048 0.429120 -0.000000 0.000000 0.000000 0.000000 1.000000
0.421961 -0.005718 0.906596 0.000000 -0.080509 0.995793 0.043753 34.147900 -0.903032 -0.091451 0.419726 0.000000 0.000000 0.000000 0.000000 1.000000
0.457674 -0.015294 0.888989 0.000000 -0.050448 0.997795 0.043138 34.147900 -0.887688 -0.064591 0.455893 0.000000 0.000000 0.000000 0.000000 1.000000
0.488903 -0.019552 0.872119 0.000000 -0.018131 0.999305 0.032568 34.147900 -0.872150 -0.031735 0.488209 0.000000 0.000000 0.000000 0.000000 1.000000
0.511823 -0.021974 0.858810 0.000000 0.000464 0.999680 0.025302 34.147900 -0.859091 -0.012552 0.511670 -0.000000 0.000000 0.000000 0.000000 1.000000
0.523510 -0.023727 0.851689 0.000000 -0.003324 0.999548 0.029889 34.147900 -0.852013 -0.018478 0.523194 0.000000 0.000000 0.000000 0.000000 1.000000
0.516667 -0.035206 0.855462 0.000000 -0.014190 0.998665 0.049670 34.147900 -0.856069 -0.037802 0.515478 0.000000 0.000000 0.000000 0.000000 1.000000
0.507669 -0.043383 0.860459 0.000000 -0.027583 0.997401 0.066561 34.147900 -0.861110 -0.057525 0.505153 0.000000 0.000000 0.000000 0.000000 1.000000
0.512321 -0.036272 0.858028 0.000000 -0.039111 0.997086 0.065503 34.147900 -0.857903 -0.067117 0.509409 0.000000 0.000000 0.000000 0.000000 1.000000
0.516771 -0.027824 0.855672 0.000000 -0.030069 0.998265 0.050621 34.147900 -0.855596 -0.051889 0.515038 0.000000 0.000000 0.000000 0.000000 1.000000
0.513972 -0.035136 0.857087 0.000000 -0.005730 0.998998 0.044389 34.147900 -0.857788 -0.027726 0.513255 0.000000 0.000000 0.000000 0.000000 1.000000
0.502336 -0.070770 0.861771 0.000000 0.017576 0.997275 0.071653 34.147900 -0.864494 -0.020848 0.502211 -0.000000 0.000000 0.000000 0.000000 1.000000
0.500766 -0.089015 0.860993 0.000000 0.045943 0.996029 0.076255 34.147900 -0.864363 0.001370 0.502867 0.000000 0.000000 0.000000 0.000000 1.000000
0.485087 -0.094571 0.869337 0.000000 0.072100 0.995075 0.068018 34.147900 -0.871489 0.029685 0.489517 0.000000 0.000000 0.000000 0.000000 1.000000
0.449734 -0.094485 0.888151 -0.000000 0.078426 0.994725 0.066111 34.147900 -0.889713 0.039922 0.454772 0.000000 0.000000 0.000000 0.000000 1.000000
0.424966 -0.084311 0.901274 0.000000 0.073002 0.995602 0.058713 34.147900 -0.902261 0.040844 0.429252 0.000000 0.000000 0.000000 0.000000 1.000000
0.419445 -0.069067 0.905150 0.000000 0.060030 0.997029 0.048260 34.147900 -0.905794 0.034094 0.422345 -0.000000 0.000000 0.000000 0.000000 1.000000
0.438207 -0.049398 0.897516 0.000000 0.053608 0.998148 0.028762 34.147900 -0.897274 0.035510 0.440043 0.000000 0.000000 0.000000 0.000000 1.000000
0.455528 -0.023541 0.889910 0.000000 0.056346 0.998408 -0.002431 34.147900 -0.888436 0.051250 0.456130 0.000000 0.000000 0.000000 0.000000 1.000000
0.451615 -0.012633 0.892124 0.000000 0.072093 0.997147 -0.022375 34.147900 -0.889296 0.074421 0.451237 0.000000 0.000000 0.000000 0.000000 1.000000</float_array>
        <technique_common>
          <accessor source="#mixamorig_LeftHand-Matrix-animation-output-transform-array" count="38" stride="16">
            <param type="float4x4"/>
          </accessor>
        </technique_common>
      </source>
      <source id="mixamorig_LeftHand-Interpolations">
        <Name_array id="mixamorig_LeftHand-Interpolations-array" count="38">
 LINEAR LINEAR LINEAR LINEAR LINEAR LINEAR LINEAR LINEAR LINEAR LINEAR LINEAR
LINEAR LINEAR LINEAR LINEAR LINEAR LINEAR LINEAR LINEAR LINEAR LINEAR LINEAR LINEAR
LINEAR LINEAR LINEAR LINEAR LINEAR LINEAR LINEAR LINEAR LINEAR LINEAR LINEAR LINEAR
LINEAR LINEAR LINEAR</Name_array>
        <technique_common>
          <accessor source="#mixamorig_LeftHand-Interpolations-array" count="38">
            <param type="name"/>
          </accessor>
        </technique_common>
      </source>
      <sampler id="mixamorig_LeftHand-Matrix-animation-transform">
        <input semantic="INPUT" source="#mixamorig_LeftHand-Matrix-animation-input"/>
        <input semantic="OUTPUT" source="#mixamorig_LeftHand-Matrix-animation-output-transform"/>
        <input semantic="INTERPOLATION" source="#mixamorig_LeftHand-Interpolations"/>
      </sampler>
      <channel source="#mixamorig_LeftHand-Matrix-animation-transform" target="mixamorig_LeftHand/matrix"/>
    </animation>
    <animation id="mixamorig_LeftHandThumb1-anim" name="mixamorig_LeftHandThumb1">
      <source id="mixamorig_LeftHandThumb1-Matrix-animation-input">
        <float_array id="mixamorig_LeftHandThumb1-Matrix-animation-input-array" count="38">

0.000000 0.033333 0.066667 0.100000 0.133333 0.166667 0.200000 0.233333 0.266667 0.300000 0.333333 0.366667 0.400000 0.433333 0.466667 0.500000
0.533333 0.566667 0.600000 0.633333 0.666667 0.700000 0.733333 0.766667 0.800000 0.833333 0.866667 0.900000 0.933333 0.966667 1.000000 1.033333
1.066667 1.100000 1.133333 1.166667 1.200000 1.233333</float_array>
        <technique_common>
          <accessor source="#mixamorig_LeftHandThumb1-Matrix-animation-input-array" count="38">
            <param name="TIME" type="float"/>
          </accessor>
        </technique_common>
      </source>
      <source id="mixamorig_LeftHandThumb1-Matrix-animation-output-transform">
        <float_array id="mixamorig_LeftHandThumb1-Matrix-animation-output-transform-array" count="608">

0.948239 -0.312686 0.055406 -7.070300 0.310958 0.949676 0.037684 5.699600 -0.064401 -0.018504 0.997753 -0.000000 0.000000 0.000000 0.000000 1.000000
0.948239 -0.312686 0.055406 -7.070300 0.310958 0.949676 0.037684 5.699600 -0.064401 -0.018504 0.997753 0.000000 0.000000 0.000000 0.000000 1.000000
0.948239 -0.312686 0.055406 -7.070300 0.310958 0.949676 0.037684 5.699600 -0.064401 -0.018504 0.997753 0.000000 0.000000 0.000000 0.000000 1.000000
0.948239 -0.312686 0.055406 -7.070300 0.310958 0.949676 0.037684 5.699600 -0.064401 -0.018504 0.997753 0.000000 0.000000 0.000000 0.000000 1.000000
0.948239 -0.312686 0.055406 -7.070300 0.310958 0.949676 0.037684 5.699600 -0.064401 -0.018504 0.997753 -0.000000 0.000000 0.000000 0.000000 1.000000
0.948239 -0.312686 0.055406 -7.070300 0.310958 0.949676 0.037684 5.699600 -0.064401 -0.018504 0.997753 0.000000 0.000000 0.000000 0.000000 1.000000
0.948239 -0.312686 0.055406 -7.070300 0.310958 0.949676 0.037683 5.699600 -0.064401 -0.018504 0.997753 0.000000 0.000000 0.000000 0.000000 1.000000
0.948239 -0.312686 0.055406 -7.070300 0.310958 0.949676 0.037684 5.699600 -0.064401 -0.018504 0.997753 -0.000000 0.000000 0.000000 0.000000 1.000000
0.948239 -0.312686 0.055406 -7.070300 0.310958 0.949676 0.037684 5.699600 -0.064401 -0.018504 0.997753 0.000000 0.000000 0.000000 0.000000 1.000000
0.948239 -0.312686 0.055406 -7.070300 0.310958 0.949676 0.037684 5.699600 -0.064401 -0.018504 0.997753 0.000000 0.000000 0.000000 0.000000 1.000000
0.948239 -0.312686 0.055406 -7.070300 0.310958 0.949676 0.037684 5.699600 -0.064401 -0.018504 0.997753 0.000000 0.000000 0.000000 0.000000 1.000000
0.948239 -0.312686 0.055406 -7.070300 0.310958 0.949676 0.037684 5.699600 -0.064401 -0.018504 0.997753 0.000000 0.000000 0.000000 0.000000 1.000000
0.948239 -0.312686 0.055406 -7.070300 0.310958 0.949676 0.037684 5.699600 -0.064401 -0.018504 0.997753 0.000000 0.000000 0.000000 0.000000 1.000000
0.948239 -0.312686 0.055406 -7.070300 0.310958 0.949676 0.037684 5.699600 -0.064401 -0.018504 0.997753 0.000000 0.000000 0.000000 0.000000 1.000000
0.948239 -0.312686 0.055406 -7.070300 0.310958 0.949676 0.037684 5.699600 -0.064401 -0.018504 0.997753 -0.000000 0.000000 0.000000 0.000000 1.000000
0.948239 -0.312686 0.055406 -7.070300 0.310958 0.949676 0.037684 5.699600 -0.064401 -0.018504 0.997753 0.000000 0.000000 0.000000 0.000000 1.000000
0.948239 -0.312686 0.055406 -7.070300 0.310958 0.949676 0.037684 5.699600 -0.064401 -0.018504 0.997753 -0.000000 0.000000 0.000000 0.000000 1.000000
0.948239 -0.312686 0.055406 -7.070300 0.310958 0.949676 0.037684 5.699600 -0.064401 -0.018504 0.997753 0.000000 0.000000 0.000000 0.000000 1.000000
0.948239 -0.312686 0.055406 -7.070300 0.310958 0.949676 0.037684 5.699600 -0.064401 -0.018504 0.997753 0.000000 0.000000 0.000000 0.000000 1.000000
0.948239 -0.312686 0.055406 -7.070300 0.310958 0.949676 0.037683 5.699600 -0.064401 -0.018504 0.997753 0.000000 0.000000 0.000000 0.000000 1.000000
0.948239 -0.312686 0.055406 -7.070300 0.310958 0.949676 0.037684 5.699600 -0.064401 -0.018504 0.997753 0.000000 0.000000 0.000000 0.000000 1.000000
0.948239 -0.312686 0.055406 -7.070300 0.310958 0.949676 0.037684 5.699600 -0.064401 -0.018504 0.997753 0.000000 0.000000 0.000000 0.000000 1.000000
0.948239 -0.312686 0.055406 -7.070300 0.310958 0.949676 0.037684 5.699600 -0.064401 -0.018504 0.997753 -0.000000 0.000000 0.000000 0.000000 1.000000
0.948239 -0.312686 0.055406 -7.070300 0.310958 0.949676 0.037683 5.699600 -0.064401 -0.018504 0.997753 0.000000 0.000000 0.000000 0.000000 1.000000
0.948239 -0.312686 0.055406 -7.070300 0.310958 0.949676 0.037684 5.699600 -0.064401 -0.018504 0.997753 -0.000000 0.000000 0.000000 0.000000 1.000000
0.948239 -0.312686 0.055406 -7.070300 0.310958 0.949676 0.037684 5.699600 -0.064401 -0.018504 0.997753 -0.000000 0.000000 0.000000 0.000000 1.000000
0.948239 -0.312686 0.055406 -7.070300 0.310958 0.949676 0.037683 5.699600 -0.064401 -0.018504 0.997753 0.000000 0.000000 0.000000 0.000000 1.000000
0.948239 -0.312686 0.055406 -7.070300 0.310958 0.949676 0.037684 5.699600 -0.064401 -0.018504 0.997753 0.000000 0.000000 0.000000 0.000000 1.000000
0.948239 -0.312686 0.055406 -7.070300 0.310958 0.949676 0.037684 5.699600 -0.064401 -0.018504 0.997753 0.000000 0.000000 0.000000 0.000000 1.000000
0.948239 -0.312686 0.055406 -7.070300 0.310958 0.949676 0.037684 5.699600 -0.064401 -0.018504 0.997753 -0.000000 0.000000 0.000000 0.000000 1.000000
0.948239 -0.312686 0.055406 -7.070300 0.310958 0.949676 0.037683 5.699600 -0.064401 -0.018504 0.997753 0.000000 0.000000 0.000000 0.000000 1.000000
0.948239 -0.312686 0.055406 -7.070300 0.310958 0.949676 0.037684 5.699600 -0.064401 -0.018504 0.997753 0.000000 0.000000 0.000000 0.000000 1.000000
0.948239 -0.312685 0.055406 -7.070300 0.310957 0.949677 0.037684 5.699600 -0.064401 -0.018504 0.997753 0.000000 0.000000 0.000000 0.000000 1.000000
0.948239 -0.312686 0.055406 -7.070300 0.310958 0.949676 0.037684 5.699600 -0.064401 -0.018504 0.997753 -0.000000 0.000000 0.000000 0.000000 1.000000
0.948239 -0.312686 0.055406 -7.070300 0.310958 0.949676 0.037684 5.699600 -0.064401 -0.018504 0.997753 -0.000000 0.000000 0.000000 0.000000 1.000000
0.948239 -0.312686 0.055406 -7.070300 0.310958 0.949676 0.037684 5.699600 -0.064401 -0.018504 0.997753 -0.000000 0.000000 0.000000 0.000000 1.000000
0.948239 -0.312685 0.055406 -7.070300 0.310957 0.949676 0.037684 5.699600 -0.064401 -0.018504 0.997753 0.000000 0.000000 0.000000 0.000000 1.000000
0.948239 -0.312686 0.055406 -7.070300 0.310958 0.949676 0.037684 5.699600 -0.064401 -0.018504 0.997753 0.000000 0.000000 0.000000 0.000000 1.000000</float_array>
        <technique_common>
          <accessor source="#mixamorig_LeftHandThumb1-Matrix-animation-output-transform-array" count="38" stride="16">
            <param type="float4x4"/>
          </accessor>
        </technique_common>
      </source>
      <source id="mixamorig_LeftHandThumb1-Interpolations">
        <Name_array id="mixamorig_LeftHandThumb1-Interpolations-array" count="38">
 LINEAR LINEAR LINEAR LINEAR LINEAR LINEAR LINEAR LINEAR LINEAR LINEAR LINEAR
LINEAR LINEAR LINEAR LINEAR LINEAR LINEAR LINEAR LINEAR LINEAR LINEAR LINEAR LINEAR
LINEAR LINEAR LINEAR LINEAR LINEAR LINEAR LINEAR LINEAR LINEAR LINEAR LINEAR LINEAR
LINEAR LINEAR LINEAR</Name_array>
        <technique_common>
          <accessor source="#mixamorig_LeftHandThumb1-Interpolations-array" count="38">
            <param type="name"/>
          </accessor>
        </technique_common>
      </source>
      <sampler id="mixamorig_LeftHandThumb1-Matrix-animation-transform">
        <input semantic="INPUT" source="#mixamorig_LeftHandThumb1-Matrix-animation-input"/>
        <input semantic="OUTPUT" source="#mixamorig_LeftHandThumb1-Matrix-animation-output-transform"/>
        <input semantic="INTERPOLATION" source="#mixamorig_LeftHandThumb1-Interpolations"/>
      </sampler>
      <channel source="#mixamorig_LeftHandThumb1-Matrix-animation-transform" target="mixamorig_LeftHandThumb1/matrix"/>
    </animation>
    <animation id="mixamorig_LeftHandThumb2-anim" name="mixamorig_LeftHandThumb2">
      <source id="mixamorig_LeftHandThumb2-Matrix-animation-input">
        <float_array id="mixamorig_LeftHandThumb2-Matrix-animation-input-array" count="38">

0.000000 0.033333 0.066667 0.100000 0.133333 0.166667 0.200000 0.233333 0.266667 0.300000 0.333333 0.366667 0.400000 0.433333 0.466667 0.500000
0.533333 0.566667 0.600000 0.633333 0.666667 0.700000 0.733333 0.766667 0.800000 0.833333 0.866667 0.900000 0.933333 0.966667 1.000000 1.033333
1.066667 1.100000 1.133333 1.166667 1.200000 1.233333</float_array>
        <technique_common>
          <accessor source="#mixamorig_LeftHandThumb2-Matrix-animation-input-array" count="38">
            <param name="TIME" type="float"/>
          </accessor>
        </technique_common>
      </source>
      <source id="mixamorig_LeftHandThumb2-Matrix-animation-output-transform">
        <float_array id="mixamorig_LeftHandThumb2-Matrix-animation-output-transform-array" count="608">

0.975838 0.118737 0.183415 -1.316700 -0.111780 0.992580 -0.047854 7.144900 -0.187736 0.026195 0.981870 0.000000 0.000000 0.000000 0.000000 1.000000
0.975350 0.125061 0.181804 -1.316700 -0.116478 0.991546 -0.057185 7.144900 -0.187418 0.034599 0.981671 0.000000 0.000000 0.000000 0.000000 1.000000
0.975255 0.126227 0.181504 -1.316700 -0.117344 0.991342 -0.058914 7.144900 -0.187369 0.036158 0.981624 -0.000000 0.000000 0.000000 0.000000 1.000000
0.975399 0.124441 0.181964 -1.316700 -0.116017 0.991652 -0.056268 7.144900 -0.187447 0.033773 0.981694 0.000000 0.000000 0.000000 0.000000 1.000000
0.975595 0.121943 0.182603 -1.316700 -0.114162 0.992070 -0.052575 7.144900 -0.187566 0.030446 0.981780 -0.000000 0.000000 0.000000 0.000000 1.000000
0.975680 0.120836 0.182885 -1.316700 -0.113339 0.992250 -0.050942 7.144900 -0.187623 0.028975 0.981814 0.000000 0.000000 0.000000 0.000000 1.000000
0.975497 0.123193 0.182287 -1.316700 -0.115090 0.991863 -0.054424 7.144900 -0.187508 0.032111 0.981738 -0.000000 0.000000 0.000000 0.000000 1.000000
0.974961 0.129738 0.180608 -1.316700 -0.119949 0.990705 -0.064154 7.144900 -0.187252 0.040884 0.981461 0.000000 0.000000 0.000000 0.000000 1.000000
0.974185 0.138417 0.178340 -1.316700 -0.126389 0.988974 -0.077183 7.144900 -0.187057 0.052650 0.980937 -0.000000 0.000000 0.000000 0.000000 1.000000
0.973794 0.142486 0.177264 -1.316700 -0.129404 0.988083 -0.083346 7.144900 -0.187027 0.058223 0.980628 0.000000 0.000000 0.000000 0.000000 1.000000
0.974009 0.140248 0.177869 -1.316700 -0.127742 0.988578 -0.079970 7.144900 -0.187053 0.055170 0.980799 0.000000 0.000000 0.000000 0.000000 1.000000
0.974977 0.129502 0.180688 -1.316700 -0.119768 0.990748 -0.063827 7.144900 -0.187282 0.040590 0.981467 0.000000 0.000000 0.000000 0.000000 1.000000
0.975292 0.125731 0.181653 -1.316700 -0.116970 0.991428 -0.058204 7.144900 -0.187414 0.035518 0.981639 0.000000 0.000000 0.000000 0.000000 1.000000
0.974955 0.129748 0.180632 -1.316700 -0.119948 0.990702 -0.064203 7.144900 -0.187283 0.040929 0.981453 -0.000000 0.000000 0.000000 0.000000 1.000000
0.974043 0.139808 0.178028 -1.316700 -0.127401 0.988671 -0.079370 7.144900 -0.187108 0.054629 0.980819 0.000000 0.000000 0.000000 0.000000 1.000000
0.973326 0.147038 0.176116 -1.316700 -0.132752 0.987019 -0.090388 7.144900 -0.187120 0.064597 0.980211 0.000000 0.000000 0.000000 0.000000 1.000000
0.973296 0.147304 0.176059 -1.316700 -0.132944 0.986954 -0.090817 7.144900 -0.187140 0.064986 0.980181 0.000000 0.000000 0.000000 0.000000 1.000000
0.973869 0.141560 0.177597 -1.316700 -0.128687 0.988283 -0.082076 7.144900 -0.187135 0.057077 0.980675 0.000000 0.000000 0.000000 0.000000 1.000000
0.974826 0.131180 0.180296 -1.316700 -0.120999 0.990429 -0.066401 7.144900 -0.187281 0.042914 0.981369 0.000000 0.000000 0.000000 0.000000 1.000000
0.976085 0.115361 0.184256 -1.316700 -0.109277 0.993086 -0.042874 7.144900 -0.187928 0.021714 0.981943 -0.000000 0.000000 0.000000 0.000000 1.000000
0.976928 0.102646 0.187282 -1.316700 -0.099866 0.994705 -0.024246 7.144900 -0.188779 0.004984 0.982007 0.000000 0.000000 0.000000 0.000000 1.000000
0.976961 0.102134 0.187394 -1.316700 -0.099489 0.994761 -0.023490 7.144900 -0.188811 0.004305 0.982004 0.000000 0.000000 0.000000 0.000000 1.000000
0.976814 0.104571 0.186816 -1.316700 -0.101295 0.994489 -0.027023 7.144900 -0.188612 0.007473 0.982023 0.000000 0.000000 0.000000 0.000000 1.000000
0.976612 0.107753 0.186059 -1.316700 -0.103652 0.994110 -0.031658 7.144900 -0.188375 0.011632 0.982028 0.000000 0.000000 0.000000 0.000000 1.000000
0.976610 0.107810 0.186040 -1.316700 -0.103696 0.994103 -0.031735 7.144900 -0.188364 0.011701 0.982030 0.000000 0.000000 0.000000 0.000000 1.000000
0.976867 0.103772 0.186983 -1.316700 -0.100710 0.994581 -0.025828 7.144900 -0.188650 0.006399 0.982024 0.000000 0.000000 0.000000 0.000000 1.000000
0.977192 0.098296 0.188240 -1.316700 -0.096663 0.995157 -0.017859 7.144900 -0.189084 -0.000744 0.981961 0.000000 0.000000 0.000000 0.000000 1.000000
0.977324 0.095949 0.188766 -1.316700 -0.094930 0.995379 -0.014451 7.144900 -0.189280 -0.003797 0.981916 0.000000 0.000000 0.000000 0.000000 1.000000
0.977203 0.098154 0.188256 -1.316700 -0.096562 0.995171 -0.017630 7.144900 -0.189078 -0.000950 0.981962 -0.000000 0.000000 0.000000 0.000000 1.000000
0.976901 0.103288 0.187071 -1.316700 -0.100359 0.994635 -0.025088 7.144900 -0.188659 0.005734 0.982026 0.000000 0.000000 0.000000 0.000000 1.000000
0.976484 0.109768 0.185555 -1.316700 -0.105150 0.993855 -0.034577 7.144900 -0.188210 0.014253 0.982025 0.000000 0.000000 0.000000 0.000000 1.000000
0.975958 0.117155 0.183797 -1.316700 -0.110611 0.992822 -0.045499 7.144900 -0.187808 0.024075 0.981911 0.000000 0.000000 0.000000 0.000000 1.000000
0.975479 0.123307 0.182307 -1.316700 -0.115157 0.991842 -0.054674 7.144900 -0.187561 0.032340 0.981720 -0.000000 0.000000 0.000000 0.000000 1.000000
0.975464 0.123495 0.182262 -1.316700 -0.115295 0.991810 -0.054958 7.144900 -0.187556 0.032596 0.981713 0.000000 0.000000 0.000000 0.000000 1.000000
0.975595 0.121862 0.182660 -1.316700 -0.114089 0.992082 -0.052516 7.144900 -0.187613 0.030395 0.981773 0.000000 0.000000 0.000000 0.000000 1.000000
0.976006 0.116510 0.183949 -1.316700 -0.110135 0.992918 -0.044540 7.144900 -0.187835 0.023212 0.981926 0.000000 0.000000 0.000000 0.000000 1.000000
0.976140 0.114695 0.184381 -1.316700 -0.108794 0.993183 -0.041845 7.144900 -0.187924 0.020787 0.981964 0.000000 0.000000 0.000000 0.000000 1.000000
0.975838 0.118738 0.183415 -1.316700 -0.111780 0.992580 -0.047853 7.144900 -0.187736 0.026195 0.981870 0.000000 0.000000 0.000000 0.000000 1.000000</float_array>
        <technique_common>
          <accessor source="#mixamorig_LeftHandThumb2-Matrix-animation-output-transform-array" count="38" stride="16">
            <param type="float4x4"/>
          </accessor>
        </technique_common>
      </source>
      <source id="mixamorig_LeftHandThumb2-Interpolations">
        <Name_array id="mixamorig_LeftHandThumb2-Interpolations-array" count="38">
 LINEAR LINEAR LINEAR LINEAR LINEAR LINEAR LINEAR LINEAR LINEAR LINEAR LINEAR
LINEAR LINEAR LINEAR LINEAR LINEAR LINEAR LINEAR LINEAR LINEAR LINEAR LINEAR LINEAR
LINEAR LINEAR LINEAR LINEAR LINEAR LINEAR LINEAR LINEAR LINEAR LINEAR LINEAR LINEAR
LINEAR LINEAR LINEAR</Name_array>
        <technique_common>
          <accessor source="#mixamorig_LeftHandThumb2-Interpolations-array" count="38">
            <param type="name"/>
          </accessor>
        </technique_common>
      </source>
      <sampler id="mixamorig_LeftHandThumb2-Matrix-animation-transform">
        <input semantic="INPUT" source="#mixamorig_LeftHandThumb2-Matrix-animation-input"/>
        <input semantic="OUTPUT" source="#mixamorig_LeftHandThumb2-Matrix-animation-output-transform"/>
        <input semantic="INTERPOLATION" source="#mixamorig_LeftHandThumb2-Interpolations"/>
      </sampler>
      <channel source="#mixamorig_LeftHandThumb2-Matrix-animation-transform" target="mixamorig_LeftHandThumb2/matrix"/>
    </animation>
    <animation id="mixamorig_LeftHandThumb3-anim" name="mixamorig_LeftHandThumb3">
      <source id="mixamorig_LeftHandThumb3-Matrix-animation-input">
        <float_array id="mixamorig_LeftHandThumb3-Matrix-animation-input-array" count="38">

0.000000 0.033333 0.066667 0.100000 0.133333 0.166667 0.200000 0.233333 0.266667 0.300000 0.333333 0.366667 0.400000 0.433333 0.466667 0.500000
0.533333 0.566667 0.600000 0.633333 0.666667 0.700000 0.733333 0.766667 0.800000 0.833333 0.866667 0.900000 0.933333 0.966667 1.000000 1.033333
1.066667 1.100000 1.133333 1.166667 1.200000 1.233333</float_array>
        <technique_common>
          <accessor source="#mixamorig_LeftHandThumb3-Matrix-animation-input-array" count="38">
            <param name="TIME" type="float"/>
          </accessor>
        </technique_common>
      </source>
      <source id="mixamorig_LeftHandThumb3-Matrix-animation-output-transform">
        <float_array id="mixamorig_LeftHandThumb3-Matrix-animation-output-transform-array" count="608">

0.826338 -0.537292 0.168769 -0.874000 0.422791 0.789813 0.444346 10.491200 -0.372040 -0.295826 0.879814 0.000000 0.000000 0.000000 0.000000 1.000000
0.830350 -0.531266 0.168153 -0.874000 0.408833 0.785852 0.463996 10.491200 -0.378649 -0.316533 0.869731 0.000000 0.000000 0.000000 0.000000 1.000000
0.830314 -0.531228 0.168450 -0.874000 0.408683 0.785914 0.464023 10.491200 -0.378889 -0.316442 0.869659 0.000000 0.000000 0.000000 0.000000 1.000000
0.829255 -0.532832 0.168602 -0.874000 0.412428 0.787037 0.458777 10.491200 -0.377147 -0.310906 0.872409 -0.000000 0.000000 0.000000 0.000000 1.000000
0.828197 -0.534485 0.168568 -0.874000 0.416284 0.788066 0.453496 10.491200 -0.375230 -0.305412 0.875172 -0.000000 0.000000 0.000000 0.000000 1.000000
0.827804 -0.535113 0.168506 -0.874000 0.417733 0.788414 0.451556 10.491200 -0.374487 -0.303409 0.876187 0.000000 0.000000 0.000000 0.000000 1.000000
0.829091 -0.533158 0.168375 -0.874000 0.413153 0.787113 0.457992 10.491200 -0.376712 -0.310153 0.872865 -0.000000 0.000000 0.000000 0.000000 1.000000
0.831700 -0.529056 0.168451 -0.874000 0.403339 0.784203 0.471532 10.491200 -0.381566 -0.324230 0.865611 -0.000000 0.000000 0.000000 0.000000 1.000000
0.834759 -0.524164 0.168609 -0.874000 0.391302 0.780170 0.488075 10.491200 -0.387375 -0.341448 0.856361 0.000000 0.000000 0.000000 0.000000 1.000000
0.834662 -0.524015 0.169550 -0.874000 0.390712 0.780327 0.488296 10.491200 -0.388179 -0.341317 0.856049 0.000000 0.000000 0.000000 0.000000 1.000000
0.830104 -0.530503 0.171735 -0.874000 0.406149 0.786263 0.465653 10.491200 -0.382059 -0.316791 0.868144 0.000000 0.000000 0.000000 0.000000 1.000000
0.822231 -0.542043 0.173565 -0.874000 0.432797 0.793507 0.427823 10.491200 -0.369624 -0.276651 0.887041 0.000000 0.000000 0.000000 0.000000 1.000000
0.819678 -0.545754 0.174015 -0.874000 0.441128 0.795190 0.416028 10.491200 -0.365424 -0.264246 0.892547 0.000000 0.000000 0.000000 0.000000 1.000000
0.821809 -0.542580 0.173886 -0.874000 0.434000 0.793859 0.425949 10.491200 -0.369153 -0.274583 0.887880 0.000000 0.000000 0.000000 0.000000 1.000000
0.827956 -0.533510 0.172785 -0.874000 0.413023 0.788541 0.455649 10.491200 -0.379342 -0.305893 0.873229 0.000000 0.000000 0.000000 0.000000 1.000000
0.831980 -0.527469 0.172005 -0.874000 0.398542 0.783883 0.476121 10.491200 -0.385971 -0.327572 0.862394 0.000000 0.000000 0.000000 0.000000 1.000000
0.830754 -0.529144 0.172783 -0.874000 0.402498 0.785449 0.470175 10.491200 -0.384502 -0.321055 0.865495 0.000000 0.000000 0.000000 0.000000 1.000000
0.828979 -0.531993 0.172560 -0.874000 0.409420 0.787439 0.460776 10.491200 -0.381010 -0.311325 0.870579 0.000000 0.000000 0.000000 0.000000 1.000000
0.827621 -0.534612 0.170977 -0.874000 0.415877 0.788644 0.452866 10.491200 -0.376948 -0.303696 0.875031 0.000000 0.000000 0.000000 0.000000 1.000000
0.824841 -0.539593 0.168751 -0.874000 0.427795 0.790829 0.437700 10.491200 -0.369633 -0.288842 0.883143 0.000000 0.000000 0.000000 0.000000 1.000000
0.822584 -0.543625 0.166817 -0.874000 0.437253 0.792240 0.425636 10.491200 -0.363546 -0.277180 0.889385 0.000000 0.000000 0.000000 0.000000 1.000000
0.823040 -0.543042 0.166465 -0.874000 0.435998 0.791878 0.427592 10.491200 -0.364020 -0.279346 0.888513 0.000000 0.000000 0.000000 0.000000 1.000000
0.823460 -0.542279 0.166878 -0.874000 0.434245 0.791663 0.429768 10.491200 -0.365165 -0.281431 0.887384 0.000000 0.000000 0.000000 0.000000 1.000000
0.824019 -0.541272 0.167382 -0.874000 0.431902 0.791333 0.432727 10.491200 -0.366678 -0.284283 0.885850 0.000000 0.000000 0.000000 0.000000 1.000000
0.824386 -0.540768 0.167207 -0.874000 0.430792 0.791038 0.434369 10.491200 -0.367160 -0.286056 0.885079 0.000000 0.000000 0.000000 0.000000 1.000000
0.823890 -0.541745 0.166484 -0.874000 0.433146 0.791331 0.431485 10.491200 -0.365499 -0.283384 0.886625 0.000000 0.000000 0.000000 0.000000 1.000000
0.823089 -0.543246 0.165554 -0.874000 0.436707 0.791801 0.427011 10.491200 -0.363058 -0.279170 0.888962 0.000000 0.000000 0.000000 0.000000 1.000000
0.823136 -0.543360 0.164948 -0.874000 0.437068 0.791692 0.426844 10.491200 -0.362518 -0.279258 0.889155 0.000000 0.000000 0.000000 0.000000 1.000000
0.823884 -0.542173 0.165117 -0.874000 0.434378 0.791188 0.430508 10.491200 -0.364048 -0.282965 0.887355 0.000000 0.000000 0.000000 0.000000 1.000000
0.824795 -0.540543 0.165910 -0.874000 0.430572 0.790618 0.435352 10.491200 -0.366498 -0.287640 0.884840 0.000000 0.000000 0.000000 0.000000 1.000000
0.825688 -0.538843 0.166997 -0.874000 0.426524 0.790048 0.440343 10.491200 -0.369211 -0.292357 0.882162 0.000000 0.000000 0.000000 0.000000 1.000000
0.826789 -0.536800 0.168126 -0.874000 0.421616 0.789225 0.446501 10.491200 -0.372371 -0.298278 0.878846 0.000000 0.000000 0.000000 0.000000 1.000000
0.826891 -0.536208 0.169504 -0.874000 0.420075 0.789341 0.447747 10.491200 -0.373882 -0.299034 0.877947 0.000000 0.000000 0.000000 0.000000 1.000000
0.825998 -0.537401 0.170082 -0.874000 0.422859 0.790287 0.443438 10.491200 -0.372718 -0.294358 0.880020 0.000000 0.000000 0.000000 0.000000 1.000000
0.823688 -0.540625 0.171064 -0.874000 0.430330 0.792428 0.432289 10.491200 -0.369262 -0.282458 0.885360 0.000000 0.000000 0.000000 0.000000 1.000000
0.821786 -0.543567 0.170887 -0.874000 0.437152 0.793820 0.422787 10.491200 -0.365467 -0.272737 0.889971 -0.000000 0.000000 0.000000 0.000000 1.000000
0.823894 -0.540884 0.169244 -0.874000 0.431143 0.791993 0.432275 10.491200 -0.367850 -0.283181 0.885717 -0.000000 0.000000 0.000000 0.000000 1.000000
0.826337 -0.537293 0.168769 -0.874000 0.422792 0.789812 0.444346 10.491200 -0.372040 -0.295826 0.879814 0.000000 0.000000 0.000000 0.000000 1.000000</float_array>
        <technique_common>
          <accessor source="#mixamorig_LeftHandThumb3-Matrix-animation-output-transform-array" count="38" stride="16">
            <param type="float4x4"/>
          </accessor>
        </technique_common>
      </source>
      <source id="mixamorig_LeftHandThumb3-Interpolations">
        <Name_array id="mixamorig_LeftHandThumb3-Interpolations-array" count="38">
 LINEAR LINEAR LINEAR LINEAR LINEAR LINEAR LINEAR LINEAR LINEAR LINEAR LINEAR
LINEAR LINEAR LINEAR LINEAR LINEAR LINEAR LINEAR LINEAR LINEAR LINEAR LINEAR LINEAR
LINEAR LINEAR LINEAR LINEAR LINEAR LINEAR LINEAR LINEAR LINEAR LINEAR LINEAR LINEAR
LINEAR LINEAR LINEAR</Name_array>
        <technique_common>
          <accessor source="#mixamorig_LeftHandThumb3-Interpolations-array" count="38">
            <param type="name"/>
          </accessor>
        </technique_common>
      </source>
      <sampler id="mixamorig_LeftHandThumb3-Matrix-animation-transform">
        <input semantic="INPUT" source="#mixamorig_LeftHandThumb3-Matrix-animation-input"/>
        <input semantic="OUTPUT" source="#mixamorig_LeftHandThumb3-Matrix-animation-output-transform"/>
        <input semantic="INTERPOLATION" source="#mixamorig_LeftHandThumb3-Interpolations"/>
      </sampler>
      <channel source="#mixamorig_LeftHandThumb3-Matrix-animation-transform" target="mixamorig_LeftHandThumb3/matrix"/>
    </animation>
    <animation id="mixamorig_LeftHandIndex1-anim" name="mixamorig_LeftHandIndex1">
      <source id="mixamorig_LeftHandIndex1-Matrix-animation-input">
        <float_array id="mixamorig_LeftHandIndex1-Matrix-animation-input-array" count="38">

0.000000 0.033333 0.066667 0.100000 0.133333 0.166667 0.200000 0.233333 0.266667 0.300000 0.333333 0.366667 0.400000 0.433333 0.466667 0.500000
0.533333 0.566667 0.600000 0.633333 0.666667 0.700000 0.733333 0.766667 0.800000 0.833333 0.866667 0.900000 0.933333 0.966667 1.000000 1.033333
1.066667 1.100000 1.133333 1.166667 1.200000 1.233333</float_array>
        <technique_common>
          <accessor source="#mixamorig_LeftHandIndex1-Matrix-animation-input-array" count="38">
            <param name="TIME" type="float"/>
          </accessor>
        </technique_common>
      </source>
      <source id="mixamorig_LeftHandIndex1-Matrix-animation-output-transform">
        <float_array id="mixamorig_LeftHandIndex1-Matrix-animation-output-transform-array" count="608">

0.998067 0.012961 0.060775 0.000000 0.000298 0.976996 -0.213258 17.760099 -0.062141 0.212864 0.975104 -0.484900 0.000000 0.000000 0.000000 1.000000
0.998033 -0.001889 0.062669 -0.000000 0.016404 0.972596 -0.231920 17.760099 -0.060513 0.232492 0.970714 -0.484900 0.000000 0.000000 0.000000 1.000000
0.998004 -0.003587 0.063054 -0.000000 0.018367 0.971719 -0.235426 17.760099 -0.060426 0.236114 0.969845 -0.484900 0.000000 0.000000 0.000000 1.000000
0.998004 -0.002268 0.063108 0.000000 0.017123 0.971633 -0.235873 17.760099 -0.060783 0.236483 0.969733 -0.484900 0.000000 0.000000 0.000000 1.000000
0.998031 -0.000097 0.062721 0.000000 0.014696 0.972525 -0.232335 17.760099 -0.060975 0.232799 0.970611 -0.484900 0.000000 0.000000 0.000000 1.000000
0.997990 -0.004327 0.063222 0.000000 0.019222 0.971334 -0.236940 17.760099 -0.060385 0.237679 0.969465 -0.484900 0.000000 0.000000 0.000000 1.000000
0.997814 -0.013807 0.064627 -0.000000 0.029534 0.968005 -0.249188 17.760099 -0.059119 0.250552 0.966296 -0.484900 0.000000 0.000000 0.000000 1.000000
0.997332 -0.028653 0.067136 0.000000 0.045759 0.961999 -0.269193 17.760099 -0.056872 0.271547 0.960743 -0.484900 0.000000 0.000000 0.000000 1.000000
0.996815 -0.039196 0.069455 0.000000 0.057534 0.956524 -0.285922 17.760099 -0.055228 0.289008 0.955732 -0.484900 0.000000 0.000000 0.000000 1.000000
0.996942 -0.035920 0.069407 0.000000 0.054351 0.956840 -0.285489 17.760099 -0.056156 0.288388 0.955865 -0.484900 0.000000 0.000000 0.000000 1.000000
0.997584 -0.019508 0.066675 0.000000 0.036584 0.963419 -0.265490 17.760099 -0.059057 0.267288 0.961805 -0.484900 0.000000 0.000000 0.000000 1.000000
0.997876 0.018125 0.062576 0.000000 -0.004219 0.976481 -0.215563 17.760099 -0.065012 0.214841 0.974483 -0.484900 0.000000 0.000000 0.000000 1.000000
0.997822 0.017480 0.063598 0.000000 -0.003048 0.975431 -0.220285 17.760099 -0.065886 0.219611 0.973360 -0.484900 0.000000 0.000000 0.000000 1.000000
0.997750 -0.004484 0.066888 0.000000 0.021363 0.967009 -0.253843 17.760099 -0.063544 0.254701 0.964930 -0.484900 0.000000 0.000000 0.000000 1.000000
0.996943 -0.032958 0.070844 0.000000 0.052360 0.954784 -0.292654 17.760099 -0.057996 0.295468 0.953591 -0.484900 0.000000 0.000000 0.000000 1.000000
0.995951 -0.051238 0.073864 0.000000 0.072011 0.946579 -0.314330 17.760099 -0.053813 0.318377 0.946436 -0.484900 0.000000 0.000000 0.000000 1.000000
0.996502 -0.044069 0.071000 -0.000000 0.063256 0.953002 -0.296286 17.760099 -0.054606 0.299741 0.952457 -0.484900 0.000000 0.000000 0.000000 1.000000
0.997320 -0.029888 0.066776 0.000000 0.046698 0.962686 -0.266563 17.760099 -0.056317 0.268967 0.961502 -0.484900 0.000000 0.000000 0.000000 1.000000
0.998024 -0.010186 0.061995 0.000000 0.023990 0.973782 -0.226214 17.760099 -0.058066 0.227254 0.972103 -0.484900 0.000000 0.000000 0.000000 1.000000
0.998184 0.020411 0.056683 -0.000000 -0.010849 0.986376 -0.164148 17.760099 -0.059261 0.163235 0.984806 -0.484900 0.000000 0.000000 0.000000 1.000000
0.997690 0.040555 0.054493 0.000000 -0.033537 0.991710 -0.124040 17.760099 -0.059071 0.121926 0.990780 -0.484900 0.000000 0.000000 0.000000 1.000000
0.997763 0.038348 0.054763 -0.000000 -0.030956 0.991033 -0.129978 17.760099 -0.059256 0.127992 0.990003 -0.484900 0.000000 0.000000 0.000000 1.000000
0.997890 0.034313 0.055116 -0.000000 -0.026455 0.990156 -0.137449 17.760099 -0.059289 0.135700 0.988974 -0.484900 0.000000 0.000000 0.000000 1.000000
0.998103 0.025801 0.055893 0.000000 -0.017035 0.988236 -0.151986 17.760099 -0.059157 0.150745 0.986801 -0.484900 0.000000 0.000000 0.000000 1.000000
0.998154 0.023655 0.055931 0.000000 -0.014845 0.988119 -0.152969 17.760099 -0.058885 0.151856 0.986647 -0.484900 0.000000 0.000000 0.000000 1.000000
0.998002 0.031422 0.054806 0.000000 -0.023917 0.990883 -0.132582 17.760099 -0.058472 0.131007 0.989656 -0.484900 0.000000 0.000000 0.000000 1.000000
0.997675 0.041826 0.053815 0.000000 -0.035788 0.993437 -0.108639 17.760099 -0.058006 0.106460 0.992624 -0.484900 0.000000 0.000000 0.000000 1.000000
0.997493 0.046401 0.053424 0.000000 -0.041102 0.994499 -0.096350 17.760099 -0.057600 0.093913 0.993913 -0.484900 0.000000 0.000000 0.000000 1.000000
0.997563 0.044878 0.053424 -0.000000 -0.039534 0.994480 -0.097189 17.760099 -0.057491 0.094840 0.993831 -0.484900 0.000000 0.000000 0.000000 1.000000
0.997748 0.040175 0.053713 0.000000 -0.034258 0.993681 -0.106885 17.760099 -0.057668 0.104804 0.992819 -0.484900 0.000000 0.000000 0.000000 1.000000
0.998009 0.031400 0.054698 -0.000000 -0.024026 0.991143 -0.130606 17.760099 -0.058314 0.129032 0.989924 -0.484900 0.000000 0.000000 0.000000 1.000000
0.998205 0.019664 0.056565 0.000000 -0.010208 0.986602 -0.162827 17.760099 -0.059009 0.161957 0.985032 -0.484900 0.000000 0.000000 0.000000 1.000000
0.998215 0.010215 0.058839 0.000000 0.001309 0.981283 -0.192567 17.760099 -0.059705 0.192301 0.979518 -0.484900 0.000000 0.000000 0.000000 1.000000
0.998161 0.012873 0.059239 0.000000 -0.000963 0.980437 -0.196829 17.760099 -0.060614 0.196410 0.978647 -0.484900 0.000000 0.000000 0.000000 1.000000
0.997969 0.023068 0.059372 0.000000 -0.010968 0.980427 -0.196579 17.760099 -0.062744 0.195529 0.978689 -0.484900 0.000000 0.000000 0.000000 1.000000
0.997650 0.031987 0.060585 -0.000000 -0.019840 0.981313 -0.191395 17.760099 -0.065575 0.189743 0.979641 -0.484900 0.000000 0.000000 0.000000 1.000000
0.997869 0.024492 0.060481 0.000000 -0.011961 0.979835 -0.199449 17.760099 -0.064146 0.198300 0.978040 -0.484900 0.000000 0.000000 0.000000 1.000000
0.998067 0.012961 0.060775 0.000000 0.000298 0.976996 -0.213258 17.760099 -0.062141 0.212864 0.975104 -0.484900 0.000000 0.000000 0.000000 1.000000</float_array>
        <technique_common>
          <accessor source="#mixamorig_LeftHandIndex1-Matrix-animation-output-transform-array" count="38" stride="16">
            <param type="float4x4"/>
          </accessor>
        </technique_common>
      </source>
      <source id="mixamorig_LeftHandIndex1-Interpolations">
        <Name_array id="mixamorig_LeftHandIndex1-Interpolations-array" count="38">
 LINEAR LINEAR LINEAR LINEAR LINEAR LINEAR LINEAR LINEAR LINEAR LINEAR LINEAR
LINEAR LINEAR LINEAR LINEAR LINEAR LINEAR LINEAR LINEAR LINEAR LINEAR LINEAR LINEAR
LINEAR LINEAR LINEAR LINEAR LINEAR LINEAR LINEAR LINEAR LINEAR LINEAR LINEAR LINEAR
LINEAR LINEAR LINEAR</Name_array>
        <technique_common>
          <accessor source="#mixamorig_LeftHandIndex1-Interpolations-array" count="38">
            <param type="name"/>
          </accessor>
        </technique_common>
      </source>
      <sampler id="mixamorig_LeftHandIndex1-Matrix-animation-transform">
        <input semantic="INPUT" source="#mixamorig_LeftHandIndex1-Matrix-animation-input"/>
        <input semantic="OUTPUT" source="#mixamorig_LeftHandIndex1-Matrix-animation-output-transform"/>
        <input semantic="INTERPOLATION" source="#mixamorig_LeftHandIndex1-Interpolations"/>
      </sampler>
      <channel source="#mixamorig_LeftHandIndex1-Matrix-animation-transform" target="mixamorig_LeftHandIndex1/matrix"/>
    </animation>
    <animation id="mixamorig_LeftHandIndex2-anim" name="mixamorig_LeftHandIndex2">
      <source id="mixamorig_LeftHandIndex2-Matrix-animation-input">
        <float_array id="mixamorig_LeftHandIndex2-Matrix-animation-input-array" count="38">

0.000000 0.033333 0.066667 0.100000 0.133333 0.166667 0.200000 0.233333 0.266667 0.300000 0.333333 0.366667 0.400000 0.433333 0.466667 0.500000
0.533333 0.566667 0.600000 0.633333 0.666667 0.700000 0.733333 0.766667 0.800000 0.833333 0.866667 0.900000 0.933333 0.966667 1.000000 1.033333
1.066667 1.100000 1.133333 1.166667 1.200000 1.233333</float_array>
        <technique_common>
          <accessor source="#mixamorig_LeftHandIndex2-Matrix-animation-input-array" count="38">
            <param name="TIME" type="float"/>
          </accessor>
        </technique_common>
      </source>
      <source id="mixamorig_LeftHandIndex2-Matrix-animation-output-transform">
        <float_array id="mixamorig_LeftHandIndex2-Matrix-animation-output-transform-array" count="608">

0.901823 -0.424651 0.079916 -1.109700 0.424753 0.837214 -0.344468 9.940500 0.079372 0.344594 0.935390 0.000000 0.000000 0.000000 0.000000 1.000000
0.901170 -0.425883 0.080721 -1.109700 0.425988 0.835690 -0.346637 9.940500 0.080170 0.346765 0.934520 0.000000 0.000000 0.000000 0.000000 1.000000
0.900676 -0.426812 0.081331 -1.109700 0.426918 0.834534 -0.348273 9.940500 0.080774 0.348402 0.933858 0.000000 0.000000 0.000000 0.000000 1.000000
0.900084 -0.427918 0.082060 -1.109700 0.428026 0.833150 -0.350221 9.940500 0.081497 0.350353 0.933066 0.000000 0.000000 0.000000 0.000000 1.000000
0.899544 -0.428925 0.082729 -1.109700 0.429035 0.831882 -0.351997 9.940500 0.082160 0.352130 0.932338 -0.000000 0.000000 0.000000 0.000000 1.000000
0.899465 -0.429072 0.082827 -1.109700 0.429182 0.831696 -0.352256 9.940500 0.082257 0.352389 0.932231 -0.000000 0.000000 0.000000 0.000000 1.000000
0.899076 -0.429794 0.083308 -1.109700 0.429905 0.830782 -0.353529 9.940500 0.082734 0.353664 0.931707 0.000000 0.000000 0.000000 0.000000 1.000000
0.898941 -0.430043 0.083474 -1.109700 0.430154 0.830466 -0.353968 9.940500 0.082899 0.354103 0.931525 0.000000 0.000000 0.000000 0.000000 1.000000
0.898981 -0.429969 0.083425 -1.109700 0.430080 0.830560 -0.353837 9.940500 0.082850 0.353973 0.931579 0.000000 0.000000 0.000000 0.000000 1.000000
0.899012 -0.429912 0.083387 -1.109700 0.430023 0.830632 -0.353737 9.940500 0.082812 0.353872 0.931620 0.000000 0.000000 0.000000 0.000000 1.000000
0.899042 -0.429856 0.083350 -1.109700 0.429967 0.830703 -0.353639 9.940500 0.082775 0.353774 0.931661 0.000000 0.000000 0.000000 0.000000 1.000000
0.899075 -0.429796 0.083309 -1.109700 0.429907 0.830780 -0.353532 9.940500 0.082735 0.353667 0.931705 0.000000 0.000000 0.000000 0.000000 1.000000
0.899199 -0.429565 0.083155 -1.109700 0.429676 0.831072 -0.353125 9.940500 0.082582 0.353260 0.931873 0.000000 0.000000 0.000000 0.000000 1.000000
0.898547 -0.430772 0.083963 -1.109700 0.430884 0.829538 -0.355255 9.940500 0.083383 0.355392 0.930991 -0.000000 0.000000 0.000000 0.000000 1.000000
0.898292 -0.431240 0.084278 -1.109700 0.431354 0.828938 -0.356083 9.940500 0.083696 0.356220 0.930646 -0.000000 0.000000 0.000000 0.000000 1.000000
0.899014 -0.429908 0.083384 -1.109700 0.430019 0.830637 -0.353731 9.940500 0.082810 0.353866 0.931623 0.000000 0.000000 0.000000 0.000000 1.000000
0.899220 -0.429527 0.083130 -1.109700 0.429638 0.831121 -0.353058 9.940500 0.082557 0.353193 0.931901 0.000000 0.000000 0.000000 0.000000 1.000000
0.899977 -0.428119 0.082193 -1.109700 0.428227 0.832898 -0.350575 9.940500 0.081629 0.350707 0.932921 0.000000 0.000000 0.000000 0.000000 1.000000
0.901035 -0.426138 0.080887 -1.109700 0.426243 0.835374 -0.347085 9.940500 0.080335 0.347214 0.934339 0.000000 0.000000 0.000000 0.000000 1.000000
0.902341 -0.423669 0.079278 -1.109700 0.423769 0.838420 -0.342742 9.940500 0.078741 0.342866 0.936078 0.000000 0.000000 0.000000 0.000000 1.000000
0.903031 -0.422354 0.078430 -1.109700 0.422452 0.840024 -0.340433 9.940500 0.077900 0.340555 0.936992 -0.000000 0.000000 0.000000 0.000000 1.000000
0.902750 -0.422891 0.078776 -1.109700 0.422990 0.839370 -0.341376 9.940500 0.078243 0.341498 0.936620 0.000000 0.000000 0.000000 0.000000 1.000000
0.902244 -0.423853 0.079398 -1.109700 0.423953 0.838194 -0.343066 9.940500 0.078859 0.343190 0.935950 0.000000 0.000000 0.000000 0.000000 1.000000
0.901098 -0.426020 0.080810 -1.109700 0.426124 0.835521 -0.346877 9.940500 0.080258 0.347005 0.934423 -0.000000 0.000000 0.000000 0.000000 1.000000
0.900786 -0.426605 0.081194 -1.109700 0.426711 0.834792 -0.347908 9.940500 0.080639 0.348037 0.934006 -0.000000 0.000000 0.000000 0.000000 1.000000
0.901448 -0.425359 0.080378 -1.109700 0.425462 0.836339 -0.345714 9.940500 0.079830 0.345841 0.934891 0.000000 0.000000 0.000000 0.000000 1.000000
0.902070 -0.424183 0.079612 -1.109700 0.424284 0.837789 -0.343645 9.940500 0.079071 0.343770 0.935719 0.000000 0.000000 0.000000 0.000000 1.000000
0.902655 -0.423072 0.078893 -1.109700 0.423171 0.839149 -0.341694 9.940500 0.078358 0.341817 0.936494 0.000000 0.000000 0.000000 0.000000 1.000000
0.903055 -0.422309 0.078401 -1.109700 0.422407 0.840078 -0.340355 9.940500 0.077872 0.340477 0.937023 0.000000 0.000000 0.000000 0.000000 1.000000
0.903025 -0.422367 0.078439 -1.109700 0.422465 0.840008 -0.340456 9.940500 0.077908 0.340578 0.936983 0.000000 0.000000 0.000000 0.000000 1.000000
0.903346 -0.421752 0.078044 -1.109700 0.421849 0.840754 -0.339377 9.940500 0.077517 0.339498 0.937407 0.000000 0.000000 0.000000 0.000000 1.000000
0.903180 -0.422070 0.078248 -1.109700 0.422168 0.840368 -0.339935 9.940500 0.077719 0.340056 0.937188 0.000000 0.000000 0.000000 0.000000 1.000000
0.902035 -0.424250 0.079656 -1.109700 0.424352 0.837706 -0.343765 9.940500 0.079114 0.343890 0.935671 0.000000 0.000000 0.000000 0.000000 1.000000
0.902402 -0.423553 0.079203 -1.109700 0.423653 0.838562 -0.342538 9.940500 0.078666 0.342662 0.936160 0.000000 0.000000 0.000000 0.000000 1.000000
0.902067 -0.424189 0.079616 -1.109700 0.424291 0.837781 -0.343657 9.940500 0.079075 0.343782 0.935714 0.000000 0.000000 0.000000 0.000000 1.000000
0.902634 -0.423111 0.078918 -1.109700 0.423211 0.839101 -0.341764 9.940500 0.078384 0.341887 0.936466 0.000000 0.000000 0.000000 0.000000 1.000000
0.902424 -0.423512 0.079177 -1.109700 0.423612 0.838611 -0.342467 9.940500 0.078640 0.342591 0.936187 0.000000 0.000000 0.000000 0.000000 1.000000
0.901823 -0.424650 0.079916 -1.109700 0.424752 0.837214 -0.344468 9.940500 0.079372 0.344594 0.935391 0.000000 0.000000 0.000000 0.000000 1.000000</float_array>
        <technique_common>
          <accessor source="#mixamorig_LeftHandIndex2-Matrix-animation-output-transform-array" count="38" stride="16">
            <param type="float4x4"/>
          </accessor>
        </technique_common>
      </source>
      <source id="mixamorig_LeftHandIndex2-Interpolations">
        <Name_array id="mixamorig_LeftHandIndex2-Interpolations-array" count="38">
 LINEAR LINEAR LINEAR LINEAR LINEAR LINEAR LINEAR LINEAR LINEAR LINEAR LINEAR
LINEAR LINEAR LINEAR LINEAR LINEAR LINEAR LINEAR LINEAR LINEAR LINEAR LINEAR LINEAR
LINEAR LINEAR LINEAR LINEAR LINEAR LINEAR LINEAR LINEAR LINEAR LINEAR LINEAR LINEAR
LINEAR LINEAR LINEAR</Name_array>
        <technique_common>
          <accessor source="#mixamorig_LeftHandIndex2-Interpolations-array" count="38">
            <param type="name"/>
          </accessor>
        </technique_common>
      </source>
      <sampler id="mixamorig_LeftHandIndex2-Matrix-animation-transform">
        <input semantic="INPUT" source="#mixamorig_LeftHandIndex2-Matrix-animation-input"/>
        <input semantic="OUTPUT" source="#mixamorig_LeftHandIndex2-Matrix-animation-output-transform"/>
        <input semantic="INTERPOLATION" source="#mixamorig_LeftHandIndex2-Interpolations"/>
      </sampler>
      <channel source="#mixamorig_LeftHandIndex2-Matrix-animation-transform" target="mixamorig_LeftHandIndex2/matrix"/>
    </animation>
    <animation id="mixamorig_LeftHandIndex3-anim" name="mixamorig_LeftHandIndex3">
      <source id="mixamorig_LeftHandIndex3-Matrix-animation-input">
        <float_array id="mixamorig_LeftHandIndex3-Matrix-animation-input-array" count="38">

0.000000 0.033333 0.066667 0.100000 0.133333 0.166667 0.200000 0.233333 0.266667 0.300000 0.333333 0.366667 0.400000 0.433333 0.466667 0.500000
0.533333 0.566667 0.600000 0.633333 0.666667 0.700000 0.733333 0.766667 0.800000 0.833333 0.866667 0.900000 0.933333 0.966667 1.000000 1.033333
1.066667 1.100000 1.133333 1.166667 1.200000 1.233333</float_array>
        <technique_common>
          <accessor source="#mixamorig_LeftHandIndex3-Matrix-animation-input-array" count="38">
            <param name="TIME" type="float"/>
          </accessor>
        </technique_common>
      </source>
      <source id="mixamorig_LeftHandIndex3-Matrix-animation-output-transform">
        <float_array id="mixamorig_LeftHandIndex3-Matrix-animation-output-transform-array" count="608">

0.998469 -0.053788 -0.012919 1.017000 0.049765 0.975389 -0.214804 9.378300 0.024155 0.213832 0.976572 0.000000 0.000000 0.000000 0.000000 1.000000
0.998465 -0.053867 -0.012915 1.017000 0.049841 0.975358 -0.214923 9.378300 0.024174 0.213949 0.976546 0.000000 0.000000 0.000000 0.000000 1.000000
0.998393 -0.055197 -0.012846 1.017000 0.051104 0.974849 -0.216928 9.378300 0.024497 0.215923 0.976103 0.000000 0.000000 0.000000 0.000000 1.000000
0.998449 -0.054155 -0.012900 1.017000 0.050114 0.975248 -0.215358 9.378300 0.024244 0.214377 0.976450 -0.000000 0.000000 0.000000 0.000000 1.000000
0.998329 -0.056347 -0.012785 1.017000 0.052197 0.974403 -0.218664 9.378300 0.024779 0.217631 0.975717 -0.000000 0.000000 0.000000 0.000000 1.000000
0.998366 -0.055695 -0.012820 1.017000 0.051577 0.974657 -0.217680 9.378300 0.024619 0.216663 0.975936 -0.000000 0.000000 0.000000 0.000000 1.000000
0.998382 -0.055393 -0.012836 1.017000 0.051291 0.974773 -0.217225 9.378300 0.024545 0.216215 0.976037 0.000000 0.000000 0.000000 0.000000 1.000000
0.998372 -0.055568 -0.012827 1.017000 0.051457 0.974705 -0.217489 9.378300 0.024588 0.216475 0.975978 -0.000000 0.000000 0.000000 0.000000 1.000000
0.998440 -0.054323 -0.012892 1.017000 0.050274 0.975184 -0.215611 9.378300 0.024284 0.214627 0.976394 0.000000 0.000000 0.000000 0.000000 1.000000
0.998363 -0.055734 -0.012818 1.017000 0.051614 0.974641 -0.217739 9.378300 0.024629 0.216721 0.975923 -0.000000 0.000000 0.000000 0.000000 1.000000
0.998231 -0.058083 -0.012689 1.017000 0.053844 0.973723 -0.221279 9.378300 0.025208 0.220204 0.975128 -0.000000 0.000000 0.000000 0.000000 1.000000
0.998263 -0.057528 -0.012720 1.017000 0.053317 0.973942 -0.220443 9.378300 0.025070 0.219381 0.975317 0.000000 0.000000 0.000000 0.000000 1.000000
0.998393 -0.055189 -0.012847 1.017000 0.051097 0.974852 -0.216917 9.378300 0.024495 0.215912 0.976105 0.000000 0.000000 0.000000 0.000000 1.000000
0.998465 -0.053863 -0.012915 1.017000 0.049836 0.975360 -0.214917 9.378300 0.024173 0.213943 0.976547 0.000000 0.000000 0.000000 0.000000 1.000000
0.998461 -0.053934 -0.012911 1.017000 0.049904 0.975333 -0.215025 9.378300 0.024190 0.214049 0.976523 0.000000 0.000000 0.000000 0.000000 1.000000
0.998462 -0.053912 -0.012912 1.017000 0.049883 0.975341 -0.214991 9.378300 0.024185 0.214016 0.976531 0.000000 0.000000 0.000000 0.000000 1.000000
0.998465 -0.053863 -0.012915 1.017000 0.049837 0.975360 -0.214917 9.378300 0.024173 0.213943 0.976547 0.000000 0.000000 0.000000 0.000000 1.000000
0.998467 -0.053831 -0.012917 1.017000 0.049806 0.975372 -0.214869 9.378300 0.024165 0.213896 0.976558 -0.000000 0.000000 0.000000 0.000000 1.000000
0.998365 -0.055699 -0.012820 1.017000 0.051581 0.974655 -0.217685 9.378300 0.024620 0.216668 0.975935 -0.000000 0.000000 0.000000 0.000000 1.000000
0.998325 -0.056420 -0.012781 1.017000 0.052265 0.974375 -0.218772 9.378300 0.024797 0.217738 0.975692 0.000000 0.000000 0.000000 0.000000 1.000000
0.998420 -0.054688 -0.012873 1.017000 0.050621 0.975044 -0.216162 9.378300 0.024373 0.215169 0.976273 -0.000000 0.000000 0.000000 0.000000 1.000000
0.998512 -0.052973 -0.012959 1.017000 0.048990 0.975698 -0.213573 9.378300 0.023958 0.212620 0.976841 0.000000 0.000000 0.000000 0.000000 1.000000
0.998508 -0.053044 -0.012956 1.017000 0.049058 0.975671 -0.213681 9.378300 0.023975 0.212727 0.976817 0.000000 0.000000 0.000000 0.000000 1.000000
0.998417 -0.054754 -0.012869 1.017000 0.050684 0.975019 -0.216262 9.378300 0.024389 0.215267 0.976251 -0.000000 0.000000 0.000000 0.000000 1.000000
0.998411 -0.054857 -0.012864 1.017000 0.050781 0.974980 -0.216416 9.378300 0.024414 0.215419 0.976217 0.000000 0.000000 0.000000 0.000000 1.000000
0.998442 -0.054282 -0.012894 1.017000 0.050235 0.975200 -0.215549 9.378300 0.024274 0.214566 0.976408 0.000000 0.000000 0.000000 0.000000 1.000000
0.998410 -0.054876 -0.012863 1.017000 0.050799 0.974972 -0.216445 9.378300 0.024419 0.215448 0.976210 0.000000 0.000000 0.000000 0.000000 1.000000
0.998470 -0.053767 -0.012920 1.017000 0.049745 0.975397 -0.214772 9.378300 0.024150 0.213801 0.976579 0.000000 0.000000 0.000000 0.000000 1.000000
0.998478 -0.053622 -0.012927 1.017000 0.049608 0.975452 -0.214553 9.378300 0.024114 0.213585 0.976627 0.000000 0.000000 0.000000 0.000000 1.000000
0.998415 -0.054785 -0.012868 1.017000 0.050712 0.975007 -0.216307 9.378300 0.024397 0.215312 0.976241 0.000000 0.000000 0.000000 0.000000 1.000000
0.998289 -0.057070 -0.012745 1.017000 0.052882 0.974121 -0.219752 9.378300 0.024957 0.218702 0.975472 0.000000 0.000000 0.000000 0.000000 1.000000
0.998307 -0.056752 -0.012763 1.017000 0.052580 0.974246 -0.219273 9.378300 0.024878 0.218231 0.975580 0.000000 0.000000 0.000000 0.000000 1.000000
0.998306 -0.056768 -0.012762 1.017000 0.052596 0.974239 -0.219297 9.378300 0.024882 0.218255 0.975575 0.000000 0.000000 0.000000 0.000000 1.000000
0.998333 -0.056276 -0.012789 1.017000 0.052129 0.974431 -0.218557 9.378300 0.024762 0.217526 0.975740 -0.000000 0.000000 0.000000 0.000000 1.000000
0.998376 -0.055497 -0.012831 1.017000 0.051389 0.974733 -0.217383 9.378300 0.024571 0.216370 0.976002 -0.000000 0.000000 0.000000 0.000000 1.000000
0.998349 -0.055988 -0.012805 1.017000 0.051856 0.974543 -0.218122 9.378300 0.024691 0.217098 0.975838 -0.000000 0.000000 0.000000 0.000000 1.000000
0.998475 -0.053666 -0.012925 1.017000 0.049649 0.975435 -0.214619 9.378300 0.024125 0.213650 0.976612 -0.000000 0.000000 0.000000 0.000000 1.000000
0.998469 -0.053788 -0.012919 1.017000 0.049765 0.975388 -0.214804 9.378300 0.024155 0.213832 0.976572 0.000000 0.000000 0.000000 0.000000 1.000000</float_array>
        <technique_common>
          <accessor source="#mixamorig_LeftHandIndex3-Matrix-animation-output-transform-array" count="38" stride="16">
            <param type="float4x4"/>
          </accessor>
        </technique_common>
      </source>
      <source id="mixamorig_LeftHandIndex3-Interpolations">
        <Name_array id="mixamorig_LeftHandIndex3-Interpolations-array" count="38">
 LINEAR LINEAR LINEAR LINEAR LINEAR LINEAR LINEAR LINEAR LINEAR LINEAR LINEAR
LINEAR LINEAR LINEAR LINEAR LINEAR LINEAR LINEAR LINEAR LINEAR LINEAR LINEAR LINEAR
LINEAR LINEAR LINEAR LINEAR LINEAR LINEAR LINEAR LINEAR LINEAR LINEAR LINEAR LINEAR
LINEAR LINEAR LINEAR</Name_array>
        <technique_common>
          <accessor source="#mixamorig_LeftHandIndex3-Interpolations-array" count="38">
            <param type="name"/>
          </accessor>
        </technique_common>
      </source>
      <sampler id="mixamorig_LeftHandIndex3-Matrix-animation-transform">
        <input semantic="INPUT" source="#mixamorig_LeftHandIndex3-Matrix-animation-input"/>
        <input semantic="OUTPUT" source="#mixamorig_LeftHandIndex3-Matrix-animation-output-transform"/>
        <input semantic="INTERPOLATION" source="#mixamorig_LeftHandIndex3-Interpolations"/>
      </sampler>
      <channel source="#mixamorig_LeftHandIndex3-Matrix-animation-transform" target="mixamorig_LeftHandIndex3/matrix"/>
    </animation>
    <animation id="mixamorig_RightShoulder-anim" name="mixamorig_RightShoulder">
      <source id="mixamorig_RightShoulder-Matrix-animation-input">
        <float_array id="mixamorig_RightShoulder-Matrix-animation-input-array" count="38">

0.000000 0.033333 0.066667 0.100000 0.133333 0.166667 0.200000 0.233333 0.266667 0.300000 0.333333 0.366667 0.400000 0.433333 0.466667 0.500000
0.533333 0.566667 0.600000 0.633333 0.666667 0.700000 0.733333 0.766667 0.800000 0.833333 0.866667 0.900000 0.933333 0.966667 1.000000 1.033333
1.066667 1.100000 1.133333 1.166667 1.200000 1.233333</float_array>
        <technique_common>
          <accessor source="#mixamorig_RightShoulder-Matrix-animation-input-array" count="38">
            <param name="TIME" type="float"/>
          </accessor>
        </technique_common>
      </source>
      <source id="mixamorig_RightShoulder-Matrix-animation-output-transform">
        <float_array id="mixamorig_RightShoulder-Matrix-animation-output-transform-array" count="608">

0.136774 -0.924757 0.355129 -12.201900 0.007818 -0.357479 -0.933888 13.732800 0.990571 0.130508 -0.041664 0.003900 0.000000 0.000000 0.000000 1.000000
0.138382 -0.923592 0.357530 -12.201900 0.008100 -0.359936 -0.932942 13.732800 0.990346 0.131998 -0.042327 0.003900 0.000000 0.000000 0.000000 1.000000
0.144051 -0.922217 0.358837 -12.201900 0.008751 -0.361418 -0.932363 13.732800 0.989532 0.137448 -0.043992 0.003900 0.000000 0.000000 0.000000 1.000000
0.150678 -0.920780 0.359807 -12.201900 0.009492 -0.362598 -0.931897 13.732800 0.988537 0.143832 -0.045896 0.003900 0.000000 0.000000 0.000000 1.000000
0.154920 -0.920009 0.359976 -12.201900 0.009943 -0.362905 -0.931773 13.732800 0.987877 0.147930 -0.047073 0.003900 0.000000 0.000000 0.000000 1.000000
0.155357 -0.920678 0.358072 -12.201900 0.009873 -0.361008 -0.932510 13.732800 0.987809 0.148408 -0.046996 0.003900 0.000000 0.000000 0.000000 1.000000
0.155365 -0.921951 0.354779 -12.201900 0.009674 -0.357703 -0.933785 13.732800 0.987810 0.148509 -0.046655 0.003900 0.000000 0.000000 0.000000 1.000000
0.158602 -0.923383 0.349585 -12.201900 0.009681 -0.352595 -0.935726 13.732800 0.987295 0.151792 -0.046983 0.003900 0.000000 0.000000 0.000000 1.000000
0.165026 -0.923094 0.347368 -12.201900 0.010169 -0.350585 -0.936476 13.732800 0.986237 0.158075 -0.048469 0.003900 0.000000 0.000000 0.000000 1.000000
0.173306 -0.921453 0.347691 -12.201900 0.010997 -0.351201 -0.936236 13.732800 0.984807 0.166079 -0.050732 0.003900 0.000000 0.000000 0.000000 1.000000
0.180730 -0.918912 0.350625 -12.201900 0.011938 -0.354419 -0.935010 13.732800 0.983460 0.173171 -0.053084 0.003900 0.000000 0.000000 0.000000 1.000000
0.184045 -0.914798 0.359544 -12.201900 0.012937 -0.363506 -0.931502 13.732800 0.982833 0.176090 -0.055067 0.003900 0.000000 0.000000 0.000000 1.000000
0.180765 -0.914556 0.361818 -12.201900 0.012749 -0.365668 -0.930658 13.732800 0.983444 0.172843 -0.054441 0.003900 0.000000 0.000000 0.000000 1.000000
0.169106 -0.918863 0.356503 -12.201900 0.011141 -0.359907 -0.932922 13.732800 0.985535 0.161734 -0.050625 0.003900 0.000000 0.000000 0.000000 1.000000
0.151698 -0.925107 0.348086 -12.201900 0.008872 -0.350873 -0.936381 13.732800 0.988387 0.145135 -0.045019 0.003900 0.000000 0.000000 0.000000 1.000000
0.140759 -0.930680 0.337670 -12.201900 0.007276 -0.340084 -0.940367 13.732800 0.990017 0.134822 -0.041099 0.003900 0.000000 0.000000 0.000000 1.000000
0.139020 -0.934699 0.327125 -12.201900 0.006580 -0.329453 -0.944149 13.732800 0.990268 0.133409 -0.039650 0.003900 0.000000 0.000000 0.000000 1.000000
0.140587 -0.937225 0.319132 -12.201900 0.006295 -0.321480 -0.946895 13.732800 0.990048 0.135130 -0.039296 0.003900 0.000000 0.000000 0.000000 1.000000
0.141454 -0.937651 0.317491 -12.201900 0.006272 -0.319861 -0.947444 13.732800 0.989925 0.136011 -0.039365 0.003900 0.000000 0.000000 0.000000 1.000000
0.138393 -0.937058 0.320578 -12.201900 0.006179 -0.322870 -0.946423 13.732800 0.990358 0.132959 -0.038893 0.003900 0.000000 0.000000 0.000000 1.000000
0.132147 -0.937245 0.322661 -12.201900 0.005774 -0.324782 -0.945771 13.732800 0.991213 0.126844 -0.037507 0.003900 0.000000 0.000000 0.000000 1.000000
0.126562 -0.938821 0.320309 -12.201900 0.005218 -0.322271 -0.946633 13.732800 0.991945 0.121479 -0.035889 0.003900 0.000000 0.000000 0.000000 1.000000
0.123175 -0.940202 0.317567 -12.201900 0.004832 -0.319432 -0.947597 13.732800 0.992373 0.118255 -0.034803 0.003900 0.000000 0.000000 0.000000 1.000000
0.122129 -0.940075 0.318345 -12.201900 0.004792 -0.320184 -0.947343 13.732800 0.992503 0.117224 -0.034599 0.003900 0.000000 0.000000 0.000000 1.000000
0.122606 -0.940093 0.318108 -12.201900 0.004804 -0.319960 -0.947419 13.732800 0.992444 0.117688 -0.034713 0.003900 0.000000 0.000000 0.000000 1.000000
0.122713 -0.940495 0.316877 -12.201900 0.004775 -0.318727 -0.947834 13.732800 0.992431 0.117824 -0.034621 0.003900 0.000000 0.000000 0.000000 1.000000
0.121947 -0.940071 0.318426 -12.201900 0.004849 -0.320252 -0.947320 13.732800 0.992525 0.117067 -0.034495 0.003900 0.000000 0.000000 0.000000 1.000000
0.120009 -0.938991 0.322326 -12.201900 0.004770 -0.324124 -0.946003 13.732800 0.992761 0.115067 -0.034419 0.003900 0.000000 0.000000 0.000000 1.000000
0.118421 -0.936420 0.330293 -12.201900 0.004966 -0.332071 -0.943241 13.732800 0.992951 0.113340 -0.034674 0.003900 0.000000 0.000000 0.000000 1.000000
0.120563 -0.932986 0.339120 -12.201900 0.005509 -0.340977 -0.940055 13.732800 0.992690 0.115204 -0.035969 0.003900 0.000000 0.000000 0.000000 1.000000
0.128678 -0.929055 0.346840 -12.201900 0.006576 -0.348941 -0.937122 13.732800 0.991665 0.122868 -0.038792 0.003900 0.000000 0.000000 0.000000 1.000000
0.138818 -0.925137 0.353344 -12.201900 0.007846 -0.355759 -0.934545 13.732800 0.990287 0.132504 -0.042127 0.003900 0.000000 0.000000 0.000000 1.000000
0.146248 -0.922458 0.357326 -12.201900 0.008782 -0.359985 -0.932917 13.732800 0.989209 0.139575 -0.044546 0.003900 0.000000 0.000000 0.000000 1.000000
0.146449 -0.921939 0.358581 -12.201900 0.008872 -0.361251 -0.932427 13.732800 0.989178 0.139734 -0.044726 0.003900 0.000000 0.000000 0.000000 1.000000
0.141472 -0.923022 0.357792 -12.201900 0.008336 -0.360304 -0.932798 13.732800 0.989907 0.134947 -0.043278 0.003900 0.000000 0.000000 0.000000 1.000000
0.136011 -0.923916 0.357604 -12.201900 0.007791 -0.359949 -0.932939 13.732800 0.990677 0.129676 -0.041759 0.003900 0.000000 0.000000 0.000000 1.000000
0.134562 -0.924060 0.357780 -12.201900 0.007658 -0.360083 -0.932889 13.732800 0.990876 0.128271 -0.041377 0.003900 0.000000 0.000000 0.000000 1.000000
0.136774 -0.924757 0.355130 -12.201900 0.007818 -0.357480 -0.933888 13.732800 0.990571 0.130508 -0.041664 0.003900 0.000000 0.000000 0.000000 1.000000</float_array>
        <technique_common>
          <accessor source="#mixamorig_RightShoulder-Matrix-animation-output-transform-array" count="38" stride="16">
            <param type="float4x4"/>
          </accessor>
        </technique_common>
      </source>
      <source id="mixamorig_RightShoulder-Interpolations">
        <Name_array id="mixamorig_RightShoulder-Interpolations-array" count="38">
 LINEAR LINEAR LINEAR LINEAR LINEAR LINEAR LINEAR LINEAR LINEAR LINEAR LINEAR
LINEAR LINEAR LINEAR LINEAR LINEAR LINEAR LINEAR LINEAR LINEAR LINEAR LINEAR LINEAR
LINEAR LINEAR LINEAR LINEAR LINEAR LINEAR LINEAR LINEAR LINEAR LINEAR LINEAR LINEAR
LINEAR LINEAR LINEAR</Name_array>
        <technique_common>
          <accessor source="#mixamorig_RightShoulder-Interpolations-array" count="38">
            <param type="name"/>
          </accessor>
        </technique_common>
      </source>
      <sampler id="mixamorig_RightShoulder-Matrix-animation-transform">
        <input semantic="INPUT" source="#mixamorig_RightShoulder-Matrix-animation-input"/>
        <input semantic="OUTPUT" source="#mixamorig_RightShoulder-Matrix-animation-output-transform"/>
        <input semantic="INTERPOLATION" source="#mixamorig_RightShoulder-Interpolations"/>
      </sampler>
      <channel source="#mixamorig_RightShoulder-Matrix-animation-transform" target="mixamorig_RightShoulder/matrix"/>
    </animation>
    <animation id="mixamorig_RightArm-anim" name="mixamorig_RightArm">
      <source id="mixamorig_RightArm-Matrix-animation-input">
        <float_array id="mixamorig_RightArm-Matrix-animation-input-array" count="38">

0.000000 0.033333 0.066667 0.100000 0.133333 0.166667 0.200000 0.233333 0.266667 0.300000 0.333333 0.366667 0.400000 0.433333 0.466667 0.500000
0.533333 0.566667 0.600000 0.633333 0.666667 0.700000 0.733333 0.766667 0.800000 0.833333 0.866667 0.900000 0.933333 0.966667 1.000000 1.033333
1.066667 1.100000 1.133333 1.166667 1.200000 1.233333</float_array>
        <technique_common>
          <accessor source="#mixamorig_RightArm-Matrix-animation-input-array" count="38">
            <param name="TIME" type="float"/>
          </accessor>
        </technique_common>
      </source>
      <source id="mixamorig_RightArm-Matrix-animation-output-transform">
        <float_array id="mixamorig_RightArm-Matrix-animation-output-transform-array" count="608">

0.877997 0.434911 -0.199933 -0.000000 -0.413374 0.478336 -0.774801 24.900900 -0.241334 0.762921 0.599758 -0.000000 0.000000 0.000000 0.000000 1.000000
0.859683 0.454310 -0.233554 -0.000000 -0.452936 0.466507 -0.759750 24.900900 -0.236208 0.758929 0.606821 -0.000000 0.000000 0.000000 0.000000 1.000000
0.846082 0.465320 -0.260042 0.000000 -0.483529 0.464616 -0.741843 24.900900 -0.224375 0.753398 0.618099 0.000000 0.000000 0.000000 0.000000 1.000000
0.834412 0.474769 -0.279913 0.000000 -0.507967 0.465426 -0.724809 24.900900 -0.213838 0.746976 0.629524 0.000000 0.000000 0.000000 0.000000 1.000000
0.824084 0.484744 -0.293104 0.000000 -0.526524 0.464609 -0.711977 24.900900 -0.208948 0.741055 0.638106 0.000000 0.000000 0.000000 0.000000 1.000000
0.815132 0.496374 -0.298619 -0.000000 -0.539049 0.461222 -0.704770 24.900900 -0.212099 0.735450 0.643527 0.000000 0.000000 0.000000 0.000000 1.000000
0.807228 0.507366 -0.301601 0.000000 -0.548190 0.455038 -0.701732 24.900900 -0.218795 0.731792 0.645452 0.000000 0.000000 0.000000 0.000000 1.000000
0.800266 0.517528 -0.302884 -0.000000 -0.555091 0.448298 -0.700644 24.900900 -0.226821 0.728830 0.646033 0.000000 0.000000 0.000000 0.000000 1.000000
0.793738 0.529333 -0.299643 0.000000 -0.560699 0.445772 -0.697785 24.900900 -0.235788 0.721868 0.650623 0.000000 0.000000 0.000000 0.000000 1.000000
0.787280 0.543238 -0.291691 -0.000000 -0.564963 0.446030 -0.694171 24.900900 -0.246997 0.711301 0.658060 -0.000000 0.000000 0.000000 0.000000 1.000000
0.782375 0.555947 -0.280735 -0.000000 -0.566961 0.449201 -0.690488 24.900900 -0.257768 0.699387 0.666644 -0.000000 0.000000 0.000000 0.000000 1.000000
0.786442 0.559277 -0.262141 0.000000 -0.556706 0.457980 -0.693060 24.900900 -0.267557 0.690987 0.671528 0.000000 0.000000 0.000000 0.000000 1.000000
0.810053 0.541525 -0.224868 0.000000 -0.513840 0.470856 -0.717121 24.900900 -0.282458 0.696452 0.659675 -0.000000 0.000000 0.000000 0.000000 1.000000
0.848578 0.500056 -0.172797 -0.000000 -0.439905 0.485421 -0.755546 24.900900 -0.293936 0.717154 0.631895 -0.000000 0.000000 0.000000 0.000000 1.000000
0.890930 0.438833 -0.116918 0.000000 -0.350934 0.501846 -0.790567 24.900900 -0.288252 0.745370 0.601111 0.000000 0.000000 0.000000 0.000000 1.000000
0.930913 0.358113 -0.071813 -0.000000 -0.263434 0.522131 -0.811161 24.900900 -0.252991 0.774038 0.580398 0.000000 0.000000 0.000000 0.000000 1.000000
0.962678 0.265510 -0.052502 0.000000 -0.194945 0.545664 -0.815014 24.900900 -0.187746 0.794830 0.577058 0.000000 0.000000 0.000000 0.000000 1.000000
0.982252 0.176533 -0.063380 0.000000 -0.154705 0.571455 -0.805919 24.900900 -0.106053 0.801420 0.588624 0.000000 0.000000 0.000000 0.000000 1.000000
0.990350 0.102968 -0.092764 0.000000 -0.136219 0.599882 -0.788407 24.900900 -0.025533 0.793435 0.608119 0.000000 0.000000 0.000000 0.000000 1.000000
0.991516 0.044919 -0.121978 0.000000 -0.123009 0.627544 -0.768803 24.900900 0.042013 0.777284 0.627745 0.000000 0.000000 0.000000 0.000000 1.000000
0.990579 -0.001192 -0.136938 -0.000000 -0.103273 0.650197 -0.752714 24.900900 0.089934 0.759765 0.643948 -0.000000 0.000000 0.000000 0.000000 1.000000
0.990142 -0.040511 -0.134080 0.000000 -0.073227 0.666300 -0.742080 24.900900 0.119400 0.744583 0.656765 0.000000 0.000000 0.000000 0.000000 1.000000
0.990402 -0.069512 -0.119466 0.000000 -0.040881 0.678341 -0.733609 24.900900 0.132034 0.731452 0.668988 0.000000 0.000000 0.000000 0.000000 1.000000
0.990396 -0.089921 -0.105023 0.000000 -0.014529 0.687719 -0.725832 24.900900 0.137494 0.720387 0.679807 0.000000 0.000000 0.000000 0.000000 1.000000
0.990504 -0.101206 -0.093055 0.000000 0.002830 0.691708 -0.722171 24.900900 0.137456 0.715050 0.685426 -0.000000 0.000000 0.000000 0.000000 1.000000
0.991788 -0.098121 -0.082029 0.000000 0.008463 0.690333 -0.723442 24.900900 0.127612 0.716807 0.685495 0.000000 0.000000 0.000000 0.000000 1.000000
0.994321 -0.079821 -0.070393 0.000000 0.003597 0.686250 -0.727357 24.900900 0.106365 0.722972 0.682640 0.000000 0.000000 0.000000 0.000000 1.000000
0.997556 -0.040818 -0.056715 0.000000 -0.013875 0.679785 -0.733280 24.900900 0.068485 0.732275 0.677557 0.000000 0.000000 0.000000 0.000000 1.000000
0.998731 0.020896 -0.045816 -0.000000 -0.047972 0.671479 -0.739469 24.900900 0.015313 0.740729 0.671630 0.000000 0.000000 0.000000 0.000000 1.000000
0.994793 0.093629 -0.040246 0.000000 -0.092256 0.659547 -0.745980 24.900900 -0.043301 0.745809 0.664751 0.000000 0.000000 0.000000 0.000000 1.000000
0.986520 0.159881 -0.034880 0.000000 -0.131067 0.644365 -0.753402 24.900900 -0.097979 0.747818 0.656634 0.000000 0.000000 0.000000 0.000000 1.000000
0.974048 0.224104 -0.031730 -0.000000 -0.168915 0.626432 -0.760954 24.900900 -0.150656 0.746566 0.648029 0.000000 0.000000 0.000000 0.000000 1.000000
0.960258 0.276972 -0.034508 0.000000 -0.202297 0.605459 -0.769737 24.900900 -0.192302 0.746127 0.637428 0.000000 0.000000 0.000000 0.000000 1.000000
0.947221 0.317783 -0.042269 0.000000 -0.230108 0.582159 -0.779834 24.900900 -0.223211 0.748402 0.624557 0.000000 0.000000 0.000000 0.000000 1.000000
0.934458 0.350726 -0.061475 0.000000 -0.260283 0.554998 -0.790082 24.900900 -0.242984 0.754299 0.609911 0.000000 0.000000 0.000000 0.000000 1.000000
0.919284 0.380417 -0.100996 0.000000 -0.304932 0.526111 -0.793866 24.900900 -0.248865 0.760585 0.599647 0.000000 0.000000 0.000000 0.000000 1.000000
0.899792 0.408854 -0.152355 0.000000 -0.360400 0.499625 -0.787709 24.900900 -0.245938 0.763684 0.596910 0.000000 0.000000 0.000000 0.000000 1.000000
0.877997 0.434911 -0.199933 0.000000 -0.413374 0.478336 -0.774801 24.900900 -0.241334 0.762920 0.599759 -0.000000 0.000000 0.000000 0.000000 1.000000</float_array>
        <technique_common>
          <accessor source="#mixamorig_RightArm-Matrix-animation-output-transform-array" count="38" stride="16">
            <param type="float4x4"/>
          </accessor>
        </technique_common>
      </source>
      <source id="mixamorig_RightArm-Interpolations">
        <Name_array id="mixamorig_RightArm-Interpolations-array" count="38">
 LINEAR LINEAR LINEAR LINEAR LINEAR LINEAR LINEAR LINEAR LINEAR LINEAR LINEAR
LINEAR LINEAR LINEAR LINEAR LINEAR LINEAR LINEAR LINEAR LINEAR LINEAR LINEAR LINEAR
LINEAR LINEAR LINEAR LINEAR LINEAR LINEAR LINEAR LINEAR LINEAR LINEAR LINEAR LINEAR
LINEAR LINEAR LINEAR</Name_array>
        <technique_common>
          <accessor source="#mixamorig_RightArm-Interpolations-array" count="38">
            <param type="name"/>
          </accessor>
        </technique_common>
      </source>
      <sampler id="mixamorig_RightArm-Matrix-animation-transform">
        <input semantic="INPUT" source="#mixamorig_RightArm-Matrix-animation-input"/>
        <input semantic="OUTPUT" source="#mixamorig_RightArm-Matrix-animation-output-transform"/>
        <input semantic="INTERPOLATION" source="#mixamorig_RightArm-Interpolations"/>
      </sampler>
      <channel source="#mixamorig_RightArm-Matrix-animation-transform" target="mixamorig_RightArm/matrix"/>
    </animation>
    <animation id="mixamorig_RightForeArm-anim" name="mixamorig_RightForeArm">
      <source id="mixamorig_RightForeArm-Matrix-animation-input">
        <float_array id="mixamorig_RightForeArm-Matrix-animation-input-array" count="38">

0.000000 0.033333 0.066667 0.100000 0.133333 0.166667 0.200000 0.233333 0.266667 0.300000 0.333333 0.366667 0.400000 0.433333 0.466667 0.500000
0.533333 0.566667 0.600000 0.633333 0.666667 0.700000 0.733333 0.766667 0.800000 0.833333 0.866667 0.900000 0.933333 0.966667 1.000000 1.033333
1.066667 1.100000 1.133333 1.166667 1.200000 1.233333</float_array>
        <technique_common>
          <accessor source="#mixamorig_RightForeArm-Matrix-animation-input-array" count="38">
            <param name="TIME" type="float"/>
          </accessor>
        </technique_common>
      </source>
      <source id="mixamorig_RightForeArm-Matrix-animation-output-transform">
        <float_array id="mixamorig_RightForeArm-Matrix-animation-output-transform-array" count="608">

0.972815 0.231300 0.011483 -0.000000 -0.231410 0.972810 0.009449 34.831902 -0.008985 -0.011849 0.999889 0.000000 0.000000 0.000000 0.000000 1.000000
0.962695 0.270327 0.011896 -0.000000 -0.270456 0.962669 0.011043 34.831902 -0.008467 -0.013848 0.999868 0.000000 0.000000 0.000000 0.000000 1.000000
0.942450 0.334105 0.012722 -0.000000 -0.334264 0.942381 0.013649 34.831902 -0.007429 -0.017116 0.999826 0.000000 0.000000 0.000000 0.000000 1.000000
0.924575 0.380763 0.013453 0.000000 -0.380945 0.924467 0.015555 34.831902 -0.006514 -0.019506 0.999789 0.000000 0.000000 0.000000 0.000000 1.000000
0.914571 0.404189 0.013861 -0.000000 -0.404382 0.914441 0.016512 34.831902 -0.006001 -0.020706 0.999768 0.000000 0.000000 0.000000 0.000000 1.000000
0.913103 0.407491 0.013921 0.000000 -0.407686 0.912970 0.016646 34.831902 -0.005926 -0.020875 0.999765 0.000000 0.000000 0.000000 0.000000 1.000000
0.917057 0.398520 0.013760 -0.000000 -0.398710 0.916932 0.016280 34.831902 -0.006129 -0.020416 0.999773 0.000000 0.000000 0.000000 0.000000 1.000000
0.928116 0.372054 0.013308 0.000000 -0.372232 0.928015 0.015199 34.831902 -0.006695 -0.019060 0.999796 0.000000 0.000000 0.000000 0.000000 1.000000
0.936996 0.349101 0.012945 0.000000 -0.349268 0.936914 0.014261 34.831902 -0.007150 -0.017884 0.999814 -0.000000 0.000000 0.000000 0.000000 1.000000
0.947941 0.318201 0.012498 0.000000 -0.318353 0.947883 0.012999 34.831902 -0.007711 -0.016301 0.999837 0.000000 0.000000 0.000000 0.000000 1.000000
0.962051 0.272607 0.011922 0.000000 -0.272738 0.962024 0.011136 34.831902 -0.008434 -0.013965 0.999867 -0.000000 0.000000 0.000000 0.000000 1.000000
0.975143 0.221283 0.011388 0.000000 -0.221388 0.975144 0.009040 34.831902 -0.009104 -0.011336 0.999894 0.000000 0.000000 0.000000 0.000000 1.000000
0.985530 0.169146 0.010964 -0.000000 -0.169227 0.985553 0.006910 34.831902 -0.009637 -0.008665 0.999916 -0.000000 0.000000 0.000000 0.000000 1.000000
0.992490 0.121858 0.010679 0.000000 -0.121916 0.992528 0.004978 34.831902 -0.009992 -0.006243 0.999931 0.000000 0.000000 0.000000 0.000000 1.000000
0.996483 0.083137 0.010516 0.000000 -0.083176 0.996529 0.003396 34.831902 -0.010197 -0.004259 0.999939 0.000000 0.000000 0.000000 0.000000 1.000000
0.998152 0.059867 0.010448 0.000000 -0.059896 0.998202 0.002445 34.831902 -0.010283 -0.003066 0.999942 0.000000 0.000000 0.000000 0.000000 1.000000
0.998593 0.051994 0.010430 0.000000 -0.052019 0.998644 0.002124 34.831902 -0.010306 -0.002663 0.999943 0.000000 0.000000 0.000000 0.000000 1.000000
0.998575 0.052345 0.010431 0.000000 -0.052370 0.998625 0.002138 34.831902 -0.010305 -0.002682 0.999943 0.000000 0.000000 0.000000 0.000000 1.000000
0.998326 0.056887 0.010441 0.000000 -0.056915 0.998376 0.002324 34.831902 -0.010292 -0.002914 0.999943 0.000000 0.000000 0.000000 0.000000 1.000000
0.998035 0.061776 0.010453 0.000000 -0.061806 0.998085 0.002524 34.831902 -0.010277 -0.003165 0.999942 0.000000 0.000000 0.000000 0.000000 1.000000
0.997730 0.066517 0.010465 0.000000 -0.066549 0.997779 0.002717 34.831902 -0.010261 -0.003407 0.999942 0.000000 0.000000 0.000000 0.000000 1.000000
0.996121 0.087357 0.010531 0.000000 -0.087398 0.996167 0.003568 34.831902 -0.010179 -0.004475 0.999938 0.000000 0.000000 0.000000 0.000000 1.000000
0.993511 0.113237 0.010638 -0.000000 -0.113291 0.993551 0.004626 34.831902 -0.010045 -0.005801 0.999933 0.000000 0.000000 0.000000 0.000000 1.000000
0.989673 0.142939 0.010794 0.000000 -0.143008 0.989704 0.005839 34.831902 -0.009848 -0.007323 0.999925 0.000000 0.000000 0.000000 0.000000 1.000000
0.986876 0.161113 0.010909 0.000000 -0.161190 0.986901 0.006582 34.831902 -0.009705 -0.008254 0.999919 0.000000 0.000000 0.000000 0.000000 1.000000
0.985900 0.166974 0.010948 0.000000 -0.167054 0.985924 0.006821 34.831902 -0.009655 -0.008554 0.999917 0.000000 0.000000 0.000000 0.000000 1.000000
0.983456 0.180813 0.011048 0.000000 -0.180899 0.983474 0.007387 34.831902 -0.009530 -0.009263 0.999912 -0.000000 0.000000 0.000000 0.000000 1.000000
0.984322 0.176037 0.011013 0.000000 -0.176121 0.984342 0.007191 34.831902 -0.009575 -0.009018 0.999913 0.000000 0.000000 0.000000 0.000000 1.000000
0.992499 0.121789 0.010679 0.000000 -0.121847 0.992536 0.004975 34.831902 -0.009994 -0.006239 0.999931 0.000000 0.000000 0.000000 0.000000 1.000000
0.998739 0.049118 0.010424 0.000000 -0.049142 0.998790 0.002006 34.831902 -0.010313 -0.002516 0.999944 0.000000 0.000000 0.000000 0.000000 1.000000
0.999393 0.033242 0.010397 0.000000 -0.033257 0.999446 0.001358 34.831902 -0.010346 -0.001703 0.999945 0.000000 0.000000 0.000000 0.000000 1.000000
0.999677 0.023194 0.010386 0.000000 -0.023205 0.999730 0.000947 34.831902 -0.010361 -0.001188 0.999946 -0.000000 0.000000 0.000000 0.000000 1.000000
0.999545 0.028307 0.010391 -0.000000 -0.028320 0.999598 0.001156 34.831902 -0.010355 -0.001450 0.999945 0.000000 0.000000 0.000000 0.000000 1.000000
0.998667 0.050552 0.010427 0.000000 -0.050576 0.998718 0.002065 34.831902 -0.010310 -0.002589 0.999944 0.000000 0.000000 0.000000 0.000000 1.000000
0.995788 0.091076 0.010545 -0.000000 -0.091120 0.995833 0.003721 34.831902 -0.010162 -0.004666 0.999937 0.000000 0.000000 0.000000 0.000000 1.000000
0.989574 0.143619 0.010798 -0.000000 -0.143688 0.989606 0.005867 34.831902 -0.009844 -0.007357 0.999924 -0.000000 0.000000 0.000000 0.000000 1.000000
0.980885 0.194267 0.011153 -0.000000 -0.194360 0.980898 0.007936 34.831902 -0.009399 -0.009952 0.999906 0.000000 0.000000 0.000000 0.000000 1.000000
0.972815 0.231299 0.011483 0.000000 -0.231410 0.972811 0.009449 34.831902 -0.008985 -0.011849 0.999889 0.000000 0.000000 0.000000 0.000000 1.000000</float_array>
        <technique_common>
          <accessor source="#mixamorig_RightForeArm-Matrix-animation-output-transform-array" count="38" stride="16">
            <param type="float4x4"/>
          </accessor>
        </technique_common>
      </source>
      <source id="mixamorig_RightForeArm-Interpolations">
        <Name_array id="mixamorig_RightForeArm-Interpolations-array" count="38">
 LINEAR LINEAR LINEAR LINEAR LINEAR LINEAR LINEAR LINEAR LINEAR LINEAR LINEAR
LINEAR LINEAR LINEAR LINEAR LINEAR LINEAR LINEAR LINEAR LINEAR LINEAR LINEAR LINEAR
LINEAR LINEAR LINEAR LINEAR LINEAR LINEAR LINEAR LINEAR LINEAR LINEAR LINEAR LINEAR
LINEAR LINEAR LINEAR</Name_array>
        <technique_common>
          <accessor source="#mixamorig_RightForeArm-Interpolations-array" count="38">
            <param type="name"/>
          </accessor>
        </technique_common>
      </source>
      <sampler id="mixamorig_RightForeArm-Matrix-animation-transform">
        <input semantic="INPUT" source="#mixamorig_RightForeArm-Matrix-animation-input"/>
        <input semantic="OUTPUT" source="#mixamorig_RightForeArm-Matrix-animation-output-transform"/>
        <input semantic="INTERPOLATION" source="#mixamorig_RightForeArm-Interpolations"/>
      </sampler>
      <channel source="#mixamorig_RightForeArm-Matrix-animation-transform" target="mixamorig_RightForeArm/matrix"/>
    </animation>
    <animation id="mixamorig_RightHand-anim" name="mixamorig_RightHand">
      <source id="mixamorig_RightHand-Matrix-animation-input">
        <float_array id="mixamorig_RightHand-Matrix-animation-input-array" count="38">

0.000000 0.033333 0.066667 0.100000 0.133333 0.166667 0.200000 0.233333 0.266667 0.300000 0.333333 0.366667 0.400000 0.433333 0.466667 0.500000
0.533333 0.566667 0.600000 0.633333 0.666667 0.700000 0.733333 0.766667 0.800000 0.833333 0.866667 0.900000 0.933333 0.966667 1.000000 1.033333
1.066667 1.100000 1.133333 1.166667 1.200000 1.233333</float_array>
        <technique_common>
          <accessor source="#mixamorig_RightHand-Matrix-animation-input-array" count="38">
            <param name="TIME" type="float"/>
          </accessor>
        </technique_common>
      </source>
      <source id="mixamorig_RightHand-Matrix-animation-output-transform">
        <float_array id="mixamorig_RightHand-Matrix-animation-output-transform-array" count="608">

0.595597 0.156123 -0.787966 0.000000 -0.043462 0.985757 0.162462 34.523102 0.802107 -0.062515 0.593899 0.000000 0.000000 0.000000 0.000000 1.000000
0.621589 0.187047 -0.760684 -0.000000 -0.078812 0.981079 0.176840 34.523102 0.779369 -0.049970 0.624570 0.000000 0.000000 0.000000 0.000000 1.000000
0.648229 0.197928 -0.735271 0.000000 -0.102654 0.979526 0.173178 34.523102 0.754494 -0.036781 0.655275 -0.000000 0.000000 0.000000 0.000000 1.000000
0.665075 0.202548 -0.718783 0.000000 -0.109980 0.978586 0.173996 34.523102 0.738633 -0.036668 0.673109 0.000000 0.000000 0.000000 0.000000 1.000000
0.671365 0.203454 -0.712654 0.000000 -0.114092 0.978491 0.171865 34.523102 0.732293 -0.034076 0.680137 0.000000 0.000000 0.000000 0.000000 1.000000
0.662837 0.202605 -0.720831 -0.000000 -0.124575 0.979118 0.160649 34.523102 0.738328 -0.016686 0.674236 0.000000 0.000000 0.000000 0.000000 1.000000
0.644017 0.198470 -0.738818 0.000000 -0.130374 0.980107 0.149643 34.523102 0.753820 -0.000050 0.657081 0.000000 0.000000 0.000000 0.000000 1.000000
0.627069 0.196437 -0.753788 -0.000000 -0.131153 0.980491 0.146411 34.523102 0.767843 0.007052 0.640599 0.000000 0.000000 0.000000 0.000000 1.000000
0.619817 0.193129 -0.760610 0.000000 -0.131009 0.981107 0.142357 34.523102 0.773733 0.011411 0.633409 0.000000 0.000000 0.000000 0.000000 1.000000
0.620533 0.191055 -0.760550 0.000000 -0.130655 0.981500 0.139957 34.523102 0.773219 0.012521 0.634015 0.000000 0.000000 0.000000 0.000000 1.000000
0.626675 0.189418 -0.755910 0.000000 -0.123352 0.981891 0.143783 34.523102 0.769456 0.003138 0.638692 -0.000000 0.000000 0.000000 0.000000 1.000000
0.631681 0.176409 -0.754890 0.000000 -0.113010 0.984317 0.135458 34.523102 0.766947 -0.000256 0.641710 0.000000 0.000000 0.000000 0.000000 1.000000
0.618986 0.141658 -0.772521 0.000000 -0.097621 0.989849 0.103291 34.523102 0.779311 0.011479 0.626532 0.000000 0.000000 0.000000 0.000000 1.000000
0.589683 0.086794 -0.802958 0.000000 -0.056460 0.996206 0.066219 34.523102 0.805659 0.006287 0.592346 -0.000000 0.000000 0.000000 0.000000 1.000000
0.574042 0.044165 -0.817634 -0.000000 -0.003167 0.998657 0.051720 34.523102 0.818820 -0.027100 0.573411 0.000000 0.000000 0.000000 0.000000 1.000000
0.589760 0.027046 -0.807126 -0.000000 0.025536 0.998315 0.052111 34.523102 0.807175 -0.051343 0.588075 0.000000 0.000000 0.000000 0.000000 1.000000
0.618693 0.020525 -0.785365 0.000000 0.012831 0.999261 0.036224 34.523102 0.785528 -0.032489 0.617972 0.000000 0.000000 0.000000 0.000000 1.000000
0.639838 0.017598 -0.768308 0.000000 -0.026757 0.999642 0.000614 34.523102 0.768044 0.020165 0.640080 -0.000000 0.000000 0.000000 0.000000 1.000000
0.637814 0.007895 -0.770150 -0.000000 -0.059894 0.997428 -0.039378 34.523102 0.767858 0.071244 0.636647 0.000000 0.000000 0.000000 0.000000 1.000000
0.606930 -0.003877 -0.794746 -0.000000 -0.071444 0.995673 -0.059418 34.523102 0.791538 0.092842 0.604027 0.000000 0.000000 0.000000 0.000000 1.000000
0.550159 -0.014001 -0.834943 0.000000 -0.063303 0.996283 -0.058418 34.523102 0.832657 0.084993 0.547228 0.000000 0.000000 0.000000 0.000000 1.000000
0.502203 -0.033952 -0.864083 0.000000 -0.037948 0.997401 -0.061245 34.523102 0.863917 0.063547 0.499610 0.000000 0.000000 0.000000 0.000000 1.000000
0.499753 -0.046230 -0.864933 0.000000 -0.013897 0.998018 -0.061373 34.523102 0.866056 0.042692 0.498120 0.000000 0.000000 0.000000 0.000000 1.000000
0.535586 -0.043253 -0.843372 0.000000 -0.009526 0.998314 -0.057250 34.523102 0.844427 0.038696 0.534271 0.000000 0.000000 0.000000 0.000000 1.000000
0.582378 -0.034557 -0.812183 0.000000 -0.025234 0.997846 -0.060551 34.523102 0.812527 0.055758 0.580251 0.000000 0.000000 0.000000 0.000000 1.000000
0.625102 -0.016519 -0.780368 -0.000000 -0.051393 0.996735 -0.062266 34.523102 0.778849 0.079028 0.622212 0.000000 0.000000 0.000000 0.000000 1.000000
0.653593 -0.000455 -0.756846 0.000000 -0.069272 0.995766 -0.060420 34.523102 0.753670 0.091918 0.650794 0.000000 0.000000 0.000000 0.000000 1.000000
0.658925 0.008867 -0.752156 -0.000000 -0.075860 0.995616 -0.054719 34.523102 0.748374 0.093114 0.656709 -0.000000 0.000000 0.000000 0.000000 1.000000
0.652789 0.023135 -0.757187 0.000000 -0.082674 0.995739 -0.040851 34.523102 0.753015 0.089267 0.651920 0.000000 0.000000 0.000000 0.000000 1.000000
0.653797 0.032363 -0.755978 0.000000 -0.087749 0.995587 -0.033267 34.523102 0.751565 0.088086 0.653752 0.000000 0.000000 0.000000 0.000000 1.000000
0.656065 0.023058 -0.754352 0.000000 -0.080604 0.995957 -0.039659 34.523102 0.750388 0.086823 0.655271 0.000000 0.000000 0.000000 0.000000 1.000000
0.658127 0.015624 -0.752744 0.000000 -0.064938 0.997237 -0.036077 34.523102 0.750101 0.072625 0.657324 0.000000 0.000000 0.000000 0.000000 1.000000
0.666507 0.018640 -0.745266 0.000000 -0.048926 0.998626 -0.018778 34.523102 0.743892 0.048979 0.666503 -0.000000 0.000000 0.000000 0.000000 1.000000
0.678113 0.032368 -0.734245 -0.000000 -0.044480 0.999006 0.002960 34.523102 0.733611 0.030652 0.678878 -0.000000 0.000000 0.000000 0.000000 1.000000
0.688926 0.061524 -0.722216 0.000000 -0.056183 0.997926 0.031417 34.523102 0.722651 0.018932 0.690953 0.000000 0.000000 0.000000 0.000000 1.000000
0.677402 0.096462 -0.729261 -0.000000 -0.055429 0.995240 0.080156 34.523102 0.733522 -0.013876 0.679524 -0.000000 0.000000 0.000000 0.000000 1.000000
0.634635 0.108999 -0.765087 0.000000 -0.022019 0.992152 0.123083 34.523102 0.772498 -0.061266 0.632054 0.000000 0.000000 0.000000 0.000000 1.000000
0.595597 0.156124 -0.787966 -0.000000 -0.043462 0.985757 0.162462 34.523102 0.802107 -0.062515 0.593899 0.000000 0.000000 0.000000 0.000000 1.000000</float_array>
        <technique_common>
          <accessor source="#mixamorig_RightHand-Matrix-animation-output-transform-array" count="38" stride="16">
            <param type="float4x4"/>
          </accessor>
        </technique_common>
      </source>
      <source id="mixamorig_RightHand-Interpolations">
        <Name_array id="mixamorig_RightHand-Interpolations-array" count="38">
 LINEAR LINEAR LINEAR LINEAR LINEAR LINEAR LINEAR LINEAR LINEAR LINEAR LINEAR
LINEAR LINEAR LINEAR LINEAR LINEAR LINEAR LINEAR LINEAR LINEAR LINEAR LINEAR LINEAR
LINEAR LINEAR LINEAR LINEAR LINEAR LINEAR LINEAR LINEAR LINEAR LINEAR LINEAR LINEAR
LINEAR LINEAR LINEAR</Name_array>
        <technique_common>
          <accessor source="#mixamorig_RightHand-Interpolations-array" count="38">
            <param type="name"/>
          </accessor>
        </technique_common>
      </source>
      <sampler id="mixamorig_RightHand-Matrix-animation-transform">
        <input semantic="INPUT" source="#mixamorig_RightHand-Matrix-animation-input"/>
        <input semantic="OUTPUT" source="#mixamorig_RightHand-Matrix-animation-output-transform"/>
        <input semantic="INTERPOLATION" source="#mixamorig_RightHand-Interpolations"/>
      </sampler>
      <channel source="#mixamorig_RightHand-Matrix-animation-transform" target="mixamorig_RightHand/matrix"/>
    </animation>
    <animation id="mixamorig_RightHandThumb1-anim" name="mixamorig_RightHandThumb1">
      <source id="mixamorig_RightHandThumb1-Matrix-animation-input">
        <float_array id="mixamorig_RightHandThumb1-Matrix-animation-input-array" count="38">

0.000000 0.033333 0.066667 0.100000 0.133333 0.166667 0.200000 0.233333 0.266667 0.300000 0.333333 0.366667 0.400000 0.433333 0.466667 0.500000
0.533333 0.566667 0.600000 0.633333 0.666667 0.700000 0.733333 0.766667 0.800000 0.833333 0.866667 0.900000 0.933333 0.966667 1.000000 1.033333
1.066667 1.100000 1.133333 1.166667 1.200000 1.233333</float_array>
        <technique_common>
          <accessor source="#mixamorig_RightHandThumb1-Matrix-animation-input-array" count="38">
            <param name="TIME" type="float"/>
          </accessor>
        </technique_common>
      </source>
      <source id="mixamorig_RightHandThumb1-Matrix-animation-output-transform">
        <float_array id="mixamorig_RightHandThumb1-Matrix-animation-output-transform-array" count="608">

0.966022 0.246725 0.076997 7.149400 -0.256728 0.950414 0.175511 5.106400 -0.029876 -0.189315 0.981462 0.000000 0.000000 0.000000 0.000000 1.000000
0.966022 0.246726 0.076997 7.149400 -0.256729 0.950414 0.175510 5.106400 -0.029876 -0.189314 0.981462 0.000000 0.000000 0.000000 0.000000 1.000000
0.966022 0.246725 0.076997 7.149400 -0.256728 0.950414 0.175511 5.106400 -0.029876 -0.189315 0.981462 0.000000 0.000000 0.000000 0.000000 1.000000
0.966022 0.246726 0.076997 7.149400 -0.256729 0.950414 0.175511 5.106400 -0.029876 -0.189314 0.981462 0.000000 0.000000 0.000000 0.000000 1.000000
0.966022 0.246726 0.076997 7.149400 -0.256728 0.950414 0.175511 5.106400 -0.029876 -0.189315 0.981462 0.000000 0.000000 0.000000 0.000000 1.000000
0.966022 0.246725 0.076997 7.149400 -0.256728 0.950414 0.175511 5.106400 -0.029876 -0.189315 0.981462 0.000000 0.000000 0.000000 0.000000 1.000000
0.966022 0.246726 0.076997 7.149400 -0.256729 0.950414 0.175511 5.106400 -0.029876 -0.189315 0.981462 0.000000 0.000000 0.000000 0.000000 1.000000
0.966022 0.246725 0.076997 7.149400 -0.256728 0.950414 0.175511 5.106400 -0.029876 -0.189315 0.981462 -0.000000 0.000000 0.000000 0.000000 1.000000
0.966022 0.246726 0.076997 7.149400 -0.256729 0.950414 0.175511 5.106400 -0.029876 -0.189314 0.981462 0.000000 0.000000 0.000000 0.000000 1.000000
0.966022 0.246725 0.076997 7.149400 -0.256728 0.950414 0.175511 5.106400 -0.029876 -0.189315 0.981462 0.000000 0.000000 0.000000 0.000000 1.000000
0.966022 0.246725 0.076997 7.149400 -0.256728 0.950414 0.175511 5.106400 -0.029876 -0.189315 0.981462 0.000000 0.000000 0.000000 0.000000 1.000000
0.966022 0.246726 0.076997 7.149400 -0.256728 0.950414 0.175511 5.106400 -0.029876 -0.189315 0.981462 0.000000 0.000000 0.000000 0.000000 1.000000
0.966022 0.246725 0.076997 7.149400 -0.256728 0.950414 0.175511 5.106400 -0.029876 -0.189315 0.981462 0.000000 0.000000 0.000000 0.000000 1.000000
0.966022 0.246725 0.076997 7.149400 -0.256728 0.950414 0.175511 5.106400 -0.029876 -0.189315 0.981462 0.000000 0.000000 0.000000 0.000000 1.000000
0.966022 0.246726 0.076997 7.149400 -0.256728 0.950414 0.175511 5.106400 -0.029876 -0.189315 0.981462 0.000000 0.000000 0.000000 0.000000 1.000000
0.966022 0.246726 0.076997 7.149400 -0.256728 0.950414 0.175511 5.106400 -0.029876 -0.189314 0.981462 0.000000 0.000000 0.000000 0.000000 1.000000
0.966022 0.246726 0.076997 7.149400 -0.256729 0.950414 0.175511 5.106400 -0.029876 -0.189314 0.981462 0.000000 0.000000 0.000000 0.000000 1.000000
0.966022 0.246726 0.076997 7.149400 -0.256728 0.950414 0.175511 5.106400 -0.029876 -0.189314 0.981462 0.000000 0.000000 0.000000 0.000000 1.000000
0.966022 0.246725 0.076997 7.149400 -0.256728 0.950414 0.175511 5.106400 -0.029876 -0.189314 0.981462 0.000000 0.000000 0.000000 0.000000 1.000000
0.966022 0.246726 0.076997 7.149400 -0.256728 0.950414 0.175511 5.106400 -0.029876 -0.189315 0.981462 0.000000 0.000000 0.000000 0.000000 1.000000
0.966022 0.246725 0.076997 7.149400 -0.256728 0.950414 0.175511 5.106400 -0.029876 -0.189315 0.981462 0.000000 0.000000 0.000000 0.000000 1.000000
0.966022 0.246725 0.076997 7.149400 -0.256728 0.950414 0.175511 5.106400 -0.029876 -0.189315 0.981462 0.000000 0.000000 0.000000 0.000000 1.000000
0.966022 0.246725 0.076997 7.149400 -0.256728 0.950414 0.175511 5.106400 -0.029876 -0.189315 0.981462 -0.000000 0.000000 0.000000 0.000000 1.000000
0.966022 0.246725 0.076997 7.149400 -0.256728 0.950414 0.175511 5.106400 -0.029876 -0.189315 0.981462 0.000000 0.000000 0.000000 0.000000 1.000000
0.966022 0.246725 0.076997 7.149400 -0.256728 0.950414 0.175511 5.106400 -0.029876 -0.189315 0.981462 0.000000 0.000000 0.000000 0.000000 1.000000
0.966022 0.246725 0.076997 7.149400 -0.256728 0.950414 0.175511 5.106400 -0.029876 -0.189315 0.981462 0.000000 0.000000 0.000000 0.000000 1.000000
0.966022 0.246726 0.076997 7.149400 -0.256729 0.950414 0.175510 5.106400 -0.029876 -0.189314 0.981462 -0.000000 0.000000 0.000000 0.000000 1.000000
0.966022 0.246725 0.076997 7.149400 -0.256728 0.950414 0.175511 5.106400 -0.029876 -0.189315 0.981462 -0.000000 0.000000 0.000000 0.000000 1.000000
0.966022 0.246726 0.076997 7.149400 -0.256728 0.950414 0.175511 5.106400 -0.029876 -0.189315 0.981462 0.000000 0.000000 0.000000 0.000000 1.000000
0.966022 0.246725 0.076997 7.149400 -0.256728 0.950414 0.175511 5.106400 -0.029876 -0.189315 0.981462 -0.000000 0.000000 0.000000 0.000000 1.000000
0.966022 0.246726 0.076997 7.149400 -0.256728 0.950414 0.175511 5.106400 -0.029876 -0.189315 0.981462 0.000000 0.000000 0.000000 0.000000 1.000000
0.966022 0.246726 0.076997 7.149400 -0.256728 0.950414 0.175511 5.106400 -0.029876 -0.189314 0.981462 0.000000 0.000000 0.000000 0.000000 1.000000
0.966022 0.246725 0.076997 7.149400 -0.256728 0.950414 0.175511 5.106400 -0.029876 -0.189315 0.981462 0.000000 0.000000 0.000000 0.000000 1.000000
0.966022 0.246726 0.076997 7.149400 -0.256728 0.950414 0.175511 5.106400 -0.029876 -0.189315 0.981462 0.000000 0.000000 0.000000 0.000000 1.000000
0.966022 0.246726 0.076997 7.149400 -0.256729 0.950414 0.175511 5.106400 -0.029876 -0.189315 0.981462 0.000000 0.000000 0.000000 0.000000 1.000000
0.966022 0.246726 0.076997 7.149400 -0.256729 0.950414 0.175510 5.106400 -0.029876 -0.189314 0.981462 -0.000000 0.000000 0.000000 0.000000 1.000000
0.966022 0.246726 0.076997 7.149400 -0.256729 0.950414 0.175510 5.106400 -0.029876 -0.189314 0.981462 0.000000 0.000000 0.000000 0.000000 1.000000
0.966022 0.246726 0.076997 7.149400 -0.256728 0.950414 0.175511 5.106400 -0.029876 -0.189314 0.981462 0.000000 0.000000 0.000000 0.000000 1.000000</float_array>
        <technique_common>
          <accessor source="#mixamorig_RightHandThumb1-Matrix-animation-output-transform-array" count="38" stride="16">
            <param type="float4x4"/>
          </accessor>
        </technique_common>
      </source>
      <source id="mixamorig_RightHandThumb1-Interpolations">
        <Name_array id="mixamorig_RightHandThumb1-Interpolations-array" count="38">
 LINEAR LINEAR LINEAR LINEAR LINEAR LINEAR LINEAR LINEAR LINEAR LINEAR LINEAR
LINEAR LINEAR LINEAR LINEAR LINEAR LINEAR LINEAR LINEAR LINEAR LINEAR LINEAR LINEAR
LINEAR LINEAR LINEAR LINEAR LINEAR LINEAR LINEAR LINEAR LINEAR LINEAR LINEAR LINEAR
LINEAR LINEAR LINEAR</Name_array>
        <technique_common>
          <accessor source="#mixamorig_RightHandThumb1-Interpolations-array" count="38">
            <param type="name"/>
          </accessor>
        </technique_common>
      </source>
      <sampler id="mixamorig_RightHandThumb1-Matrix-animation-transform">
        <input semantic="INPUT" source="#mixamorig_RightHandThumb1-Matrix-animation-input"/>
        <input semantic="OUTPUT" source="#mixamorig_RightHandThumb1-Matrix-animation-output-transform"/>
        <input semantic="INTERPOLATION" source="#mixamorig_RightHandThumb1-Interpolations"/>
      </sampler>
      <channel source="#mixamorig_RightHandThumb1-Matrix-animation-transform" target="mixamorig_RightHandThumb1/matrix"/>
    </animation>
    <animation id="mixamorig_RightHandThumb2-anim" name="mixamorig_RightHandThumb2">
      <source id="mixamorig_RightHandThumb2-Matrix-animation-input">
        <float_array id="mixamorig_RightHandThumb2-Matrix-animation-input-array" count="38">

0.000000 0.033333 0.066667 0.100000 0.133333 0.166667 0.200000 0.233333 0.266667 0.300000 0.333333 0.366667 0.400000 0.433333 0.466667 0.500000
0.533333 0.566667 0.600000 0.633333 0.666667 0.700000 0.733333 0.766667 0.800000 0.833333 0.866667 0.900000 0.933333 0.966667 1.000000 1.033333
1.066667 1.100000 1.133333 1.166667 1.200000 1.233333</float_array>
        <technique_common>
          <accessor source="#mixamorig_RightHandThumb2-Matrix-animation-input-array" count="38">
            <param name="TIME" type="float"/>
          </accessor>
        </technique_common>
      </source>
      <source id="mixamorig_RightHandThumb2-Matrix-animation-output-transform">
        <float_array id="mixamorig_RightHandThumb2-Matrix-animation-output-transform-array" count="608">

0.999291 -0.037629 0.001539 1.917300 0.035195 0.918562 -0.393706 6.762100 0.013401 0.393481 0.919235 0.000000 0.000000 0.000000 0.000000 1.000000
0.999467 -0.032628 -0.000605 1.917300 0.029877 0.922355 -0.385186 6.762100 0.013126 0.384963 0.922839 -0.000000 0.000000 0.000000 0.000000 1.000000
0.999779 -0.020199 -0.005906 1.917300 0.016663 0.931205 -0.364115 6.762100 0.012855 0.363936 0.931335 0.000000 0.000000 0.000000 0.000000 1.000000
0.999901 -0.009321 -0.010495 1.917300 0.005117 0.938296 -0.345795 6.762100 0.013071 0.345707 0.938251 0.000000 0.000000 0.000000 0.000000 1.000000
0.999905 -0.001775 -0.013636 1.917300 -0.002870 0.942869 -0.333150 6.762100 0.013449 0.333158 0.942775 0.000000 0.000000 0.000000 0.000000 1.000000
0.999882 0.002133 -0.015225 1.917300 -0.006989 0.945135 -0.326606 6.762100 0.013693 0.326674 0.945038 0.000000 0.000000 0.000000 0.000000 1.000000
0.999906 -0.001654 -0.013602 1.917300 -0.002968 0.942965 -0.332878 6.762100 0.013377 0.332887 0.942872 0.000000 0.000000 0.000000 0.000000 1.000000
0.999904 -0.009051 -0.010474 1.917300 0.004879 0.938507 -0.345226 6.762100 0.012955 0.345142 0.938461 0.000000 0.000000 0.000000 0.000000 1.000000
0.999819 -0.017744 -0.006806 1.917300 0.014107 0.932906 -0.359843 6.762100 0.012734 0.359682 0.932988 -0.000000 0.000000 0.000000 0.000000 1.000000
0.999722 -0.023159 -0.004510 1.917300 0.019862 0.929222 -0.368989 6.762100 0.012737 0.368796 0.929423 0.000000 0.000000 0.000000 0.000000 1.000000
0.999787 -0.019795 -0.005877 1.917300 0.016309 0.931548 -0.363252 6.762100 0.012665 0.363079 0.931672 0.000000 0.000000 0.000000 0.000000 1.000000
0.999625 -0.027253 -0.002768 1.917300 0.024214 0.926339 -0.375913 6.762100 0.012809 0.375705 0.926651 -0.000000 0.000000 0.000000 0.000000 1.000000
0.999162 -0.040842 0.002866 1.917300 0.038590 0.916069 -0.399159 6.762100 0.013677 0.398935 0.916877 0.000000 0.000000 0.000000 0.000000 1.000000
0.999214 -0.039561 0.002334 1.917300 0.037236 0.917083 -0.396954 6.762100 0.013564 0.396729 0.917836 0.000000 0.000000 0.000000 0.000000 1.000000
0.999839 -0.016504 -0.007089 1.917300 0.012879 0.933802 -0.357558 6.762100 0.012521 0.357409 0.933864 0.000000 0.000000 0.000000 0.000000 1.000000
0.999753 0.012304 -0.018532 1.917300 -0.017431 0.950888 -0.309043 6.762100 0.013820 0.309289 0.950868 0.000000 0.000000 0.000000 0.000000 1.000000
0.999171 0.031462 -0.025841 1.917300 -0.037401 0.960072 -0.277242 6.762100 0.016086 0.277978 0.960453 0.000000 0.000000 0.000000 0.000000 1.000000
0.998978 0.035959 -0.027392 1.917300 -0.042025 0.962015 -0.269742 6.762100 0.016652 0.270617 0.962543 -0.000000 0.000000 0.000000 0.000000 1.000000
0.999092 0.033518 -0.026287 1.917300 -0.039440 0.961032 -0.273609 6.762100 0.016092 0.274398 0.961482 -0.000000 0.000000 0.000000 0.000000 1.000000
0.999300 0.028521 -0.024221 1.917300 -0.034196 0.958889 -0.281713 6.762100 0.015190 0.282344 0.959193 0.000000 0.000000 0.000000 0.000000 1.000000
0.999339 0.027557 -0.023693 1.917300 -0.033145 0.958492 -0.283187 6.762100 0.014906 0.283785 0.958772 -0.000000 0.000000 0.000000 0.000000 1.000000
0.999097 0.033720 -0.025847 1.917300 -0.039502 0.961232 -0.272898 6.762100 0.015643 0.273673 0.961696 -0.000000 0.000000 0.000000 0.000000 1.000000
0.998861 0.038912 -0.027606 1.917300 -0.044834 0.963415 -0.264237 6.762100 0.016314 0.265174 0.964063 0.000000 0.000000 0.000000 0.000000 1.000000
0.998573 0.044525 -0.029490 1.917300 -0.050585 0.965640 -0.254912 6.762100 0.017127 0.256040 0.966515 0.000000 0.000000 0.000000 0.000000 1.000000
0.998356 0.048396 -0.030712 1.917300 -0.054524 0.967108 -0.248455 6.762100 0.017678 0.249721 0.968156 -0.000000 0.000000 0.000000 0.000000 1.000000
0.998323 0.049043 -0.030761 1.917300 -0.055141 0.967377 -0.247266 6.762100 0.017631 0.248548 0.968459 -0.000000 0.000000 0.000000 0.000000 1.000000
0.998481 0.046440 -0.029652 1.917300 -0.052417 0.966464 -0.251395 6.762100 0.016983 0.252567 0.967430 0.000000 0.000000 0.000000 0.000000 1.000000
0.998872 0.039139 -0.026870 1.917300 -0.044842 0.963676 -0.263283 6.762100 0.015589 0.264191 0.964344 -0.000000 0.000000 0.000000 0.000000 1.000000
0.999176 0.032489 -0.024334 1.917300 -0.037923 0.960927 -0.274193 6.762100 0.014474 0.274890 0.961367 0.000000 0.000000 0.000000 0.000000 1.000000
0.999429 0.025795 -0.021806 1.917300 -0.030949 0.957947 -0.285272 6.762100 0.013531 0.285784 0.958198 -0.000000 0.000000 0.000000 0.000000 1.000000
0.999813 0.010572 -0.016205 1.917300 -0.015087 0.950346 -0.310828 6.762100 0.012114 0.311014 0.950328 0.000000 0.000000 0.000000 0.000000 1.000000
0.999933 -0.003806 -0.010888 1.917300 -0.000065 0.942129 -0.335249 6.762100 0.011534 0.335228 0.942067 0.000000 0.000000 0.000000 0.000000 1.000000
0.999470 -0.032554 -0.000653 1.917300 0.029793 0.922422 -0.385033 6.762100 0.013137 0.384809 0.922903 0.000000 0.000000 0.000000 0.000000 1.000000
0.995565 -0.090868 0.024380 1.917300 0.091228 0.869059 -0.486224 6.762100 0.022994 0.486292 0.873494 0.000000 0.000000 0.000000 0.000000 1.000000
0.997007 -0.075754 0.015427 1.917300 0.074333 0.884510 -0.460562 6.762100 0.021244 0.460330 0.887493 0.000000 0.000000 0.000000 0.000000 1.000000
0.996149 -0.085382 0.019925 1.917300 0.084518 0.874706 -0.477228 6.762100 0.023319 0.477074 0.878554 0.000000 0.000000 0.000000 0.000000 1.000000
0.996576 -0.080876 0.017202 1.917300 0.079464 0.879290 -0.469610 6.762100 0.022855 0.469369 0.882706 -0.000000 0.000000 0.000000 0.000000 1.000000
0.999291 -0.037629 0.001538 1.917300 0.035195 0.918562 -0.393706 6.762100 0.013401 0.393481 0.919235 -0.000000 0.000000 0.000000 0.000000 1.000000</float_array>
        <technique_common>
          <accessor source="#mixamorig_RightHandThumb2-Matrix-animation-output-transform-array" count="38" stride="16">
            <param type="float4x4"/>
          </accessor>
        </technique_common>
      </source>
      <source id="mixamorig_RightHandThumb2-Interpolations">
        <Name_array id="mixamorig_RightHandThumb2-Interpolations-array" count="38">
 LINEAR LINEAR LINEAR LINEAR LINEAR LINEAR LINEAR LINEAR LINEAR LINEAR LINEAR
LINEAR LINEAR LINEAR LINEAR LINEAR LINEAR LINEAR LINEAR LINEAR LINEAR LINEAR LINEAR
LINEAR LINEAR LINEAR LINEAR LINEAR LINEAR LINEAR LINEAR LINEAR LINEAR LINEAR LINEAR
LINEAR LINEAR LINEAR</Name_array>
        <technique_common>
          <accessor source="#mixamorig_RightHandThumb2-Interpolations-array" count="38">
            <param type="name"/>
          </accessor>
        </technique_common>
      </source>
      <sampler id="mixamorig_RightHandThumb2-Matrix-animation-transform">
        <input semantic="INPUT" source="#mixamorig_RightHandThumb2-Matrix-animation-input"/>
        <input semantic="OUTPUT" source="#mixamorig_RightHandThumb2-Matrix-animation-output-transform"/>
        <input semantic="INTERPOLATION" source="#mixamorig_RightHandThumb2-Interpolations"/>
      </sampler>
      <channel source="#mixamorig_RightHandThumb2-Matrix-animation-transform" target="mixamorig_RightHandThumb2/matrix"/>
    </animation>
    <animation id="mixamorig_RightHandThumb3-anim" name="mixamorig_RightHandThumb3">
      <source id="mixamorig_RightHandThumb3-Matrix-animation-input">
        <float_array id="mixamorig_RightHandThumb3-Matrix-animation-input-array" count="38">

0.000000 0.033333 0.066667 0.100000 0.133333 0.166667 0.200000 0.233333 0.266667 0.300000 0.333333 0.366667 0.400000 0.433333 0.466667 0.500000
0.533333 0.566667 0.600000 0.633333 0.666667 0.700000 0.733333 0.766667 0.800000 0.833333 0.866667 0.900000 0.933333 0.966667 1.000000 1.033333
1.066667 1.100000 1.133333 1.166667 1.200000 1.233333</float_array>
        <technique_common>
          <accessor source="#mixamorig_RightHandThumb3-Matrix-animation-input-array" count="38">
            <param name="TIME" type="float"/>
          </accessor>
        </technique_common>
      </source>
      <source id="mixamorig_RightHandThumb3-Matrix-animation-output-transform">
        <float_array id="mixamorig_RightHandThumb3-Matrix-animation-output-transform-array" count="608">

0.925881 0.363601 0.102658 0.497100 -0.371682 0.827828 0.420183 10.051100 0.067796 -0.427195 0.901614 -0.000000 0.000000 0.000000 0.000000 1.000000
0.924212 0.371150 0.089884 0.497100 -0.369518 0.809772 0.455769 10.051100 0.096373 -0.454441 0.885548 0.000000 0.000000 0.000000 0.000000 1.000000
0.922011 0.380034 0.073963 0.497100 -0.364663 0.788253 0.495659 10.051100 0.130065 -0.483974 0.865362 0.000000 0.000000 0.000000 0.000000 1.000000
0.920457 0.385532 0.064216 0.497100 -0.360858 0.775177 0.518539 10.051100 0.150134 -0.500466 0.852639 -0.000000 0.000000 0.000000 0.000000 1.000000
0.919773 0.387918 0.059483 0.497100 -0.358590 0.769115 0.529032 10.051100 0.159472 -0.507919 0.846515 0.000000 0.000000 0.000000 0.000000 1.000000
0.920015 0.387443 0.058835 0.497100 -0.357737 0.769034 0.529728 10.051100 0.159993 -0.508405 0.846124 0.000000 0.000000 0.000000 0.000000 1.000000
0.920811 0.385024 0.062164 0.497100 -0.358815 0.773867 0.521902 10.051100 0.152838 -0.502879 0.850737 0.000000 0.000000 0.000000 0.000000 1.000000
0.921530 0.382519 0.066791 0.497100 -0.360755 0.779750 0.511709 10.051100 0.143659 -0.495651 0.856559 0.000000 0.000000 0.000000 0.000000 1.000000
0.922129 0.380086 0.072203 0.497100 -0.363203 0.786189 0.499991 10.051100 0.133275 -0.487280 0.863015 0.000000 0.000000 0.000000 0.000000 1.000000
0.923201 0.376174 0.078694 0.497100 -0.365277 0.795217 0.483945 10.051100 0.119469 -0.475524 0.871553 0.000000 0.000000 0.000000 0.000000 1.000000
0.925647 0.368251 0.086996 0.497100 -0.365445 0.810424 0.457889 10.051100 0.098114 -0.455636 0.884743 0.000000 0.000000 0.000000 0.000000 1.000000
0.928944 0.352390 0.113513 0.497100 -0.368448 0.849989 0.376517 10.051100 0.036196 -0.391586 0.919429 -0.000000 0.000000 0.000000 0.000000 1.000000
0.928425 0.344268 0.139668 0.497100 -0.370811 0.881904 0.291108 10.051100 -0.022955 -0.322062 0.946440 0.000000 0.000000 0.000000 0.000000 1.000000
0.928536 0.342150 0.144062 0.497100 -0.369576 0.888650 0.271503 10.051100 -0.035126 -0.305342 0.951595 0.000000 0.000000 0.000000 0.000000 1.000000
0.931026 0.344760 0.119715 0.497100 -0.364623 0.864737 0.345371 10.051100 0.015548 -0.365200 0.930799 0.000000 0.000000 0.000000 0.000000 1.000000
0.929756 0.357927 0.086263 0.497100 -0.357520 0.821756 0.443730 10.051100 0.087936 -0.443402 0.891999 0.000000 0.000000 0.000000 0.000000 1.000000
0.926361 0.370981 0.065019 0.497100 -0.351528 0.789653 0.502869 10.051100 0.135212 -0.488694 0.861914 0.000000 0.000000 0.000000 0.000000 1.000000
0.926363 0.371316 0.063056 0.497100 -0.350185 0.787528 0.507120 10.051100 0.138643 -0.491858 0.859566 -0.000000 0.000000 0.000000 0.000000 1.000000
0.929972 0.359725 0.075832 0.497100 -0.351841 0.811083 0.467282 10.051100 0.106587 -0.461240 0.880850 0.000000 0.000000 0.000000 0.000000 1.000000
0.933134 0.347604 0.091833 0.497100 -0.353212 0.838653 0.414611 10.051100 0.067104 -0.419324 0.905353 -0.000000 0.000000 0.000000 0.000000 1.000000
0.934315 0.342493 0.098761 0.497100 -0.353023 0.850792 0.389265 10.051100 0.049296 -0.398561 0.915816 0.000000 0.000000 0.000000 0.000000 1.000000
0.933670 0.346541 0.090382 0.497100 -0.351588 0.838911 0.415468 10.051100 0.068154 -0.419688 0.905106 -0.000000 0.000000 0.000000 0.000000 1.000000
0.931447 0.355682 0.076795 0.497100 -0.349650 0.816428 0.459555 10.051100 0.100758 -0.454902 0.884823 0.000000 0.000000 0.000000 0.000000 1.000000
0.928589 0.365612 0.063635 0.497100 -0.346681 0.793435 0.500274 10.051100 0.132416 -0.486610 0.863526 -0.000000 0.000000 0.000000 0.000000 1.000000
0.926511 0.372168 0.055397 0.497100 -0.344129 0.778600 0.524744 10.051100 0.152161 -0.505245 0.849455 0.000000 0.000000 0.000000 0.000000 1.000000
0.925576 0.375031 0.051578 0.497100 -0.342837 0.772636 0.534319 10.051100 0.160535 -0.512236 0.843708 -0.000000 0.000000 0.000000 0.000000 1.000000
0.924305 0.378762 0.046900 0.497100 -0.341937 0.767255 0.542585 10.051100 0.169526 -0.517551 0.838691 -0.000000 0.000000 0.000000 0.000000 1.000000
0.922685 0.383196 0.042588 0.497100 -0.341699 0.761562 0.550694 10.051100 0.178591 -0.522670 0.833620 0.000000 0.000000 0.000000 0.000000 1.000000
0.923741 0.380036 0.047694 0.497100 -0.343462 0.766786 0.542285 10.051100 0.169516 -0.517312 0.838840 0.000000 0.000000 0.000000 0.000000 1.000000
0.927442 0.368621 0.063000 0.497100 -0.347660 0.787813 0.508412 10.051100 0.137779 -0.493425 0.858806 0.000000 0.000000 0.000000 0.000000 1.000000
0.929446 0.360613 0.078026 0.497100 -0.353662 0.810505 0.466910 10.051100 0.105133 -0.461563 0.880856 0.000000 0.000000 0.000000 0.000000 1.000000
0.930146 0.355390 0.092337 0.497100 -0.359441 0.829872 0.426748 10.051100 0.075035 -0.430128 0.899644 0.000000 0.000000 0.000000 0.000000 1.000000
0.927045 0.347523 0.140768 0.497100 -0.373065 0.892520 0.253438 10.051100 -0.037563 -0.287463 0.957055 0.000000 0.000000 0.000000 0.000000 1.000000
0.901887 0.381700 0.202248 0.497100 -0.381293 0.923474 -0.042557 10.051100 -0.203015 -0.038734 0.978409 -0.000000 0.000000 0.000000 0.000000 1.000000
0.916254 0.361743 0.172108 0.497100 -0.389388 0.905156 0.170500 10.051100 -0.094107 -0.223238 0.970211 0.000000 0.000000 0.000000 0.000000 1.000000
0.914379 0.365530 0.174065 0.497100 -0.394220 0.901774 0.177185 10.051100 -0.092201 -0.230634 0.968662 0.000000 0.000000 0.000000 0.000000 1.000000
0.917303 0.364511 0.160270 0.497100 -0.394589 0.886129 0.243052 10.051100 -0.053425 -0.286193 0.956681 0.000000 0.000000 0.000000 0.000000 1.000000
0.925881 0.363601 0.102658 0.497100 -0.371683 0.827828 0.420182 10.051100 0.067796 -0.427195 0.901614 0.000000 0.000000 0.000000 0.000000 1.000000</float_array>
        <technique_common>
          <accessor source="#mixamorig_RightHandThumb3-Matrix-animation-output-transform-array" count="38" stride="16">
            <param type="float4x4"/>
          </accessor>
        </technique_common>
      </source>
      <source id="mixamorig_RightHandThumb3-Interpolations">
        <Name_array id="mixamorig_RightHandThumb3-Interpolations-array" count="38">
 LINEAR LINEAR LINEAR LINEAR LINEAR LINEAR LINEAR LINEAR LINEAR LINEAR LINEAR
LINEAR LINEAR LINEAR LINEAR LINEAR LINEAR LINEAR LINEAR LINEAR LINEAR LINEAR LINEAR
LINEAR LINEAR LINEAR LINEAR LINEAR LINEAR LINEAR LINEAR LINEAR LINEAR LINEAR LINEAR
LINEAR LINEAR LINEAR</Name_array>
        <technique_common>
          <accessor source="#mixamorig_RightHandThumb3-Interpolations-array" count="38">
            <param type="name"/>
          </accessor>
        </technique_common>
      </source>
      <sampler id="mixamorig_RightHandThumb3-Matrix-animation-transform">
        <input semantic="INPUT" source="#mixamorig_RightHandThumb3-Matrix-animation-input"/>
        <input semantic="OUTPUT" source="#mixamorig_RightHandThumb3-Matrix-animation-output-transform"/>
        <input semantic="INTERPOLATION" source="#mixamorig_RightHandThumb3-Interpolations"/>
      </sampler>
      <channel source="#mixamorig_RightHandThumb3-Matrix-animation-transform" target="mixamorig_RightHandThumb3/matrix"/>
    </animation>
    <animation id="mixamorig_RightHandIndex1-anim" name="mixamorig_RightHandIndex1">
      <source id="mixamorig_RightHandIndex1-Matrix-animation-input">
        <float_array id="mixamorig_RightHandIndex1-Matrix-animation-input-array" count="38">

0.000000 0.033333 0.066667 0.100000 0.133333 0.166667 0.200000 0.233333 0.266667 0.300000 0.333333 0.366667 0.400000 0.433333 0.466667 0.500000
0.533333 0.566667 0.600000 0.633333 0.666667 0.700000 0.733333 0.766667 0.800000 0.833333 0.866667 0.900000 0.933333 0.966667 1.000000 1.033333
1.066667 1.100000 1.133333 1.166667 1.200000 1.233333</float_array>
        <technique_common>
          <accessor source="#mixamorig_RightHandIndex1-Matrix-animation-input-array" count="38">
            <param name="TIME" type="float"/>
          </accessor>
        </technique_common>
      </source>
      <source id="mixamorig_RightHandIndex1-Matrix-animation-output-transform">
        <float_array id="mixamorig_RightHandIndex1-Matrix-animation-output-transform-array" count="608">

0.966172 0.212111 -0.146700 -0.000000 -0.228796 0.967463 -0.108015 19.401501 0.119015 0.137925 0.983266 -0.321900 0.000000 0.000000 0.000000 1.000000
0.966444 0.211180 -0.146253 0.000000 -0.227225 0.968351 -0.103274 19.401501 0.119815 0.133041 0.983842 -0.321900 0.000000 0.000000 0.000000 1.000000
0.967187 0.207909 -0.146023 0.000000 -0.223306 0.969780 -0.098290 19.401501 0.121175 0.127672 0.984386 -0.321900 0.000000 0.000000 0.000000 1.000000
0.967309 0.207317 -0.146057 -0.000000 -0.222738 0.969893 -0.098467 19.401501 0.121246 0.127780 0.984364 -0.321900 0.000000 0.000000 0.000000 1.000000
0.968284 0.202632 -0.146174 -0.000000 -0.218256 0.970746 -0.100082 19.401501 0.121618 0.128811 0.984183 -0.321900 0.000000 0.000000 0.000000 1.000000
0.967955 0.204178 -0.146198 -0.000000 -0.220065 0.970120 -0.102166 19.401501 0.120970 0.131065 0.983966 -0.321900 0.000000 0.000000 0.000000 1.000000
0.967530 0.206127 -0.146279 0.000000 -0.222132 0.969561 -0.103002 19.401501 0.120595 0.132150 0.983866 -0.321900 0.000000 0.000000 0.000000 1.000000
0.967337 0.207076 -0.146213 0.000000 -0.222913 0.969521 -0.101677 19.401501 0.120702 0.130949 0.984014 -0.321900 0.000000 0.000000 0.000000 1.000000
0.967404 0.206944 -0.145954 0.000000 -0.222065 0.970280 -0.096145 19.401501 0.121720 0.125423 0.984608 -0.321900 0.000000 0.000000 0.000000 1.000000
0.968225 0.203173 -0.145813 0.000000 -0.217746 0.971662 -0.091976 19.401501 0.122994 0.120804 0.985027 -0.321900 0.000000 0.000000 0.000000 1.000000
0.967955 0.204163 -0.146221 0.000000 -0.219938 0.970248 -0.101224 19.401501 0.121204 0.130140 0.984060 -0.321900 0.000000 0.000000 0.000000 1.000000
0.965063 0.216444 -0.147666 0.000000 -0.235856 0.963085 -0.129768 19.401501 0.114128 0.160062 0.980487 -0.321900 0.000000 0.000000 0.000000 1.000000
0.963074 0.224170 -0.149121 0.000000 -0.246260 0.957318 -0.151322 19.401501 0.108834 0.182457 0.977172 -0.321900 0.000000 0.000000 0.000000 1.000000
0.962946 0.224379 -0.149630 0.000000 -0.247092 0.956339 -0.156081 19.401501 0.108076 0.187270 0.976345 -0.321900 0.000000 0.000000 0.000000 1.000000
0.963775 0.221463 -0.148633 0.000000 -0.243054 0.958730 -0.147520 19.401501 0.109829 0.178301 0.977827 -0.321900 0.000000 0.000000 0.000000 1.000000
0.965515 0.214569 -0.147446 0.000000 -0.234530 0.962721 -0.134774 19.401501 0.113031 0.164707 0.979845 -0.321900 0.000000 0.000000 0.000000 1.000000
0.966958 0.208275 -0.147013 0.000000 -0.227344 0.965418 -0.127602 19.401501 0.115353 0.156808 0.980870 -0.321900 0.000000 0.000000 0.000000 1.000000
0.966884 0.208277 -0.147498 0.000000 -0.227895 0.964748 -0.131622 19.401501 0.114885 0.160877 0.980265 -0.321900 0.000000 0.000000 0.000000 1.000000
0.966024 0.211277 -0.148859 -0.000000 -0.232563 0.961855 -0.144049 19.401501 0.112746 0.173774 0.978310 -0.321900 0.000000 0.000000 0.000000 1.000000
0.964408 0.217422 -0.150483 0.000000 -0.240679 0.957485 -0.159049 19.401501 0.109504 0.189606 0.975735 -0.321900 0.000000 0.000000 0.000000 1.000000
0.963248 0.221877 -0.151409 0.000000 -0.246218 0.954637 -0.167469 19.401501 0.107383 0.198594 0.974181 -0.321900 0.000000 0.000000 0.000000 1.000000
0.963836 0.219785 -0.150715 0.000000 -0.243367 0.956359 -0.161710 19.401501 0.108596 0.192541 0.975261 -0.321900 0.000000 0.000000 0.000000 1.000000
0.964691 0.216861 -0.149472 0.000000 -0.239066 0.959131 -0.151379 19.401501 0.110534 0.181768 0.977109 -0.321900 0.000000 0.000000 0.000000 1.000000
0.965588 0.213633 -0.148329 0.000000 -0.234472 0.961834 -0.141064 19.401501 0.112532 0.170989 0.978825 -0.321900 0.000000 0.000000 0.000000 1.000000
0.966254 0.211173 -0.147509 0.000000 -0.230969 0.963802 -0.133187 19.401501 0.114044 0.162762 0.980052 -0.321900 0.000000 0.000000 0.000000 1.000000
0.966859 0.208583 -0.147228 0.000000 -0.227888 0.965060 -0.129332 19.401501 0.115107 0.158598 0.980611 -0.321900 0.000000 0.000000 0.000000 1.000000
0.967651 0.205027 -0.147022 0.000000 -0.223844 0.966521 -0.125425 19.401501 0.116384 0.154278 0.981149 -0.321900 0.000000 0.000000 0.000000 1.000000
0.968429 0.201592 -0.146646 0.000000 -0.219708 0.968156 -0.120011 19.401501 0.117783 0.148442 0.981882 -0.321900 0.000000 0.000000 0.000000 1.000000
0.968258 0.202230 -0.146902 -0.000000 -0.220697 0.967604 -0.122621 19.401501 0.117345 0.151149 0.981521 -0.321900 0.000000 0.000000 0.000000 1.000000
0.966738 0.208726 -0.147819 0.000000 -0.228707 0.964191 -0.134272 19.401501 0.114500 0.163613 0.979857 -0.321900 0.000000 0.000000 0.000000 1.000000
0.966035 0.211849 -0.147976 -0.000000 -0.232166 0.962979 -0.137007 19.401501 0.113473 0.166708 0.979455 -0.321900 0.000000 0.000000 0.000000 1.000000
0.965331 0.215164 -0.147784 0.000000 -0.235208 0.962521 -0.135020 19.401501 0.113194 0.165100 0.979760 -0.321900 0.000000 0.000000 0.000000 1.000000
0.962257 0.227653 -0.149116 0.000000 -0.249771 0.956337 -0.151769 19.401501 0.108055 0.183285 0.977103 -0.321900 0.000000 0.000000 0.000000 1.000000
0.958803 0.239506 -0.152754 -0.000000 -0.265635 0.946485 -0.183316 19.401501 0.100674 0.216341 0.971114 -0.321900 0.000000 0.000000 0.000000 1.000000
0.963825 0.219960 -0.150529 0.000000 -0.243343 0.956609 -0.160263 19.401501 0.108746 0.191096 0.975529 -0.321900 0.000000 0.000000 0.000000 1.000000
0.960703 0.233205 -0.150546 0.000000 -0.257117 0.952005 -0.166065 19.401501 0.104594 0.198247 0.974555 -0.321900 0.000000 0.000000 0.000000 1.000000
0.964643 0.218666 -0.147137 0.000000 -0.236853 0.964100 -0.120046 19.401501 0.115605 0.150651 0.981804 -0.321900 0.000000 0.000000 0.000000 1.000000
0.966206 0.212098 -0.146491 0.000000 -0.228756 0.967469 -0.108045 19.401501 0.118809 0.137904 0.983294 -0.321900 0.000000 0.000000 0.000000 1.000000</float_array>
        <technique_common>
          <accessor source="#mixamorig_RightHandIndex1-Matrix-animation-output-transform-array" count="38" stride="16">
            <param type="float4x4"/>
          </accessor>
        </technique_common>
      </source>
      <source id="mixamorig_RightHandIndex1-Interpolations">
        <Name_array id="mixamorig_RightHandIndex1-Interpolations-array" count="38">
 LINEAR LINEAR LINEAR LINEAR LINEAR LINEAR LINEAR LINEAR LINEAR LINEAR LINEAR
LINEAR LINEAR LINEAR LINEAR LINEAR LINEAR LINEAR LINEAR LINEAR LINEAR LINEAR LINEAR
LINEAR LINEAR LINEAR LINEAR LINEAR LINEAR LINEAR LINEAR LINEAR LINEAR LINEAR LINEAR
LINEAR LINEAR LINEAR</Name_array>
        <technique_common>
          <accessor source="#mixamorig_RightHandIndex1-Interpolations-array" count="38">
            <param type="name"/>
          </accessor>
        </technique_common>
      </source>
      <sampler id="mixamorig_RightHandIndex1-Matrix-animation-transform">
        <input semantic="INPUT" source="#mixamorig_RightHandIndex1-Matrix-animation-input"/>
        <input semantic="OUTPUT" source="#mixamorig_RightHandIndex1-Matrix-animation-output-transform"/>
        <input semantic="INTERPOLATION" source="#mixamorig_RightHandIndex1-Interpolations"/>
      </sampler>
      <channel source="#mixamorig_RightHandIndex1-Matrix-animation-transform" target="mixamorig_RightHandIndex1/matrix"/>
    </animation>
    <animation id="mixamorig_RightHandIndex2-anim" name="mixamorig_RightHandIndex2">
      <source id="mixamorig_RightHandIndex2-Matrix-animation-input">
        <float_array id="mixamorig_RightHandIndex2-Matrix-animation-input-array" count="38">

0.000000 0.033333 0.066667 0.100000 0.133333 0.166667 0.200000 0.233333 0.266667 0.300000 0.333333 0.366667 0.400000 0.433333 0.466667 0.500000
0.533333 0.566667 0.600000 0.633333 0.666667 0.700000 0.733333 0.766667 0.800000 0.833333 0.866667 0.900000 0.933333 0.966667 1.000000 1.033333
1.066667 1.100000 1.133333 1.166667 1.200000 1.233333</float_array>
        <technique_common>
          <accessor source="#mixamorig_RightHandIndex2-Matrix-animation-input-array" count="38">
            <param name="TIME" type="float"/>
          </accessor>
        </technique_common>
      </source>
      <source id="mixamorig_RightHandIndex2-Matrix-animation-output-transform">
        <float_array id="mixamorig_RightHandIndex2-Matrix-animation-output-transform-array" count="608">

0.939148 0.337636 -0.063275 -0.085100 -0.337134 0.870599 -0.358328 9.396400 -0.065897 0.357855 0.931449 0.000000 0.000000 0.000000 0.000000 1.000000
0.938326 0.339753 -0.064126 -0.085100 -0.339244 0.868881 -0.360499 9.396400 -0.066763 0.360020 0.930553 -0.000000 0.000000 0.000000 0.000000 1.000000
0.938259 0.339924 -0.064195 -0.085100 -0.339416 0.868741 -0.360675 9.396400 -0.066833 0.360195 0.930480 0.000000 0.000000 0.000000 0.000000 1.000000
0.938138 0.340236 -0.064321 -0.085100 -0.339727 0.868487 -0.360994 9.396400 -0.066961 0.360514 0.930347 0.000000 0.000000 0.000000 0.000000 1.000000
0.941161 0.332373 -0.061192 -0.085100 -0.331887 0.874809 -0.352931 9.396400 -0.063774 0.352474 0.933646 0.000000 0.000000 0.000000 0.000000 1.000000
0.938874 0.338343 -0.063559 -0.085100 -0.337839 0.870026 -0.359053 9.396400 -0.066185 0.358578 0.931150 0.000000 0.000000 0.000000 0.000000 1.000000
0.938286 0.339854 -0.064167 -0.085100 -0.339346 0.868798 -0.360603 9.396400 -0.066804 0.360124 0.930510 0.000000 0.000000 0.000000 0.000000 1.000000
0.938484 0.339347 -0.063963 -0.085100 -0.338840 0.869211 -0.360083 9.396400 -0.066596 0.359605 0.930725 0.000000 0.000000 0.000000 0.000000 1.000000
0.938553 0.339170 -0.063891 -0.085100 -0.338664 0.869355 -0.359901 9.396400 -0.066524 0.359424 0.930800 0.000000 0.000000 0.000000 0.000000 1.000000
0.938628 0.338976 -0.063813 -0.085100 -0.338471 0.869512 -0.359703 9.396400 -0.066444 0.359226 0.930882 0.000000 0.000000 0.000000 0.000000 1.000000
0.938709 0.338767 -0.063729 -0.085100 -0.338262 0.869682 -0.359488 9.396400 -0.066359 0.359012 0.930971 0.000000 0.000000 0.000000 0.000000 1.000000
0.939122 0.337702 -0.063302 -0.085100 -0.337200 0.870545 -0.358396 9.396400 -0.065924 0.357923 0.931421 0.000000 0.000000 0.000000 0.000000 1.000000
0.934875 0.348462 -0.067698 -0.085100 -0.347926 0.861667 -0.369428 9.396400 -0.070398 0.368923 0.926790 0.000000 0.000000 0.000000 0.000000 1.000000
0.933698 0.351367 -0.068917 -0.085100 -0.350823 0.859207 -0.372407 9.396400 -0.071638 0.371893 0.925507 0.000000 0.000000 0.000000 0.000000 1.000000
0.937759 0.341205 -0.064713 -0.085100 -0.340692 0.867694 -0.361988 9.396400 -0.067361 0.361505 0.929934 0.000000 0.000000 0.000000 0.000000 1.000000
0.939273 0.337312 -0.063146 -0.085100 -0.336812 0.870860 -0.357996 9.396400 -0.065765 0.357524 0.931585 -0.000000 0.000000 0.000000 0.000000 1.000000
0.939282 0.337287 -0.063136 -0.085100 -0.336786 0.870880 -0.357971 9.396400 -0.065755 0.357499 0.931596 -0.000000 0.000000 0.000000 0.000000 1.000000
0.939391 0.337005 -0.063024 -0.085100 -0.336505 0.871108 -0.357681 9.396400 -0.065640 0.357210 0.931715 0.000000 0.000000 0.000000 0.000000 1.000000
0.939709 0.336178 -0.062694 -0.085100 -0.335681 0.871773 -0.356834 9.396400 -0.065305 0.356365 0.932062 -0.000000 0.000000 0.000000 0.000000 1.000000
0.938374 0.339630 -0.064076 -0.085100 -0.339122 0.868981 -0.360373 9.396400 -0.066712 0.359894 0.930605 0.000000 0.000000 0.000000 0.000000 1.000000
0.934625 0.349081 -0.067957 -0.085100 -0.348544 0.861145 -0.370063 9.396400 -0.070661 0.369556 0.926518 0.000000 0.000000 0.000000 0.000000 1.000000
0.934272 0.349954 -0.068322 -0.085100 -0.349414 0.860407 -0.370958 9.396400 -0.071033 0.370448 0.926133 0.000000 0.000000 0.000000 0.000000 1.000000
0.938484 0.339348 -0.063963 -0.085100 -0.338841 0.869210 -0.360084 9.396400 -0.066597 0.359606 0.930725 -0.000000 0.000000 0.000000 0.000000 1.000000
0.938515 0.339268 -0.063931 -0.085100 -0.338761 0.869275 -0.360002 9.396400 -0.066564 0.359524 0.930759 0.000000 0.000000 0.000000 0.000000 1.000000
0.937681 0.341404 -0.064794 -0.085100 -0.340891 0.867531 -0.362192 9.396400 -0.067443 0.361708 0.929849 0.000000 0.000000 0.000000 0.000000 1.000000
0.940313 0.334602 -0.062069 -0.085100 -0.334109 0.873036 -0.355217 9.396400 -0.064668 0.354753 0.932721 0.000000 0.000000 0.000000 0.000000 1.000000
0.940295 0.334650 -0.062088 -0.085100 -0.334157 0.872997 -0.355266 9.396400 -0.064687 0.354802 0.932701 0.000000 0.000000 0.000000 0.000000 1.000000
0.940376 0.334439 -0.062004 -0.085100 -0.333946 0.873167 -0.355049 9.396400 -0.064602 0.354586 0.932789 -0.000000 0.000000 0.000000 0.000000 1.000000
0.940453 0.334236 -0.061924 -0.085100 -0.333744 0.873328 -0.354841 9.396400 -0.064520 0.354378 0.932874 -0.000000 0.000000 0.000000 0.000000 1.000000
0.940581 0.333901 -0.061792 -0.085100 -0.333411 0.873595 -0.354498 9.396400 -0.064386 0.354036 0.933013 -0.000000 0.000000 0.000000 0.000000 1.000000
0.939384 0.337023 -0.063031 -0.085100 -0.336523 0.871093 -0.357699 9.396400 -0.065647 0.357228 0.931707 0.000000 0.000000 0.000000 0.000000 1.000000
0.936519 0.344350 -0.065997 -0.085100 -0.343827 0.865103 -0.365212 9.396400 -0.068667 0.364720 0.928582 -0.000000 0.000000 0.000000 0.000000 1.000000
0.932207 0.355002 -0.070460 -0.085100 -0.354445 0.856091 -0.376133 9.396400 -0.073208 0.375608 0.923883 0.000000 0.000000 0.000000 0.000000 1.000000
0.927221 0.366802 -0.075619 -0.085100 -0.366206 0.845678 -0.388228 9.396400 -0.078453 0.387666 0.918455 0.000000 0.000000 0.000000 0.000000 1.000000
0.930655 0.358731 -0.072066 -0.085100 -0.358163 0.852850 -0.379956 9.396400 -0.074841 0.379419 0.922193 0.000000 0.000000 0.000000 0.000000 1.000000
0.931474 0.356770 -0.071218 -0.085100 -0.356208 0.854560 -0.377946 9.396400 -0.073979 0.377415 0.923085 0.000000 0.000000 0.000000 0.000000 1.000000
0.935012 0.348122 -0.067557 -0.085100 -0.347588 0.861953 -0.369080 9.396400 -0.070254 0.368576 0.926939 0.000000 0.000000 0.000000 0.000000 1.000000
0.939148 0.337636 -0.063276 -0.085100 -0.337134 0.870598 -0.358328 9.396400 -0.065897 0.357855 0.931449 0.000000 0.000000 0.000000 0.000000 1.000000</float_array>
        <technique_common>
          <accessor source="#mixamorig_RightHandIndex2-Matrix-animation-output-transform-array" count="38" stride="16">
            <param type="float4x4"/>
          </accessor>
        </technique_common>
      </source>
      <source id="mixamorig_RightHandIndex2-Interpolations">
        <Name_array id="mixamorig_RightHandIndex2-Interpolations-array" count="38">
 LINEAR LINEAR LINEAR LINEAR LINEAR LINEAR LINEAR LINEAR LINEAR LINEAR LINEAR
LINEAR LINEAR LINEAR LINEAR LINEAR LINEAR LINEAR LINEAR LINEAR LINEAR LINEAR LINEAR
LINEAR LINEAR LINEAR LINEAR LINEAR LINEAR LINEAR LINEAR LINEAR LINEAR LINEAR LINEAR
LINEAR LINEAR LINEAR</Name_array>
        <technique_common>
          <accessor source="#mixamorig_RightHandIndex2-Interpolations-array" count="38">
            <param type="name"/>
          </accessor>
        </technique_common>
      </source>
      <sampler id="mixamorig_RightHandIndex2-Matrix-animation-transform">
        <input semantic="INPUT" source="#mixamorig_RightHandIndex2-Matrix-animation-input"/>
        <input semantic="OUTPUT" source="#mixamorig_RightHandIndex2-Matrix-animation-output-transform"/>
        <input semantic="INTERPOLATION" source="#mixamorig_RightHandIndex2-Interpolations"/>
      </sampler>
      <channel source="#mixamorig_RightHandIndex2-Matrix-animation-transform" target="mixamorig_RightHandIndex2/matrix"/>
    </animation>
    <animation id="mixamorig_RightHandIndex3-anim" name="mixamorig_RightHandIndex3">
      <source id="mixamorig_RightHandIndex3-Matrix-animation-input">
        <float_array id="mixamorig_RightHandIndex3-Matrix-animation-input-array" count="38">

0.000000 0.033333 0.066667 0.100000 0.133333 0.166667 0.200000 0.233333 0.266667 0.300000 0.333333 0.366667 0.400000 0.433333 0.466667 0.500000
0.533333 0.566667 0.600000 0.633333 0.666667 0.700000 0.733333 0.766667 0.800000 0.833333 0.866667 0.900000 0.933333 0.966667 1.000000 1.033333
1.066667 1.100000 1.133333 1.166667 1.200000 1.233333</float_array>
        <technique_common>
          <accessor source="#mixamorig_RightHandIndex3-Matrix-animation-input-array" count="38">
            <param name="TIME" type="float"/>
          </accessor>
        </technique_common>
      </source>
      <source id="mixamorig_RightHandIndex3-Matrix-animation-output-transform">
        <float_array id="mixamorig_RightHandIndex3-Matrix-animation-output-transform-array" count="608">

0.959534 0.277738 -0.046439 0.015900 -0.278608 0.912408 -0.299817 8.385000 -0.040899 0.300623 0.952866 0.000000 0.000000 0.000000 0.000000 1.000000
0.959634 0.277408 -0.046330 0.015900 -0.278276 0.912620 -0.299478 8.385000 -0.040796 0.300282 0.952978 0.000000 0.000000 0.000000 0.000000 1.000000
0.959650 0.277356 -0.046313 0.015900 -0.278223 0.912654 -0.299424 8.385000 -0.040779 0.300228 0.952996 0.000000 0.000000 0.000000 0.000000 1.000000
0.959634 0.277409 -0.046331 0.015900 -0.278277 0.912619 -0.299479 8.385000 -0.040796 0.300283 0.952977 0.000000 0.000000 0.000000 0.000000 1.000000
0.959861 0.276664 -0.046085 0.015900 -0.277528 0.913098 -0.298715 8.385000 -0.040564 0.299515 0.953229 0.000000 0.000000 0.000000 0.000000 1.000000
0.959679 0.277262 -0.046282 0.015900 -0.278129 0.912714 -0.299327 8.385000 -0.040750 0.300130 0.953027 0.000000 0.000000 0.000000 0.000000 1.000000
0.959654 0.277343 -0.046309 0.015900 -0.278211 0.912662 -0.299412 8.385000 -0.040776 0.300215 0.953000 0.000000 0.000000 0.000000 0.000000 1.000000
0.959421 0.278105 -0.046561 0.015900 -0.278977 0.912171 -0.300193 8.385000 -0.041014 0.301001 0.952742 0.000000 0.000000 0.000000 0.000000 1.000000
0.959084 0.279207 -0.046927 0.015900 -0.280086 0.911459 -0.301323 8.385000 -0.041360 0.302137 0.952367 -0.000000 0.000000 0.000000 0.000000 1.000000
0.958720 0.280386 -0.047320 0.015900 -0.281272 0.910693 -0.302531 8.385000 -0.041732 0.303353 0.951964 -0.000000 0.000000 0.000000 0.000000 1.000000
0.958577 0.280851 -0.047475 0.015900 -0.281739 0.910389 -0.303008 8.385000 -0.041879 0.303832 0.951805 -0.000000 0.000000 0.000000 0.000000 1.000000
0.958853 0.279954 -0.047176 0.015900 -0.280838 0.910973 -0.302089 8.385000 -0.041595 0.302908 0.952112 0.000000 0.000000 0.000000 0.000000 1.000000
0.959112 0.279113 -0.046895 0.015900 -0.279991 0.911519 -0.301226 8.385000 -0.041330 0.302040 0.952399 -0.000000 0.000000 0.000000 0.000000 1.000000
0.959360 0.278305 -0.046627 0.015900 -0.279178 0.912042 -0.300398 8.385000 -0.041076 0.301207 0.952674 -0.000000 0.000000 0.000000 0.000000 1.000000
0.959557 0.277661 -0.046414 0.015900 -0.278530 0.912457 -0.299737 8.385000 -0.040875 0.300543 0.952892 0.000000 0.000000 0.000000 0.000000 1.000000
0.959594 0.277542 -0.046374 0.015900 -0.278411 0.912534 -0.299615 8.385000 -0.040838 0.300420 0.952932 0.000000 0.000000 0.000000 0.000000 1.000000
0.959656 0.277338 -0.046307 0.015900 -0.278205 0.912666 -0.299405 8.385000 -0.040774 0.300209 0.953002 0.000000 0.000000 0.000000 0.000000 1.000000
0.959795 0.276881 -0.046156 0.015900 -0.277746 0.912959 -0.298937 8.385000 -0.040631 0.299738 0.953156 0.000000 0.000000 0.000000 0.000000 1.000000
0.959824 0.276787 -0.046125 0.015900 -0.277651 0.913019 -0.298840 8.385000 -0.040602 0.299641 0.953188 0.000000 0.000000 0.000000 0.000000 1.000000
0.959942 0.276398 -0.045997 0.015900 -0.277260 0.913269 -0.298442 8.385000 -0.040481 0.299240 0.953319 0.000000 0.000000 0.000000 0.000000 1.000000
0.960016 0.276153 -0.045916 0.015900 -0.277013 0.913425 -0.298191 8.385000 -0.040405 0.298987 0.953401 0.000000 0.000000 0.000000 0.000000 1.000000
0.960061 0.276004 -0.045868 0.015900 -0.276863 0.913521 -0.298038 8.385000 -0.040359 0.298834 0.953451 -0.000000 0.000000 0.000000 0.000000 1.000000
0.960139 0.275750 -0.045784 0.015900 -0.276607 0.913683 -0.297777 8.385000 -0.040280 0.298571 0.953537 0.000000 0.000000 0.000000 0.000000 1.000000
0.959924 0.276457 -0.046016 0.015900 -0.277319 0.913231 -0.298502 8.385000 -0.040499 0.299300 0.953299 0.000000 0.000000 0.000000 0.000000 1.000000
0.959783 0.276919 -0.046169 0.015900 -0.277784 0.912934 -0.298977 8.385000 -0.040643 0.299778 0.953143 0.000000 0.000000 0.000000 0.000000 1.000000
0.959807 0.276841 -0.046143 0.015900 -0.277706 0.912984 -0.298897 8.385000 -0.040619 0.299697 0.953169 -0.000000 0.000000 0.000000 0.000000 1.000000
0.959517 0.277794 -0.046458 0.015900 -0.278664 0.912372 -0.299873 8.385000 -0.040916 0.300679 0.952847 -0.000000 0.000000 0.000000 0.000000 1.000000
0.958884 0.279856 -0.047143 0.015900 -0.280739 0.911037 -0.301989 8.385000 -0.041564 0.302807 0.952145 0.000000 0.000000 0.000000 0.000000 1.000000
0.958843 0.279989 -0.047187 0.015900 -0.280872 0.910951 -0.302125 8.385000 -0.041606 0.302944 0.952100 0.000000 0.000000 0.000000 0.000000 1.000000
0.958926 0.279720 -0.047097 0.015900 -0.280601 0.911126 -0.301848 8.385000 -0.041521 0.302666 0.952192 -0.000000 0.000000 0.000000 0.000000 1.000000
0.958819 0.280067 -0.047213 0.015900 -0.280951 0.910900 -0.302204 8.385000 -0.041631 0.303023 0.952073 0.000000 0.000000 0.000000 0.000000 1.000000
0.959031 0.279377 -0.046983 0.015900 -0.280257 0.911348 -0.301497 8.385000 -0.041413 0.302312 0.952309 0.000000 0.000000 0.000000 0.000000 1.000000
0.959209 0.278798 -0.046790 0.015900 -0.279674 0.911724 -0.300903 8.385000 -0.041231 0.301715 0.952506 0.000000 0.000000 0.000000 0.000000 1.000000
0.959636 0.277404 -0.046329 0.015900 -0.278272 0.912623 -0.299473 8.385000 -0.040794 0.300277 0.952979 -0.000000 0.000000 0.000000 0.000000 1.000000
0.959921 0.276468 -0.046020 0.015900 -0.277330 0.913224 -0.298513 8.385000 -0.040503 0.299312 0.953295 0.000000 0.000000 0.000000 0.000000 1.000000
0.959864 0.276654 -0.046081 0.015900 -0.277517 0.913105 -0.298704 8.385000 -0.040561 0.299503 0.953233 -0.000000 0.000000 0.000000 0.000000 1.000000
0.959476 0.277928 -0.046502 0.015900 -0.278798 0.912286 -0.300010 8.385000 -0.040958 0.300817 0.952802 -0.000000 0.000000 0.000000 0.000000 1.000000
0.959534 0.277739 -0.046439 0.015900 -0.278608 0.912407 -0.299817 8.385000 -0.040899 0.300623 0.952866 0.000000 0.000000 0.000000 0.000000 1.000000</float_array>
        <technique_common>
          <accessor source="#mixamorig_RightHandIndex3-Matrix-animation-output-transform-array" count="38" stride="16">
            <param type="float4x4"/>
          </accessor>
        </technique_common>
      </source>
      <source id="mixamorig_RightHandIndex3-Interpolations">
        <Name_array id="mixamorig_RightHandIndex3-Interpolations-array" count="38">
 LINEAR LINEAR LINEAR LINEAR LINEAR LINEAR LINEAR LINEAR LINEAR LINEAR LINEAR
LINEAR LINEAR LINEAR LINEAR LINEAR LINEAR LINEAR LINEAR LINEAR LINEAR LINEAR LINEAR
LINEAR LINEAR LINEAR LINEAR LINEAR LINEAR LINEAR LINEAR LINEAR LINEAR LINEAR LINEAR
LINEAR LINEAR LINEAR</Name_array>
        <technique_common>
          <accessor source="#mixamorig_RightHandIndex3-Interpolations-array" count="38">
            <param type="name"/>
          </accessor>
        </technique_common>
      </source>
      <sampler id="mixamorig_RightHandIndex3-Matrix-animation-transform">
        <input semantic="INPUT" source="#mixamorig_RightHandIndex3-Matrix-animation-input"/>
        <input semantic="OUTPUT" source="#mixamorig_RightHandIndex3-Matrix-animation-output-transform"/>
        <input semantic="INTERPOLATION" source="#mixamorig_RightHandIndex3-Interpolations"/>
      </sampler>
      <channel source="#mixamorig_RightHandIndex3-Matrix-animation-transform" target="mixamorig_RightHandIndex3/matrix"/>
    </animation>
    <animation id="mixamorig_LeftUpLeg-anim" name="mixamorig_LeftUpLeg">
      <source id="mixamorig_LeftUpLeg-Matrix-animation-input">
        <float_array id="mixamorig_LeftUpLeg-Matrix-animation-input-array" count="38">

0.000000 0.033333 0.066667 0.100000 0.133333 0.166667 0.200000 0.233333 0.266667 0.300000 0.333333 0.366667 0.400000 0.433333 0.466667 0.500000
0.533333 0.566667 0.600000 0.633333 0.666667 0.700000 0.733333 0.766667 0.800000 0.833333 0.866667 0.900000 0.933333 0.966667 1.000000 1.033333
1.066667 1.100000 1.133333 1.166667 1.200000 1.233333</float_array>
        <technique_common>
          <accessor source="#mixamorig_LeftUpLeg-Matrix-animation-input-array" count="38">
            <param name="TIME" type="float"/>
          </accessor>
        </technique_common>
      </source>
      <source id="mixamorig_LeftUpLeg-Matrix-animation-output-transform">
        <float_array id="mixamorig_LeftUpLeg-Matrix-animation-output-transform-array" count="608">

-0.994367 -0.060286 0.087176 17.234699 0.080161 -0.965839 0.246432 -5.936600 0.069341 0.252032 0.965231 0.975600 0.000000 0.000000 0.000000 1.000000
-0.993878 -0.063834 0.090180 17.234699 0.086113 -0.958921 0.270285 -5.936600 0.069222 0.276396 0.958548 0.975600 0.000000 0.000000 0.000000 1.000000
-0.993566 -0.066663 0.091554 17.234699 0.091453 -0.949104 0.301393 -5.936600 0.066802 0.307827 0.949094 0.975600 0.000000 0.000000 0.000000 1.000000
-0.993375 -0.070693 0.090605 17.234699 0.096749 -0.939929 0.327373 -5.936600 0.062019 0.333970 0.940541 0.975600 0.000000 0.000000 0.000000 1.000000
-0.993438 -0.072615 0.088360 17.234699 0.099164 -0.931809 0.349139 -5.936600 0.056982 0.355611 0.932896 0.975600 0.000000 0.000000 0.000000 1.000000
-0.993899 -0.069111 0.085951 17.234699 0.096303 -0.923661 0.370913 -5.936600 0.053755 0.376927 0.924682 0.975600 0.000000 0.000000 0.000000 1.000000
-0.994594 -0.063602 0.082082 17.234699 0.090993 -0.914671 0.393825 -5.936600 0.050029 0.399165 0.915513 0.975600 0.000000 0.000000 0.000000 1.000000
-0.995315 -0.060574 0.075364 17.234699 0.086022 -0.910648 0.404128 -5.936600 0.044150 0.408718 0.911592 0.975600 0.000000 0.000000 0.000000 1.000000
-0.996121 -0.050504 0.072062 17.234699 0.077151 -0.895104 0.439132 -5.936600 0.042325 0.442989 0.895528 0.975600 0.000000 0.000000 0.000000 1.000000
-0.996969 -0.028743 0.072298 17.234699 0.060402 -0.871648 0.486397 -5.936600 0.049038 0.489289 0.870742 0.975600 0.000000 0.000000 0.000000 1.000000
-0.997570 -0.001348 0.069652 17.234699 0.038206 -0.846625 0.530816 -5.936600 0.058253 0.532188 0.844620 0.975600 0.000000 0.000000 0.000000 1.000000
-0.997604 0.022226 0.065519 17.234699 0.018229 -0.829094 0.558813 -5.936600 0.066741 0.558668 0.826702 0.975600 0.000000 0.000000 0.000000 1.000000
-0.997177 0.034673 0.066603 17.234699 0.008252 -0.831022 0.556178 -5.936600 0.074633 0.555158 0.828390 0.975600 0.000000 0.000000 0.000000 1.000000
-0.997015 0.032646 0.069965 17.234699 0.009477 -0.847601 0.530549 -5.936600 0.076623 0.529629 0.844762 0.975600 0.000000 0.000000 0.000000 1.000000
-0.997340 0.024852 0.068519 17.234699 0.011203 -0.876636 0.481024 -5.936600 0.072021 0.480512 0.874026 0.975600 0.000000 0.000000 0.000000 1.000000
-0.997734 0.025708 0.062178 17.234699 0.004969 -0.893451 0.449133 -5.936600 0.067100 0.448425 0.891298 0.975600 0.000000 0.000000 0.000000 1.000000
-0.997426 0.037668 0.061018 17.234699 -0.004934 -0.884956 0.465649 -5.936600 0.071538 0.464150 0.882863 0.975600 0.000000 0.000000 0.000000 1.000000
-0.996401 0.052249 0.066752 17.234699 -0.015424 -0.886062 0.463310 -5.936600 0.083354 0.460612 0.883679 0.975600 0.000000 0.000000 0.000000 1.000000
-0.995383 0.064816 0.070792 17.234699 -0.026649 -0.895183 0.444901 -5.936600 0.092208 0.440960 0.892777 0.975600 0.000000 0.000000 0.000000 1.000000
-0.994582 0.076447 0.070438 17.234699 -0.041388 -0.912809 0.406285 -5.936600 0.095356 0.401169 0.911027 0.975600 0.000000 0.000000 0.000000 1.000000
-0.993890 0.087023 0.067894 17.234699 -0.057979 -0.935050 0.349743 -5.936600 0.093919 0.343670 0.934382 0.975600 0.000000 0.000000 0.000000 1.000000
-0.993887 0.090066 0.063844 17.234699 -0.068390 -0.956270 0.284377 -5.936600 0.086664 0.278272 0.956585 0.975600 0.000000 0.000000 0.000000 1.000000
-0.994183 0.087903 0.062241 17.234699 -0.072738 -0.974138 0.213926 -5.936600 0.079436 0.208154 0.974865 0.975600 0.000000 0.000000 0.000000 1.000000
-0.994400 0.082830 0.065640 17.234699 -0.072708 -0.986918 0.143898 -5.936600 0.076701 0.138319 0.987413 0.975600 0.000000 0.000000 0.000000 1.000000
-0.994621 0.072862 0.073617 17.234699 -0.067163 -0.994756 0.077131 -5.936600 0.078850 0.071771 0.994299 0.975600 0.000000 0.000000 0.000000 1.000000
-0.994793 0.033717 0.096173 17.234699 -0.033880 -0.999426 -0.000065 -5.936600 0.096116 -0.003323 0.995365 0.975600 0.000000 0.000000 0.000000 1.000000
-0.995065 0.011239 0.098591 17.234699 -0.013112 -0.999745 -0.018372 -5.936600 0.098360 -0.019574 0.994958 0.975600 0.000000 0.000000 0.000000 1.000000
-0.997211 -0.021213 0.071560 17.234699 0.022748 -0.999527 0.020705 -5.936600 0.071087 0.022275 0.997221 0.975600 0.000000 0.000000 0.000000 1.000000
-0.997299 -0.065560 0.033117 17.234699 0.068242 -0.993810 0.087666 -5.936600 0.027164 0.089689 0.995599 0.975600 0.000000 0.000000 0.000000 1.000000
-0.996245 -0.081080 0.030352 17.234699 0.084543 -0.986626 0.139359 -5.936600 0.018646 0.141402 0.989777 0.975600 0.000000 0.000000 0.000000 1.000000
-0.996275 -0.064884 0.056796 17.234699 0.073300 -0.984152 0.161467 -5.936600 0.045419 0.165029 0.985242 0.975600 0.000000 0.000000 0.000000 1.000000
-0.995888 -0.061372 0.066641 17.234699 0.071679 -0.983631 0.165322 -5.936600 0.055404 0.169419 0.983986 0.975600 0.000000 0.000000 0.000000 1.000000
-0.995814 -0.070056 0.058704 17.234699 0.078420 -0.984791 0.155036 -5.936600 0.046950 0.158991 0.986163 0.975600 0.000000 0.000000 0.000000 1.000000
-0.995520 -0.073516 0.059460 17.234699 0.082457 -0.982761 0.165472 -5.936600 0.046270 0.169634 0.984420 0.975600 0.000000 0.000000 0.000000 1.000000
-0.995481 -0.069644 0.064547 17.234699 0.080461 -0.979645 0.183909 -5.936600 0.050425 0.188271 0.980822 0.975600 0.000000 0.000000 0.000000 1.000000
-0.995230 -0.065294 0.072488 17.234699 0.078798 -0.976074 0.202659 -5.936600 0.057521 0.207404 0.976563 0.975600 0.000000 0.000000 0.000000 1.000000
-0.994813 -0.061841 0.080764 17.234699 0.078446 -0.971861 0.222108 -5.936600 0.064756 0.227291 0.971671 0.975600 0.000000 0.000000 0.000000 1.000000
-0.994367 -0.060286 0.087176 17.234699 0.080161 -0.965839 0.246432 -5.936600 0.069341 0.252031 0.965232 0.975600 0.000000 0.000000 0.000000 1.000000</float_array>
        <technique_common>
          <accessor source="#mixamorig_LeftUpLeg-Matrix-animation-output-transform-array" count="38" stride="16">
            <param type="float4x4"/>
          </accessor>
        </technique_common>
      </source>
      <source id="mixamorig_LeftUpLeg-Interpolations">
        <Name_array id="mixamorig_LeftUpLeg-Interpolations-array" count="38">
 LINEAR LINEAR LINEAR LINEAR LINEAR LINEAR LINEAR LINEAR LINEAR LINEAR LINEAR
LINEAR LINEAR LINEAR LINEAR LINEAR LINEAR LINEAR LINEAR LINEAR LINEAR LINEAR LINEAR
LINEAR LINEAR LINEAR LINEAR LINEAR LINEAR LINEAR LINEAR LINEAR LINEAR LINEAR LINEAR
LINEAR LINEAR LINEAR</Name_array>
        <technique_common>
          <accessor source="#mixamorig_LeftUpLeg-Interpolations-array" count="38">
            <param type="name"/>
          </accessor>
        </technique_common>
      </source>
      <sampler id="mixamorig_LeftUpLeg-Matrix-animation-transform">
        <input semantic="INPUT" source="#mixamorig_LeftUpLeg-Matrix-animation-input"/>
        <input semantic="OUTPUT" source="#mixamorig_LeftUpLeg-Matrix-animation-output-transform"/>
        <input semantic="INTERPOLATION" source="#mixamorig_LeftUpLeg-Interpolations"/>
      </sampler>
      <channel source="#mixamorig_LeftUpLeg-Matrix-animation-transform" target="mixamorig_LeftUpLeg/matrix"/>
    </animation>
    <animation id="mixamorig_LeftLeg-anim" name="mixamorig_LeftLeg">
      <source id="mixamorig_LeftLeg-Matrix-animation-input">
        <float_array id="mixamorig_LeftLeg-Matrix-animation-input-array" count="38">

0.000000 0.033333 0.066667 0.100000 0.133333 0.166667 0.200000 0.233333 0.266667 0.300000 0.333333 0.366667 0.400000 0.433333 0.466667 0.500000
0.533333 0.566667 0.600000 0.633333 0.666667 0.700000 0.733333 0.766667 0.800000 0.833333 0.866667 0.900000 0.933333 0.966667 1.000000 1.033333
1.066667 1.100000 1.133333 1.166667 1.200000 1.233333</float_array>
        <technique_common>
          <accessor source="#mixamorig_LeftLeg-Matrix-animation-input-array" count="38">
            <param name="TIME" type="float"/>
          </accessor>
        </technique_common>
      </source>
      <source id="mixamorig_LeftLeg-Matrix-animation-output-transform">
        <float_array id="mixamorig_LeftLeg-Matrix-animation-output-transform-array" count="608">

0.999840 0.001275 0.017819 0.000000 -0.011228 0.820673 0.571288 46.723801 -0.013895 -0.571397 0.820556 0.000000 0.000000 0.000000 0.000000 1.000000
0.999826 0.003952 0.018220 -0.000000 -0.013611 0.822549 0.568531 46.723801 -0.012740 -0.568680 0.822460 0.000000 0.000000 0.000000 0.000000 1.000000
0.999906 0.006433 0.012105 0.000000 -0.012219 0.818536 0.574325 46.723801 -0.006214 -0.574419 0.818538 0.000000 0.000000 0.000000 0.000000 1.000000
0.999949 0.008981 0.004639 0.000000 -0.010021 0.820310 0.571832 46.723801 0.001331 -0.571849 0.820358 -0.000000 0.000000 0.000000 0.000000 1.000000
0.999932 0.011576 -0.001279 0.000000 -0.008870 0.828089 0.560526 46.723801 0.007548 -0.560477 0.828136 0.000000 0.000000 0.000000 0.000000 1.000000
0.999895 0.013654 -0.004765 0.000000 -0.008884 0.839937 0.542611 46.723801 0.011412 -0.542512 0.839970 0.000000 0.000000 0.000000 0.000000 1.000000
0.999826 0.014956 -0.011109 0.000000 -0.007062 0.856036 0.516868 46.723801 0.017240 -0.516699 0.855993 -0.000000 0.000000 0.000000 0.000000 1.000000
0.999596 0.015300 -0.023944 0.000000 -0.002548 0.887528 0.460747 46.723801 0.028300 -0.460500 0.887208 -0.000000 0.000000 0.000000 0.000000 1.000000
0.999135 0.015309 -0.038666 0.000000 0.003362 0.896991 0.442036 46.723801 0.041451 -0.441784 0.896163 0.000000 0.000000 0.000000 0.000000 1.000000
0.998716 0.014686 -0.048475 0.000000 0.008373 0.895999 0.443978 46.723801 0.049954 -0.443814 0.894726 0.000000 0.000000 0.000000 0.000000 1.000000
0.998401 0.007040 -0.056090 0.000000 0.019035 0.892413 0.450818 46.723801 0.053229 -0.451164 0.890852 0.000000 0.000000 0.000000 0.000000 1.000000
0.997433 -0.002434 -0.071564 0.000000 0.034663 0.890928 0.452819 46.723801 0.062657 -0.454138 0.888726 0.000000 0.000000 0.000000 0.000000 1.000000
0.993025 -0.001811 -0.117890 0.000000 0.054245 0.894791 0.443178 46.723801 0.104685 -0.446482 0.888648 -0.000000 0.000000 0.000000 0.000000 1.000000
0.987839 0.003709 -0.155435 0.000000 0.064447 0.900022 0.431054 46.723801 0.141493 -0.435829 0.888838 -0.000000 0.000000 0.000000 0.000000 1.000000
0.988880 0.005679 -0.148608 0.000000 0.055836 0.911988 0.406399 46.723801 0.137837 -0.410178 0.901529 0.000000 0.000000 0.000000 0.000000 1.000000
0.989962 0.003976 -0.141277 -0.000000 0.061669 0.887275 0.457099 46.723801 0.127169 -0.461223 0.878124 0.000000 0.000000 0.000000 0.000000 1.000000
0.991140 0.004982 -0.132729 0.000000 0.079729 0.776924 0.624526 46.723801 0.106231 -0.629575 0.769643 0.000000 0.000000 0.000000 0.000000 1.000000
0.992435 0.010742 -0.122301 0.000000 0.084614 0.661953 0.744754 46.723801 0.088958 -0.749468 0.656037 0.000000 0.000000 0.000000 0.000000 1.000000
0.996426 0.011460 -0.083685 0.000000 0.062955 0.559771 0.826252 46.723801 0.056313 -0.828568 0.557049 0.000000 0.000000 0.000000 0.000000 1.000000
0.999433 0.006297 -0.033082 0.000000 0.025856 0.485922 0.873619 46.723801 0.021577 -0.873979 0.485484 -0.000000 0.000000 0.000000 0.000000 1.000000
0.999743 -0.001426 0.022628 0.000000 -0.019613 0.446390 0.894623 46.723801 -0.011376 -0.894837 0.446248 -0.000000 0.000000 0.000000 0.000000 1.000000
0.996139 -0.009953 0.087218 0.000000 -0.073729 0.444403 0.892788 46.723801 -0.047646 -0.895772 0.441953 0.000000 0.000000 0.000000 0.000000 1.000000
0.990810 -0.016208 0.134287 0.000000 -0.110262 0.478251 0.871274 46.723801 -0.078345 -0.878074 0.472069 0.000000 0.000000 0.000000 0.000000 1.000000
0.989262 -0.019548 0.144842 0.000000 -0.112347 0.532181 0.839143 46.723801 -0.093486 -0.846405 0.524270 0.000000 0.000000 0.000000 0.000000 1.000000
0.991260 -0.020240 0.130357 0.000000 -0.090891 0.611405 0.786081 46.723801 -0.095611 -0.791059 0.604222 -0.000000 0.000000 0.000000 0.000000 1.000000
0.995644 -0.015148 0.091998 -0.000000 -0.054605 0.705055 0.707047 46.723801 -0.075574 -0.708991 0.701157 0.000000 0.000000 0.000000 0.000000 1.000000
0.996437 -0.004616 0.084212 0.000000 -0.051578 0.756657 0.651775 46.723801 -0.066728 -0.653796 0.753723 0.000000 0.000000 0.000000 0.000000 1.000000
0.999008 -0.009869 0.043416 0.000000 -0.021412 0.748458 0.662837 46.723801 -0.039036 -0.663109 0.747504 0.000000 0.000000 0.000000 0.000000 1.000000
0.999605 -0.025908 -0.010852 0.000000 0.026037 0.709620 0.704103 46.723801 -0.010541 -0.704108 0.710014 0.000000 0.000000 0.000000 0.000000 1.000000
0.999656 -0.017753 -0.019305 0.000000 0.026226 0.684528 0.728515 46.723801 0.000282 -0.728770 0.684758 -0.000000 0.000000 0.000000 0.000000 1.000000
0.999986 0.004937 0.002016 0.000000 -0.004856 0.686671 0.726952 46.723801 0.002205 -0.726952 0.686685 -0.000000 0.000000 0.000000 0.000000 1.000000
0.999946 0.009587 -0.004119 0.000000 -0.003879 0.708021 0.706181 46.723801 0.009686 -0.706127 0.708019 0.000000 0.000000 0.000000 0.000000 1.000000
0.999698 0.001196 -0.024550 0.000000 0.015103 0.758123 0.651936 46.723801 0.019392 -0.652110 0.757876 -0.000000 0.000000 0.000000 0.000000 1.000000
0.999744 -0.004444 -0.022185 -0.000000 0.017379 0.778654 0.627212 46.723801 0.014487 -0.627437 0.778532 0.000000 0.000000 0.000000 0.000000 1.000000
0.999956 -0.007024 -0.006193 -0.000000 0.009335 0.799313 0.600842 46.723801 0.000730 -0.600874 0.799344 0.000000 0.000000 0.000000 0.000000 1.000000
0.999940 -0.005979 0.009182 0.000000 -0.000462 0.814232 0.580540 46.723801 -0.010947 -0.580509 0.814180 0.000000 0.000000 0.000000 0.000000 1.000000
0.999845 -0.002175 0.017474 0.000000 -0.008183 0.821278 0.570470 46.723801 -0.015592 -0.570524 0.821133 0.000000 0.000000 0.000000 0.000000 1.000000
0.999840 0.001275 0.017819 0.000000 -0.011228 0.820673 0.571287 46.723801 -0.013895 -0.571396 0.820557 -0.000000 0.000000 0.000000 0.000000 1.000000</float_array>
        <technique_common>
          <accessor source="#mixamorig_LeftLeg-Matrix-animation-output-transform-array" count="38" stride="16">
            <param type="float4x4"/>
          </accessor>
        </technique_common>
      </source>
      <source id="mixamorig_LeftLeg-Interpolations">
        <Name_array id="mixamorig_LeftLeg-Interpolations-array" count="38">
 LINEAR LINEAR LINEAR LINEAR LINEAR LINEAR LINEAR LINEAR LINEAR LINEAR LINEAR
LINEAR LINEAR LINEAR LINEAR LINEAR LINEAR LINEAR LINEAR LINEAR LINEAR LINEAR LINEAR
LINEAR LINEAR LINEAR LINEAR LINEAR LINEAR LINEAR LINEAR LINEAR LINEAR LINEAR LINEAR
LINEAR LINEAR LINEAR</Name_array>
        <technique_common>
          <accessor source="#mixamorig_LeftLeg-Interpolations-array" count="38">
            <param type="name"/>
          </accessor>
        </technique_common>
      </source>
      <sampler id="mixamorig_LeftLeg-Matrix-animation-transform">
        <input semantic="INPUT" source="#mixamorig_LeftLeg-Matrix-animation-input"/>
        <input semantic="OUTPUT" source="#mixamorig_LeftLeg-Matrix-animation-output-transform"/>
        <input semantic="INTERPOLATION" source="#mixamorig_LeftLeg-Interpolations"/>
      </sampler>
      <channel source="#mixamorig_LeftLeg-Matrix-animation-transform" target="mixamorig_LeftLeg/matrix"/>
    </animation>
    <animation id="mixamorig_LeftFoot-anim" name="mixamorig_LeftFoot">
      <source id="mixamorig_LeftFoot-Matrix-animation-input">
        <float_array id="mixamorig_LeftFoot-Matrix-animation-input-array" count="38">

0.000000 0.033333 0.066667 0.100000 0.133333 0.166667 0.200000 0.233333 0.266667 0.300000 0.333333 0.366667 0.400000 0.433333 0.466667 0.500000
0.533333 0.566667 0.600000 0.633333 0.666667 0.700000 0.733333 0.766667 0.800000 0.833333 0.866667 0.900000 0.933333 0.966667 1.000000 1.033333
1.066667 1.100000 1.133333 1.166667 1.200000 1.233333</float_array>
        <technique_common>
          <accessor source="#mixamorig_LeftFoot-Matrix-animation-input-array" count="38">
            <param name="TIME" type="float"/>
          </accessor>
        </technique_common>
      </source>
      <source id="mixamorig_LeftFoot-Matrix-animation-output-transform">
        <float_array id="mixamorig_LeftFoot-Matrix-animation-output-transform-array" count="608">

0.895663 -0.421375 -0.142233 0.000000 0.099680 0.501886 -0.859171 42.762402 0.433418 0.755350 0.491524 -0.000000 0.000000 0.000000 0.000000 1.000000
0.894768 -0.423304 -0.142140 0.000000 0.114975 0.525993 -0.842682 42.762402 0.431475 0.737662 0.519311 -0.000000 0.000000 0.000000 0.000000 1.000000
0.894461 -0.423399 -0.143778 0.000000 0.125444 0.546245 -0.828179 42.762402 0.429188 0.722738 0.541708 -0.000000 0.000000 0.000000 0.000000 1.000000
0.894317 -0.422736 -0.146600 0.000000 0.137305 0.571130 -0.809295 42.762402 0.425846 0.703637 0.568815 -0.000000 0.000000 0.000000 0.000000 1.000000
0.894224 -0.421668 -0.150196 0.000000 0.150574 0.599356 -0.786193 42.762402 0.421533 0.680417 0.599451 0.000000 0.000000 0.000000 0.000000 1.000000
0.894127 -0.420481 -0.154053 -0.000000 0.164779 0.628801 -0.759906 42.762402 0.416394 0.654068 0.631515 0.000000 0.000000 0.000000 0.000000 1.000000
0.894282 -0.418292 -0.159031 -0.000000 0.179856 0.661369 -0.728178 42.762402 0.409770 0.622594 0.666683 0.000000 0.000000 0.000000 0.000000 1.000000
0.894501 -0.415299 -0.165514 0.000000 0.200098 0.702982 -0.682478 42.762402 0.399786 0.577359 0.711919 0.000000 0.000000 0.000000 0.000000 1.000000
0.895139 -0.411745 -0.170856 0.000000 0.211182 0.729204 -0.650894 42.762402 0.392592 0.546559 0.739692 0.000000 0.000000 0.000000 0.000000 1.000000
0.896099 -0.407363 -0.176242 0.000000 0.215127 0.745930 -0.630324 42.762402 0.388235 0.526919 0.756062 0.000000 0.000000 0.000000 0.000000 1.000000
0.899462 -0.395022 -0.186886 0.000000 0.203014 0.756426 -0.621775 42.762402 0.386980 0.521322 0.760571 0.000000 0.000000 0.000000 0.000000 1.000000
0.905330 -0.372028 -0.204873 0.000000 0.163621 0.750670 -0.640096 42.762402 0.391926 0.545976 0.740476 -0.000000 0.000000 0.000000 0.000000 1.000000
0.911639 -0.338968 -0.232412 -0.000000 0.108807 0.744367 -0.658846 42.762402 0.396328 0.575342 0.715476 0.000000 0.000000 0.000000 0.000000 1.000000
0.908484 -0.331256 -0.254808 0.000000 0.092774 0.754344 -0.649891 42.762402 0.407493 0.566775 0.716041 -0.000000 0.000000 0.000000 0.000000 1.000000
0.903699 -0.343236 -0.255965 0.000000 0.117859 0.774129 -0.621960 42.762402 0.411628 0.531896 0.740033 0.000000 0.000000 0.000000 0.000000 1.000000
0.907874 -0.336816 -0.249640 -0.000000 0.118859 0.777806 -0.617164 42.762402 0.402042 0.530635 0.746183 -0.000000 0.000000 0.000000 0.000000 1.000000
0.910233 -0.324734 -0.256951 -0.000000 0.074787 0.739220 -0.669298 42.762402 0.407287 0.590001 0.697149 -0.000000 0.000000 0.000000 0.000000 1.000000
0.913779 -0.316205 -0.254994 0.000000 0.041733 0.697494 -0.715375 42.762402 0.404062 0.643053 0.650551 0.000000 0.000000 0.000000 0.000000 1.000000
0.915013 -0.315476 -0.251447 -0.000000 0.024251 0.665169 -0.746299 42.762402 0.402694 0.676775 0.616290 -0.000000 0.000000 0.000000 0.000000 1.000000
0.915596 -0.308685 -0.257678 0.000000 0.006473 0.652062 -0.758138 42.762402 0.402048 0.692480 0.599023 -0.000000 0.000000 0.000000 0.000000 1.000000
0.916634 -0.293635 -0.271221 0.000000 -0.017547 0.648301 -0.761182 42.762402 0.399342 0.702484 0.589102 0.000000 0.000000 0.000000 0.000000 1.000000
0.917405 -0.281796 -0.280996 0.000000 -0.032158 0.651297 -0.758142 42.762402 0.396653 0.704559 0.588441 0.000000 0.000000 0.000000 0.000000 1.000000
0.918393 -0.262237 -0.296287 0.000000 -0.048725 0.668169 -0.742412 42.762402 0.392658 0.696262 0.600865 -0.000000 0.000000 0.000000 0.000000 1.000000
0.918514 -0.251171 -0.305361 0.000000 -0.063682 0.668246 -0.741210 42.762402 0.390226 0.700258 0.597798 0.000000 0.000000 0.000000 0.000000 1.000000
0.917748 -0.259927 -0.300293 0.000000 -0.071768 0.635115 -0.769076 42.762402 0.390624 0.727370 0.564221 0.000000 0.000000 0.000000 0.000000 1.000000
0.913358 -0.368307 -0.173573 0.000000 0.004325 0.435056 -0.900393 42.762402 0.407135 0.821630 0.398955 -0.000000 0.000000 0.000000 0.000000 1.000000
0.905638 -0.398915 -0.143832 0.000000 -0.022681 0.293129 -0.955804 42.762402 0.423446 0.868874 0.256421 0.000000 0.000000 0.000000 0.000000 1.000000
0.907658 -0.390229 -0.154528 0.000000 -0.071088 0.219922 -0.972924 42.762402 0.413648 0.894067 0.171873 -0.000000 0.000000 0.000000 0.000000 1.000000
0.909546 -0.379917 -0.168492 -0.000000 -0.093025 0.209024 -0.973476 42.762402 0.405059 0.901095 0.154775 0.000000 0.000000 0.000000 0.000000 1.000000
0.908722 -0.384699 -0.161959 0.000000 -0.075432 0.230273 -0.970198 42.762402 0.410529 0.893858 0.180235 0.000000 0.000000 0.000000 0.000000 1.000000
0.905605 -0.398897 -0.144088 0.000000 -0.039566 0.258792 -0.965123 42.762402 0.422273 0.879720 0.218580 0.000000 0.000000 0.000000 0.000000 1.000000
0.903997 -0.403558 -0.141178 -0.000000 -0.015310 0.299443 -0.953991 42.762402 0.427265 0.864566 0.264517 0.000000 0.000000 0.000000 0.000000 1.000000
0.903304 -0.402981 -0.147136 0.000000 0.010609 0.363851 -0.931397 42.762402 0.428870 0.839773 0.332944 0.000000 0.000000 0.000000 0.000000 1.000000
0.902110 -0.405463 -0.147639 0.000000 0.029116 0.398565 -0.916678 42.762402 0.430522 0.822646 0.371355 -0.000000 0.000000 0.000000 0.000000 1.000000
0.900240 -0.410268 -0.145766 0.000000 0.052146 0.433979 -0.899413 42.762402 0.432259 0.802086 0.412079 0.000000 0.000000 0.000000 0.000000 1.000000
0.898301 -0.415113 -0.144002 0.000000 0.072628 0.463515 -0.883107 42.762402 0.433336 0.782838 0.446525 0.000000 0.000000 0.000000 0.000000 1.000000
0.896700 -0.419086 -0.142465 0.000000 0.089691 0.487205 -0.868670 42.762402 0.433456 0.766158 0.474465 0.000000 0.000000 0.000000 0.000000 1.000000
0.895663 -0.421375 -0.142233 -0.000000 0.099680 0.501886 -0.859171 42.762402 0.433418 0.755350 0.491523 0.000000 0.000000 0.000000 0.000000 1.000000</float_array>
        <technique_common>
          <accessor source="#mixamorig_LeftFoot-Matrix-animation-output-transform-array" count="38" stride="16">
            <param type="float4x4"/>
          </accessor>
        </technique_common>
      </source>
      <source id="mixamorig_LeftFoot-Interpolations">
        <Name_array id="mixamorig_LeftFoot-Interpolations-array" count="38">
 LINEAR LINEAR LINEAR LINEAR LINEAR LINEAR LINEAR LINEAR LINEAR LINEAR LINEAR
LINEAR LINEAR LINEAR LINEAR LINEAR LINEAR LINEAR LINEAR LINEAR LINEAR LINEAR LINEAR
LINEAR LINEAR LINEAR LINEAR LINEAR LINEAR LINEAR LINEAR LINEAR LINEAR LINEAR LINEAR
LINEAR LINEAR LINEAR</Name_array>
        <technique_common>
          <accessor source="#mixamorig_LeftFoot-Interpolations-array" count="38">
            <param type="name"/>
          </accessor>
        </technique_common>
      </source>
      <sampler id="mixamorig_LeftFoot-Matrix-animation-transform">
        <input semantic="INPUT" source="#mixamorig_LeftFoot-Matrix-animation-input"/>
        <input semantic="OUTPUT" source="#mixamorig_LeftFoot-Matrix-animation-output-transform"/>
        <input semantic="INTERPOLATION" source="#mixamorig_LeftFoot-Interpolations"/>
      </sampler>
      <channel source="#mixamorig_LeftFoot-Matrix-animation-transform" target="mixamorig_LeftFoot/matrix"/>
    </animation>
    <animation id="mixamorig_LeftToeBase-anim" name="mixamorig_LeftToeBase">
      <source id="mixamorig_LeftToeBase-Matrix-animation-input">
        <float_array id="mixamorig_LeftToeBase-Matrix-animation-input-array" count="38">

0.000000 0.033333 0.066667 0.100000 0.133333 0.166667 0.200000 0.233333 0.266667 0.300000 0.333333 0.366667 0.400000 0.433333 0.466667 0.500000
0.533333 0.566667 0.600000 0.633333 0.666667 0.700000 0.733333 0.766667 0.800000 0.833333 0.866667 0.900000 0.933333 0.966667 1.000000 1.033333
1.066667 1.100000 1.133333 1.166667 1.200000 1.233333</float_array>
        <technique_common>
          <accessor source="#mixamorig_LeftToeBase-Matrix-animation-input-array" count="38">
            <param name="TIME" type="float"/>
          </accessor>
        </technique_common>
      </source>
      <source id="mixamorig_LeftToeBase-Matrix-animation-output-transform">
        <float_array id="mixamorig_LeftToeBase-Matrix-animation-output-transform-array" count="608">

0.985323 -0.127554 -0.113437 0.000000 0.007827 0.697607 -0.716438 24.681400 0.170519 0.705035 0.688366 0.000000 0.000000 0.000000 0.000000 1.000000
0.985481 -0.127252 -0.112400 -0.000000 0.008742 0.699170 -0.714902 24.681400 0.169560 0.703540 0.690131 -0.000000 0.000000 0.000000 0.000000 1.000000
0.985705 -0.126822 -0.110911 -0.000000 0.010053 0.701408 -0.712689 24.681400 0.168179 0.701386 0.692656 0.000000 0.000000 0.000000 0.000000 1.000000
0.985935 -0.126381 -0.109359 0.000000 0.011412 0.703730 -0.710376 24.681400 0.166737 0.699137 0.695274 0.000000 0.000000 0.000000 0.000000 1.000000
0.986364 -0.125556 -0.106408 0.000000 0.013980 0.708118 -0.705956 24.681400 0.163986 0.694842 0.700217 0.000000 0.000000 0.000000 0.000000 1.000000
0.986949 -0.124423 -0.102231 -0.000000 0.017573 0.714264 -0.699656 24.681400 0.160073 0.688728 0.707128 0.000000 0.000000 0.000000 0.000000 1.000000
0.987486 -0.123376 -0.098236 0.000000 0.020968 0.720074 -0.693580 24.681400 0.156308 0.682841 0.713650 0.000000 0.000000 0.000000 0.000000 1.000000
0.987867 -0.122629 -0.095298 -0.000000 0.023437 0.724305 -0.689082 24.681400 0.153526 0.678487 0.718390 0.000000 0.000000 0.000000 0.000000 1.000000
0.987984 -0.122399 -0.094375 -0.000000 0.024208 0.725626 -0.687663 24.681400 0.152650 0.677116 0.719870 -0.000000 0.000000 0.000000 0.000000 1.000000
0.988160 -0.122051 -0.092969 -0.000000 0.025379 0.727633 -0.685497 24.681400 0.151313 0.675022 0.722115 0.000000 0.000000 0.000000 0.000000 1.000000
0.988745 -0.120890 -0.088138 0.000000 0.029362 0.734467 -0.678009 24.681400 0.146698 0.667790 0.729751 0.000000 0.000000 0.000000 0.000000 1.000000
0.989274 -0.119831 -0.083530 -0.000000 0.033105 0.740896 -0.670804 24.681400 0.142270 0.660843 0.736916 0.000000 0.000000 0.000000 0.000000 1.000000
0.989564 -0.119246 -0.080894 0.000000 0.035222 0.744536 -0.666653 24.681400 0.139724 0.656846 0.740966 0.000000 0.000000 0.000000 0.000000 1.000000
0.989636 -0.119100 -0.080223 0.000000 0.035759 0.745457 -0.665593 24.681400 0.139075 0.655827 0.741990 0.000000 0.000000 0.000000 0.000000 1.000000
0.989078 -0.120224 -0.085265 -0.000000 0.031702 0.738485 -0.673524 24.681400 0.143941 0.663465 0.734231 0.000000 0.000000 0.000000 0.000000 1.000000
0.988009 -0.122350 -0.094179 0.000000 0.024372 0.725907 -0.687361 24.681400 0.152464 0.676823 0.720185 0.000000 0.000000 0.000000 0.000000 1.000000
0.986848 -0.127211 -0.099738 0.000000 0.017602 0.697900 -0.715979 24.681400 0.160687 0.704807 0.690961 0.000000 0.000000 0.000000 0.000000 1.000000
0.983413 -0.135905 -0.120118 0.000000 -0.002309 0.652815 -0.757514 24.681400 0.181365 0.745226 0.641673 0.000000 0.000000 0.000000 0.000000 1.000000
0.979080 -0.141996 -0.145741 0.000000 -0.024775 0.627728 -0.778038 24.681400 0.201964 0.765372 0.611078 0.000000 0.000000 0.000000 0.000000 1.000000
0.976159 -0.152038 -0.154915 0.000000 -0.038926 0.579515 -0.814031 24.681400 0.213539 0.800654 0.559780 0.000000 0.000000 0.000000 0.000000 1.000000
0.976139 -0.162329 -0.144230 0.000000 -0.041086 0.514138 -0.856723 24.681400 0.213226 0.842206 0.495200 -0.000000 0.000000 0.000000 0.000000 1.000000
0.976421 -0.172817 -0.129366 0.000000 -0.044218 0.426452 -0.903429 24.681400 0.211296 0.887847 0.408755 0.000000 0.000000 0.000000 0.000000 1.000000
0.974438 -0.188811 -0.121737 0.000000 -0.060387 0.301805 -0.951455 24.681400 0.216386 0.934486 0.282688 0.000000 0.000000 0.000000 0.000000 1.000000
0.969021 -0.209169 -0.131325 -0.000000 -0.087907 0.204803 -0.974848 24.681400 0.230804 0.956193 0.180071 0.000000 0.000000 0.000000 0.000000 1.000000
0.956846 -0.237776 -0.167057 0.000000 -0.133790 0.149864 -0.979613 24.681400 0.257965 0.959689 0.111585 0.000000 0.000000 0.000000 0.000000 1.000000
0.950088 -0.197402 -0.241591 0.000000 -0.137779 0.429283 -0.892599 24.681400 0.279911 0.881334 0.380658 -0.000000 0.000000 0.000000 0.000000 1.000000
0.968145 -0.159028 -0.193403 -0.000000 -0.072305 0.561940 -0.824011 24.681400 0.239722 0.811747 0.532541 -0.000000 0.000000 0.000000 0.000000 1.000000
0.979394 -0.138662 -0.146836 0.000000 -0.023281 0.644692 -0.764088 24.681400 0.200614 0.751761 0.628179 0.000000 0.000000 0.000000 0.000000 1.000000
0.982104 -0.133632 -0.132715 -0.000000 -0.009743 0.667678 -0.744386 24.681400 0.188085 0.732358 0.654428 0.000000 0.000000 0.000000 0.000000 1.000000
0.982096 -0.133648 -0.132763 0.000000 -0.009787 0.667602 -0.744454 24.681400 0.188128 0.732425 0.654341 0.000000 0.000000 0.000000 0.000000 1.000000
0.982097 -0.133645 -0.132755 0.000000 -0.009780 0.667615 -0.744442 24.681400 0.188120 0.732413 0.654356 -0.000000 0.000000 0.000000 0.000000 1.000000
0.982164 -0.133521 -0.132387 -0.000000 -0.009435 0.668202 -0.743920 24.681400 0.187790 0.731901 0.655024 0.000000 0.000000 0.000000 0.000000 1.000000
0.982396 -0.133086 -0.131093 0.000000 -0.008225 0.670259 -0.742081 24.681400 0.186627 0.730096 0.657366 0.000000 0.000000 0.000000 0.000000 1.000000
0.982729 -0.132463 -0.129219 0.000000 -0.006479 0.673228 -0.739407 24.681400 0.184938 0.727473 0.660742 -0.000000 0.000000 0.000000 0.000000 1.000000
0.983115 -0.131737 -0.127002 -0.000000 -0.004428 0.676719 -0.736228 24.681400 0.182933 0.724359 0.664710 0.000000 0.000000 0.000000 0.000000 1.000000
0.983535 -0.130947 -0.124543 -0.000000 -0.002169 0.680565 -0.732685 24.681400 0.180702 0.720892 0.669075 0.000000 0.000000 0.000000 0.000000 1.000000
0.983933 -0.130195 -0.122166 0.000000 -0.000001 0.684259 -0.729239 24.681400 0.178536 0.717523 0.673265 -0.000000 0.000000 0.000000 0.000000 1.000000
0.985323 -0.127554 -0.113437 0.000000 0.007827 0.697607 -0.716438 24.681400 0.170519 0.705035 0.688366 0.000000 0.000000 0.000000 0.000000 1.000000</float_array>
        <technique_common>
          <accessor source="#mixamorig_LeftToeBase-Matrix-animation-output-transform-array" count="38" stride="16">
            <param type="float4x4"/>
          </accessor>
        </technique_common>
      </source>
      <source id="mixamorig_LeftToeBase-Interpolations">
        <Name_array id="mixamorig_LeftToeBase-Interpolations-array" count="38">
 LINEAR LINEAR LINEAR LINEAR LINEAR LINEAR LINEAR LINEAR LINEAR LINEAR LINEAR
LINEAR LINEAR LINEAR LINEAR LINEAR LINEAR LINEAR LINEAR LINEAR LINEAR LINEAR LINEAR
LINEAR LINEAR LINEAR LINEAR LINEAR LINEAR LINEAR LINEAR LINEAR LINEAR LINEAR LINEAR
LINEAR LINEAR LINEAR</Name_array>
        <technique_common>
          <accessor source="#mixamorig_LeftToeBase-Interpolations-array" count="38">
            <param type="name"/>
          </accessor>
        </technique_common>
      </source>
      <sampler id="mixamorig_LeftToeBase-Matrix-animation-transform">
        <input semantic="INPUT" source="#mixamorig_LeftToeBase-Matrix-animation-input"/>
        <input semantic="OUTPUT" source="#mixamorig_LeftToeBase-Matrix-animation-output-transform"/>
        <input semantic="INTERPOLATION" source="#mixamorig_LeftToeBase-Interpolations"/>
      </sampler>
      <channel source="#mixamorig_LeftToeBase-Matrix-animation-transform" target="mixamorig_LeftToeBase/matrix"/>
    </animation>
    <animation id="mixamorig_RightUpLeg-anim" name="mixamorig_RightUpLeg">
      <source id="mixamorig_RightUpLeg-Matrix-animation-input">
        <float_array id="mixamorig_RightUpLeg-Matrix-animation-input-array" count="38">

0.000000 0.033333 0.066667 0.100000 0.133333 0.166667 0.200000 0.233333 0.266667 0.300000 0.333333 0.366667 0.400000 0.433333 0.466667 0.500000
0.533333 0.566667 0.600000 0.633333 0.666667 0.700000 0.733333 0.766667 0.800000 0.833333 0.866667 0.900000 0.933333 0.966667 1.000000 1.033333
1.066667 1.100000 1.133333 1.166667 1.200000 1.233333</float_array>
        <technique_common>
          <accessor source="#mixamorig_RightUpLeg-Matrix-animation-input-array" count="38">
            <param name="TIME" type="float"/>
          </accessor>
        </technique_common>
      </source>
      <source id="mixamorig_RightUpLeg-Matrix-animation-output-transform">
        <float_array id="mixamorig_RightUpLeg-Matrix-animation-output-transform-array" count="608">

-0.982659 -0.144466 -0.116236 -17.234699 0.070784 -0.871666 0.484962 -5.936600 -0.171379 0.468325 0.866776 0.593900 0.000000 0.000000 0.000000 1.000000
-0.981368 -0.150764 -0.119107 -17.234699 0.082487 -0.890471 0.447502 -5.936600 -0.173529 0.429339 0.886316 0.593900 0.000000 0.000000 0.000000 1.000000
-0.979996 -0.154957 -0.124883 -17.234699 0.093265 -0.911917 0.399636 -5.936600 -0.175809 0.379994 0.908127 0.593900 0.000000 0.000000 0.000000 1.000000
-0.978335 -0.159919 -0.131477 -17.234699 0.108136 -0.936287 0.334176 -5.936600 -0.176541 0.312719 0.933295 0.593900 0.000000 0.000000 0.000000 1.000000
-0.978292 -0.157953 -0.134148 -17.234699 0.120513 -0.960249 0.251792 -5.936600 -0.168586 0.230160 0.958439 0.593900 0.000000 0.000000 0.000000 1.000000
-0.980363 -0.140907 -0.137964 -17.234699 0.118160 -0.979839 0.161099 -5.936600 -0.157883 0.141633 0.977248 0.593900 0.000000 0.000000 0.000000 1.000000
-0.982643 -0.121251 -0.140393 -17.234699 0.111195 -0.990779 0.077408 -5.936600 -0.148484 0.060453 0.987065 0.593900 0.000000 0.000000 0.000000 1.000000
-0.982350 -0.107686 -0.152948 -17.234699 0.106426 -0.994185 0.016424 -5.936600 -0.153827 -0.000143 0.988098 0.593900 0.000000 0.000000 0.000000 1.000000
-0.981409 -0.096876 -0.165683 -17.234699 0.097026 -0.995256 0.007209 -5.936600 -0.165595 -0.009001 0.986153 0.593900 0.000000 0.000000 0.000000 1.000000
-0.984846 -0.080279 -0.153731 -17.234699 0.071125 -0.995402 0.064154 -5.936600 -0.158174 0.052248 0.986028 0.593900 0.000000 0.000000 0.000000 1.000000
-0.986639 -0.067807 -0.148138 -17.234699 0.045976 -0.988199 0.146114 -5.936600 -0.156297 0.137351 0.978113 0.593900 0.000000 0.000000 0.000000 1.000000
-0.984868 -0.065228 -0.160564 -17.234699 0.032725 -0.979796 0.197303 -5.936600 -0.170189 0.189063 0.967104 0.593900 0.000000 0.000000 0.000000 1.000000
-0.984329 -0.062365 -0.164944 -17.234699 0.023935 -0.973968 0.225418 -5.936600 -0.174708 0.217938 0.960198 0.593900 0.000000 0.000000 0.000000 1.000000
-0.984701 -0.059647 -0.163728 -17.234699 0.018542 -0.970124 0.241901 -5.936600 -0.173265 0.235164 0.956388 0.593900 0.000000 0.000000 0.000000 1.000000
-0.984623 -0.055982 -0.165478 -17.234699 0.014933 -0.970767 0.239559 -5.936600 -0.174051 0.233404 0.956676 0.593900 0.000000 0.000000 0.000000 1.000000
-0.984000 -0.052281 -0.170327 -17.234699 0.012072 -0.973347 0.229020 -5.936600 -0.177760 0.223300 0.958404 0.593900 0.000000 0.000000 0.000000 1.000000
-0.982468 -0.058380 -0.177056 -17.234699 0.011372 -0.966705 0.255642 -5.936600 -0.186085 0.249146 0.950420 0.593900 0.000000 0.000000 0.000000 1.000000
-0.981166 -0.065504 -0.181719 -17.234699 0.009304 -0.955681 0.294256 -5.936600 -0.192940 0.287023 0.938292 0.593900 0.000000 0.000000 0.000000 1.000000
-0.980928 -0.066236 -0.182737 -17.234699 0.001863 -0.943307 0.331917 -5.936600 -0.194362 0.325246 0.925439 0.593900 0.000000 0.000000 0.000000 1.000000
-0.981599 -0.059403 -0.181482 -17.234699 -0.009956 -0.933170 0.359297 -5.936600 -0.190697 0.354492 0.915407 0.593900 0.000000 0.000000 0.000000 1.000000
-0.982532 -0.050898 -0.178998 -17.234699 -0.021166 -0.925065 0.379220 -5.936600 -0.184886 0.376384 0.907828 0.593900 0.000000 0.000000 0.000000 1.000000
-0.983496 -0.044900 -0.175268 -17.234699 -0.029119 -0.916808 0.398265 -5.936600 -0.178570 0.396796 0.900370 0.593900 0.000000 0.000000 0.000000 1.000000
-0.984484 -0.041667 -0.170456 -17.234699 -0.034187 -0.907240 0.419221 -5.936600 -0.172112 0.418544 0.891739 0.593900 0.000000 0.000000 0.000000 1.000000
-0.985385 -0.041147 -0.165300 -17.234699 -0.036802 -0.896048 0.442430 -5.936600 -0.166322 0.442047 0.881437 0.593900 0.000000 0.000000 0.000000 1.000000
-0.986000 -0.044986 -0.160564 -17.234699 -0.035451 -0.884350 0.465476 -5.936600 -0.162935 0.464652 0.870374 0.593900 0.000000 0.000000 0.000000 1.000000
-0.986258 -0.056666 -0.155188 -17.234699 -0.027569 -0.869716 0.492782 -5.936600 -0.162893 0.490289 0.856203 0.593900 0.000000 0.000000 0.000000 1.000000
-0.986260 -0.079405 -0.144865 -17.234699 -0.011779 -0.840874 0.541103 -5.936600 -0.164779 0.535375 0.828385 0.593900 0.000000 0.000000 0.000000 1.000000
-0.985616 -0.108091 -0.129916 -17.234699 0.010171 -0.805268 0.592824 -5.936600 -0.168696 0.582975 0.794784 0.593900 0.000000 0.000000 0.000000 1.000000
-0.984084 -0.133315 -0.117494 -17.234699 0.030761 -0.779007 0.626260 -5.936600 -0.175019 0.612678 0.770710 0.593900 0.000000 0.000000 0.000000 1.000000
-0.982655 -0.148041 -0.111678 -17.234699 0.044793 -0.773887 0.631738 -5.936600 -0.179949 0.615778 0.767095 0.593900 0.000000 0.000000 0.000000 1.000000
-0.982581 -0.144263 -0.117141 -17.234699 0.047598 -0.804703 0.591767 -5.936600 -0.179634 0.575883 0.797553 0.593900 0.000000 0.000000 0.000000 1.000000
-0.983398 -0.134602 -0.121697 -17.234699 0.042958 -0.824276 0.564557 -5.936600 -0.176303 0.549956 0.816373 0.593900 0.000000 0.000000 0.000000 1.000000
-0.984610 -0.123385 -0.123771 -17.234699 0.041580 -0.853261 0.519825 -5.936600 -0.169747 0.506678 0.845259 0.593900 0.000000 0.000000 0.000000 1.000000
-0.984285 -0.131556 -0.117794 -17.234699 0.048660 -0.843304 0.535229 -5.936600 -0.169749 0.521087 0.836453 0.593900 0.000000 0.000000 0.000000 1.000000
-0.983642 -0.136647 -0.117370 -17.234699 0.052127 -0.839622 0.540665 -5.936600 -0.172426 0.525703 0.833010 0.593900 0.000000 0.000000 0.000000 1.000000
-0.983204 -0.141684 -0.115042 -17.234699 0.058768 -0.842549 0.535404 -5.936600 -0.172787 0.519650 0.836725 0.593900 0.000000 0.000000 0.000000 1.000000
-0.982910 -0.143986 -0.114700 -17.234699 0.064873 -0.854028 0.516166 -5.936600 -0.172278 0.499904 0.848774 0.593900 0.000000 0.000000 0.000000 1.000000
-0.982659 -0.144466 -0.116236 -17.234699 0.070784 -0.871666 0.484962 -5.936600 -0.171379 0.468325 0.866776 0.593900 0.000000 0.000000 0.000000 1.000000</float_array>
        <technique_common>
          <accessor source="#mixamorig_RightUpLeg-Matrix-animation-output-transform-array" count="38" stride="16">
            <param type="float4x4"/>
          </accessor>
        </technique_common>
      </source>
      <source id="mixamorig_RightUpLeg-Interpolations">
        <Name_array id="mixamorig_RightUpLeg-Interpolations-array" count="38">
 LINEAR LINEAR LINEAR LINEAR LINEAR LINEAR LINEAR LINEAR LINEAR LINEAR LINEAR
LINEAR LINEAR LINEAR LINEAR LINEAR LINEAR LINEAR LINEAR LINEAR LINEAR LINEAR LINEAR
LINEAR LINEAR LINEAR LINEAR LINEAR LINEAR LINEAR LINEAR LINEAR LINEAR LINEAR LINEAR
LINEAR LINEAR LINEAR</Name_array>
        <technique_common>
          <accessor source="#mixamorig_RightUpLeg-Interpolations-array" count="38">
            <param type="name"/>
          </accessor>
        </technique_common>
      </source>
      <sampler id="mixamorig_RightUpLeg-Matrix-animation-transform">
        <input semantic="INPUT" source="#mixamorig_RightUpLeg-Matrix-animation-input"/>
        <input semantic="OUTPUT" source="#mixamorig_RightUpLeg-Matrix-animation-output-transform"/>
        <input semantic="INTERPOLATION" source="#mixamorig_RightUpLeg-Interpolations"/>
      </sampler>
      <channel source="#mixamorig_RightUpLeg-Matrix-animation-transform" target="mixamorig_RightUpLeg/matrix"/>
    </animation>
    <animation id="mixamorig_RightLeg-anim" name="mixamorig_RightLeg">
      <source id="mixamorig_RightLeg-Matrix-animation-input">
        <float_array id="mixamorig_RightLeg-Matrix-animation-input-array" count="38">

0.000000 0.033333 0.066667 0.100000 0.133333 0.166667 0.200000 0.233333 0.266667 0.300000 0.333333 0.366667 0.400000 0.433333 0.466667 0.500000
0.533333 0.566667 0.600000 0.633333 0.666667 0.700000 0.733333 0.766667 0.800000 0.833333 0.866667 0.900000 0.933333 0.966667 1.000000 1.033333
1.066667 1.100000 1.133333 1.166667 1.200000 1.233333</float_array>
        <technique_common>
          <accessor source="#mixamorig_RightLeg-Matrix-animation-input-array" count="38">
            <param name="TIME" type="float"/>
          </accessor>
        </technique_common>
      </source>
      <source id="mixamorig_RightLeg-Matrix-animation-output-transform">
        <float_array id="mixamorig_RightLeg-Matrix-animation-output-transform-array" count="608">

0.987709 -0.047129 0.149030 0.000000 -0.109048 0.475306 0.873037 46.758801 -0.111980 -0.878558 0.464324 0.000000 0.000000 0.000000 0.000000 1.000000
0.991303 -0.041467 0.124894 0.000000 -0.097880 0.402047 0.910372 46.758801 -0.087964 -0.914680 0.394491 0.000000 0.000000 0.000000 0.000000 1.000000
0.995912 -0.033637 0.083834 0.000000 -0.066432 0.356130 0.932072 46.758801 -0.061208 -0.933831 0.352440 0.000000 0.000000 0.000000 0.000000 1.000000
0.997555 -0.026536 0.064648 0.000000 -0.051372 0.348709 0.935822 46.758801 -0.047376 -0.936855 0.346493 0.000000 0.000000 0.000000 0.000000 1.000000
0.996505 -0.018548 0.081448 0.000000 -0.067981 0.386539 0.919764 46.758801 -0.048543 -0.922087 0.383927 0.000000 0.000000 0.000000 0.000000 1.000000
0.995588 -0.011927 0.093071 0.000000 -0.075598 0.485601 0.870906 46.758801 -0.055583 -0.874099 0.482557 -0.000000 0.000000 0.000000 0.000000 1.000000
0.996163 -0.003048 0.087465 -0.000000 -0.067862 0.604181 0.793952 46.758801 -0.055265 -0.796841 0.601656 0.000000 0.000000 0.000000 0.000000 1.000000
0.997510 0.000055 0.070526 0.000000 -0.050880 0.693040 0.719102 46.758801 -0.048838 -0.720899 0.691317 0.000000 0.000000 0.000000 0.000000 1.000000
0.998637 -0.010936 0.051041 0.000000 -0.026459 0.736832 0.675558 46.758801 -0.044997 -0.675988 0.735538 0.000000 0.000000 0.000000 0.000000 1.000000
0.998495 -0.014116 0.052989 -0.000000 -0.027132 0.712566 0.701081 46.758801 -0.047655 -0.701464 0.711110 0.000000 0.000000 0.000000 0.000000 1.000000
0.998982 -0.025917 0.036922 0.000000 -0.010496 0.662483 0.749004 46.758801 -0.043873 -0.748629 0.661536 0.000000 0.000000 0.000000 0.000000 1.000000
0.998603 -0.052445 0.006507 0.000000 0.029153 0.649378 0.759907 46.758801 -0.044079 -0.758655 0.649999 0.000000 0.000000 0.000000 0.000000 1.000000
0.997956 -0.063750 0.004446 0.000000 0.038932 0.661667 0.748787 46.758801 -0.050677 -0.747083 0.662796 0.000000 0.000000 0.000000 0.000000 1.000000
0.997799 -0.063346 0.019602 0.000000 0.029799 0.692443 0.720857 46.758801 -0.059237 -0.718687 0.692806 0.000000 0.000000 0.000000 0.000000 1.000000
0.997202 -0.064927 0.037058 -0.000000 0.024450 0.751690 0.659064 46.758801 -0.070647 -0.656313 0.751174 0.000000 0.000000 0.000000 0.000000 1.000000
0.996602 -0.069820 0.043690 0.000000 0.031150 0.810577 0.584803 46.758801 -0.076245 -0.581456 0.809998 0.000000 0.000000 0.000000 0.000000 1.000000
0.996650 -0.077483 0.026174 0.000000 0.048122 0.814360 0.578361 46.758801 -0.066128 -0.575164 0.815361 0.000000 0.000000 0.000000 0.000000 1.000000
0.996351 -0.085291 0.003274 0.000000 0.067254 0.808111 0.585178 46.758801 -0.052556 -0.582823 0.810898 0.000000 0.000000 0.000000 0.000000 1.000000
0.995793 -0.091452 -0.005707 -0.000000 0.077006 0.801486 0.593035 46.758801 -0.049660 -0.590980 0.805156 0.000000 0.000000 0.000000 0.000000 1.000000
0.995416 -0.095552 0.004025 0.000000 0.074495 0.801071 0.593916 46.758801 -0.059974 -0.590894 0.804517 0.000000 0.000000 0.000000 0.000000 1.000000
0.994887 -0.097906 0.024792 -0.000000 0.064791 0.807015 0.586966 46.758801 -0.077475 -0.582359 0.809232 -0.000000 0.000000 0.000000 0.000000 1.000000
0.994043 -0.099218 0.045111 0.000000 0.055940 0.819662 0.570109 46.758801 -0.093541 -0.564189 0.820330 0.000000 0.000000 0.000000 0.000000 1.000000
0.993115 -0.100736 0.059790 -0.000000 0.052234 0.837656 0.543695 46.758801 -0.104853 -0.536829 0.837150 -0.000000 0.000000 0.000000 0.000000 1.000000
0.992168 -0.101582 0.072684 0.000000 0.050206 0.857155 0.512606 46.758801 -0.114374 -0.504942 0.855542 0.000000 0.000000 0.000000 0.000000 1.000000
0.991268 -0.100985 0.084797 -0.000000 0.048768 0.878216 0.475771 46.758801 -0.122516 -0.467481 0.875472 0.000000 0.000000 0.000000 0.000000 1.000000
0.990365 -0.098444 0.097399 0.000000 0.045536 0.895709 0.442303 46.758801 -0.130784 -0.433606 0.891561 0.000000 0.000000 0.000000 0.000000 1.000000
0.989221 -0.091728 0.114143 0.000000 0.031582 0.894789 0.445370 46.758801 -0.142986 -0.436964 0.888041 0.000000 0.000000 0.000000 0.000000 1.000000
0.988149 -0.081925 0.129806 -0.000000 0.012975 0.887213 0.461178 46.758801 -0.152947 -0.454028 0.877762 0.000000 0.000000 0.000000 0.000000 1.000000
0.990047 -0.070207 0.121973 0.000000 0.004869 0.883253 0.468871 46.758801 -0.140651 -0.463611 0.874804 0.000000 0.000000 0.000000 0.000000 1.000000
0.990197 -0.064983 0.123641 -0.000000 0.001925 0.891452 0.453111 46.758801 -0.139664 -0.448431 0.882838 0.000000 0.000000 0.000000 0.000000 1.000000
0.988117 -0.064979 0.139291 0.000000 0.008544 0.928063 0.372325 46.758801 -0.153464 -0.366711 0.917590 0.000000 0.000000 0.000000 0.000000 1.000000
0.987730 -0.066768 0.141180 0.000000 0.009710 0.928508 0.371186 46.758801 -0.155870 -0.365260 0.917763 -0.000000 0.000000 0.000000 0.000000 1.000000
0.987062 -0.063528 0.147215 0.000000 0.004213 0.928116 0.372267 46.758801 -0.160282 -0.366830 0.916376 0.000000 0.000000 0.000000 0.000000 1.000000
0.986630 -0.063308 0.150181 0.000000 -0.024350 0.853871 0.519915 46.758801 -0.161150 -0.516620 0.840913 0.000000 0.000000 0.000000 0.000000 1.000000
0.986819 -0.059180 0.150620 0.000000 -0.051746 0.766477 0.640183 46.758801 -0.153333 -0.639539 0.753312 -0.000000 0.000000 0.000000 0.000000 1.000000
0.987050 -0.055840 0.150377 -0.000000 -0.075233 0.666804 0.741426 46.758801 -0.141673 -0.743138 0.653968 -0.000000 0.000000 0.000000 0.000000 1.000000
0.987349 -0.050935 0.150161 -0.000000 -0.095354 0.565909 0.818935 46.758801 -0.126690 -0.822893 0.553893 0.000000 0.000000 0.000000 0.000000 1.000000
0.987709 -0.047129 0.149030 0.000000 -0.109048 0.475306 0.873037 46.758801 -0.111980 -0.878558 0.464324 0.000000 0.000000 0.000000 0.000000 1.000000</float_array>
        <technique_common>
          <accessor source="#mixamorig_RightLeg-Matrix-animation-output-transform-array" count="38" stride="16">
            <param type="float4x4"/>
          </accessor>
        </technique_common>
      </source>
      <source id="mixamorig_RightLeg-Interpolations">
        <Name_array id="mixamorig_RightLeg-Interpolations-array" count="38">
 LINEAR LINEAR LINEAR LINEAR LINEAR LINEAR LINEAR LINEAR LINEAR LINEAR LINEAR
LINEAR LINEAR LINEAR LINEAR LINEAR LINEAR LINEAR LINEAR LINEAR LINEAR LINEAR LINEAR
LINEAR LINEAR LINEAR LINEAR LINEAR LINEAR LINEAR LINEAR LINEAR LINEAR LINEAR LINEAR
LINEAR LINEAR LINEAR</Name_array>
        <technique_common>
          <accessor source="#mixamorig_RightLeg-Interpolations-array" count="38">
            <param type="name"/>
          </accessor>
        </technique_common>
      </source>
      <sampler id="mixamorig_RightLeg-Matrix-animation-transform">
        <input semantic="INPUT" source="#mixamorig_RightLeg-Matrix-animation-input"/>
        <input semantic="OUTPUT" source="#mixamorig_RightLeg-Matrix-animation-output-transform"/>
        <input semantic="INTERPOLATION" source="#mixamorig_RightLeg-Interpolations"/>
      </sampler>
      <channel source="#mixamorig_RightLeg-Matrix-animation-transform" target="mixamorig_RightLeg/matrix"/>
    </animation>
    <animation id="mixamorig_RightFoot-anim" name="mixamorig_RightFoot">
      <source id="mixamorig_RightFoot-Matrix-animation-input">
        <float_array id="mixamorig_RightFoot-Matrix-animation-input-array" count="38">

0.000000 0.033333 0.066667 0.100000 0.133333 0.166667 0.200000 0.233333 0.266667 0.300000 0.333333 0.366667 0.400000 0.433333 0.466667 0.500000
0.533333 0.566667 0.600000 0.633333 0.666667 0.700000 0.733333 0.766667 0.800000 0.833333 0.866667 0.900000 0.933333 0.966667 1.000000 1.033333
1.066667 1.100000 1.133333 1.166667 1.200000 1.233333</float_array>
        <technique_common>
          <accessor source="#mixamorig_RightFoot-Matrix-animation-input-array" count="38">
            <param name="TIME" type="float"/>
          </accessor>
        </technique_common>
      </source>
      <source id="mixamorig_RightFoot-Matrix-animation-output-transform">
        <float_array id="mixamorig_RightFoot-Matrix-animation-output-transform-array" count="608">

0.905949 0.332736 0.261807 -0.000000 -0.007507 0.630891 -0.775835 42.821098 -0.423321 0.700902 0.574053 0.000000 0.000000 0.000000 0.000000 1.000000
0.917611 0.325177 0.228581 0.000000 -0.008176 0.590397 -0.807072 42.821098 -0.397395 0.738709 0.544414 0.000000 0.000000 0.000000 0.000000 1.000000
0.916639 0.333131 0.220901 0.000000 -0.001784 0.556048 -0.831149 42.821098 -0.399713 0.761469 0.510289 0.000000 0.000000 0.000000 0.000000 1.000000
0.916749 0.328325 0.227537 -0.000000 0.019022 0.533080 -0.845851 42.821098 -0.399010 0.779762 0.482455 0.000000 0.000000 0.000000 0.000000 1.000000
0.917352 0.310090 0.249621 0.000000 0.050115 0.532114 -0.845188 42.821098 -0.394911 0.787845 0.472595 0.000000 0.000000 0.000000 0.000000 1.000000
0.917697 0.310815 0.247440 0.000000 0.026779 0.573022 -0.819102 42.821098 -0.396378 0.758314 0.517537 -0.000000 0.000000 0.000000 0.000000 1.000000
0.917672 0.303587 0.256347 0.000000 0.039966 0.571362 -0.819724 42.821098 -0.395324 0.762483 0.512190 0.000000 0.000000 0.000000 0.000000 1.000000
0.915233 0.301733 0.267030 -0.000000 0.119058 0.430617 -0.894647 42.821098 -0.384932 0.850603 0.358192 0.000000 0.000000 0.000000 0.000000 1.000000
0.913302 0.328485 0.240785 -0.000000 0.141849 0.297637 -0.944082 42.821098 -0.381783 0.896387 0.225237 0.000000 0.000000 0.000000 0.000000 1.000000
0.912677 0.341728 0.224150 0.000000 0.146608 0.238196 -0.960088 42.821098 -0.381481 0.909112 0.167296 0.000000 0.000000 0.000000 0.000000 1.000000
0.912124 0.357078 0.201306 -0.000000 0.122228 0.231832 -0.965046 42.821098 -0.391266 0.904847 0.167815 0.000000 0.000000 0.000000 0.000000 1.000000
0.909582 0.378290 0.171922 0.000000 0.079582 0.247495 -0.965615 42.821098 -0.407833 0.891988 0.195012 0.000000 0.000000 0.000000 0.000000 1.000000
0.907144 0.390417 0.157049 -0.000000 0.046457 0.278005 -0.959456 42.821098 -0.418248 0.877660 0.234053 0.000000 0.000000 0.000000 0.000000 1.000000
0.905255 0.396692 0.152145 0.000000 0.020222 0.317464 -0.948055 42.821098 -0.424386 0.861308 0.279365 -0.000000 0.000000 0.000000 0.000000 1.000000
0.902825 0.403249 0.149321 0.000000 -0.013528 0.373716 -0.927445 42.821098 -0.429795 0.835301 0.342855 0.000000 0.000000 0.000000 0.000000 1.000000
0.899507 0.412383 0.144317 0.000000 -0.055344 0.435203 -0.898630 42.821098 -0.433387 0.800337 0.414291 -0.000000 0.000000 0.000000 0.000000 1.000000
0.895850 0.423563 0.134341 0.000000 -0.082408 0.455449 -0.886440 42.821098 -0.436648 0.783046 0.442919 0.000000 0.000000 0.000000 0.000000 1.000000
0.891649 0.435629 0.123247 0.000000 -0.106271 0.466020 -0.878369 42.821098 -0.440079 0.770099 0.461821 0.000000 0.000000 0.000000 0.000000 1.000000
0.888238 0.444247 0.116954 0.000000 -0.125260 0.479157 -0.868746 42.821098 -0.441977 0.757003 0.481252 0.000000 0.000000 0.000000 0.000000 1.000000
0.885496 0.450295 0.114592 0.000000 -0.142646 0.498161 -0.855271 42.821098 -0.442210 0.740993 0.505352 -0.000000 0.000000 0.000000 0.000000 1.000000
0.883460 0.453942 0.115907 -0.000000 -0.159271 0.523664 -0.836904 42.821098 -0.440603 0.720911 0.534936 0.000000 0.000000 0.000000 0.000000 1.000000
0.881604 0.456720 0.119082 0.000000 -0.177668 0.554862 -0.812750 42.821098 -0.437273 0.695367 0.570313 0.000000 0.000000 0.000000 0.000000 1.000000
0.879902 0.458762 0.123729 0.000000 -0.197942 0.590635 -0.782285 42.821098 -0.431962 0.663843 0.610509 -0.000000 0.000000 0.000000 0.000000 1.000000
0.878989 0.458513 0.130933 -0.000000 -0.216492 0.628386 -0.747170 42.821098 -0.424864 0.628408 0.651609 0.000000 0.000000 0.000000 0.000000 1.000000
0.878868 0.456020 0.140129 -0.000000 -0.232641 0.666114 -0.708640 42.821098 -0.416496 0.590201 0.691515 0.000000 0.000000 0.000000 0.000000 1.000000
0.880525 0.448780 0.152554 0.000000 -0.241115 0.701168 -0.670990 42.821098 -0.408092 0.554040 0.725603 -0.000000 0.000000 0.000000 0.000000 1.000000
0.886496 0.429362 0.172549 0.000000 -0.227675 0.729344 -0.645152 42.821098 -0.402851 0.532640 0.744315 0.000000 0.000000 0.000000 0.000000 1.000000
0.893113 0.401054 0.203726 0.000000 -0.195637 0.754125 -0.626915 42.821098 -0.405062 0.520050 0.751980 0.000000 0.000000 0.000000 0.000000 1.000000
0.888408 0.385318 0.249524 0.000000 -0.151121 0.758747 -0.633613 42.821098 -0.433468 0.525198 0.732307 0.000000 0.000000 0.000000 0.000000 1.000000
0.888690 0.354427 0.290883 -0.000000 -0.084012 0.749538 -0.656609 42.821098 -0.450747 0.559084 0.695883 -0.000000 0.000000 0.000000 0.000000 1.000000
0.887026 0.306525 0.345293 0.000000 -0.028233 0.782451 -0.622072 42.821098 -0.460855 0.542046 0.702708 0.000000 0.000000 0.000000 0.000000 1.000000
0.880157 0.313430 0.356491 0.000000 -0.036971 0.793991 -0.606804 42.821098 -0.473242 0.520903 0.710424 0.000000 0.000000 0.000000 0.000000 1.000000
0.882646 0.332881 0.331853 0.000000 -0.071420 0.792794 -0.605291 42.821098 -0.464581 0.510557 0.723530 0.000000 0.000000 0.000000 0.000000 1.000000
0.887459 0.335597 0.315897 0.000000 -0.052144 0.754122 -0.654661 42.821098 -0.457927 0.564513 0.686752 0.000000 0.000000 0.000000 0.000000 1.000000
0.890236 0.335907 0.307648 0.000000 -0.036320 0.725603 -0.687154 42.821098 -0.454050 0.600555 0.658158 0.000000 0.000000 0.000000 0.000000 1.000000
0.895528 0.333475 0.294658 0.000000 -0.023281 0.696349 -0.717326 42.821098 -0.444396 0.635525 0.631364 0.000000 0.000000 0.000000 0.000000 1.000000
0.898976 0.337473 0.279202 0.000000 -0.017335 0.664366 -0.747206 42.821098 -0.437655 0.666880 0.603100 -0.000000 0.000000 0.000000 0.000000 1.000000
0.905949 0.332737 0.261807 0.000000 -0.007507 0.630891 -0.775835 42.821098 -0.423321 0.700901 0.574053 -0.000000 0.000000 0.000000 0.000000 1.000000</float_array>
        <technique_common>
          <accessor source="#mixamorig_RightFoot-Matrix-animation-output-transform-array" count="38" stride="16">
            <param type="float4x4"/>
          </accessor>
        </technique_common>
      </source>
      <source id="mixamorig_RightFoot-Interpolations">
        <Name_array id="mixamorig_RightFoot-Interpolations-array" count="38">
 LINEAR LINEAR LINEAR LINEAR LINEAR LINEAR LINEAR LINEAR LINEAR LINEAR LINEAR
LINEAR LINEAR LINEAR LINEAR LINEAR LINEAR LINEAR LINEAR LINEAR LINEAR LINEAR LINEAR
LINEAR LINEAR LINEAR LINEAR LINEAR LINEAR LINEAR LINEAR LINEAR LINEAR LINEAR LINEAR
LINEAR LINEAR LINEAR</Name_array>
        <technique_common>
          <accessor source="#mixamorig_RightFoot-Interpolations-array" count="38">
            <param type="name"/>
          </accessor>
        </technique_common>
      </source>
      <sampler id="mixamorig_RightFoot-Matrix-animation-transform">
        <input semantic="INPUT" source="#mixamorig_RightFoot-Matrix-animation-input"/>
        <input semantic="OUTPUT" source="#mixamorig_RightFoot-Matrix-animation-output-transform"/>
        <input semantic="INTERPOLATION" source="#mixamorig_RightFoot-Interpolations"/>
      </sampler>
      <channel source="#mixamorig_RightFoot-Matrix-animation-transform" target="mixamorig_RightFoot/matrix"/>
    </animation>
    <animation id="mixamorig_RightToeBase-anim" name="mixamorig_RightToeBase">
      <source id="mixamorig_RightToeBase-Matrix-animation-input">
        <float_array id="mixamorig_RightToeBase-Matrix-animation-input-array" count="38">

0.000000 0.033333 0.066667 0.100000 0.133333 0.166667 0.200000 0.233333 0.266667 0.300000 0.333333 0.366667 0.400000 0.433333 0.466667 0.500000
0.533333 0.566667 0.600000 0.633333 0.666667 0.700000 0.733333 0.766667 0.800000 0.833333 0.866667 0.900000 0.933333 0.966667 1.000000 1.033333
1.066667 1.100000 1.133333 1.166667 1.200000 1.233333</float_array>
        <technique_common>
          <accessor source="#mixamorig_RightToeBase-Matrix-animation-input-array" count="38">
            <param name="TIME" type="float"/>
          </accessor>
        </technique_common>
      </source>
      <source id="mixamorig_RightToeBase-Matrix-animation-output-transform">
        <float_array id="mixamorig_RightToeBase-Matrix-animation-output-transform-array" count="608">

0.976676 0.149989 0.153644 0.000000 0.013526 0.671165 -0.741185 24.984600 -0.214290 0.725976 0.653482 0.000000 0.000000 0.000000 0.000000 1.000000
0.977773 0.148104 0.148405 0.000000 0.008342 0.679782 -0.733367 24.984600 -0.209498 0.718305 0.663437 -0.000000 0.000000 0.000000 0.000000 1.000000
0.978025 0.147672 0.147174 0.000000 0.007136 0.681786 -0.731516 24.984600 -0.208365 0.716492 0.665750 0.000000 0.000000 0.000000 0.000000 1.000000
0.978098 0.147546 0.146814 0.000000 0.006785 0.682371 -0.730974 24.984600 -0.208034 0.715961 0.666425 0.000000 0.000000 0.000000 0.000000 1.000000
0.976489 0.138659 0.165053 -0.000000 0.014018 0.723204 -0.690492 24.984600 -0.215110 0.676572 0.704257 -0.000000 0.000000 0.000000 0.000000 1.000000
0.945168 0.178202 0.273681 0.000000 0.128465 0.567584 -0.813231 24.984600 -0.300256 0.803799 0.513569 0.000000 0.000000 0.000000 0.000000 1.000000
0.919035 0.228119 0.321458 0.000000 0.210657 0.405047 -0.889697 24.984600 -0.333163 0.885380 0.324198 -0.000000 0.000000 0.000000 0.000000 1.000000
0.951839 0.192370 0.238739 0.000000 0.111684 0.507626 -0.854308 24.984600 -0.285534 0.839827 0.461694 0.000000 0.000000 0.000000 0.000000 1.000000
0.971506 0.158831 0.175921 0.000000 0.036565 0.632915 -0.773357 24.984600 -0.234177 0.757754 0.609074 0.000000 0.000000 0.000000 0.000000 1.000000
0.976037 0.151086 0.156602 -0.000000 0.016492 0.666237 -0.745557 24.984600 -0.216977 0.730274 0.647781 0.000000 0.000000 0.000000 0.000000 1.000000
0.976533 0.150236 0.154315 -0.000000 0.014197 0.670051 -0.742180 24.984600 -0.214901 0.726953 0.652193 -0.000000 0.000000 0.000000 0.000000 1.000000
0.976990 0.149451 0.152166 0.000000 0.012055 0.673610 -0.738989 24.984600 -0.212943 0.723819 0.656309 -0.000000 0.000000 0.000000 0.000000 1.000000
0.977325 0.148875 0.150570 -0.000000 0.010474 0.676238 -0.736609 24.984600 -0.211484 0.721484 0.659345 0.000000 0.000000 0.000000 0.000000 1.000000
0.977854 0.147967 0.148014 -0.000000 0.007958 0.680420 -0.732779 24.984600 -0.209138 0.717729 0.664174 0.000000 0.000000 0.000000 0.000000 1.000000
0.978322 0.147161 0.145705 0.000000 0.005704 0.684169 -0.729301 24.984600 -0.207011 0.714323 0.668498 0.000000 0.000000 0.000000 0.000000 1.000000
0.978257 0.147273 0.146028 0.000000 0.006018 0.683645 -0.729789 24.984600 -0.207310 0.714800 0.667895 0.000000 0.000000 0.000000 0.000000 1.000000
0.978289 0.147217 0.145867 -0.000000 0.005861 0.683907 -0.729546 24.984600 -0.207160 0.714562 0.668196 0.000000 0.000000 0.000000 0.000000 1.000000
0.978496 0.146862 0.144838 0.000000 0.004861 0.685570 -0.727991 24.984600 -0.206211 0.713040 0.670113 0.000000 0.000000 0.000000 0.000000 1.000000
0.978518 0.146824 0.144727 -0.000000 0.004754 0.685749 -0.727823 24.984600 -0.206108 0.712876 0.670319 0.000000 0.000000 0.000000 0.000000 1.000000
0.978588 0.146702 0.144374 -0.000000 0.004411 0.686318 -0.727288 24.984600 -0.205781 0.712353 0.670975 0.000000 0.000000 0.000000 0.000000 1.000000
0.978670 0.146562 0.143963 -0.000000 0.004014 0.686979 -0.726666 24.984600 -0.205401 0.711744 0.671737 0.000000 0.000000 0.000000 0.000000 1.000000
0.978671 0.146559 0.143956 0.000000 0.004006 0.686991 -0.726655 24.984600 -0.205394 0.711733 0.671751 -0.000000 0.000000 0.000000 0.000000 1.000000
0.978721 0.146473 0.143704 0.000000 0.003763 0.687396 -0.726273 24.984600 -0.205161 0.711360 0.672217 0.000000 0.000000 0.000000 0.000000 1.000000
0.978784 0.146365 0.143384 -0.000000 0.003454 0.687910 -0.725788 24.984600 -0.204865 0.710885 0.672810 -0.000000 0.000000 0.000000 0.000000 1.000000
0.978811 0.146318 0.143246 0.000000 0.003321 0.688132 -0.725578 24.984600 -0.204737 0.710680 0.673065 0.000000 0.000000 0.000000 0.000000 1.000000
0.978727 0.146463 0.143673 -0.000000 0.003733 0.687446 -0.726226 24.984600 -0.205133 0.711313 0.672275 0.000000 0.000000 0.000000 0.000000 1.000000
0.978413 0.147003 0.145249 0.000000 0.005260 0.684906 -0.728613 24.984600 -0.206590 0.713648 0.669348 0.000000 0.000000 0.000000 0.000000 1.000000
0.977831 0.148005 0.148124 -0.000000 0.008067 0.680240 -0.732945 24.984600 -0.209240 0.717891 0.663966 0.000000 0.000000 0.000000 0.000000 1.000000
0.977426 0.148702 0.150087 -0.000000 0.009997 0.677030 -0.735887 24.984600 -0.211042 0.720776 0.660260 0.000000 0.000000 0.000000 0.000000 1.000000
0.977774 0.148103 0.148401 0.000000 0.008338 0.679788 -0.733361 24.984600 -0.209494 0.718299 0.663444 0.000000 0.000000 0.000000 0.000000 1.000000
0.978017 0.147685 0.147212 -0.000000 0.007173 0.681726 -0.731573 24.984600 -0.208400 0.716547 0.665680 0.000000 0.000000 0.000000 0.000000 1.000000
0.977392 0.148761 0.150253 0.000000 0.010161 0.676759 -0.736135 24.984600 -0.211193 0.721019 0.659947 0.000000 0.000000 0.000000 0.000000 1.000000
0.976709 0.149933 0.153489 -0.000000 0.013372 0.671422 -0.740955 24.984600 -0.214149 0.725750 0.653779 0.000000 0.000000 0.000000 0.000000 1.000000
0.976766 0.149835 0.153222 -0.000000 0.013106 0.671864 -0.740559 24.984600 -0.213906 0.725361 0.654290 0.000000 0.000000 0.000000 0.000000 1.000000
0.977127 0.149215 0.151515 0.000000 0.011410 0.674683 -0.738020 24.984600 -0.212348 0.722868 0.657549 0.000000 0.000000 0.000000 0.000000 1.000000
0.977150 0.149176 0.151407 0.000000 0.011303 0.674861 -0.737859 24.984600 -0.212250 0.722710 0.657754 0.000000 0.000000 0.000000 0.000000 1.000000
0.976767 0.149834 0.153220 -0.000000 0.013103 0.671868 -0.740555 24.984600 -0.213904 0.725357 0.654295 -0.000000 0.000000 0.000000 0.000000 1.000000
0.976676 0.149989 0.153644 0.000000 0.013526 0.671165 -0.741185 24.984600 -0.214290 0.725976 0.653482 -0.000000 0.000000 0.000000 0.000000 1.000000</float_array>
        <technique_common>
          <accessor source="#mixamorig_RightToeBase-Matrix-animation-output-transform-array" count="38" stride="16">
            <param type="float4x4"/>
          </accessor>
        </technique_common>
      </source>
      <source id="mixamorig_RightToeBase-Interpolations">
        <Name_array id="mixamorig_RightToeBase-Interpolations-array" count="38">
 LINEAR LINEAR LINEAR LINEAR LINEAR LINEAR LINEAR LINEAR LINEAR LINEAR LINEAR
LINEAR LINEAR LINEAR LINEAR LINEAR LINEAR LINEAR LINEAR LINEAR LINEAR LINEAR LINEAR
LINEAR LINEAR LINEAR LINEAR LINEAR LINEAR LINEAR LINEAR LINEAR LINEAR LINEAR LINEAR
LINEAR LINEAR LINEAR</Name_array>
        <technique_common>
          <accessor source="#mixamorig_RightToeBase-Interpolations-array" count="38">
            <param type="name"/>
          </accessor>
        </technique_common>
      </source>
      <sampler id="mixamorig_RightToeBase-Matrix-animation-transform">
        <input semantic="INPUT" source="#mixamorig_RightToeBase-Matrix-animation-input"/>
        <input semantic="OUTPUT" source="#mixamorig_RightToeBase-Matrix-animation-output-transform"/>
        <input semantic="INTERPOLATION" source="#mixamorig_RightToeBase-Interpolations"/>
      </sampler>
      <channel source="#mixamorig_RightToeBase-Matrix-animation-transform" target="mixamorig_RightToeBase/matrix"/>
    </animation>
  </library_animations>
  <library_visual_scenes>
    <visual_scene id="RootNode" name="RootNode">
      <node id="mixamorig_Hips" name="mixamorig_Hips" sid="mixamorig_Hips" type="JOINT">
        <matrix sid="matrix">0.999429 -0.013595 0.030924 -0.641663 0.011180 0.996971 0.076967 108.736893 -0.031877 -0.076578 0.996554 -0.294791 0.000000 0.000000 0.000000 1.000000</matrix>
        <node id="mixamorig_Spine" name="mixamorig_Spine" sid="mixamorig_Spine" type="JOINT">
          <matrix sid="matrix">0.999775 0.017931 -0.011361 0.000000 -0.018927 0.995328 -0.094677 10.706700 0.009610 0.094871 0.995443 -1.175800 0.000000 0.000000 0.000000 1.000000</matrix>
          <node id="mixamorig_Spine1" name="mixamorig_Spine1" sid="mixamorig_Spine1" type="JOINT">
            <matrix sid="matrix">0.999996 -0.000118 -0.002895 0.000000 -0.000379 0.985307 -0.170793 12.566200 0.002873 0.170793 0.985303 0.000000 0.000000 0.000000 0.000000 1.000000</matrix>
            <node id="mixamorig_Spine2" name="mixamorig_Spine2" sid="mixamorig_Spine2" type="JOINT">
              <matrix sid="matrix">0.999996 -0.000196 -0.002931 -0.000000 -0.000308 0.985307 -0.170793 14.361400 0.002921 0.170794 0.985302 -0.000000 0.000000 0.000000 0.000000 1.000000</matrix>
              <node id="mixamorig_Neck" name="mixamorig_Neck" sid="mixamorig_Neck" type="JOINT">
                <matrix sid="matrix">0.999939 -0.006985 -0.008516 0.000000 0.005351 0.983889 -0.178702 16.156500 0.009627 0.178645 0.983866 -0.000000 0.000000 0.000000 0.000000 1.000000</matrix>
                <node id="mixamorig_Head" name="mixamorig_Head" sid="mixamorig_Head" type="JOINT">
                  <matrix sid="matrix">0.996042 -0.064114 -0.061553 0.000000 0.045557 0.962948 -0.265812 1.383600 0.076315 0.261956 0.962058 1.145800 0.000000 0.000000 0.000000 1.000000</matrix>
                  <node id="mixamorig_HeadTop_End" name="mixamorig_HeadTop_End" sid="mixamorig_HeadTop_End" type="JOINT">
                    <matrix sid="matrix">1.000000 -0.000000 0.000000 -0.000000 0.000000 1.000000 0.000000 19.933100 -0.000000 0.000000 1.000000 16.506800 0.000000 0.000000 0.000000 1.000000</matrix>
                  </node>
                </node>
              </node>
              <node id="mixamorig_LeftShoulder" name="mixamorig_LeftShoulder" sid="mixamorig_LeftShoulder" type="JOINT">
                <matrix sid="matrix">0.157106 0.904222 -0.397116 12.201900 -0.008326 -0.400882 -0.916092 13.791400 -0.987547 0.147230 -0.055452 -0.529900 0.000000 0.000000 0.000000 1.000000</matrix>
                <node id="mixamorig_LeftArm" name="mixamorig_LeftArm" sid="mixamorig_LeftArm" type="JOINT">
                  <matrix sid="matrix">0.970651 -0.237092 0.040298 -0.000000 0.187537 0.641317 -0.744004 24.900900 0.150554 0.729726 0.666958 0.000000 0.000000 0.000000 0.000000 1.000000</matrix>
                  <node id="mixamorig_LeftForeArm" name="mixamorig_LeftForeArm" sid="mixamorig_LeftForeArm" type="JOINT">
                    <matrix sid="matrix">0.999114 -0.041786 -0.004924 0.000000 0.041781 0.999126 -0.001232 34.805500 0.004971 0.001026 0.999987 -0.000000 0.000000 0.000000 0.000000 1.000000</matrix>
                    <node id="mixamorig_LeftHand" name="mixamorig_LeftHand" sid="mixamorig_LeftHand" type="JOINT">
                      <matrix sid="matrix">0.451615 -0.012633 0.892124 0.000000 0.072093 0.997147 -0.022375 34.147900 -0.889296 0.074421 0.451237 0.000000 0.000000 0.000000 0.000000 1.000000</matrix>
                      <node id="mixamorig_LeftHandThumb1" name="mixamorig_LeftHandThumb1" sid="mixamorig_LeftHandThumb1" type="JOINT">
                        <matrix sid="matrix">0.948239 -0.312686 0.055406 -7.070300 0.310958 0.949676 0.037684 5.699600 -0.064401 -0.018504 0.997753 -0.000000 0.000000 0.000000 0.000000 1.000000</matrix>
                        <node id="mixamorig_LeftHandThumb2" name="mixamorig_LeftHandThumb2" sid="mixamorig_LeftHandThumb2" type="JOINT">
                          <matrix sid="matrix">0.975838 0.118737 0.183415 -1.316700 -0.111780 0.992580 -0.047854 7.144900 -0.187736 0.026195 0.981870 0.000000 0.000000 0.000000 0.000000 1.000000</matrix>
                          <node id="mixamorig_LeftHandThumb3" name="mixamorig_LeftHandThumb3" sid="mixamorig_LeftHandThumb3" type="JOINT">
                            <matrix sid="matrix">0.826338 -0.537292 0.168769 -0.874000 0.422791 0.789813 0.444346 10.491200 -0.372040 -0.295826 0.879814 0.000000 0.000000 0.000000 0.000000 1.000000</matrix>
                            <node id="mixamorig_LeftHandThumb4" name="mixamorig_LeftHandThumb4" sid="mixamorig_LeftHandThumb4" type="JOINT">
                              <matrix sid="matrix">1.000000 0.000000 -0.000000 2.190700 0.000000 1.000000 0.000000 9.462900 0.000000 0.000000 1.000000 0.000000 0.000000 0.000000 0.000000 1.000000</matrix>
                            </node>
                          </node>
                        </node>
                      </node>
                      <node id="mixamorig_LeftHandIndex1" name="mixamorig_LeftHandIndex1" sid="mixamorig_LeftHandIndex1" type="JOINT">
                        <matrix sid="matrix">0.998067 0.012961 0.060775 0.000000 0.000298 0.976996 -0.213258 17.760099 -0.062141 0.212864 0.975104 -0.484900 0.000000 0.000000 0.000000 1.000000</matrix>
                        <node id="mixamorig_LeftHandIndex2" name="mixamorig_LeftHandIndex2" sid="mixamorig_LeftHandIndex2" type="JOINT">
                          <matrix sid="matrix">0.901823 -0.424651 0.079916 -1.109700 0.424753 0.837214 -0.344468 9.940500 0.079372 0.344594 0.935390 0.000000 0.000000 0.000000 0.000000 1.000000</matrix>
                          <node id="mixamorig_LeftHandIndex3" name="mixamorig_LeftHandIndex3" sid="mixamorig_LeftHandIndex3" type="JOINT">
                            <matrix sid="matrix">0.998469 -0.053788 -0.012919 1.017000 0.049765 0.975389 -0.214804 9.378300 0.024155 0.213832 0.976572 0.000000 0.000000 0.000000 0.000000 1.000000</matrix>
                            <node id="mixamorig_LeftHandIndex4" name="mixamorig_LeftHandIndex4" sid="mixamorig_LeftHandIndex4" type="JOINT">
                              <matrix sid="matrix">1.000000 -0.000000 0.000000 0.092700 -0.000000 1.000000 0.000000 4.346800 -0.000000 -0.000000 1.000000 0.000000 0.000000 0.000000 0.000000 1.000000</matrix>
                            </node>
                          </node>
                        </node>
                      </node>
                    </node>
                  </node>
                </node>
              </node>
              <node id="mixamorig_RightShoulder" name="mixamorig_RightShoulder" sid="mixamorig_RightShoulder" type="JOINT">
                <matrix sid="matrix">0.136774 -0.924757 0.355129 -12.201900 0.007818 -0.357479 -0.933888 13.732800 0.990571 0.130508 -0.041664 0.003900 0.000000 0.000000 0.000000 1.000000</matrix>
                <node id="mixamorig_RightArm" name="mixamorig_RightArm" sid="mixamorig_RightArm" type="JOINT">
                  <matrix sid="matrix">0.877997 0.434911 -0.199933 -0.000000 -0.413374 0.478336 -0.774801 24.900900 -0.241334 0.762921 0.599758 -0.000000 0.000000 0.000000 0.000000 1.000000</matrix>
                  <node id="mixamorig_RightForeArm" name="mixamorig_RightForeArm" sid="mixamorig_RightForeArm" type="JOINT">
                    <matrix sid="matrix">0.972815 0.231300 0.011483 -0.000000 -0.231410 0.972810 0.009449 34.831902 -0.008985 -0.011849 0.999889 0.000000 0.000000 0.000000 0.000000 1.000000</matrix>
                    <node id="mixamorig_RightHand" name="mixamorig_RightHand" sid="mixamorig_RightHand" type="JOINT">
                      <matrix sid="matrix">0.595597 0.156123 -0.787966 0.000000 -0.043462 0.985757 0.162462 34.523102 0.802107 -0.062515 0.593899 0.000000 0.000000 0.000000 0.000000 1.000000</matrix>
                      <node id="mixamorig_RightHandThumb1" name="mixamorig_RightHandThumb1" sid="mixamorig_RightHandThumb1" type="JOINT">
                        <matrix sid="matrix">0.966022 0.246725 0.076997 7.149400 -0.256728 0.950414 0.175511 5.106400 -0.029876 -0.189315 0.981462 0.000000 0.000000 0.000000 0.000000 1.000000</matrix>
                        <node id="mixamorig_RightHandThumb2" name="mixamorig_RightHandThumb2" sid="mixamorig_RightHandThumb2" type="JOINT">
                          <matrix sid="matrix">0.999291 -0.037629 0.001539 1.917300 0.035195 0.918562 -0.393706 6.762100 0.013401 0.393481 0.919235 0.000000 0.000000 0.000000 0.000000 1.000000</matrix>
                          <node id="mixamorig_RightHandThumb3" name="mixamorig_RightHandThumb3" sid="mixamorig_RightHandThumb3" type="JOINT">
                            <matrix sid="matrix">0.925881 0.363601 0.102658 0.497100 -0.371682 0.827828 0.420183 10.051100 0.067796 -0.427195 0.901614 -0.000000 0.000000 0.000000 0.000000 1.000000</matrix>
                            <node id="mixamorig_RightHandThumb4" name="mixamorig_RightHandThumb4" sid="mixamorig_RightHandThumb4" type="JOINT">
                              <matrix sid="matrix">1.000000 -0.000000 -0.000000 -2.414400 0.000000 1.000000 -0.000000 8.601400 -0.000000 0.000000 1.000000 0.000000 0.000000 0.000000 0.000000 1.000000</matrix>
                            </node>
                          </node>
                        </node>
                      </node>
                      <node id="mixamorig_RightHandIndex1" name="mixamorig_RightHandIndex1" sid="mixamorig_RightHandIndex1" type="JOINT">
                        <matrix sid="matrix">0.966172 0.212111 -0.146700 -0.000000 -0.228796 0.967463 -0.108015 19.401501 0.119015 0.137925 0.983266 -0.321900 0.000000 0.000000 0.000000 1.000000</matrix>
                        <node id="mixamorig_RightHandIndex2" name="mixamorig_RightHandIndex2" sid="mixamorig_RightHandIndex2" type="JOINT">
                          <matrix sid="matrix">0.939148 0.337636 -0.063275 -0.085100 -0.337134 0.870599 -0.358328 9.396400 -0.065897 0.357855 0.931449 0.000000 0.000000 0.000000 0.000000 1.000000</matrix>
                          <node id="mixamorig_RightHandIndex3" name="mixamorig_RightHandIndex3" sid="mixamorig_RightHandIndex3" type="JOINT">
                            <matrix sid="matrix">0.959534 0.277738 -0.046439 0.015900 -0.278608 0.912408 -0.299817 8.385000 -0.040899 0.300623 0.952866 0.000000 0.000000 0.000000 0.000000 1.000000</matrix>
                            <node id="mixamorig_RightHandIndex4" name="mixamorig_RightHandIndex4" sid="mixamorig_RightHandIndex4" type="JOINT">
                              <matrix sid="matrix">1.000000 0.000000 0.000000 0.069200 0.000000 1.000000 -0.000000 4.374300 -0.000000 -0.000000 1.000000 0.000000 0.000000 0.000000 0.000000 1.000000</matrix>
                            </node>
                          </node>
                        </node>
                      </node>
                    </node>
                  </node>
                </node>
              </node>
            </node>
          </node>
        </node>
        <node id="mixamorig_LeftUpLeg" name="mixamorig_LeftUpLeg" sid="mixamorig_LeftUpLeg" type="JOINT">
          <matrix sid="matrix">-0.994367 -0.060286 0.087176 17.234699 0.080161 -0.965839 0.246432 -5.936600 0.069341 0.252032 0.965231 0.975600 0.000000 0.000000 0.000000 1.000000</matrix>
          <node id="mixamorig_LeftLeg" name="mixamorig_LeftLeg" sid="mixamorig_LeftLeg" type="JOINT">
            <matrix sid="matrix">0.999840 0.001275 0.017819 0.000000 -0.011228 0.820673 0.571288 46.723801 -0.013895 -0.571397 0.820556 0.000000 0.000000 0.000000 0.000000 1.000000</matrix>
            <node id="mixamorig_LeftFoot" name="mixamorig_LeftFoot" sid="mixamorig_LeftFoot" type="JOINT">
              <matrix sid="matrix">0.895663 -0.421375 -0.142233 0.000000 0.099680 0.501886 -0.859171 42.762402 0.433418 0.755350 0.491524 -0.000000 0.000000 0.000000 0.000000 1.000000</matrix>
              <node id="mixamorig_LeftToeBase" name="mixamorig_LeftToeBase" sid="mixamorig_LeftToeBase" type="JOINT">
                <matrix sid="matrix">0.985323 -0.127554 -0.113437 0.000000 0.007827 0.697607 -0.716438 24.681400 0.170519 0.705035 0.688366 0.000000 0.000000 0.000000 0.000000 1.000000</matrix>
                <node id="mixamorig_LeftToe_End" name="mixamorig_LeftToe_End" sid="mixamorig_LeftToe_End" type="JOINT">
                  <matrix sid="matrix">1.000000 0.000000 -0.000000 -0.000000 0.000000 1.000000 0.000000 12.745400 0.000000 0.000000 1.000000 0.000000 0.000000 0.000000 0.000000 1.000000</matrix>
                </node>
              </node>
            </node>
          </node>
        </node>
        <node id="mixamorig_RightUpLeg" name="mixamorig_RightUpLeg" sid="mixamorig_RightUpLeg" type="JOINT">
          <matrix sid="matrix">-0.982659 -0.144466 -0.116236 -17.234699 0.070784 -0.871666 0.484962 -5.936600 -0.171379 0.468325 0.866776 0.593900 0.000000 0.000000 0.000000 1.000000</matrix>
          <node id="mixamorig_RightLeg" name="mixamorig_RightLeg" sid="mixamorig_RightLeg" type="JOINT">
            <matrix sid="matrix">0.987709 -0.047129 0.149030 0.000000 -0.109048 0.475306 0.873037 46.758801 -0.111980 -0.878558 0.464324 0.000000 0.000000 0.000000 0.000000 1.000000</matrix>
            <node id="mixamorig_RightFoot" name="mixamorig_RightFoot" sid="mixamorig_RightFoot" type="JOINT">
              <matrix sid="matrix">0.905949 0.332736 0.261807 -0.000000 -0.007507 0.630891 -0.775835 42.821098 -0.423321 0.700902 0.574053 0.000000 0.000000 0.000000 0.000000 1.000000</matrix>
              <node id="mixamorig_RightToeBase" name="mixamorig_RightToeBase" sid="mixamorig_RightToeBase" type="JOINT">
                <matrix sid="matrix">0.976676 0.149989 0.153644 0.000000 0.013526 0.671165 -0.741185 24.984600 -0.214290 0.725976 0.653482 0.000000 0.000000 0.000000 0.000000 1.000000</matrix>
                <node id="mixamorig_RightToe_End" name="mixamorig_RightToe_End" sid="mixamorig_RightToe_End" type="JOINT">
                  <matrix sid="matrix">1.000000 -0.000000 0.000000 -0.000000 -0.000000 1.000000 0.000000 12.741500 0.000000 0.000000 1.000000 0.000000 0.000000 0.000000 0.000000 1.000000</matrix>
                </node>
              </node>
            </node>
          </node>
        </node>
      </node>
    </visual_scene>
  </library_visual_scenes>
  <scene>
    <instance_visual_scene url="#RootNode"/>
  </scene>
</COLLADA>
