####
#
# OBJ File Generated by Meshlab
#
####
# Object Meshy_AI_Stone_Golem_Boss_0709011736_image-to-3d-texture.obj
#
# Vertices: 2478
# Faces: 5000
#
####
mtllib ./Meshy_AI_Stone_Golem_Boss_0709011736_image-to-3d-texture.obj.mtl

vn -0.9740560 -0.1915579 0.1205012
v -79.8244476 -12.1489811 2.6858473
vn -0.8087791 -0.3714246 -0.4559827
v -78.7071457 -13.2797241 -6.1401944
vn -0.9237675 0.2888192 -0.2514700
v -79.3362274 -16.4138966 3.9871984
vn -0.9744428 -0.0042069 -0.2245963
v -78.3995667 -18.6467800 3.3839600
vn -0.9930825 0.1091908 -0.0431819
v -78.2456436 -15.1627960 3.7462003
vn -0.9452461 -0.3239121 0.0398856
v -78.5610352 -23.8680382 5.5747371
vn -0.9728200 -0.0088970 -0.2313916
v -77.8625031 -15.7952299 2.6307652
vn -0.9586107 0.2847185 -0.0009967
v -77.6031113 -3.5640178 -0.4955428
vn -0.7643119 0.2949821 0.5734221
v -77.4677734 -15.2823572 9.6644115
vn -0.8971623 -0.4412017 -0.0209957
v -78.5147476 -23.0463753 4.1980629
vn -0.8194751 0.0011210 0.5731137
v -77.0576019 -9.7563992 11.4444160
vn -0.8491181 -0.3930234 -0.3528897
v -78.4219742 -24.4873734 -1.7582458
vn -0.9203444 -0.3631854 -0.1451295
v -76.2023697 -26.6508751 6.3270946
vn -0.6332658 -0.2155659 0.7433073
v -76.8664474 -23.2992783 11.0103970
vn -0.7926418 0.3118007 -0.5239270
v -78.3983002 -16.1182919 -4.1275892
vn -0.9166816 0.1253198 0.3794599
v -76.8476181 -14.1525803 8.4025421
vn -0.5201825 -0.2001031 0.8302824
v -75.3500977 -22.2174511 11.4088774
vn -0.8610361 -0.1901214 -0.4716682
v -76.5434952 -26.6112556 -0.8506325
vn -0.9003764 -0.2936173 0.3211094
v -76.9127655 -25.7527790 3.4821756
vn -0.6905542 -0.3474510 0.6343601
v -76.5917816 -27.5359478 4.0239744
vn -0.7725579 -0.0206476 -0.6346086
v -76.8383331 -6.2359710 -9.3960791
vn -0.8444884 0.3281319 0.4232836
v -76.2290268 -13.3207417 12.2795391
vn -0.8033006 0.1570911 0.5744829
v -75.7089844 -12.7235117 10.9987478
vn 0.0094373 -0.0645049 -0.9978728
v -74.0775528 -17.6781273 -6.3997860
vn -0.9375511 0.1602122 0.3087558
v -75.9715881 -14.1560211 9.9952955
vn -0.9647973 -0.1909591 -0.1808339
v -76.3965836 -27.8636551 5.6541486
vn -0.9320646 -0.1814504 -0.3135785
v -76.8031616 -28.5639820 -1.3236237
vn -0.8379923 -0.0451711 -0.5438092
v -77.6019516 -15.4409866 -4.1610236
vn -0.9259111 -0.2676255 0.2665806
v -75.3662949 -26.2219124 4.4468074
vn -0.7640262 -0.6031700 0.2290193
v -74.5759048 -28.3803101 4.3012328
vn -0.7026420 -0.2159701 0.6779758
v -75.1454163 -25.9292164 10.4082136
vn -0.7687011 -0.3494911 0.5356814
v -75.1788635 -21.5745087 14.1961737
vn -0.8321294 0.5544295 0.0129903
v -75.3704910 2.7559278 -2.7560370
vn 0.0900023 0.0467952 0.9948416
v -70.2143173 -19.3440247 16.2559414
vn -0.7961314 0.3904965 -0.4622633
v -74.8503647 -0.4340546 -11.4455671
vn -0.7118663 0.4177999 0.5645260
v -74.6949997 -1.5025369 9.2212639
vn -0.2442870 -0.0021813 0.9697005
v -71.4400024 -7.6378651 14.1324854
vn -0.6054111 -0.7480480 -0.2718487
v -71.7164917 -33.3668365 5.7216201
vn -0.9860010 0.0248838 -0.1648728
v -74.0940933 8.9778557 -4.3436742
vn -0.3478032 -0.2399493 -0.9063428
v -73.8864975 -16.4221973 -5.8619499
vn -0.6634513 -0.7248233 0.1856438
v -73.7038269 5.6542764 -1.0417434
vn -0.6080844 -0.1940249 0.7697971
v -75.0498810 -26.8241787 10.8669205
vn -0.9124470 0.1818822 0.3665505
v -73.5389557 10.6915293 2.1556821
vn -0.3343118 -0.6466878 -0.6855878
v -72.5842590 -14.7668076 -9.2565069
vn 0.0649689 -0.9658093 0.2509810
v -72.6341553 5.3661485 -1.7100068
vn -0.4595705 -0.7740622 0.4354569
v -73.3352356 6.2664933 2.3421595
vn -0.4693342 -0.7610055 0.4478795
v -73.0691605 5.1028471 -2.8921938
vn 0.3795992 -0.8808621 -0.2828188
v -72.8355331 5.1053720 -3.6057575
vn -0.7133843 -0.7004744 -0.0204526
v -73.8807068 5.4024391 -3.1715481
vn -0.0734989 0.7783784 -0.6234781
v -73.0607452 2.2022595 -10.7870646
vn -0.3613210 0.7925617 -0.4912160
v -73.2205811 4.7663760 -3.7365801
vn -0.8836632 0.4173950 0.2119455
v -72.8907852 4.9601421 -2.0041711
vn -0.6964040 -0.3568602 0.6226335
v -72.8870544 -24.4954052 13.7042246
vn 0.1706610 -0.8168317 -0.5510543
v -72.7759018 4.9928632 -2.4087868
vn -0.1836444 -0.9589640 0.2160155
v -72.8710403 5.5491142 -0.8169275
vn -0.0935161 0.9954683 -0.0172524
v -72.5605469 5.2079082 -1.5800503
vn -0.9354555 0.0799153 -0.3442915
v -72.7016525 5.4268365 -14.3097935
vn -0.7446156 -0.6663472 -0.0391036
v -72.6124115 5.1844277 -6.2843385
vn 0.0216743 0.8032038 0.5953100
v -71.4096832 -10.8342638 14.4841557
vn -0.6781108 -0.4208519 0.6025358
v -72.9304428 -25.0221977 10.9111700
vn 0.5358529 0.7801810 -0.3227682
v -72.6977768 4.8088651 -2.9408782
vn -0.0585058 -0.9828944 0.1746305
v -72.1894150 5.5249863 -0.3563120
vn -0.6069298 -0.7902875 -0.0841538
v -72.9021988 2.6815910 -13.0972767
vn 0.0903356 -0.4647683 -0.8808121
v -72.5293808 -17.1505814 -5.7634788
vn -0.4215736 0.0104488 -0.9067340
v -73.5013504 -27.3792839 -4.2404938
vn -0.6132261 -0.7555587 0.2304018
v -72.4638443 -30.5792847 4.1577005
vn -0.6350989 0.7283111 0.2573175
v -72.1879578 4.6500659 7.2267218
vn -0.3779866 0.6316368 -0.6768760
v -71.2301102 1.0079657 -11.5115089
vn 0.7756754 0.4910679 -0.3964594
v -72.0598984 5.2293644 -0.1621458
vn -0.9901014 -0.0973965 -0.1010608
v -72.1166000 5.4597583 0.1560492
vn -0.2936095 -0.5984077 0.7454540
v -71.9287491 -33.0627632 3.3866572
vn -0.7871165 0.5449091 0.2890012
v -72.0273514 5.4618740 0.6618025
vn -0.2409436 -0.5664691 0.7880729
v -70.5087891 -32.3286209 10.4593287
vn -0.0876071 0.2032685 0.9751959
v -71.4190826 -10.5520039 13.0983448
vn -0.5061387 -0.7787941 0.3705448
v -70.6067734 5.8379655 0.7278447
vn -0.2589763 -0.3916107 -0.8829339
v -70.5049438 -10.7781906 -11.7585754
vn -0.4345400 -0.7997452 0.4142255
v -71.9187775 5.8271642 0.9652200
vn -0.1392187 -0.1437391 -0.9797741
v -69.9391022 -32.1239052 -4.0987163
vn -0.3760028 0.8813559 -0.2860659
v -71.5140686 2.9204950 -6.5984020
vn -0.9578484 0.0991407 -0.2696249
v -72.8447571 8.2596960 -7.3777657
vn -0.6099092 -0.7498178 -0.2564839
v -72.3647461 -33.9688683 -1.5995636
vn -0.2614541 0.0079082 -0.9651836
v -73.8533783 -26.0307598 -3.6733634
vn 0.0348130 0.9607562 -0.2752009
v -71.4519653 4.0536127 -2.2570131
vn -0.6647137 -0.7395125 0.1061929
v -71.0200272 5.1307058 -2.2621191
vn 0.0957800 0.9944461 0.0436254
v -70.8515472 6.0550246 4.5820956
vn 0.0303207 0.9993861 0.0175567
v -70.5030518 4.9738331 2.8097792
vn -0.4125224 0.2284240 -0.8818434
v -72.9539261 -1.2638820 -12.6301260
vn -0.5034108 -0.4050007 0.7632509
v -70.6776810 -27.9905186 11.1373739
vn -0.3864386 -0.7985818 0.4614458
v -70.7467499 -33.5733948 2.8833959
vn -0.5265185 -0.6602720 0.5355551
v -71.1516495 6.6813674 4.3376279
vn -0.4043160 0.4668390 -0.7865049
v -69.6364746 0.1946208 -13.1695528
vn -0.5223961 -0.7469864 -0.4112343
v -71.4582901 -34.4272156 -1.6681887
vn -0.9192477 -0.3768899 -0.1137436
v -70.9485474 3.6060476 -10.2081699
vn -0.4484580 -0.2400508 -0.8609651
v -70.1760406 4.5951276 -16.4018784
vn -0.4975095 -0.8630021 -0.0878165
v -70.5792465 -33.6945839 5.6033955
vn -0.3281303 -0.5712640 0.7523217
v -69.3569336 -33.0338593 9.9900837
vn -0.5638190 -0.6847925 0.4617006
v -69.5630417 -29.2743263 11.1679497
vn 0.6095003 -0.6270391 -0.4851096
v -70.3496552 -17.7374172 -4.6538792
vn 0.4550281 0.8877886 -0.0691437
v -66.7306519 5.0815301 7.6099124
vn -0.4795696 -0.8496094 0.2194924
v -69.4353638 -32.5681267 3.5470154
vn 0.9485601 0.3165916 -0.0018832
v -70.3044357 -24.7980938 2.8758571
vn 0.7956843 0.1149057 -0.5947126
v -69.4686127 -18.8548260 -4.2527742
vn 0.8339416 0.5460528 0.0797994
v -69.3353653 -26.0558586 2.7463953
vn -0.7346528 0.6023287 0.3122267
v -66.0438614 30.1913967 -2.6123722
vn -0.7950435 -0.2755430 0.5403535
v -69.1157227 5.8012414 3.0877314
vn 0.9553491 -0.2633647 -0.1339670
v -69.7308273 -23.5214825 3.3775980
vn -0.1983865 -0.7185999 0.6665262
v -66.9395981 -37.0342789 2.3652518
vn 0.1265155 -0.8037113 -0.5814139
v -69.7660828 -16.2418823 -8.4405298
vn 0.8571244 0.2289582 -0.4614281
v -69.9494095 -25.2987537 -2.5029652
vn -0.1397298 0.0361673 0.9895290
v -69.7618103 -21.6818504 15.5640430
vn -0.3808322 -0.8364835 -0.3940332
v -68.9416580 1.2102889 -14.7573957
vn -0.5745925 -0.7293308 -0.3713760
v -69.1326981 1.5328941 -13.7585592
vn 0.3955175 0.5172405 -0.7589652
v -69.3386841 -26.0561657 -3.4133439
vn -0.1843064 0.2107382 0.9600107
v -67.1034088 4.4195280 4.9350476
vn -0.6901727 -0.5904703 0.4183378
v -70.0746307 -28.8235035 13.8913393
vn 0.9876903 -0.1470324 -0.0533800
v -69.8845749 -17.0304565 -0.0783866
vn 0.9834772 0.0884802 -0.1579366
v -69.3770599 -18.0672302 0.9468362
vn -0.8721334 0.3469380 -0.3449887
v -66.3710632 24.9130039 -12.7123280
vn 0.8113143 0.2316159 -0.5367711
v -68.7601089 -23.8784771 7.5802484
vn -0.0104489 0.6437487 0.7651656
v -67.5996094 3.8926735 10.4894772
vn 0.8592154 -0.0436343 -0.5097499
v -68.7512512 -15.3374834 6.0120964
vn -0.0282461 -0.4211847 -0.9065349
v -66.1305695 -35.3173103 -4.3834200
vn 0.9380336 -0.3277823 -0.1124796
v -69.2366943 -15.7756481 4.4271431
vn 0.8684350 0.0380129 -0.4943437
v -67.9752960 -16.9147263 6.7647567
vn 0.5981934 0.3701480 0.7107427
v -68.7398148 -11.8375206 12.4355726
vn -0.1074558 0.2240558 0.9686342
v -69.0091171 -22.8535690 16.6809635
vn 0.3155825 -0.2242429 0.9220210
v -66.5503006 -9.8681126 13.2384615
vn 0.0236950 0.3553681 -0.9344261
v -67.3314819 -1.3203503 -13.9199066
vn -0.8891031 0.3522575 -0.2922506
v -67.3324661 26.8950977 -9.6337519
vn 0.7627813 0.6395521 0.0955916
v -68.8759766 -25.5376015 1.7026026
vn 0.8279175 -0.5557587 -0.0753991
v -67.0249100 -13.8080511 8.3542128
vn 0.9317729 0.2050523 -0.2995877
v -65.9680939 -14.9219046 8.8488960
vn 0.0222937 0.2951108 0.9552030
v -69.9632263 -2.1272428 12.5068359
vn 0.1916435 -0.6978423 -0.6901370
v -66.5206909 -13.3053493 -9.8728561
vn 0.6095198 0.5047101 -0.6113536
v -67.3101578 -29.7398090 -3.4694369
vn 0.7265613 0.4302394 0.5357263
v -67.6837158 -12.8995390 12.6474848
vn 0.8937647 0.3977402 -0.2073344
v -67.4945908 -29.2620125 2.6575868
vn -0.0364603 -0.9778046 -0.2063221
v -67.0023117 -37.7244911 -2.2401109
vn -0.4261885 -0.8970711 -0.1167346
v -67.2293549 -37.0130463 5.4033666
vn -0.4218769 -0.7008344 0.5751965
v -67.1306000 -31.0164566 10.3908892
vn -0.5933050 -0.6926416 0.4101669
v -67.2049561 -31.5004501 13.4884605
vn 0.7760385 0.3283058 -0.5384974
v -65.6098557 -27.9358368 7.6243677
vn 0.8617955 -0.1529146 0.4836586
v -67.0263977 -13.2134295 10.7832050
vn 0.7958158 0.5486061 0.2563371
v -66.3700180 -29.3390827 0.9247078
vn 0.4645035 -0.7491634 0.4722189
v -65.1558914 -37.1713486 1.6369414
vn 0.8324993 0.2867397 -0.4740520
v -65.9715347 -21.0353279 10.3128319
vn 0.7398557 0.3109076 0.5966156
v -67.0613937 -20.6445332 14.2469959
vn 0.1765931 -0.9552432 -0.2373294
v -65.7115021 -37.0439606 5.3643594
vn -0.4163539 0.0639215 0.9069529
v -71.0713348 10.6014309 5.2786312
vn 0.6149504 0.4811473 -0.6247667
v -66.1549149 -30.0857716 3.2321687
vn 0.8754005 -0.1001888 -0.4729018
v -68.1447220 -22.5754566 8.4356842
vn 0.8760096 0.4766301 -0.0736948
v -67.5513611 -31.0382404 3.1051664
vn -0.1899678 0.0042113 -0.9817813
v -68.0421524 -2.8511703 -15.5508776
vn 0.4059778 -0.9121586 0.0561137
v -67.8845291 -16.6156883 -4.5413332
vn 0.1006284 -0.9946537 -0.0231963
v -66.0408096 -35.6393089 3.1754007
vn 0.3746311 0.3991845 -0.8368412
v -63.9168549 -2.3025610 -13.9567003
vn 0.2380762 0.6977821 -0.6755885
v -67.1090775 -1.7133697 -15.2334299
vn 0.4770563 0.5452321 -0.6893035
v -65.4513779 -28.9395409 8.4919767
vn 0.5704889 -0.7343913 -0.3677116
v -61.8594818 -11.3017216 -10.6377239
vn -0.4903741 0.0574456 0.8696167
v -65.5763702 -6.9002957 12.2869081
vn 0.5353478 0.6846032 -0.4946930
v -64.2008820 -29.4285526 7.9247842
vn -0.1889624 0.5734964 0.7971168
v -63.2889481 29.3511200 0.9135703
vn 0.0298283 -0.0305469 0.9990882
v -64.4583435 -28.3058529 16.3771858
vn 0.9941407 -0.0810879 -0.0714782
v -63.6745224 -33.7394638 2.7017052
vn -0.1219112 -0.6903557 0.7131246
v -65.8934860 -35.9669762 9.8538151
vn -0.0587149 -0.8404441 0.5387079
v -63.7844734 -34.1327362 10.1884050
vn -0.2038463 0.5128502 0.8339253
v -64.7452011 -1.7138156 10.8818512
vn -0.0039386 -0.2342665 -0.9721645
v -55.5837708 16.3136463 -21.2022228
vn 0.1549135 0.4162811 -0.8959419
v -63.5008774 -28.5860672 8.3099947
vn 0.6521963 0.5629857 0.5076289
v -62.5526962 -26.1246014 14.5099058
vn -0.4700982 0.8179572 -0.3315928
v -62.6527290 33.9001350 -12.0040140
vn -0.1704383 -0.7456281 0.6441969
v -63.9882393 -9.9541321 11.0767422
vn 0.3302679 -0.2240678 0.9169061
v -63.0016747 8.2414312 6.9730811
vn 0.8574407 0.4282988 0.2852291
v -62.8621483 -32.6575546 0.5331240
vn 0.7111188 0.2429646 -0.6597562
v -63.6334534 -33.0829582 -3.9301219
vn 0.6840872 0.2097147 -0.6986018
v -63.1654739 -31.6748676 8.4838276
vn -0.4598686 -0.8740427 0.1567488
v -63.5506630 -35.0860977 12.8750687
vn -0.6542576 0.7558849 0.0241864
v -64.1791916 -0.4745562 12.6225824
vn 0.6286047 -0.6875146 -0.3635655
v -63.6629791 -35.8376236 4.2499547
vn -0.4575690 0.6845122 -0.5675155
v -61.3496437 31.6196899 -15.1671944
vn 0.6602632 -0.5649441 -0.4948643
v -63.7469482 -35.4971695 -3.0669594
vn 0.5301468 0.7227040 -0.4434450
v -60.6076851 -3.2092912 -13.7807808
vn 0.2307003 -0.9688047 0.0905260
v -63.1235695 -11.4774771 8.9130955
vn -0.7578889 0.2929130 -0.5829292
v -65.7279053 21.3873997 -18.7250195
vn -0.4471038 0.4525332 0.7715645
v -63.3791924 -0.8023289 15.1685038
vn 0.5286751 -0.7801799 -0.3343979
v -63.2740555 -14.2853279 -6.9984055
vn 0.9022585 -0.4247790 0.0741106
v -62.9811401 -35.1663094 0.8810265
vn -0.3624057 0.0468607 -0.9308417
v -63.3018913 19.8822403 -20.9462433
vn 0.4125900 -0.8130186 0.4108165
v -64.4646835 -36.2632523 9.0995274
vn -0.0587644 -0.4440430 -0.8940763
v -62.4313354 1.3904101 -16.8724232
vn 0.0611856 0.0090137 0.9980857
v -64.3570404 3.9529629 5.4630456
vn -0.2197798 -0.7517277 -0.6217735
v -64.5230103 -0.5969329 -14.4172840
vn -0.0651782 0.8248279 0.5616144
v -59.5069923 34.2973213 -3.6870327
vn 0.2956419 0.7504391 0.5911320
v -65.5502396 3.1168361 5.6789145
vn -0.3477327 0.9304460 0.1155521
v -62.1490517 34.9418564 -7.1577563
vn 0.6971950 -0.7155902 -0.0430105
v -61.7398796 -14.1306868 -1.5441691
vn 0.9711757 0.2382488 0.0074371
v -61.6953735 -32.6451645 7.1274176
vn 0.7028599 -0.7047809 -0.0962912
v -62.5182762 -33.7911034 8.7895145
vn 0.0289829 0.9861234 0.1634646
v -60.6379433 0.2702523 9.0191336
vn -0.4196569 0.3826590 0.8230798
v -66.5781860 21.4420624 2.9442453
vn 0.8533267 -0.4502589 0.2628700
v -62.1625099 -34.8611412 7.9934077
vn 0.6779172 0.6092626 -0.4113727
v -62.3580551 -25.8640118 11.0501804
vn 0.2944508 -0.1101196 -0.9493011
v -60.2862816 -31.5795727 8.1388426
vn -0.1806187 -0.1785496 0.9672109
v -61.8730850 6.6359210 5.0888968
vn -0.0826271 -0.1637007 0.9830437
v -60.9064026 3.5117965 5.4616323
vn 0.4778961 0.8383027 0.2624194
v -61.7400818 1.7404337 6.4073071
vn -0.6746995 -0.0162460 0.7379138
v -61.0388565 6.9253144 7.4300728
vn 0.4522646 0.8898643 -0.0599862
v -57.7881699 1.1392684 11.7843580
vn -0.7210686 -0.4796702 0.4999766
v -61.3509293 -12.2767258 16.2643833
vn 0.1757222 -0.9822707 -0.0653152
v -61.7322197 -35.3793221 11.9860029
vn 0.3695809 -0.6415855 -0.6721444
v -61.1091270 -9.7750320 -12.5882835
vn -0.7033883 -0.5866128 -0.4014103
v -60.0262032 -14.6045313 12.0573397
vn -0.2437254 -0.8896818 -0.3860884
v -63.0691681 -1.0621977 -14.9422951
vn 0.8738344 -0.2540902 -0.4145499
v -61.1146927 -2.1017864 -11.2968912
vn 0.6783009 -0.7179869 0.1562136
v -60.2730904 -11.8632460 4.6669083
vn 0.2258826 -0.4958081 0.8385413
v -60.2638931 -32.5572586 16.2751598
vn 0.0286452 -0.0920749 0.9953400
v -58.3633194 -10.7260723 19.5644131
vn -0.2894679 0.7518263 -0.5924236
v -60.5300369 29.9429054 -19.1450768
vn 0.0438934 -0.9954323 -0.0847819
v -60.7759857 -1.3555975 -13.1177225
vn 0.1875000 0.0959312 0.9775689
v -60.0765114 11.1833344 4.8195925
vn 0.8425664 -0.5168669 -0.1514286
v -59.9912605 -10.2521820 -4.2646794
vn -0.4122081 0.2453270 0.8774390
v -61.1196327 8.6716394 5.3051062
vn 0.4746499 -0.8150111 -0.3323619
v -58.7485962 -9.4271593 5.8087645
vn 0.6243323 -0.6128479 -0.4843829
v -60.0999107 -33.8148613 9.4927959
vn -0.5547553 0.3998115 0.7296556
v -58.8790169 11.8320866 6.4175639
vn 0.4673166 0.0208719 0.8838437
v -58.6476479 16.9549637 5.3808055
vn 0.9132786 0.3339453 -0.2332438
v -59.8017006 -0.9758741 -6.1886816
vn -0.8238361 -0.3119389 0.4732739
v -59.9751205 -13.5280199 16.1887665
vn 0.0801575 0.8374192 -0.5406513
v -57.7406311 30.6032352 -15.1782894
vn 0.7416344 0.4144811 0.5274315
v -58.7641029 -29.9059620 14.4731112
vn 0.2934124 -0.6305342 -0.7185651
v -55.4993706 -0.6334652 -14.9600163
vn -0.1427666 0.9281167 -0.3438272
v -59.5730705 1.0375919 9.3519068
vn 0.6521998 -0.1448802 -0.7440734
v -59.3428230 -6.2273307 -14.0639439
vn 0.6399003 0.7336146 -0.2287734
v -58.6002960 -1.8294649 -6.8124242
vn 0.9915779 0.0573303 -0.1161320
v -59.4811287 -0.4761662 -2.1627247
vn 0.8808800 0.2715349 -0.3877104
v -58.0355186 -29.4299526 10.8095512
vn -0.2767539 -0.6750873 0.6838600
v -57.7029228 1.7300986 6.3878241
vn 0.0236779 -0.9881424 0.1517035
v -58.7111130 -0.3115195 -9.4017878
vn -0.7498204 -0.3630239 0.5531573
v -59.0248299 -20.4413223 16.8435478
vn 0.9319075 0.0252101 0.3618188
v -59.0511246 0.1436081 3.1006875
vn -0.1423791 -0.9066879 0.3970458
v -58.1086044 0.9602684 2.5546033
vn 0.2788476 0.8338515 -0.4763778
v -59.1333466 33.8133278 -12.2899542
vn 0.4547716 0.8807184 -0.1323551
v -59.7018852 0.3572648 8.3731432
vn 0.8423367 -0.4354075 -0.3176305
v -57.8787880 -7.7989225 4.5932908
vn -0.3562304 0.3604701 0.8620680
v -58.3184624 14.5839796 4.1008925
vn 0.7544446 0.6516127 -0.0788311
v -58.0958824 -1.5247694 7.3762207
vn -0.0537106 -0.1535063 0.9866869
v -55.9130745 -19.1448822 19.2098312
vn 0.1290954 -0.1774122 0.9756328
v -55.3494492 4.4537239 8.0434599
vn -0.0869412 -0.9960648 -0.0172071
v -57.9300919 -2.9748952 -13.1437140
vn 0.8856239 -0.4572145 -0.0813958
v -59.3913727 -9.5000944 -3.1219985
vn 0.8816271 -0.4348184 0.1834847
v -58.3882065 -32.5763435 13.5618057
vn 0.9896274 0.0416692 0.1374820
v -55.7034874 -2.3373346 5.4242620
vn 0.2259170 0.9336490 -0.2779588
v -55.3082161 29.0608101 -20.0250492
vn 0.5821819 0.8126787 -0.0248528
v -57.8507729 -0.0635754 3.5910904
vn 0.4527806 0.8915534 -0.0110615
v -58.4480362 35.0159645 -6.8221073
vn 0.6416598 0.6436241 0.4171579
v -57.3703728 32.7592506 -2.4975719
vn -0.0497271 -0.1778285 0.9828043
v -57.1953430 -13.0292015 18.5797234
vn -0.4443139 -0.7987713 -0.4056473
v -56.5889969 -24.6678352 12.6540327
vn 0.9734370 0.0823834 -0.2136196
v -56.9579544 -4.3974991 -6.0695329
vn 0.9142107 0.0036040 -0.4052233
v -56.8506813 -5.7411523 6.2399206
vn 0.3441015 -0.0859317 -0.9349920
v -55.4948578 -13.1325445 10.1458139
vn -0.0575642 -0.9918447 0.1137131
v -58.3069267 0.1012169 -3.2391565
vn 0.3615242 -0.4460020 -0.8187689
v -51.7798119 6.3321528 -17.2016888
vn -0.0588039 0.8462409 -0.5295455
v -57.6095619 32.5426826 -12.4155178
vn -0.0687246 0.1958970 -0.9782134
v -55.2595863 -14.5311661 9.4801140
vn 0.4314463 0.2270474 0.8731000
v -55.7524490 25.5209751 2.4235816
vn 0.0036655 0.9972095 0.0745637
v -57.1870461 33.5992851 -7.5417519
vn 0.2476048 0.8461162 0.4719950
v -56.6443901 31.9581566 -3.8560445
vn -0.1338510 0.5419286 0.8296971
v -56.2210083 27.9146385 0.8898138
vn 0.2918549 0.1973852 0.9358738
v -56.8730240 18.5004082 2.9926841
vn -0.1324247 0.8446324 0.5187099
v -55.9640312 29.2045898 -1.1808071
vn -0.0127620 -0.9972049 0.0736179
v -55.4734230 -2.6736727 -9.5073624
vn -0.0415999 0.6012546 -0.7979739
v -57.4765854 28.1090603 -22.0256023
vn -0.3340999 -0.9250455 0.1807436
v -56.2676392 -24.9901619 15.6188860
vn -0.6415102 0.4305483 0.6348959
v -56.3981628 17.7913628 4.9756832
vn -0.3365813 0.3763946 0.8631572
v -55.4052505 22.5316334 1.6733061
vn -0.1210591 -0.9169306 0.3802408
v -55.8980637 -0.5729390 4.1074953
vn -0.9392143 -0.1614908 -0.3029804
v -55.9922066 37.2794571 -15.3256102
vn -0.7551669 -0.3054360 -0.5800274
v -59.1175270 -20.5016918 11.7040129
vn 0.4463157 -0.5815049 -0.6801871
v -55.4623604 -11.9706392 8.1762066
vn -0.9588846 0.0801223 -0.2722513
v -55.9487343 57.5712357 -12.1167002
vn -0.2005728 0.1873652 0.9615949
v -53.9561653 25.2578773 1.1548510
vn -0.8488937 -0.0992833 -0.5191554
v -53.5600471 57.9252014 -16.3807182
vn -0.0181502 -0.9912818 0.1305028
v -55.1651077 -2.3248138 -1.8275800
vn -0.8834148 0.3047424 -0.3559641
v -55.0318222 34.4880371 -13.6809406
vn -0.4940612 -0.2739987 0.8251232
v -54.7909431 27.7158928 2.9335077
vn -0.8441817 0.4994578 0.1946774
v -53.4177666 67.6055069 -0.1633345
vn 0.1076819 0.0513766 -0.9928570
v -54.8354874 -16.3136482 9.4249420
vn -0.9064961 0.3086480 0.2880995
v -55.1629906 34.1379166 -5.9694767
vn 0.7884820 0.4433137 -0.4263440
v -55.6687698 -3.1564059 7.9791694
vn -0.0315111 -0.6206312 0.7834693
v -54.3287849 -24.2641869 17.0686321
vn 0.5863945 0.2698957 -0.7637393
v -53.6890564 -13.8991871 10.7845125
vn 0.7875466 0.3346635 0.5174656
v -52.4483871 -8.7006493 16.3358250
vn 0.1636274 -0.7910389 -0.5894772
v -53.6459846 -24.1778507 11.4199314
vn 0.6732628 -0.6876345 -0.2718014
v -52.2562027 -0.3290454 -11.1798601
vn -0.9413127 -0.1518612 0.3014442
v -56.3785324 57.0554123 1.0287218
vn -0.7346006 0.0155655 -0.6783212
v -53.8038521 33.4104424 -14.8145714
vn -0.7888759 0.5072037 -0.3470148
v -53.3237724 67.9878311 -9.9882011
vn -0.7890407 -0.5484354 -0.2768273
v -53.1818771 51.1229248 -12.0795279
vn 0.7530180 -0.6438082 0.1359227
v -52.3730927 -0.2595924 -2.1626668
vn 0.1461939 0.8680204 -0.4745187
v -54.0577545 28.6087074 -17.8791199
vn -0.2106365 0.7756876 0.5949295
v -53.2115402 32.6534233 1.6354601
vn -0.5518799 -0.1960030 -0.8105624
v -53.1941376 35.8727798 -18.4088364
vn 0.9342797 0.0105135 -0.3563859
v -52.7143936 -11.7403917 12.6429300
vn 0.8426100 -0.0364421 0.5372898
v -52.9157677 -11.4794865 16.0744572
vn -0.9240305 0.0090627 0.3822114
v -56.1045570 37.2458229 -3.5745711
vn 0.2056125 -0.2527601 0.9454289
v -49.3241119 25.6041126 3.3893833
vn -0.7127551 0.2810565 0.6426410
v -53.0922966 33.2464523 -2.6968577
vn -0.7723888 0.3875258 -0.5032290
v -51.2737694 64.5836334 -15.1368370
vn -0.5340285 0.8044316 0.2601989
v -52.1023293 46.3884926 -3.1345744
vn 0.9582716 -0.0435749 -0.2825187
v -52.1085167 -9.5511417 12.3239822
vn -0.6775396 -0.7235357 0.1320461
v -53.4034729 50.3602448 -1.2595668
vn 0.3547200 -0.1126815 -0.9281576
v -54.1704063 -19.2516842 9.3596621
vn -0.3531627 -0.9269980 -0.1262970
v -50.3186836 49.0766068 -11.9689302
vn 0.6114547 -0.7079212 0.3535121
v -51.6231194 -24.0037708 15.4850283
vn -0.8358155 0.4674834 0.2878745
v -50.0059052 70.8820267 0.2346706
vn -0.7126696 0.4103465 0.5689620
v -51.1973610 64.8227844 4.9715877
vn 0.8760291 0.0842341 0.4748449
v -51.0297165 -18.0016384 16.7821674
vn 0.8668515 -0.3482453 -0.3567823
v -51.4729462 -23.3259468 12.9209766
vn -0.6534089 -0.6141401 0.4425933
v -49.6466408 49.2110443 2.9597886
vn 0.3707745 0.0493796 0.9274093
v -50.5072899 14.0372343 6.3785758
vn -0.6972694 0.6221606 -0.3559940
v -51.7999763 46.8972969 -14.2111616
vn -0.1512693 -0.9825935 -0.1078317
v -50.6854095 48.3582687 -2.4733489
vn -0.0700950 0.5975708 -0.7987464
v -48.6236763 45.9347496 -17.3745213
vn -0.5636160 -0.1689722 0.8085700
v -51.6716728 57.1817169 8.4204760
vn -0.1940768 0.6856653 0.7015678
v -53.3131981 24.7045727 2.9690390
vn 0.1920659 0.7003363 0.6874880
v -52.0307579 32.4646797 -2.4111731
vn 0.8920411 0.0852595 -0.4438395
v -50.7150688 -18.1523438 12.4779844
vn -0.2836418 0.4692543 -0.8362702
v -54.9047699 30.8882217 -17.4069862
vn -0.2613854 -0.0666781 -0.9629287
v -52.4167862 33.1554337 -16.0303688
vn 0.5557626 -0.2644786 -0.7881491
v -46.9324875 17.0971470 -20.0516548
vn -0.2067042 0.9651247 -0.1606477
v -49.2617340 48.0411224 -13.1434345
vn -0.3934114 -0.3059420 0.8669642
v -53.0853004 35.8503532 -0.4868309
vn 0.4979326 0.3978311 0.7705800
v -47.7403259 29.9370804 2.4591773
vn -0.1851724 -0.0856620 0.9789654
v -51.3870201 24.9487762 2.0883527
vn -0.4456633 -0.6460141 -0.6197177
v -47.2843475 50.3215904 -19.0425415
vn -0.8950467 -0.2627926 0.3603215
v -49.1966133 48.7329826 -5.0903492
vn -0.7532954 -0.6505013 -0.0969239
v -49.1396446 48.9720001 -8.0409184
vn 0.4180465 0.6440772 -0.6406261
v -48.9376640 26.6208935 -18.1250172
vn 0.4453708 0.2124040 0.8697870
v -48.4673119 24.1573849 2.0116224
vn -0.7310816 -0.6345202 -0.2508063
v -48.8164597 48.9604187 -11.8952684
vn 0.3783690 0.8714000 -0.3122483
v -51.1078987 27.9025478 -20.2001305
vn -0.8137641 0.5185593 -0.2624583
v -50.0029526 71.1439514 -9.4454565
vn -0.7794397 0.6264670 0.0035758
v -49.3634796 47.7416229 -9.2298927
vn 0.1514782 0.1137701 -0.9818914
v -51.4327965 26.0438499 -22.4401913
vn -0.4991674 0.7576509 0.4204724
v -49.3981285 47.5948601 -4.4029913
vn -0.4483194 -0.1537381 0.8805534
v -47.6948929 -93.1246490 19.1186028
vn -0.4012605 -0.9002149 -0.1691251
v -46.8125114 48.2705688 -15.7305346
vn -0.6676207 0.4661304 -0.5805215
v -50.0041962 65.7846756 -15.7537479
vn -0.8001552 0.5575318 -0.2211561
v -48.9528046 48.1419830 -11.6393366
vn -0.4597456 -0.8485923 0.2617730
v -48.7099380 -94.6996765 16.9120159
vn -0.9676695 -0.1543555 0.1994747
v -49.8541679 -93.0906525 16.4329967
vn -0.6965694 0.2690165 -0.6651475
v -47.7439232 47.9169121 -13.0648794
vn -0.7000310 0.6983021 -0.1494344
v -48.0016785 76.4622040 -8.6016283
vn -0.6196637 0.1162252 -0.7762144
v -51.6918411 58.4124031 -19.6056023
vn -0.6220561 0.7038020 0.3430876
v -47.9556198 76.1940155 0.1953969
vn -0.4676714 -0.4942851 0.7327794
v -48.5013313 52.8032455 6.9018164
vn 0.0719267 0.0442922 0.9964260
v -47.4512405 30.8440971 -2.4311619
vn -0.8594758 0.5095778 -0.0403968
v -48.0664062 -86.6889954 15.8451977
vn 0.4045384 0.4219754 -0.8113480
v -47.3510208 24.3606472 -21.4146614
vn -0.4129727 -0.9090940 -0.0547865
v -47.4932365 47.0951080 0.4280058
vn 0.4761489 -0.3733529 -0.7961720
v -48.0660210 13.7138863 -19.6434917
vn -0.1060671 0.7100012 -0.6961668
v -46.2818222 47.3435135 -15.0460329
vn 0.6959741 0.5267432 0.4880181
v -47.8655243 24.4069061 1.0117979
vn 0.8001012 -0.2886759 0.5258368
v -48.2651939 24.9224911 2.4064958
vn 0.1287795 -0.1817297 -0.9748796
v -40.2746201 55.0048752 -21.3216724
vn -0.2943592 0.4494810 0.8433976
v -46.9130783 46.8318672 -2.3030696
vn -0.7252686 0.3117346 0.6138462
v -48.2908096 66.2302628 6.9955502
vn -0.1504363 0.5655214 0.8108974
v -49.1677017 44.8279839 -0.0245363
vn -0.3906012 -0.5072231 -0.7682158
v -45.8907166 48.1191559 -15.0077610
vn 0.4549343 0.1361071 -0.8800623
v -47.4000053 27.5295734 -17.9909534
vn 0.6453958 0.7441705 0.1722634
v -47.3787422 30.8588295 0.8481206
vn 0.6449443 -0.5179713 0.5619187
v -53.0039940 1.6429470 4.9907022
vn -0.7856613 -0.0269977 -0.6180676
v -47.1899910 -93.2914886 8.7228985
vn -0.3791938 -0.8998492 0.2156005
v -45.8748245 48.2289352 -1.7701517
vn -0.5774731 0.5507585 -0.6026525
v -46.4043045 71.4590836 -17.3968773
vn 0.8762816 -0.0008959 0.4817985
v -46.6054802 29.0435772 1.3364595
vn 0.0828420 -0.8655876 0.4938577
v -46.8140144 -94.6313248 18.5186996
vn 0.2885113 -0.4389184 -0.8509477
v -46.9293747 30.8536758 -16.1017685
vn 0.7471155 0.0705394 0.6609408
v -46.8719978 30.4880753 -2.5094223
vn 0.6036810 0.5761203 -0.5510487
v -46.3557281 25.3603992 -16.2536602
vn 0.4151393 0.8826616 -0.2203813
v -46.6078033 25.4075184 -18.9741974
vn 0.8852742 -0.3881419 -0.2561940
v -44.5692406 14.0347509 -14.3221893
vn -0.5968114 0.3765528 -0.7085366
v -45.9002724 68.8792953 -18.8977394
vn 0.0476564 -0.4929775 -0.8687359
v -43.8264198 32.5415535 -18.6495800
vn -0.3421133 0.8375466 0.4259979
v -45.9940567 -85.9555893 18.1779900
vn -0.6068318 0.6809241 -0.4099970
v -45.6674232 -86.5349884 9.3102140
vn -0.9738066 0.1154106 0.1959112
v -46.3284416 -84.3850098 6.7529607
vn 0.4490305 0.5693557 0.6886259
v -46.6018944 22.9118042 3.5606253
vn -0.1884359 0.2456746 -0.9508606
v -44.9010201 65.0753937 -21.1771507
vn -0.4971876 -0.6530576 0.5712445
v -45.9168358 -93.5949554 19.2198105
vn -0.8989660 -0.4377577 0.0151091
v -46.5315247 -93.0581436 5.0550056
vn 0.9411530 0.1191972 0.3162643
v -45.8601379 27.4654770 -1.5981032
vn -0.9671011 0.0635272 -0.2463326
v -45.3656693 -89.4912415 8.4363575
vn -0.6228976 0.7420781 0.2476260
v -44.4838715 -86.0172882 10.9860020
vn -0.9727255 0.2087312 0.1011747
v -45.3291283 -86.5170364 8.8725863
vn 0.9484466 -0.2879575 0.1323997
v -43.5351410 16.1619720 -5.5092845
vn 0.6471274 0.3311034 -0.6867290
v -44.8247299 23.3502655 -20.7611923
vn -0.4270572 -0.8028540 -0.4159900
v -46.0022888 -95.0262833 8.7542477
vn -0.6043693 -0.6767773 -0.4203692
v -45.4276848 -93.9306183 7.6409311
vn 0.6914631 -0.4198113 0.5879094
v -45.5663223 29.3911152 -4.1525273
vn -0.8312117 -0.2828610 -0.4786196
v -45.8514519 -92.9089050 0.2948177
vn 0.8407725 0.2582056 0.4758482
v -47.2047348 25.3623295 -0.9438466
vn -0.7666258 -0.0152170 0.6419138
v -44.4285202 -82.7218781 12.1354017
vn 0.8285582 -0.3077892 0.4677148
v -46.7522430 13.6515827 2.1894641
vn 0.7686415 0.4560766 0.4485358
v -43.7868729 23.2698269 -0.0759241
vn 0.0865592 -0.9938282 0.0693766
v -43.6935844 -94.0611343 14.3274927
vn -0.8408515 0.4744005 -0.2606009
v -44.8046074 -83.1442413 0.4815257
vn -0.4569726 -0.7475343 0.4820462
v -47.7710075 47.9359398 4.4741960
vn -0.4557607 -0.8456575 0.2777510
v -44.5874710 -94.6548004 20.8367424
vn 0.8495813 -0.1491840 0.5059206
v -44.5004234 18.2349319 1.0762028
vn -0.3576510 0.0310635 0.9333385
v -44.1769180 62.8614731 11.9850330
vn 0.1231626 0.4096344 -0.9038975
v -43.8710136 46.6056824 -15.0480518
vn -0.6665453 -0.1966117 0.7190696
v -44.6925735 -93.1729355 22.1825447
vn 0.3937558 0.7349510 0.5520901
v -40.2412720 43.7490501 -1.4631461
vn 0.0021380 0.0303625 0.9995367
v -42.9802361 63.4291649 11.9969597
vn -0.2561681 -0.9517288 -0.1690868
v -42.0393066 -94.7388077 12.7524996
vn 0.1459634 -0.5702247 0.8084173
v -43.9692039 32.1830978 -0.2944686
vn -0.7002323 0.5795016 0.4169564
v -45.1134682 -86.4846954 18.4312572
vn 0.7511381 -0.6229988 -0.2183212
v -43.9396706 29.2835789 -12.2907991
vn 0.7137886 0.5754419 -0.3992150
v -43.8517685 25.7474613 -12.1988297
vn 0.8939705 0.4479768 -0.0115538
v -43.6933937 26.7766209 -9.3646736
vn -0.7004400 0.5267334 0.4815972
v -44.5976524 -86.0060501 20.6567764
vn 0.8286461 -0.5390301 0.1509704
v -43.7378235 29.2085686 -6.9029508
vn -0.6881899 -0.1799857 0.7028512
v -42.7845726 -93.4182968 -6.4480906
vn 0.0721931 0.9170346 -0.3922190
v -37.5696106 80.3665619 -9.4500141
vn -0.1979579 -0.9800606 -0.0171429
v -43.8942413 -94.6758423 5.6342020
vn -0.3384900 0.9319605 0.1299005
v -43.7730217 -84.7753830 18.5137405
vn 0.0904093 -0.9927047 0.0797717
v -42.8280029 -94.6619110 9.7965527
vn -0.5421479 0.4488989 0.7103277
v -46.2297554 70.6470032 9.0464134
vn -0.5374365 0.6980330 0.4731934
v -42.7669296 -85.9886932 12.7454939
vn 0.7747776 0.4733871 0.4190755
v -43.8826218 25.5411034 -5.9478903
vn -0.3245321 -0.8687353 -0.3741363
v -41.2239265 -94.6759796 -3.6885173
vn -0.9407757 -0.2900450 -0.1755423
v -44.5499611 -93.1204300 -15.7383919
vn 0.0301931 -0.9332086 -0.3580644
v -44.0733833 29.4919453 -14.3599949
vn -0.6452985 0.7139153 0.2718728
v -44.2544098 -81.0577164 11.7755537
vn -0.2850365 -0.6961489 -0.6588861
v -42.1863747 46.4539680 -15.2736664
vn 0.1121041 0.6358879 -0.7635963
v -38.1431503 74.1740646 -17.9042683
vn 0.7362881 0.5746667 0.3572647
v -42.4288177 24.5804901 -4.6906347
vn -0.9861056 -0.0078893 -0.1659323
v -42.8742065 -70.3039169 -5.6868787
vn -0.7704227 0.5648825 0.2955615
v -41.8814774 -84.6496124 13.8988647
vn 0.7158253 0.6971590 0.0395435
v -41.3509407 25.9358635 -8.7717838
vn -0.0868542 -0.2618227 0.9611999
v -43.1260452 57.8196106 10.5492783
vn -0.9066143 0.4160273 -0.0705116
v -43.4991989 -83.6200256 -14.9698858
vn 0.9062071 0.2493869 -0.3414598
v -42.4854774 23.7600117 -15.9019260
vn -0.4376896 -0.7660483 0.4707420
v -41.8923492 -94.7269058 -6.9856267
vn -0.0136946 0.7951139 0.6063055
v -38.1095352 76.3250198 5.6833377
vn 0.1055620 0.2582806 0.9602853
v -42.9665642 45.2584915 -2.0400548
vn 0.6088083 -0.7159282 -0.3417592
v -41.0697861 30.8050766 -15.3067312
vn -0.7513570 -0.6540988 -0.0872785
v -41.4480286 -80.0087662 -5.3732381
vn -0.2971086 0.5840238 0.7554090
v -40.1514320 -86.0330353 22.5625496
vn -0.6075777 0.7749060 -0.1742701
v -42.3826866 -81.3458786 2.1726604
vn -0.0337196 -0.9993598 0.0119616
v -42.0181847 -94.0094070 10.9656820
vn 0.5165069 0.7475439 -0.4176107
v -39.6052017 44.6540337 -15.5607862
vn 0.5923437 0.1613348 0.7893668
v -40.4128265 44.1786957 -2.4909427
vn 0.6359876 -0.7242501 0.2664236
v -41.1400146 30.5558319 -3.7448816
vn -0.8126881 0.2014769 -0.5467589
v -39.3027458 -62.5100365 -13.0625839
vn -0.8713451 0.1453611 0.4686447
v -40.2615356 -59.8199501 4.8810987
vn 0.1697209 0.1167474 -0.9785524
v -36.3964081 63.9740410 -20.2996445
vn -0.4223325 0.9007840 0.1011108
v -39.9884567 -80.2599106 -10.0397558
vn -0.9367911 -0.0613639 0.3444663
v -41.5698891 -69.0123825 5.2308898
vn -0.1944192 -0.8095574 0.5539116
v -40.6123123 45.9613762 -1.6140233
vn -0.6426255 -0.3048594 -0.7029177
v -40.5194054 -92.8003693 -23.8286858
vn -0.7372224 -0.5429991 0.4020635
v -40.6089668 -76.8422852 2.9524560
vn 0.9511488 0.0839450 -0.2971014
v -36.4412651 41.5764008 -14.6280489
vn -0.1561714 -0.4502380 0.8791452
v -41.3943062 52.3785172 9.3769407
vn -0.3634986 0.6099187 -0.7041789
v -40.8352470 -81.7445984 -3.8415182
vn -0.4650211 -0.5685524 0.6786042
v -39.6206512 -76.4201508 4.7109494
vn 0.4015864 0.2319535 0.8859605
v -40.0513039 41.3090973 0.5314755
vn -0.5923189 -0.0650077 0.8030768
v -39.6577606 -70.5766220 7.3561811
vn -0.3202192 -0.9460932 0.0486550
v -39.5026550 -81.0586548 -5.3377843
vn -0.9812833 0.1649300 -0.0994042
v -40.9808197 -56.6497345 -4.6495328
vn -0.4753858 0.6938077 0.5409614
v -41.7740021 -81.8009033 -6.4222245
vn 0.1741396 -0.0486119 -0.9835204
v -40.5061607 45.2887306 -15.0461769
vn 0.0734123 0.2409417 -0.9677592
v -39.6168861 68.3751221 -20.1748104
vn 0.4890795 0.3007769 -0.8187396
v -39.3217392 42.3879776 -17.8170319
vn -0.8433446 -0.0155973 -0.5371467
v -40.3663673 -69.9348984 -14.2119274
vn -0.2387367 -0.8685185 0.4343736
v -38.9147835 -77.6489716 3.3150513
vn -0.4252614 0.2155113 -0.8790379
v -36.6020699 -63.1162834 -15.3806639
vn -0.3440520 0.7491249 0.5660744
v -38.5234299 -84.8816605 16.5172424
vn -0.0890469 -0.8797501 -0.4670229
v -39.1988792 45.3763809 -15.3652201
vn 0.7753317 0.5104803 0.3718476
v -38.0451698 43.6693687 -4.1056490
vn -0.8931350 -0.4432252 0.0765601
v -38.0356979 -80.1885605 -1.7702116
vn -0.5303502 -0.6263756 0.5712988
v -37.9364014 -81.1926193 -6.2525363
vn 0.8087093 -0.0753181 -0.5833666
v -39.2000809 44.9216805 -13.4863548
vn 0.1572551 -0.3639681 0.9180404
v -39.8525620 53.0552101 9.5951490
vn -0.7851880 0.2102045 -0.5824894
v -37.9300537 -53.9231300 -11.8964415
vn 0.0008339 -0.1794203 0.9837722
v -36.9912186 -93.2104492 24.8461285
vn -0.2524454 -0.9651311 -0.0692336
v -38.8917618 45.2740974 -3.1513612
vn 0.0993407 -0.8819416 0.4607716
v -36.5561523 -94.6987915 23.6989594
vn -0.9241695 -0.1351655 -0.3572688
v -37.6371613 -80.1795807 -9.3110142
vn 0.2175313 -0.8063768 0.5499424
v -38.3466835 44.3198204 3.4960115
vn -0.3608088 -0.9027294 -0.2343007
v -40.6944237 44.5089645 0.2596263
vn -0.2186061 -0.7074348 0.6721216
v -34.1475143 -76.6872635 5.4967427
vn -0.7138072 0.6900323 0.1197279
v -37.6347809 -78.7430038 2.2985897
vn -0.0856399 0.1019383 -0.9910976
v -37.8759613 -81.5162430 -3.2688181
vn -0.4558410 -0.8628900 -0.2182426
v -36.7330132 44.0320053 -4.4625626
vn -0.5504777 -0.5994512 0.5810615
v -37.6587791 -78.0202789 2.0293956
vn 0.9814062 -0.1351271 -0.1363178
v -38.0692940 44.0812683 -11.8479795
vn 0.3231854 -0.9101483 0.2591932
v -37.3142967 45.3130493 -5.4908323
vn -0.4362390 0.4640942 0.7709165
v -38.3188782 -82.4503784 15.9964018
vn 0.1172257 -0.9676970 -0.2232053
v -36.5906830 44.6680298 -11.8011703
vn -0.3735397 0.9241906 -0.0796228
v -36.1773872 -79.3650742 -11.9251986
vn 0.7307527 0.6799283 -0.0608117
v -37.2881088 43.7151871 -12.9223433
vn -0.4041862 -0.0127484 -0.9145879
v -37.5943527 -69.9609146 -16.6550579
vn 0.9156300 0.0198739 0.4015303
v -36.7998238 40.3637123 -2.7399974
vn -0.4473799 0.0622771 0.8921731
v -37.1981621 -58.8020821 7.3370867
vn -0.6028141 -0.5069828 -0.6161036
v -38.9044685 -77.5537491 -13.1648359
vn 0.2738294 0.4391034 0.8556902
v -36.4783516 -86.1314774 24.0993176
vn -0.9087606 0.4113633 -0.0702466
v -38.5463638 -42.7448463 -3.6596031
vn -0.1544214 0.5687382 0.8078930
v -35.4606400 -85.1164169 18.5114136
vn 0.2955492 0.9177578 0.2652760
v -36.2814293 -85.1385651 22.1777477
vn 0.3852531 0.6743886 0.6299048
v -32.7054443 73.1053162 5.5633087
vn -0.5462824 0.5913489 -0.5931965
v -39.7075119 -81.9770889 -20.7200356
vn 0.2822532 -0.2350535 0.9300984
v -30.6801491 -71.2025223 10.5563822
vn -0.7206920 0.4714901 0.5082324
v -37.2114258 -44.0616379 5.9238019
vn -0.2102124 -0.2944812 -0.9322508
v -41.7886429 -93.5501709 -4.2985229
vn 0.2663348 -0.7086264 -0.6533869
v -37.5063553 46.8155518 -18.4405518
vn -0.6414818 0.5518706 -0.5328603
v -35.9012375 -42.5205917 -10.4996786
vn -0.1469601 0.4078417 0.9011481
v -35.3214417 -81.9735336 -5.2590928
vn -0.3829207 -0.6583750 -0.6480078
v -37.5133820 -79.1498566 -10.9473925
vn 0.4534650 0.5005757 -0.7374235
v -30.4280148 69.2113876 -18.8510952
vn 0.6048282 -0.1858065 0.7743763
v -30.6689110 61.0032616 9.5596809
vn -0.3302122 0.1896358 -0.9246611
v -35.6409111 -57.0144386 -14.3374891
vn 0.1311140 0.5804572 0.8036658
v -38.2108231 73.8338470 8.8599567
vn 0.4271200 -0.8974921 -0.1098932
v -34.5046349 -94.7545624 15.8070040
vn -0.4189041 0.3694189 0.8294872
v -34.0494843 -44.7506180 8.7002535
vn 0.6575143 -0.7533574 -0.0112962
v -34.7868385 44.2905388 -2.7348382
vn 0.7525579 -0.6343323 -0.1768596
v -34.8117104 44.9738884 -10.6285009
vn 0.0588468 -0.6318319 0.7728683
v -34.6308174 -93.3117599 23.4221172
vn -0.3124494 0.4397093 -0.8420399
v -32.6378937 -78.4636536 -12.6957426
vn -0.2665178 0.5577640 -0.7860456
v -32.9218559 -42.8880882 -12.7353535
vn -0.1116884 0.3359624 0.9352300
v -33.9446602 -83.4931030 19.1236267
vn -0.8364222 -0.4726096 -0.2775574
v -35.4374390 -36.7050934 1.4292303
vn -0.2458758 0.9681811 0.0465884
v -38.0847588 -78.7592697 -14.6277542
vn -0.3309392 0.6941424 0.6392539
v -34.6669159 -87.1714249 23.0676327
vn -0.1387480 -0.3819672 0.9137014
v -35.1918373 -81.2759018 -5.9327679
vn -0.9912473 -0.0155464 0.1310998
v -34.8752213 -36.1149254 -3.0297074
vn -0.0446583 0.7745206 0.6309702
v -33.6581802 -87.1792068 18.7790260
vn -0.0692088 -0.9380773 0.3394423
v -32.8982162 -94.6690826 13.9832172
vn -0.1478533 0.9870465 0.0622787
v -34.7724533 -39.7548752 -2.7329142
vn -0.7596052 0.0059182 0.6503576
v -32.1241150 -36.8516350 8.0728540
vn -0.9745311 -0.0662973 -0.2142286
v -33.4862900 -36.0982704 -0.8700569
vn 0.5321681 -0.0376475 -0.8458013
v -31.0520935 62.1230049 -19.9502697
vn 0.1205793 -0.8549255 -0.5045425
v -34.2442818 -81.2504959 -2.2517455
vn -0.8471946 -0.1928216 0.4950567
v -34.6906204 -36.3533630 6.9011650
vn 0.3543750 -0.6722723 0.6499757
v -30.8930225 -75.1016541 8.7169580
vn -0.4064138 0.8980085 0.1685488
v -32.6915436 -84.9319305 23.4253616
vn 0.0249720 0.7094925 0.7042704
v -32.3369675 -42.5674324 7.9583683
vn -0.1023479 -0.6615260 -0.7429053
v -33.2003632 -76.7400818 -14.9062424
vn -0.2782527 0.9412182 -0.1915303
v -39.3629837 -77.3739777 5.7747326
vn -0.7652378 -0.6372817 0.0910117
v -33.4590988 -38.4389381 5.2243190
vn -0.0643846 -0.9970436 -0.0419358
v -32.7318497 -93.3998795 15.5539751
vn 0.1948404 0.1882399 0.9626022
v -35.5667801 68.0317001 11.0756807
vn 0.4697839 0.8479992 -0.2453576
v -28.5950546 76.3723831 -6.5101218
vn -0.1204331 -0.1862388 0.9750954
v -28.9154530 -93.4246063 -3.9029672
vn -0.2415327 -0.9669506 -0.0816610
v -33.1905403 -93.5391769 16.8546467
vn -0.1015487 0.9017926 0.4200690
v -33.3889122 -41.0523491 5.1148715
vn -0.6455153 -0.7634751 -0.0203939
v -32.5328903 -37.6086426 0.2537188
vn 0.1318848 0.9418440 0.3090895
v -37.9701080 79.9719009 0.9194691
vn -0.4543290 0.5374917 0.7104139
v -32.8748207 -86.0314636 25.7110004
vn 0.4120310 -0.9101294 -0.0435315
v -33.0230789 51.3047905 -5.3634591
vn 0.1490165 0.3596898 -0.9210957
v -30.2060947 -81.8941422 -1.9396266
vn 0.5800561 -0.1674601 0.7971776
v -27.8940849 -60.6179771 10.0661020
vn -0.3405334 -0.9334099 -0.1130623
v -42.9561539 -94.7408676 -15.9587126
vn -0.7773435 0.5673162 -0.2718262
v -34.6838989 -30.8865128 2.1221490
vn 0.6592806 -0.4411618 -0.6088722
v -32.7042274 52.6179276 -17.4155579
vn -0.7453630 0.1041968 0.6584656
v -31.3619576 -31.8480148 7.7402773
vn -0.8963497 0.4151407 0.1556135
v -32.3576050 -31.7785091 -0.5442653
vn -0.4294125 0.4923341 0.7571077
v -33.8649216 -77.4077911 5.1063752
vn 0.0660707 0.9914283 -0.1127146
v -32.1565895 -39.5634995 -8.4203119
vn -0.1412883 0.2258423 -0.9638636
v -30.2864475 -63.6762085 -16.4629345
vn -0.9920219 -0.1083229 -0.0644876
v -32.4895897 -23.5857372 -1.6303072
vn 0.3672230 -0.8230644 -0.4332578
v -32.7164841 52.7543106 -10.6342144
vn -0.5828139 -0.6249261 0.5194184
v -29.0040321 -25.6957951 7.5063448
vn 0.4307601 -0.8853210 0.1750786
v -31.9802055 52.5171890 -0.2351471
vn -0.3276191 -0.8773797 -0.3505291
v -31.8813572 -94.8319397 16.8277721
vn -0.0533450 -0.8692842 0.4914259
v -29.3898087 -94.8432083 -4.7021875
vn 0.9143592 -0.4048873 0.0036782
v -31.6930332 50.8637657 2.5798478
vn -0.8157391 -0.4124263 0.4055544
v -32.2954102 -40.6684723 9.3178854
vn -0.9180637 0.1586306 0.3633116
v -28.7807999 50.3018951 -0.4326613
vn -0.5452456 -0.8372368 -0.0417341
v -33.3429642 -38.9167976 -3.2563934
vn -0.7851228 0.0468948 0.6175623
v -29.8474979 -36.0522957 13.8001966
vn -0.1030187 -0.3849919 0.9171523
v -30.1182327 -81.2281952 -5.0227098
vn 0.9234269 -0.2749256 -0.2677663
v -30.7431564 54.5524445 -16.9220028
vn 0.8660496 -0.3271173 -0.3780906
v -31.2995434 57.1707611 -13.8485022
vn -0.6189514 0.4898739 0.6139404
v -33.3645897 -31.0587387 6.6588697
vn -0.3018217 -0.7651023 -0.5687901
v -39.6810799 -94.5898361 -22.7857151
vn -0.9757236 0.1590394 -0.1505654
v -30.9902840 -13.7177858 -2.0220857
vn -0.6122041 0.7249954 -0.3155753
v -30.8018456 -41.1026649 -3.1693966
vn -0.4919232 -0.8007970 -0.3416660
v -31.2575417 -40.9175301 4.9146042
vn -0.3732683 -0.8935409 0.2495102
v -33.4997635 -94.7326965 24.0688477
vn 0.9266794 -0.3754969 0.0163515
v -31.9997921 52.0950508 -14.8557501
vn 0.7900590 0.4266576 0.4401933
v -26.8338795 73.2276154 2.9439597
vn -0.7814370 -0.2159155 -0.5854372
v -31.9517994 -35.3884697 -8.9102888
vn -0.2757062 0.8040555 0.5267646
v -29.7302990 -41.9923019 3.9283183
vn 0.8611248 -0.3490385 0.3696436
v -30.0072765 54.5889931 5.8804970
vn -0.7769979 0.5879626 0.2248874
v -30.9476185 -41.3170586 0.1353676
vn -0.8310912 -0.5507590 0.0771494
v -31.3249149 -38.9599304 -1.4001074
vn -0.5590453 0.6379669 -0.5295910
v -30.5369282 -29.9708977 -7.7270536
vn 0.6942257 0.2275555 0.6828391
v -29.0444508 67.4496841 8.8261681
vn -0.2533367 0.9654095 -0.0616854
v -30.8498936 -30.5514812 1.3580492
vn 0.6197094 0.0733459 -0.7813966
v -30.9786015 61.9466095 -13.7503977
vn -0.0595870 0.9385138 0.3400606
v -31.4688492 -76.6216431 8.0987549
vn -0.6656519 0.7462415 -0.0055913
v -31.0852089 47.9984627 -5.2090783
vn -0.4821404 -0.0369357 -0.8753151
v -29.9192905 -36.5938416 -10.5486469
vn -0.6916547 -0.7210655 0.0409687
v -31.6611290 -28.2298260 -1.6607240
vn 0.0206148 0.9631887 -0.2680346
v -28.1910820 -77.6428299 -16.9644909
vn 0.6130717 -0.2731460 0.7413058
v -30.6885147 55.4386520 3.2617776
vn -0.8342625 0.1681996 0.5250857
v -29.4275646 -12.2691126 7.9101110
vn 0.1653978 0.4849807 0.8587417
v -24.6490669 -86.1673203 24.8033581
vn -0.9915436 -0.1246656 -0.0360523
v -31.3329525 44.4683762 -5.0309267
vn 0.8831167 -0.0862190 0.4611629
v -31.1810322 61.7362099 2.8241994
vn -0.8567678 -0.5156031 0.0101167
v -30.3906651 -39.2198372 2.0199416
vn -0.8538332 -0.1457112 0.4997371
v -30.7301540 -21.4938736 8.4743900
vn 0.5424991 0.7288008 -0.4177849
v -32.1334839 71.1670761 -16.1640453
vn -0.5629541 -0.7667162 -0.3085919
v -30.1117096 -39.1787376 -4.1013713
vn 0.9939390 -0.1081635 0.0196475
v -30.1434326 60.6776352 8.1264896
vn 0.0921141 0.9876812 -0.1264947
v -28.6355152 -78.1708450 -13.9994087
vn -0.9006651 -0.4337637 -0.0255232
v -28.9730892 36.7161217 -3.6818130
vn -0.8530981 -0.5214847 0.0166519
v -28.5647087 48.9054337 -5.4513149
vn -0.7139003 0.6532497 0.2522129
v -33.1706390 -29.7506142 -2.0799930
vn -0.9046992 0.4257323 0.0164747
v -29.4253807 51.0949364 -12.8107214
vn 0.7277840 -0.1133524 -0.6763741
v -29.7095680 65.0544205 -18.6234550
vn -0.8837298 0.4156004 -0.2151699
v -29.7624741 51.6822510 4.8775473
vn -0.3817555 -0.2676153 0.8846722
v -27.5116615 -20.9912205 11.3594723
vn 0.1681675 -0.3249447 0.9306614
v -30.2109566 -75.9893570 6.4511189
vn -0.5903238 -0.6827862 -0.4304893
v -28.6336803 -27.9619808 -6.5800219
vn -0.7673479 0.6380330 0.0639623
v -29.2276134 -29.2984562 -2.0782046
vn 0.1221144 -0.3361560 0.9338561
v -29.4567966 -70.4291916 8.4028368
vn -0.5893412 -0.8075507 0.0232151
v -29.1547413 -41.4646111 5.0373502
vn -0.8575795 0.1463293 -0.4930975
v -27.7910824 -11.2245026 -7.7989516
vn 0.6853502 0.5297828 -0.4996254
v -26.8734531 73.0184708 -9.3538733
vn -0.5692368 0.2580362 -0.7806324
v -25.6171856 61.8923073 -13.5464220
vn -0.7962871 -0.4469927 0.4075836
v -26.1132965 37.4017982 9.5354376
vn -0.1026980 -0.3265142 0.9395965
v -29.1143799 -75.7943192 6.2530584
vn -0.1167365 -0.9663979 0.2290144
v -31.2345257 -93.7566223 15.0299301
vn 0.0279711 0.9106886 0.4121454
v -30.4247189 -76.7762146 6.6423984
vn 0.3836964 -0.6942889 -0.6088842
v -28.5351944 -76.1604156 -16.1049747
vn -0.7982386 0.2250231 0.5587304
v -26.7717857 55.5861511 13.2271500
vn -0.9268667 0.3701643 0.0624234
v -28.8696213 50.1357994 -8.8798780
vn -0.8956509 -0.1007786 -0.4331895
v -29.1957054 47.1180305 -16.9807930
vn 0.3882804 -0.1236487 -0.9132082
v -28.0266209 -70.2707825 -18.5378819
vn -0.7665030 0.6014274 0.2252958
v -30.5431709 -28.8469906 8.4519587
vn -0.9011364 -0.0950934 0.4229781
v -29.8752251 46.6413803 8.2026987
vn 0.2726247 -0.5024342 -0.8205094
v -29.0830059 -77.3103943 -13.7002764
vn -0.3253019 0.8655129 -0.3808755
v -29.3272877 -41.3062935 -5.3362875
vn 0.9287509 -0.3577490 -0.0971470
v -29.9448223 63.5396919 -16.7950153
vn 0.1409519 0.8915092 -0.4305159
v -30.1129742 -40.2027664 -10.1560574
vn -0.0477709 0.6961966 0.7162600
v -31.7720814 -84.8616638 18.6585350
vn 0.9084106 -0.3911490 0.1476235
v -29.0235443 64.0380020 7.1082578
vn -0.7944112 -0.1073962 -0.5978101
v -29.5053539 -24.2167778 -8.7610941
vn 0.5488685 0.0624976 -0.8335691
v -26.7829437 -58.5613861 -15.6739626
vn -0.6828516 0.7140719 0.1543214
v -28.3118954 -30.5313797 1.8047919
vn -0.7178409 -0.4340552 -0.5443350
v -28.0766563 -39.5257072 -6.5235558
vn 0.5626611 0.3403694 -0.7533665
v -29.2276382 63.9550858 -11.6894627
vn -0.8600567 0.4822433 -0.1665652
v -28.0171890 51.1074715 1.6207267
vn -0.5130016 -0.8205155 -0.2521583
v -29.4532356 -39.0165901 -7.8802176
vn 0.8292251 0.4188147 -0.3701080
v -28.2375355 68.5566025 -15.0854073
vn -0.4535600 -0.8836848 0.1156919
v -30.2375736 -42.7710571 9.1813612
vn 0.1753193 0.0201270 0.9843059
v -28.1541157 -64.3843994 7.5619764
vn -0.9706469 0.2403238 -0.0094436
v -28.3331947 51.7060966 -11.9257507
vn -0.4984515 0.8500733 -0.1700635
v -27.0736103 -28.8371754 5.6597433
vn 0.1433466 -0.0903544 -0.9855394
v -29.8498344 -93.2787704 -2.2414026
vn -0.0794746 0.9645141 -0.2517862
v -26.5839119 -26.8916855 9.2910948
vn 0.1639626 0.2822125 -0.9452367
v -26.7807541 -81.9357605 -1.5131727
vn 0.7893805 0.1560894 0.5937294
v -29.4059105 63.5681610 1.1050766
vn 0.0684779 0.5413519 -0.8380029
v -28.0409374 -81.5074615 -22.5634193
vn 0.1195231 -0.5114194 -0.8509785
v -30.1130829 -81.1881104 -1.5037860
vn 0.1042387 -0.7435045 -0.6605569
v -30.9273682 -94.6806946 -1.8806689
vn -0.9289145 -0.0587213 0.3656085
v -27.8059540 54.6271095 3.5343993
vn 0.3878454 0.8529688 0.3493140
v -28.7023506 -43.4860001 6.2820082
vn -0.0713451 0.4487194 0.8908203
v -28.5469761 -81.9459686 -4.1581526
vn -0.4569308 -0.6619265 -0.5941949
v -28.3672009 -39.2529449 -10.8267231
vn -0.6419557 0.6929889 0.3281149
v -26.7668972 64.0461578 0.0929776
vn -0.1091471 0.3028573 0.9467652
v -28.4760017 -43.1325836 4.8718410
vn 0.1664591 -0.5845610 -0.7940906
v -27.4577122 -75.9911957 -14.0066328
vn 0.8158810 -0.0220886 -0.5777978
v -29.1473141 67.1061401 -18.6591930
vn 0.0228677 0.8819326 -0.4708205
v -27.0083046 -41.8193779 -7.8720961
vn -0.5470428 -0.4935986 0.6760951
v -27.5751820 -74.8814011 8.8661680
vn -0.2646923 -0.7430038 0.6147223
v -25.2798157 -42.8806190 5.7291298
vn -0.0811218 0.7569750 -0.6483888
v -26.4551964 -29.7870502 -9.5988493
vn 0.6372134 -0.0175921 -0.7704866
v -27.4052315 -70.3827896 -16.7616024
vn 0.7546589 0.0880321 -0.6501848
v -27.5999699 -65.8883667 -17.4089813
vn -0.7636623 0.6186084 -0.1847799
v -27.9980583 3.3774414 -2.3100343
vn 0.3684187 0.7739860 0.5149887
v -26.5264740 -77.7944870 5.9687710
vn -0.0407812 -0.1429398 -0.9888908
v -28.2150555 -92.7684937 -26.3635960
vn -0.4792753 -0.1886833 0.8571429
v -32.9687157 -93.0164032 26.3584270
vn 0.9170296 -0.3819863 0.1146438
v -26.5947266 67.1298828 1.6318302
vn -0.6622022 0.0463683 -0.7478892
v -26.6663837 55.8690910 -14.7385254
vn -0.8090256 0.3229823 0.4910804
v -27.9968262 55.5447693 -15.8112774
vn 0.9337318 0.0416557 -0.3555415
v -27.7708836 65.6776733 -9.5549564
vn -0.9528831 0.3019572 -0.0289072
v -26.9848919 57.0125351 3.6202233
vn 0.9752655 -0.1922398 -0.1090920
v -25.6269970 68.7894516 -5.8223915
vn 0.9745961 0.2238415 0.0075830
v -27.1880817 66.4484253 -5.6442795
vn -0.9379871 0.3033469 -0.1678119
v -27.5097141 63.0872307 5.3979311
vn 0.6648136 0.1344392 -0.7348122
v -26.9349689 -65.1550903 -15.2148495
vn -0.4514503 0.7919180 -0.4111671
v -26.3093376 65.0223236 -10.4937096
vn 0.4891685 0.4780651 -0.7294984
v -26.7972088 -78.7595520 -12.3684855
vn 0.4923608 0.2651871 -0.8290095
v -24.7413540 -45.4050980 -14.4430504
vn 0.1831263 -0.6370113 -0.7487866
v -25.2114429 -81.2144699 -1.0011320
vn -0.3858345 -0.0596032 0.9206406
v -28.4541779 -71.3482590 9.9723549
vn -0.7309615 0.1223846 -0.6713549
v -26.5992680 -12.0006914 -9.6525059
vn 0.6809986 0.5859177 0.4392511
v -27.7526932 65.5554962 -3.0905285
vn -0.4530113 0.8774821 0.1574988
v -26.3746090 65.6238022 -3.6432414
vn -0.8801546 0.1050065 -0.4629271
v -26.9806690 54.2087135 -19.2414494
vn 0.5387437 -0.3237230 0.7777909
v -17.2832012 -93.5423203 -3.1937888
vn 0.3749435 0.0578880 0.9252385
v -25.4898300 -48.5817184 10.7914915
vn -0.9915796 0.0976418 0.0850645
v -26.4255600 62.4916763 -14.7631922
vn -0.2975974 0.4556335 0.8389481
v -23.2498703 2.2282462 9.6837788
vn -0.3339437 0.2471013 -0.9096277
v -26.0609684 -63.7416801 -14.7063293
vn -0.4393354 -0.0182243 -0.8981383
v -26.3406811 -70.5925903 -16.6451149
vn -0.5156398 -0.2948799 -0.8044635
v -23.1631699 44.9235497 -22.2002640
vn -0.3276684 0.9019251 0.2813619
v -25.7201653 -27.7047997 7.7057753
vn 0.7906204 0.6067632 -0.0822057
v -25.9165592 75.1898422 -5.3297162
vn -0.7883860 -0.4716339 -0.3949799
v -26.1356525 37.4145966 -14.1062508
vn -0.7009329 0.4302114 -0.5688684
v -25.7763805 57.3808899 -14.6099911
vn -0.7817271 -0.3485489 0.5171232
v -26.8970757 -27.0000057 5.8648858
vn -0.5111476 -0.4930326 -0.7040220
v -25.6567516 -28.8574924 -6.4975519
vn 0.4042575 0.9140621 0.0326554
v -23.6238594 -77.5249634 9.1882763
vn -0.5842884 0.6474602 0.4892878
v -25.4280510 63.3139725 10.9926558
vn 0.0837829 0.4810043 0.8727058
v -24.6809616 -44.8813095 5.5167079
vn -0.7254702 0.6641977 -0.1803735
v -24.8121433 68.7855453 -9.3686733
vn 0.6440755 0.0484013 -0.7634292
v -26.3459530 -59.4792061 -13.8205929
vn -0.4397496 -0.3056592 -0.8445074
v -26.0026455 -24.6970921 -11.8876429
vn 0.2634694 0.9370639 0.2291182
v -24.4151020 -85.0636597 22.8461704
vn -0.2547883 -0.3887803 0.8853998
v -24.3654327 -26.7999382 7.8674846
vn -0.7090009 0.4728769 -0.5231684
v -25.0058346 63.2149239 -19.6461353
vn 0.7488977 -0.0639485 -0.6595930
v -25.2798901 -53.0181580 -13.2370749
vn 0.2625743 -0.0441540 -0.9639010
v -25.2764606 -81.4065170 -0.9452404
vn -0.5054564 0.3957683 0.7667342
v -25.4426117 61.3521690 3.4467263
vn 0.4102968 -0.1422811 0.9007845
v -26.1968994 -58.4664001 7.6480160
vn -0.3492305 0.2011094 -0.9152012
v -24.6576443 -59.2664490 -15.0673609
vn 0.2579529 -0.7731875 0.5793458
v -21.9774303 -94.6951675 14.4924870
vn -0.8666505 -0.0934540 0.4900850
v -24.8531456 60.1168785 -14.3548889
vn 0.6240407 0.5111932 0.5909778
v -25.1152687 -46.7917595 10.0045033
vn -0.5416723 -0.0190794 -0.8403732
v -25.4863968 -71.1112671 -17.9315453
vn 0.4263927 0.6864454 0.5890518
v -24.0884647 -45.8296356 7.0847454
vn -0.6372747 0.6469089 0.4187956
v -26.8520584 3.4163866 6.8545918
vn 0.0595956 -0.8121433 -0.5804064
v -27.9001408 -94.5241776 -25.1488495
vn -0.6285982 0.4945967 -0.6001988
v -24.7266960 2.1722925 -9.1628199
vn -0.0739233 -0.6787183 -0.7306687
v -23.7245655 -40.7807503 -11.3615360
vn 0.3352007 0.0464144 0.9410028
v -17.5418434 -83.4904861 -3.7900810
vn -0.2167688 -0.5184783 -0.8271587
v -24.9857655 -41.0757217 -8.7096729
vn -0.4907244 0.8112620 0.3178736
v -24.8430576 65.3606491 5.1228518
vn -0.3164656 0.1452903 -0.9374115
v -25.0248394 -55.1304779 -13.2727509
vn 0.1438251 -0.4289160 0.8918214
v -24.5966434 -93.3806381 25.7257862
vn -0.6757457 0.6826708 0.2780798
v -25.3590279 68.5412979 0.3849246
vn 0.1933518 0.9775350 -0.0839070
v -23.6117420 5.4176588 -2.2237539
vn 0.1910718 0.2231689 0.9558699
v -24.5144024 -49.1802406 8.5754280
vn -0.1185876 -0.3736718 0.9199491
v -24.6717300 -38.4955559 14.1186047
vn -0.4690551 0.0945495 0.8780932
v -25.1763840 -59.9704094 9.1876535
vn -0.4094881 0.0565799 -0.9105594
v -24.6496868 -14.6839962 -11.6873741
vn 0.5391807 0.8170615 -0.2041927
v -23.1064014 -78.4149170 6.5410867
vn -0.6243193 0.6734298 -0.3958760
v -23.8982906 66.6891022 -13.3405828
vn 0.6794394 0.6960286 -0.2321777
v -24.3669682 -42.6713295 -12.1904545
vn 0.2884991 0.7545043 -0.5894842
v -23.9578705 -43.1390305 -8.6199989
vn -0.1377386 -0.8921363 -0.4302569
v -24.8532982 -44.1455536 7.3122187
vn 0.2359774 0.9713299 0.0288618
v -22.3734646 5.1989040 4.5493426
vn 0.6950257 0.1634725 -0.7001542
v -24.2321854 -46.0469856 -12.7497101
vn -0.7695828 -0.6377183 -0.0325216
v -26.1689453 32.5701752 -3.1776199
vn -0.2127704 0.6604239 0.7201174
v -28.6865482 -27.4669971 12.5378609
vn 0.2747593 0.8728617 -0.4032615
v -23.5269070 -43.4114914 -9.6956739
vn 0.3275708 -0.5491904 0.7688220
v -24.5583553 -77.7228928 5.4095397
vn 0.5545633 0.7689228 -0.3181469
v -23.6214504 -79.3908157 -11.2115936
vn 0.0851278 -0.7095942 0.6994492
v -22.0378819 -77.6223297 7.6821280
vn -0.0420830 -0.9576431 0.2848665
v -24.4744701 -44.7828484 9.8183432
vn 0.5845190 0.8093002 0.0580587
v -24.1561508 -78.8012543 5.0676618
vn -0.3362176 0.4969064 -0.8000262
v -23.3804913 -46.3229523 -12.6436214
vn 0.0509323 -0.6476545 -0.7602300
v -23.3705425 -78.5426025 -10.9935322
vn 0.6129407 0.5691900 0.5480206
v -22.3003464 -86.6788712 24.4134254
vn 0.3739001 -0.3379066 -0.8637232
v -23.0956497 -81.2998199 -0.6126027
vn -0.9864601 -0.1534394 -0.0579036
v -23.5690384 10.0081282 -0.8169817
vn -0.2833112 0.7084598 0.6463896
v -22.9091930 -45.6643639 6.7937841
vn -0.3841430 0.1076725 -0.9169737
v -22.1741467 51.8712807 -25.4828129
vn -0.4121744 -0.5482334 -0.7277035
v -22.6421719 38.2742119 -19.8038673
vn 0.8260595 -0.2023448 0.5260061
v -21.4269257 -81.2147141 -4.9824567
vn -0.0845536 -0.1415216 0.9863176
v -20.0334320 -21.8034000 11.9535828
vn 0.0001658 -0.6072461 0.7945138
v -17.6815910 -27.3733711 8.7208929
vn -0.0937999 0.9773391 -0.1897625
v -22.5181885 4.4811068 -1.3683476
vn 0.1220217 -0.9915060 0.0450167
v -23.0971718 -94.2085876 14.9506826
vn -0.3000064 0.8431229 -0.4462510
v -21.8629169 -43.5069580 -11.1530867
vn 0.3545415 0.5649602 0.7450640
v -22.5862598 -82.1558380 16.6326523
vn 0.3381642 -0.8680282 0.3635549
v -23.3643322 -94.7283096 24.2082405
vn 0.2684085 -0.9442061 -0.1908714
v -22.5224705 -94.8550644 16.3761730
vn -0.4839293 -0.2961123 0.8234865
v -21.4654427 40.8197899 16.4769363
vn -0.2779301 0.3713116 -0.8859360
v -21.7115536 1.2267944 -12.1171284
vn -0.3512069 -0.7803465 -0.5174100
v -26.6949940 -28.1141548 -8.1601086
vn -0.0854860 0.0169992 -0.9961944
v -22.0322514 -29.6981163 -6.9671187
vn 0.3731393 0.5400419 0.7544016
v -22.7108307 -85.1579514 17.2010231
vn -0.2212356 -0.9136411 -0.3410496
v -19.8580780 31.1375999 -13.8331404
vn -0.2895339 0.1138257 0.9503757
v -25.6050606 -9.4359045 10.4873486
vn -0.2695215 -0.9629062 -0.0130292
v -23.1583843 29.2228107 -2.5487523
vn 0.9555903 0.2706877 0.1165133
v -22.1974163 -80.9233856 0.6094662
vn -0.2694228 0.4065228 -0.8730124
v -22.4613400 -46.3250046 -13.7475452
vn 0.6805841 0.7306012 -0.0550199
v -22.1618767 -80.4432373 -8.4126587
vn -0.3282008 0.9397825 -0.0953576
v -21.9797192 -79.2205200 -12.0938559
vn 0.4808608 -0.7339373 0.4796967
v -22.4096298 -79.4331055 1.2118553
vn 0.1231243 -0.0953107 -0.9878038
v -15.0596666 -11.4985580 -13.1935854
vn 0.7192497 -0.2013762 0.6649268
v -21.8037739 -93.1835938 24.8705940
vn 0.7687299 0.6301495 0.1093889
v -21.7285862 -80.1467056 9.1529655
vn 0.7382421 -0.6026899 0.3029249
v -21.4169235 -93.4332733 14.8575001
vn 0.8654740 -0.4942426 -0.0817249
v -20.4825745 -93.3579636 16.7510719
vn -0.1181926 0.9925644 -0.0290926
v -19.0295639 18.7775955 -1.1856301
vn -0.4138111 0.1532829 0.8973655
v -22.3198261 51.8411674 18.0549698
vn 0.3585028 -0.9329503 0.0328571
v -21.7844963 -94.6634979 8.5800905
vn -0.4467987 0.3521892 0.8223951
v -23.1207447 -48.7417068 9.8084936
vn 0.4373647 -0.8388596 -0.3240784
v -21.6766510 -80.1565323 -6.8685303
vn 0.8641780 0.2362342 0.4442857
v -21.1311054 -86.2240753 16.6017532
vn -0.2280549 0.9235069 -0.3084252
v -16.8003101 73.0538330 -10.4131870
vn -0.1678704 0.9182727 -0.3586013
v -20.9915676 3.3072278 -3.7759326
vn 0.1436777 -0.2012414 -0.9689472
v -19.2792397 -79.0486526 -13.9385633
vn -0.9766452 -0.1746121 0.1251987
v -21.6257706 5.9581704 -0.6997014
vn 0.2964967 0.9399026 -0.1693308
v -19.4832993 3.8162675 -8.9542685
vn 0.2173143 0.4222873 0.8800273
v -21.1954155 -28.0293007 7.8061228
vn -0.2636270 -0.6446561 -0.7175789
v -25.6424408 -76.0900879 -15.9132891
vn 0.3129276 -0.9347219 0.1684378
v -21.1885738 -80.7689133 -2.5389512
vn 0.0689499 -0.3936791 -0.9166584
v -16.6120377 -26.2216644 -13.0370617
vn -0.9585927 0.1421253 0.2467804
v -21.1067009 -80.2272263 -8.4787750
vn -0.7528569 -0.4274310 0.5005090
v -18.6511593 5.3242664 5.8809352
vn 0.7320459 -0.4691912 0.4939315
v -18.9961185 -92.1446075 13.8289127
vn 0.1008674 -0.9824470 0.1569195
v -20.0124474 30.0372257 3.0454040
vn -0.1473649 0.7832700 0.6039633
v -20.1905880 63.2619400 13.3137999
vn -0.1845099 0.9256911 0.3302304
v -20.3087273 2.9787400 3.7628560
vn -0.2292039 -0.3260881 0.9171326
v -20.3543301 40.6608772 16.7529011
vn 0.2820949 -0.8886926 -0.3614524
v -21.0322685 -94.6618347 -0.7360054
vn -0.2066918 0.6805800 -0.7029150
v -18.9757538 64.5371323 -21.3311481
vn -0.6956363 -0.6949145 -0.1821648
v -19.5906982 5.9691486 -8.0831690
vn -0.7004737 -0.1385802 0.7000943
v -21.4825172 10.1719465 8.9684963
vn 0.2345096 -0.9264974 0.2942922
v -21.0430660 -43.1607437 5.7881379
vn -0.7121450 -0.7018408 0.0164011
v -19.6142693 29.1632710 -1.9459906
vn 0.0408815 0.1524096 -0.9874716
v -22.1004829 -37.5767326 -10.5827112
vn -0.3596515 -0.8341132 0.4182178
v -21.1423931 31.1991158 9.0798368
vn 0.5380960 0.5845994 -0.6072036
v -20.8679733 -81.9017868 -0.8416111
vn -0.6904933 0.7200667 -0.0687248
v -21.8106956 17.8685226 -0.9787297
vn -0.9965999 -0.0809049 -0.0155879
v -20.7971592 25.7888470 -1.9644227
vn 0.6406165 -0.2210094 -0.7353676
v -20.2513485 -93.1754456 -1.1179061
vn -0.7684270 -0.1236685 -0.6278743
v -20.6537991 9.7115393 -10.5888071
vn -0.6364003 -0.7659417 0.0912576
v -20.2651882 6.0800405 6.9790792
vn -0.6113288 0.4860554 0.6245217
v -19.2928009 16.5529995 8.4671469
vn 0.2631349 -0.4700557 -0.8425009
v -19.2296448 -40.6032753 -10.9325151
vn 0.8079315 0.2504494 0.5334057
v -19.3564091 -84.3554916 15.8773441
vn -0.4134313 -0.4512616 0.7908462
v -19.7666607 -81.6210938 -3.9788604
vn -0.7845909 -0.6166949 0.0640676
v -19.5478935 20.9067783 -1.3370587
vn -0.8939115 -0.1641752 -0.4170957
v -20.6310349 5.7821550 -3.3557692
vn 0.7816664 0.3379293 0.5242151
v -17.9727211 -28.9317017 12.8669214
vn -0.3568409 -0.5662361 0.7429948
v -20.9852009 34.2928696 11.5813141
vn -0.0734311 0.7025327 -0.7078528
v -18.6698990 2.8059087 -7.5748067
vn 0.9478032 -0.3114488 -0.0683286
v -18.6952343 -92.9909897 5.5130916
vn -0.2766901 -0.9396563 -0.2012180
v -19.5940742 29.9144211 -5.8665462
vn -0.8272138 -0.4719331 0.3049531
v -18.8151321 29.9118500 1.8071580
vn 0.4878863 -0.7308743 -0.4772733
v -18.9195080 -41.6250916 -7.1211586
vn 0.0157742 0.7353972 0.6774527
v -19.6350384 -44.7605667 8.6329727
vn 0.3996585 -0.1172421 -0.9091356
v -18.0509319 -72.6264801 -16.2786026
vn -0.2563164 -0.9403936 -0.2235216
v -18.8634758 30.9372883 -10.3674011
vn 0.2094350 0.1462107 0.9668296
v -18.7938576 -48.1467285 10.2025499
vn 0.9107736 0.4112520 -0.0369242
v -19.4551487 -83.0593872 6.1291575
vn 0.3337834 -0.0191304 0.9424557
v -19.7232952 -62.2761307 9.3117533
vn 0.7710374 -0.0654264 0.6334199
v -16.3809948 -61.2799416 6.6304393
vn -0.1277148 0.9534827 -0.2730564
v -16.9008293 17.6209641 -9.3757219
vn 0.1956058 0.7774699 -0.5977281
v -19.7672977 -42.8838005 -7.3706107
vn 0.5913438 0.7993775 0.1063401
v -19.8300667 -28.6084270 7.8365917
vn 0.2992902 0.9266211 0.2275936
v -20.5426559 4.2815428 6.8160243
vn 0.2359239 0.5949636 0.7683479
v -20.6997471 -43.8197250 5.3940830
vn 0.3976500 -0.1649198 0.9025941
v -20.6699123 -72.1068573 9.9910440
vn -0.8715411 0.2117393 -0.4422472
v -18.6836662 27.9173489 -14.0526552
vn 0.5054307 0.2987578 -0.8094959
v -17.2319107 -46.2549667 -12.7049398
vn 0.3499975 -0.4346264 0.8298203
v -19.2332973 -28.3443642 7.2024293
vn -0.0802976 -0.8475518 -0.5246030
v -17.0872669 -30.2540054 -9.0291586
vn -0.4231768 -0.8750225 0.2350683
v -18.4319630 30.7597523 5.0095916
vn 0.0296411 -0.8893947 -0.4561781
v -16.0940094 32.1848412 -15.7815056
vn 0.5614077 -0.1161884 0.8193423
v -19.3240318 -37.8927689 14.0255299
vn 0.4001187 0.8448880 0.3550625
v -17.2422028 -43.9440918 5.6742291
vn -0.9680222 -0.1607773 -0.1925713
v -19.2690430 29.3874512 -5.6559620
vn 0.4101943 -0.1006409 -0.9064282
v -15.6431513 -17.1202698 -12.7082605
vn 0.1639120 -0.9446845 -0.2840845
v -19.7552605 -43.7298393 6.8220258
vn 0.5835089 0.3948190 -0.7096727
v -17.3144264 -32.4184685 -9.5320530
vn 0.9098265 0.3922727 -0.1354176
v -18.7194805 -79.3572540 -12.9153395
vn -0.1281638 0.8387320 0.5292473
v -18.8072090 66.2394638 5.9556370
vn 0.1726454 -0.9071653 0.3837246
v -20.0391197 -79.9586105 2.0401101
vn -0.7262570 0.6732952 0.1386522
v -17.2480850 18.7238979 -1.2172771
vn -0.9098778 0.4118228 0.0502418
v -20.1772976 28.2967625 -1.1077105
vn 0.6459963 -0.7421122 0.1787689
v -18.1397324 -41.7957344 2.7134223
vn 0.3303764 -0.8943478 0.3016511
v -17.9971046 -94.9163742 -4.2323666
vn -0.4446343 -0.7140772 -0.5407348
v -17.7494450 31.1287289 -12.7029486
vn -0.0397452 0.9610842 0.2733818
v -17.8172073 17.5281277 7.2435889
vn -0.1421891 0.8337331 0.5335460
v -18.8321304 71.7171173 -0.0748631
vn 0.8356947 0.5380998 0.1098314
v -18.6807747 -29.8540859 6.4148426
vn 0.3717335 0.8603914 -0.3486272
v -17.7413235 2.3135927 -7.8592196
vn 0.3345050 0.9165155 -0.2193304
v -19.4630928 -27.8145409 9.4420757
vn 0.5935830 -0.7141696 0.3709732
v -17.8892136 -43.2315636 9.8702621
vn 0.3186980 0.2874012 -0.9032343
v -13.0279665 -1.9232254 -14.1653833
vn -0.9514989 -0.1797272 0.2496958
v -18.4836102 24.8172894 6.6226702
vn -0.1422826 -0.8864892 0.4403323
v -17.7701283 30.9989758 7.6099362
vn 0.1860279 0.8890563 -0.4182972
v -18.4371433 -42.6298294 -10.1044369
vn 0.9428625 0.2493991 0.2209310
v -17.8019047 -31.1805382 4.4902024
vn 0.9562091 0.2920025 -0.0199653
v -18.2451935 -80.6493301 -7.7029009
vn 0.5270820 0.6643968 -0.5298695
v -17.1522789 -81.6864319 -20.1183662
vn -0.9112450 0.2861414 0.2962358
v -17.5138931 30.1061268 7.5938358
vn 0.5305141 -0.5902629 0.6083952
v -17.8237247 -29.6801128 5.2209406
vn 0.3003275 -0.9188869 -0.2558324
v -17.5800114 -94.6910934 -22.5622597
vn 0.7168286 0.6595491 -0.2261675
v -17.0642776 -42.9085884 -3.6843498
vn 0.8044248 -0.2864564 0.5204262
v -18.1372128 -71.8168335 7.9164171
vn 0.8781936 -0.2580995 -0.4026919
v -15.2844877 -72.9369583 -12.6369305
vn -0.7457725 -0.6368226 0.1956536
v -17.1029263 19.5728874 3.8791065
vn 0.3122285 0.9385991 -0.1467824
v -18.5934353 -79.3531723 -14.4563980
vn 0.4404387 0.8513436 -0.2850051
v -16.4345684 -32.4274826 3.2665372
vn 0.8678722 -0.3178043 0.3818353
v -17.7507362 -81.7583389 -3.7013068
vn 0.6041303 -0.7298523 -0.3199098
v -17.6894836 -41.4460144 -4.8435578
vn -0.7100212 -0.5539945 -0.4346953
v -18.0012798 5.3247852 -7.6431766
vn 0.3225834 -0.9042240 -0.2798554
v -17.7186546 -41.0902290 -7.1419549
vn 0.4472469 -0.4359094 -0.7809951
v -17.5693989 -39.4431343 -10.6705008
vn 0.8153176 0.5177532 -0.2592080
v -17.4804096 -31.8863716 -5.8684578
vn 0.4392722 -0.4654449 -0.7683756
v -18.5716267 -30.5188999 -6.9912167
vn 0.7164748 0.5812765 0.3857221
v -17.3911018 -43.4113770 0.9732824
vn 0.2942742 -0.9556351 -0.0128147
v -14.8210459 -41.9488029 -1.0641520
vn 0.5932929 -0.7248759 0.3500836
v -15.8206882 -31.6757793 0.7321984
vn -0.6735599 -0.5195145 0.5257583
v -16.0492878 3.5061700 7.3467183
vn -0.6516337 0.6851107 -0.3255719
v -16.1595898 18.3012867 -4.8989258
vn 0.5420288 -0.8154298 0.2031724
v -15.1359797 -40.8060379 1.2906615
vn 0.4319450 0.6997007 -0.5690717
v -18.6065750 -31.1492519 -9.6074085
vn 0.0551592 -0.8226917 0.5658056
v -15.9639454 -29.3918972 6.9478049
vn 0.9563459 -0.2652686 0.1226182
v -14.2836332 -73.5720291 -3.1414692
vn -0.3810842 0.0418042 0.9235948
v -16.8073120 13.2878885 9.7915831
vn -0.7964280 -0.6017587 -0.0599080
v -17.4892826 19.8794250 -1.6293629
vn -0.8370875 -0.5046575 0.2111998
v -15.5167723 18.7514057 4.5900350
vn 0.5972863 -0.2299199 0.7683657
v -16.9930973 -39.4880638 8.7752285
vn 0.6816545 0.0768078 0.7276316
v -16.6234856 -35.3058167 8.7391329
vn -0.8596923 -0.4034980 0.3132387
v -17.3318501 21.5602970 4.7337322
vn -0.3817649 -0.7601165 0.5258121
v -14.0627451 1.6174357 9.1788435
vn 0.8246273 0.5617822 0.0662622
v -16.8710918 -32.7109261 1.9264320
vn 0.8802503 -0.3674919 0.3001820
v -15.2593613 -93.4675140 -8.8040390
vn 0.4910168 -0.8060194 -0.3305076
v -16.4240875 -31.5447559 -4.1118889
vn 0.6831761 -0.7117883 0.1631808
v -16.3347015 -41.9797440 -0.7368756
vn -0.5520848 -0.8058456 -0.2140450
v -18.2782841 5.1354928 -9.2949038
vn -0.5905192 0.5491716 0.5913524
v -14.2399178 16.9630337 7.0038848
vn 0.0510181 -0.9402401 -0.3366685
v -16.4705391 -31.1329346 -7.6942253
vn 0.6196730 0.7848299 0.0068855
v -12.8633661 0.7020065 -11.3701124
vn -0.4264760 0.5513270 -0.7170473
v -18.2490044 16.5200291 -11.1241770
vn 0.4578404 0.8877699 0.0473997
v -14.2200460 -43.2356377 -0.9508663
vn 0.6299727 -0.7749704 0.0505510
v -14.7574759 -94.9223175 -14.1592607
vn 0.8757696 0.4819320 -0.0277369
v -14.5005255 -83.4188004 -13.5011168
vn -0.2448572 0.9612543 0.1266299
v -18.8714752 72.0108871 -1.1545671
vn -0.6277303 -0.7720770 -0.0992562
v -15.4878120 18.8341713 -10.3709345
vn -0.4107570 -0.5625157 -0.7175338
v -15.4221535 4.2743859 -8.2494249
vn -0.1215407 -0.7920920 -0.5981791
v -14.9995337 32.2674370 -14.8295202
vn 0.8557792 0.5132960 -0.0645693
v -15.7821255 -32.5778427 -2.0112057
vn 0.4233669 0.8858601 -0.1897690
v -16.3321800 -42.8166351 -8.0202026
vn 0.7596886 0.3320506 0.5591205
v -15.7416868 -33.1731224 7.2046614
vn 0.6878762 0.7192568 0.0974477
v -14.9850950 -33.2858810 5.4828887
vn -0.5422510 0.1440192 -0.8277816
v -14.9529810 31.4485168 -14.5072889
vn 0.9262938 0.2621937 0.2706186
v -15.5667439 -82.9948196 -9.8988457
vn 0.5221843 0.0845090 -0.8486353
v -17.7097836 -60.5593643 -14.2325859
vn 0.9467503 -0.2614456 0.1879098
v -14.1627331 -39.4930153 0.3430818
vn 0.5669768 -0.8033414 0.1821540
v -16.0968418 -41.2251015 6.0767465
vn 0.7721344 0.1730930 0.6114305
v -14.9992590 -47.9969368 6.9803452
vn 0.5162643 0.8563684 -0.0102131
v -14.9942951 -33.3529396 1.1973355
vn -0.5092975 -0.1384963 0.8493732
v -15.6678915 31.6655960 8.6945257
vn -0.2682057 0.6226120 0.7351327
v -16.5026169 1.8578116 7.1733351
vn -0.6497312 0.6595520 0.3779425
v -15.8750410 17.9386082 3.0554199
vn 0.5082831 -0.6660682 0.5458953
v -14.6291122 -39.6268349 8.5274944
vn -0.5808256 -0.7155225 0.3881613
v -14.0287542 17.7414989 9.8886108
vn -0.2876712 0.6745280 -0.6798950
v -14.5859795 17.3307800 -9.7436943
vn 0.6059279 0.6148056 0.5048420
v -13.7965975 0.8502030 8.8934956
vn 0.9166471 -0.0208846 -0.3991515
v -14.6821289 -62.4021187 -11.0941782
vn -0.1695650 -0.4832308 -0.8589154
v -17.7242126 38.2352791 -20.7143593
vn -0.2868518 -0.9052900 -0.3133146
v -12.2549009 1.9632497 -11.2645302
vn 0.7532017 0.5795701 -0.3111043
v -14.9918232 -33.7858467 -7.1893454
vn 0.4795515 -0.8391951 -0.2564802
v -14.4995031 -31.5182362 -3.2818549
vn 0.6502640 0.7543563 -0.0900188
v -13.2835608 -33.6932526 2.7101572
vn 0.6242767 0.3685072 0.6888259
v -13.9325781 -35.3502197 8.4961977
vn 0.7516794 -0.2460358 -0.6119187
v -9.7317867 -14.8791752 -8.9224548
vn 0.2590201 -0.2818479 0.9238346
v -16.8060665 -22.1862774 12.1608868
vn 0.4594624 0.0221312 0.8879215
v -16.6879406 -17.1958809 11.8565149
vn 0.6200380 -0.1152840 -0.7760557
v -16.7697735 -92.8824844 -23.3052464
vn 0.9664245 -0.2567490 -0.0101829
v -13.5906410 -93.3432617 -13.7128057
vn -0.5778308 -0.5933117 0.5604399
v -13.1723604 17.2946301 8.9419823
vn -0.4439249 -0.7979724 -0.4076404
v -12.1884470 16.5306110 -13.0088367
vn 0.9424587 0.3050892 0.1367191
v -12.3770752 -35.0124512 -1.7763104
vn -0.7782083 -0.1956262 0.5967598
v -17.7278728 24.6007462 9.8494120
vn -0.2653758 -0.3150156 0.9112304
v -14.4684296 5.6882052 11.7245131
vn -0.7535089 -0.6246970 -0.2048855
v -14.2550201 18.1018429 -10.1276255
vn 0.0207280 -0.8500969 0.5262183
v -17.4958553 32.5370598 11.4184494
vn 0.7048342 -0.4757532 -0.5261821
v -13.2973309 -28.1181412 -9.6380663
vn 0.3144761 -0.6674347 0.6750079
v -13.1657810 0.9336427 8.0217600
vn -0.1326013 0.1103813 0.9850040
v -11.6129541 51.0686455 19.2680035
vn 0.4126996 -0.8995302 0.1432635
v -13.3648090 -32.1677704 0.2161372
vn -0.7174711 -0.4545263 -0.5278646
v -16.4630203 20.8318539 -13.1209030
vn 0.9570076 0.2318820 -0.1742620
v -13.9590549 -34.8698158 0.4305183
vn 0.3157488 0.3947563 0.8628269
v -13.6930704 -1.1194677 11.2561855
vn 0.3472680 -0.0357405 0.9370846
v -16.3648949 -14.8467894 11.7764387
vn -0.1642242 -0.7468487 -0.6443970
v -12.8965187 32.7741470 -15.8693256
vn -0.6595896 -0.2673487 0.7024715
v -14.9689112 20.5557632 9.3494778
vn 0.7460093 -0.3928434 -0.5377213
v -15.2901592 -39.4478722 -8.4195356
vn -0.1158895 -0.6209624 0.7752261
v -8.8544731 18.7885685 12.8434887
vn 0.8791277 -0.4414859 0.1795124
v -12.7138624 -40.5221062 -2.2543385
vn -0.8122912 -0.4952476 -0.3080793
v -13.5889502 76.3914948 0.8887017
vn -0.6786929 0.6129804 -0.4045135
v -13.4860868 81.4579391 1.3396084
vn 0.8654638 -0.0013379 -0.5009698
v -14.1516809 -52.7618256 -10.0588856
vn -0.7604516 0.5773027 0.2973804
v -18.1967125 29.8480778 8.8005409
vn -0.4831297 -0.6598485 -0.5754873
v -10.8788471 2.0932357 -8.7941885
vn 0.8350778 -0.1102468 0.5389720
v -11.4185925 -16.6765690 6.1140323
vn -0.8170934 0.4295780 0.3844753
v -13.0035048 81.9999390 4.8938107
vn 0.7851222 0.4246721 -0.4508180
v -13.7934628 -46.7000465 -9.4715643
vn -0.7269261 -0.4015334 0.5570902
v -12.9274807 75.8521118 6.3799977
vn 0.9879881 -0.1024967 0.1156464
v -12.6204891 -61.3212433 -2.5312543
vn 0.9099369 -0.4061546 -0.0839836
v -12.1971121 -39.3838158 3.6635866
vn -0.5882450 0.3683773 0.7199069
v -12.0872335 14.2985296 12.2394238
vn 0.9004600 0.2699843 0.3409989
v -9.0008574 -6.1940365 6.4562321
vn -0.5603086 0.5844095 0.5869582
v -12.9247160 32.0741539 10.5702915
vn -0.8479055 0.3056282 0.4331831
v -11.8154659 15.6508341 9.8584681
vn 0.9632827 0.2546238 -0.0851660
v -11.7973232 -35.6762619 3.8457186
vn 0.1781765 0.5835303 -0.7923040
v -11.7348919 14.0221653 -14.3160391
vn 0.7258897 -0.2971095 0.6203306
v -13.3644943 -24.2144794 8.8185492
vn -0.1268224 -0.5842109 -0.8016319
v -9.4402332 33.7698097 -18.0403538
vn -0.7768829 0.4676788 0.4215798
v -12.0141497 16.1921921 12.8244410
vn -0.5938711 -0.1620849 0.7880645
v -11.8525143 13.0497999 12.1728525
vn -0.9336116 0.0671886 0.3519306
v -10.5999594 75.3981247 7.3688984
vn 0.2724532 -0.7975723 0.5381894
v -11.4851551 1.0107858 8.6996431
vn 0.9592267 0.2722317 0.0759870
v -11.3425398 -47.0926857 -1.4099376
vn -0.8527486 -0.0044393 -0.5223027
v -10.6833372 78.4963989 -1.1956249
vn 0.3178993 0.2959558 -0.9007498
v -13.5812550 0.0489439 -8.6101389
vn 0.8949598 0.3348927 -0.2947778
v -11.1222763 -2.6798203 -7.6048455
vn -0.6547989 -0.3813899 -0.6525184
v -10.4384804 15.9894676 -12.5235271
vn -0.9617277 -0.1536078 -0.2269021
v -11.5800238 71.9205704 8.5702705
vn 0.3418991 -0.1634789 0.9254079
v -11.3187895 7.5884185 12.3860607
vn -0.9039745 -0.1932848 0.3814069
v -10.2394066 8.5045595 13.1583319
vn 0.4537560 -0.5678585 0.6867622
v -11.0507555 0.5156371 6.2328887
vn -0.3424953 -0.5175174 0.7841382
v -10.9196396 10.8774862 12.0076694
vn -0.9030374 0.4126522 0.1193384
v -10.7255402 82.8282471 5.3436589
vn -0.3768407 -0.0466426 -0.9251030
v -10.5278234 11.4534674 -14.4286156
vn -0.9138321 0.3452821 -0.2137549
v -10.6961203 82.8841171 1.2688559
vn -0.5659894 -0.1188328 0.8158032
v -10.7960863 17.5670013 10.1492872
vn 0.3170738 0.7971659 0.5138004
v -11.8787165 66.8506317 4.6649032
vn -0.7543752 0.1301829 0.6434054
v -10.2394772 80.3345795 7.8377957
vn 0.8459116 0.0176786 0.5330301
v -11.6499157 -1.7164917 5.6575484
vn -0.7997796 0.4459387 0.4018598
v -11.4383698 74.7851868 8.3923140
vn 0.3065294 -0.4537798 0.8367339
v -10.5692816 7.1215501 10.0412035
vn -0.2019685 -0.3825406 -0.9015938
v -12.9483624 5.6611886 -14.0813179
vn -0.0838773 0.2063452 -0.9748775
v -10.3441935 30.2423286 -19.9909477
vn -0.7816268 -0.3801609 0.4945071
v -10.1435328 5.3522482 9.1825428
vn -0.5006970 -0.5118408 0.6980842
v -9.2059431 -1.3433146 3.7260015
vn -0.0395981 -0.8359227 -0.5474170
v -11.7266808 33.4954529 -18.1523056
vn -0.7565031 -0.4092996 0.5100754
v -10.2276306 9.1466112 11.2299271
vn -0.9128138 -0.4070300 -0.0331304
v -10.6223888 74.7255478 6.1878123
vn -0.0706120 -0.4120333 -0.9084285
v -10.5677290 -0.7215046 -7.9688358
vn -0.9652783 -0.1868472 -0.1825536
v -10.6085196 72.8370361 1.8129127
vn -0.8346280 -0.4888396 -0.2538346
v -10.6002264 73.7450256 -3.2687836
vn -0.9671806 -0.2529488 -0.0240569
v -10.6460171 68.3849792 3.9867036
vn -0.9036423 -0.3738320 -0.2089984
v -10.6446972 74.8664246 1.3173674
vn -0.3845445 0.1587585 -0.9093521
v -9.8821850 32.8111877 -17.5242443
vn -0.7797831 -0.4812494 0.4004214
v -10.3946323 81.3791809 11.0619230
vn 0.8050151 -0.2242174 -0.5492516
v -10.6450930 -18.3352070 -8.3594513
vn -0.9958622 0.0904751 0.0085234
v -10.5612068 88.5341415 -1.5699209
vn -0.8326808 -0.5121520 0.2105783
v -9.3106613 67.0168152 8.0076790
vn -0.9347355 0.2462714 0.2561638
v -10.4147186 88.7407913 10.3011484
vn 0.2345091 -0.7067519 -0.6674634
v -10.1202030 -3.4048693 -5.7930608
vn 0.9375393 0.1822657 -0.2963096
v -10.0152121 -4.2159281 -5.1361566
vn -0.5667180 0.4667575 -0.6789464
v -10.3314085 14.2204571 -12.7421036
vn 0.4278512 0.7492710 0.5055060
v -10.9568663 72.0386887 -0.3624943
vn -0.7884039 -0.4245062 0.4452123
v -11.0673599 71.5248489 10.1545162
vn -0.2447022 0.6926509 0.6784952
v -10.3104525 32.9192162 13.3537521
vn -0.9094514 0.4143614 0.0346826
v -10.1388607 89.4703445 7.7083335
vn -0.7936987 0.2462456 -0.5562424
v -10.4131832 14.1820688 -15.0708237
vn -0.2061641 -0.4193816 -0.8840902
v -9.4205008 6.0357075 -13.1190681
vn -0.7602877 -0.4853300 0.4317608
v -8.6944103 1.9964820 7.0550890
vn -0.9670221 0.0035510 -0.2546681
v -10.6273527 82.6959457 -3.4804606
vn -0.1700338 -0.6463217 0.7438796
v -12.0056515 33.6781349 11.2245464
vn -0.4821894 -0.5741876 -0.6616661
v -9.5275087 71.7842789 0.3969148
vn 0.8908832 -0.4542324 0.0002849
v -10.8932152 -28.4077168 0.0471464
vn 0.1189585 -0.1041410 -0.9874227
v -8.9207335 50.7684021 -26.2641640
vn -0.4107318 0.7365537 0.5373901
v -9.2728224 68.3215256 -0.4225532
vn -0.0473761 0.8864440 0.4604048
v -8.8078279 65.3917542 2.6256318
vn -0.8926086 -0.4427363 0.0850563
v -10.3613844 70.6154327 7.6131725
vn 0.9783264 -0.2065310 0.0149180
v -8.4702950 -18.8714619 -1.0123268
vn -0.5559763 -0.5870550 -0.5884359
v -9.5177212 0.8647451 -10.3492403
vn -0.3902773 0.2655343 0.8815754
v -9.6018047 33.2751656 12.5428810
vn -0.3840539 0.2730261 0.8820200
v -9.1414204 71.8007965 12.0476131
vn 0.5258708 -0.3865019 0.7576782
v -9.4476614 -3.8889787 1.8611451
vn -0.0110577 -0.4669921 -0.8841923
v -8.9777822 38.7031860 -22.7004566
vn 0.0603268 0.7787284 -0.6244540
v -8.0178947 66.9856644 -18.6447525
vn -0.5549632 0.3727676 0.7436801
v -9.7699718 74.0465012 10.1231308
vn 0.9277932 0.2739225 0.2533108
v -9.7051649 -4.3862658 3.0656431
vn -0.5792754 -0.6922019 -0.4304609
v -9.7196960 67.4833679 2.4752214
vn -0.7163255 0.3979133 0.5731866
v -9.0968380 79.2521057 11.6835957
vn -0.3845811 -0.5135187 -0.7670698
v -3.8763528 -1.9729171 -13.2884779
vn -0.9396520 0.1729991 -0.2951702
v -10.5967836 88.9662399 -3.5226796
vn 0.0328119 0.0026731 0.9994580
v -9.1840076 29.5173740 15.1834211
vn 0.7237080 0.6763312 0.1371965
v -8.5757065 -4.4037690 -8.2539043
vn 0.6174608 -0.7176604 -0.3220338
v -8.7573051 -4.0686336 -2.9675303
vn 0.1500540 -0.7724977 0.6170341
v -8.2493773 35.8674660 16.2207203
vn -0.3043565 -0.4044519 0.8624302
v -7.0049534 81.3374863 14.5846996
vn 0.2595054 -0.8364679 -0.4826784
v -9.0352535 34.3527451 -19.7506676
vn -0.4344565 -0.8593718 -0.2696808
v -7.9745083 -3.9448533 -7.1438565
vn 0.4886855 -0.1327126 -0.8623073
v -7.6941228 26.8710079 -17.9259300
vn -0.7990808 0.0380678 0.6000173
v -7.7472920 79.9529495 9.5595627
vn -0.8457931 -0.3296497 -0.4194822
v -7.2788477 71.8004379 -2.4724388
vn 0.9709030 0.2387853 0.0181388
v -8.6920786 -5.5580873 -1.6806720
vn -0.9165472 -0.2994492 0.2650875
v -9.9364824 -0.0481522 9.8926954
vn -0.3971836 -0.1679764 0.9022356
v -6.1997447 7.5312872 16.2690010
vn 0.0466753 0.2121593 0.9761198
v -8.9630070 50.8821602 19.5766430
vn 0.2003430 -0.3375053 -0.9197569
v -8.7231846 23.1463070 -17.9399910
vn -0.7570226 -0.4771335 -0.4463861
v -8.1139803 71.5459366 0.4677564
vn 0.3553616 -0.9276341 0.1149488
v -8.3551693 -4.2078047 -0.2344365
vn -0.5387803 -0.4433225 -0.7163666
v -7.2745786 74.4608994 -8.5427322
vn -0.5033872 0.7960392 -0.3360401
v -7.5422916 94.4706497 -4.0912838
vn 0.8909940 0.2369189 -0.3872973
v -7.5823936 -6.1840553 -10.4876299
vn 0.0224938 -0.5455891 -0.8377510
v -7.5190625 17.1481285 -14.8600426
vn -0.5007790 0.1025524 0.8594786
v -7.2769518 30.2057800 13.9126701
vn -0.4657338 0.3390944 0.8173782
v -6.1172538 17.3005009 12.4729986
vn -0.5130142 0.7820277 0.3539053
v -7.4201446 93.2570572 11.0964527
vn 0.2764692 0.9442894 0.1785562
v -8.2081861 64.8680649 7.3711882
vn -0.9843419 -0.1641078 -0.0643404
v -8.4013100 67.6568756 1.8980042
vn -0.4068898 -0.0116259 -0.9134033
v -8.3878441 30.9286976 -18.2012939
vn -0.2667947 -0.4376447 0.8586546
v -6.4618163 80.4709167 12.8697033
vn 0.9913136 0.1010188 0.0842178
v -6.7170668 -8.9039087 -1.8181365
vn 0.2402008 -0.1906920 0.9518089
v -7.2908244 23.4876537 13.7133245
vn -0.4794431 -0.2719129 -0.8343847
v -6.7208276 27.1850204 -19.8184700
vn -0.7442200 -0.2556458 0.6170753
v -7.9475265 70.4089737 11.8731260
vn 0.1176391 0.6312947 0.7665691
v -7.1509161 62.1895561 14.4432850
vn -0.4710550 0.1482216 -0.8695617
v -8.2381907 33.3547974 -18.3067207
vn 0.1192517 0.4659898 -0.8767169
v -7.2296076 64.4265671 -21.7633705
vn -0.3982593 -0.3344604 -0.8541228
v -7.1212358 24.9076347 -17.1201134
vn 0.0612922 -0.4220601 0.9044936
v -7.6781588 18.4936466 11.8714304
vn -0.4125570 -0.8955887 -0.1664860
v -7.2605958 65.2882385 7.5546694
vn -0.6501608 -0.7407974 0.1688497
v -8.8895044 -3.8887343 3.6399100
vn -0.5531980 -0.2781668 -0.7852358
v -7.2981672 26.6309566 -17.7206860
vn -0.4682404 0.2493271 -0.8476951
v -7.4399118 89.1337967 -7.7023358
vn -0.0772330 -0.3422143 -0.9364424
v -6.9305825 22.9916344 -16.4680042
vn -0.4366977 0.2779673 0.8555871
v -7.1193857 88.3368988 14.1262484
vn -0.3258667 -0.3425508 -0.8811753
v -6.6792688 20.0405045 -15.2265654
vn -0.4437456 0.7342594 0.5137637
v -6.3850012 64.1585770 6.4461527
vn -0.6620123 -0.0127126 0.7493852
v -7.2945781 30.8262424 17.0283375
vn 0.3265707 0.8574364 0.3976864
v -7.0674047 73.0634613 -8.0680275
vn -0.1771876 0.9732473 0.1462673
v -7.1771331 70.1526108 -4.2615767
vn -0.0496246 0.9972233 0.0555265
v -5.5914431 70.8023987 -7.1431847
vn -0.6352797 0.0281859 -0.7717677
v -7.2390771 79.3422928 -8.4572105
vn -0.2316263 -0.4139765 0.8803254
v -2.6530809 0.3843372 15.7616253
vn -0.5166426 -0.8456911 0.1337422
v -5.5953393 65.5006485 7.0286798
vn -0.7612673 -0.5177926 0.3903371
v -7.0161290 65.2859650 11.6733503
vn -0.6837910 0.1126241 0.7209340
v -7.8039837 34.1040649 13.5658913
vn -0.2296737 0.4908955 -0.8403997
v -6.3876252 13.9740982 -18.0242310
vn -0.7453739 -0.3051618 -0.5927007
v -6.3242240 23.8965244 -18.5039177
vn -0.2635503 -0.9367025 0.2304987
v -3.0724287 -6.6559134 6.5537305
vn 0.1403054 -0.6264754 0.7667092
v -7.9110761 35.6597939 13.7300358
vn -0.2992414 -0.6690266 -0.6803367
v -5.5520802 17.2538338 -15.9996023
vn -0.7207398 0.0639134 0.6902531
v -6.7836366 69.3426437 13.7657766
vn 0.7970726 -0.0416917 -0.6024426
v -1.4074160 49.9588661 -23.3427715
vn -0.2254565 -0.9655697 -0.1297864
v -3.7965972 -6.2351298 -6.6195130
vn 0.3384188 -0.6193181 -0.7084617
v -6.1095901 35.9800529 -18.5956287
vn -0.7224847 0.2460273 -0.6461319
v -8.2388687 31.8929348 -20.4776936
vn -0.3363365 -0.0556677 0.9400951
v -5.9664054 74.3449249 15.2715445
vn -0.0534666 -0.1738456 0.9833204
v -6.5778213 26.9046783 13.2558517
vn -0.2180158 0.2243984 0.9497971
v -3.5549703 71.9867706 14.1349812
vn -0.5974602 -0.0734793 0.7985250
v -5.7958302 23.2338505 12.7813778
vn 0.1837259 0.9829541 -0.0067840
v -4.8096652 73.3110123 -10.0213737
vn -0.6952975 -0.4617210 0.5507951
v -6.4294276 19.2898102 14.4250202
vn -0.0349729 0.2214083 0.9745539
v -5.3625350 78.5835648 13.6350927
vn -0.2381946 -0.7991660 -0.5519031
v -4.8538294 -5.0484185 -9.6489935
vn -0.7436954 -0.2199050 0.6313154
v -4.9186020 23.4141598 15.5587683
vn -0.3564920 0.2913651 0.8877048
v -4.8049254 70.9716263 13.8719645
vn 0.5118555 0.2018998 0.8350093
v -1.4905369 88.3222580 14.5521021
vn 0.0308342 0.8543563 0.5187722
v -5.3439260 63.7331390 7.8273296
vn -0.0504189 -0.2449042 0.9682355
v -4.1635947 38.7961502 14.4064884
vn -0.3604055 0.5295581 0.7679037
v -4.3685927 37.2580109 15.8760738
vn 0.3405119 -0.3517999 -0.8719453
v -1.0075841 39.0742149 -18.6654339
vn 0.0072450 -0.6091291 -0.7930380
v -3.3520916 16.7921219 -14.9918289
vn -0.3112425 -0.0167078 -0.9501836
v -5.9662213 16.3273163 -14.5369225
vn -0.3106114 -0.2890227 -0.9055310
v -5.6840115 5.9306264 -16.1760426
vn -0.1720920 0.2837762 -0.9433215
v -4.3922005 36.2714806 -18.4655037
vn 0.3400410 0.9240955 0.1744125
v -2.7725365 62.8549881 10.8486452
vn -0.3194647 -0.9289762 -0.1869370
v -4.6430697 63.4942055 11.1432009
vn 0.4201941 -0.7523655 0.5073295
v -4.8850503 39.2182236 16.8867092
vn 0.2820743 0.0202051 0.9591798
v -2.7275305 38.8215103 14.2245216
vn -0.2785511 0.4477922 0.8496420
v -7.2065725 15.7583141 16.2549877
vn 0.6554493 0.4568388 -0.6014022
v -1.5063747 64.1725922 -20.3515186
vn -0.7719946 0.2584128 0.5807298
v -3.5660307 76.0964050 13.5502348
vn -0.7912060 0.4230760 0.4415879
v -3.3490236 71.6529922 15.4428616
vn -0.3381434 -0.3453909 0.8754222
v -3.1226914 68.7102203 16.8606586
vn 0.5722111 0.7719184 -0.2769774
v -1.5453067 94.8840714 -4.4376111
vn 0.2327752 0.0376342 -0.9718022
v -1.5844432 78.1714249 -10.1617022
vn -0.0702904 0.6252839 -0.7772254
v -1.3172537 70.9995880 -8.8194189
vn -0.3568946 0.4958365 0.7916896
v -3.2931967 70.7259140 17.3785877
vn -0.6864893 -0.2306385 -0.6895928
v -4.6777334 72.7792969 -7.0982132
vn -0.0245424 -0.6711911 0.7408780
v -0.1788449 18.0930099 14.1489649
vn 0.1156074 -0.2783079 0.9535092
v -9.7857056 41.5697060 19.7921963
vn -0.3176503 0.3066332 0.8972594
v -2.6267638 77.4382706 17.5991611
vn 0.6501275 -0.4987939 -0.5731832
v -1.4858810 38.9704285 -20.2275867
vn -0.1114504 -0.7026788 0.7027242
v -2.4654906 65.2632904 7.4160085
vn 0.1004525 0.3782653 0.9202307
v -0.1896410 71.8164215 15.8464479
vn -0.4631314 0.5340398 0.7073265
v -2.2653928 77.7859268 12.7468996
vn -0.8805888 0.4734930 -0.0191794
v -3.5324788 77.6815109 15.0876522
vn -0.1928929 -0.3258108 0.9255483
v -1.7223102 80.4036026 13.0963488
vn -0.2289950 -0.7997158 0.5549919
v -3.4641182 -4.5484886 10.0737534
vn 0.4020638 0.4306690 -0.8080031
v -1.5281680 90.1478348 -8.4121885
vn 0.7556859 0.4974120 0.4260518
v -1.2625797 61.5124664 12.6713238
vn -0.0010835 0.6095287 0.7927634
v -0.1808388 16.8749523 13.9559059
vn 0.4456205 -0.2995232 -0.8436280
v 5.4152899 5.4834008 -16.1100159
vn 0.4515430 0.8316569 -0.3231962
v -1.5384233 72.4130173 -11.2240887
vn 0.7596982 0.1464406 -0.6335723
v -1.4507464 55.4879341 -22.1987877
vn 0.5899097 0.0713707 0.8043089
v 2.1524897 77.4379501 17.6449375
vn 0.0150526 -0.5726252 0.8196791
v -0.3589698 18.2787762 15.2326765
vn 0.7033589 -0.3787594 0.6015211
v -1.1969277 40.7977600 16.3325291
vn -0.0987598 -0.9645729 -0.2446336
v -2.9001980 62.6855621 12.3759403
vn 0.4085013 0.9099741 0.0712303
v -1.4865376 94.5395279 1.8751755
vn 0.0237634 0.6120881 0.7904325
v -0.3002220 38.6876564 14.3906174
vn 0.6725965 0.5515287 -0.4933865
v -1.5071797 69.5186005 -14.4703827
vn 0.3254545 0.7310633 0.5996882
v -1.4613405 93.4816437 11.5999250
vn 0.0094413 0.6119674 0.7908266
v -0.1705084 15.3542652 17.1179218
vn 0.3697306 -0.5858234 0.7211868
v -1.5974921 81.3813705 14.8834114
vn 0.3822545 0.0358911 -0.9233598
v -0.4403670 78.1177826 -8.8537760
vn 0.6290606 0.0947053 0.7715657
v -1.2616262 49.5938950 18.2291470
vn -0.0200540 0.1262250 0.9917989
v -0.2064148 34.3200302 17.1215839
vn -0.4048252 0.7294047 0.5514393
v -1.3630753 78.9854584 14.0220251
vn 0.3126897 0.7400689 0.5954186
v -1.3225547 62.2120438 9.2432194
vn 0.7062348 -0.1857625 -0.6831726
v -0.8923292 43.4432869 -19.6696320
vn 0.7107284 0.3018029 0.6354370
v -1.2444019 54.4533806 15.1851568
vn 0.4118373 0.1842631 -0.8924333
v -0.9060693 57.3826256 -20.0363789
vn 0.0081299 0.7754396 0.6313695
v -0.0697419 38.1975174 16.3987198
vn 0.1511049 0.0107826 0.9884589
v -0.1013495 82.4948959 12.9778299
vn 0.4101541 0.2927040 -0.8637696
v -0.5638398 89.3523254 -7.2543302
vn 0.6287913 0.4144470 -0.6579173
v -0.8943212 63.2749214 -18.8193035
vn 0.0080349 -0.0557112 0.9984146
v -0.1446610 65.4548492 6.9176216
vn 0.2951307 0.5127679 0.8062053
v -0.4879257 59.6375427 11.2362099
vn 0.0847535 -0.3278790 -0.9409103
v -1.6354028 73.1154327 -9.5819464
vn 0.6454757 0.5586373 -0.5208508
v -0.6913798 67.2810287 -14.3905697
vn 0.6140540 -0.0623841 -0.7867948
v -0.8241851 49.7370529 -21.4135399
vn 0.4661004 0.8832560 0.0510816
v -0.7690184 71.2781525 -10.1397276
vn 0.6880975 0.2994491 0.6609479
v -0.6073669 53.9912376 13.2104235
vn 0.6770036 0.0918691 0.7302234
v -0.6367726 48.4841309 16.1839905
vn -0.2792814 -0.0090694 -0.9601665
v 0.6877986 38.4414825 -18.4746571
vn 0.1442251 0.9884368 0.0468165
v -0.2878326 92.8334579 2.9142337
vn -0.0063328 -0.1942299 0.9809356
v -0.1637115 24.0278816 17.0815468
vn 0.4531431 0.7479929 -0.4849414
v -0.5046043 93.2268524 -3.9215729
vn -0.4785545 -0.2160616 -0.8510600
v 0.6818323 44.0269012 -19.7745895
vn 0.4829596 0.2483604 0.8396828
v -0.4452145 88.1222076 12.8004398
vn -0.3937992 0.9166834 -0.0679253
v 0.5723453 71.0691071 -10.2855473
vn -0.3884782 0.4474995 -0.8054991
v 0.3519366 89.6315994 -7.1749616
vn -0.5024088 0.0579146 -0.8626884
v 0.4070968 79.1540833 -8.8662424
vn -0.5833001 0.7534013 -0.3035580
v 0.4013214 93.3314972 -3.9220254
vn -0.7105713 0.0702112 0.7001135
v 0.4649395 47.7512665 16.1937599
vn -0.7004889 0.4023451 0.5894352
v 0.4082344 60.0593605 11.2543974
vn -0.6469470 0.7622070 0.0223604
v 0.3859648 93.1459122 1.8551544
vn 0.0454616 0.3386597 -0.9398100
v 2.4565320 16.1778526 -14.9850531
vn -0.5779098 0.0451923 -0.8148484
v 0.5856194 50.3228722 -21.3927727
vn -0.4176054 0.3731219 -0.8284841
v 0.6306522 63.2614174 -18.6019268
vn -0.3133512 -0.4124236 0.8554051
v 0.7695664 40.0427513 14.4724560
vn 0.4405686 0.7643823 0.4707644
v -0.0626007 92.0211334 10.4292288
vn -0.6653675 0.2824904 0.6910031
v 0.4095245 53.8448448 13.2483988
vn -0.4626115 0.6484222 -0.6045984
v 0.6000094 67.1397705 -14.5966187
vn 0.0966580 -0.1830933 -0.9783323
v 0.4877129 72.6850891 -8.6737518
vn 0.0303871 0.4454300 0.8948010
v 0.1233579 50.4141502 14.7847805
vn -0.3617364 -0.3218338 0.8749685
v 0.1334841 44.2824440 15.3093443
vn -0.6806856 0.1551461 -0.7159587
v 0.7312095 58.6414375 -19.6896801
vn 0.1881023 -0.4828969 0.8552358
v 2.5313771 0.3689380 15.7739010
vn -0.2086681 0.0319083 -0.9774659
v 1.4439350 77.4563370 -10.2008801
vn -0.4172588 0.7265905 0.5458583
v 1.2660966 93.5924835 11.5965843
vn 0.0035787 0.3384791 -0.9409671
v -0.0769071 36.1923065 -20.3942566
vn 0.3047129 0.2864001 -0.9083640
v 5.7736320 13.9365730 -18.0732021
vn 0.0460960 0.8556294 -0.5155323
v 2.9542778 71.0442352 -8.2838793
vn -0.8044448 0.1763300 0.5672532
v 1.0831820 49.5942078 18.2237377
vn -0.2457621 -0.5294183 -0.8119835
v 1.4649758 73.2482986 -9.7968779
vn -0.6087177 0.6337588 -0.4772972
v 1.3339597 70.6984177 -13.1824617
vn -0.6095455 -0.4686741 -0.6393738
v 1.2087638 39.1039009 -20.2156868
vn -0.7252856 0.3910355 -0.5666146
v 1.2761486 64.0526428 -20.3500957
vn -0.6726596 -0.1194408 0.7302486
v 1.1293139 44.6945343 18.2410069
vn 0.3059905 0.9038998 0.2988894
v 1.9907820 78.9350433 16.2813606
vn -0.7040375 0.1673229 -0.6901697
v 1.3283113 54.7239304 -22.4043446
vn -0.6424245 -0.4787352 0.5984175
v 1.2884489 40.2971954 16.1151752
vn 0.7063765 0.6926283 0.1459401
v 1.2399584 78.9715347 14.0622730
vn 0.0816551 -0.3603834 0.9292235
v 1.1014628 80.5773697 13.6118069
vn -0.5784870 0.7728788 -0.2607896
v 1.3452325 94.9481888 -4.2154703
vn -0.0012597 -0.3353101 -0.9421070
v -0.2951807 25.9911404 -19.6214066
vn -0.7971766 -0.0330140 -0.6028429
v 1.2041312 50.0121994 -23.3571987
vn 0.0073207 -0.9999731 0.0005005
v 2.5269296 65.3368683 7.3654413
vn 0.5025758 0.7106670 0.4923109
v 7.1524754 93.1964951 11.3061647
vn -0.3360684 -0.3379835 0.8791048
v 1.3372368 81.6807327 15.0158749
vn -0.3598168 0.9299588 0.0755559
v 2.6791816 72.9405899 -10.5609016
vn 0.2218091 -0.9750894 -0.0011951
v 3.1555176 62.7052994 12.4886036
vn -0.3270175 -0.8085426 0.4892018
v -3.6886549 63.3689766 14.1987648
vn 0.1990328 -0.7404997 -0.6419082
v 3.1064069 -3.1905119 -11.1370373
vn 0.3457167 -0.7600409 0.5502890
v 3.2095623 -4.2313256 10.4783592
vn -0.0014028 -0.0637509 0.9979649
v -0.5256470 9.2090378 16.4564934
vn -0.2327321 0.6664562 0.7082880
v 0.8152354 61.9252357 9.4927921
vn 0.1585154 0.3586069 0.9199315
v 3.3794866 17.0903130 13.1433973
vn 0.5596279 0.1358254 0.8175379
v 1.4974324 79.7885818 11.8773251
vn 0.2451518 -0.5917929 -0.7679074
v 2.8906348 -1.4607528 -13.9546947
vn 0.7323657 -0.0770433 0.6765388
v 3.2415454 72.9624557 14.2668009
vn 0.3458242 -0.3285131 0.8789111
v 1.2266459 73.0494843 16.0397987
vn -0.0950294 -0.2016925 -0.9748280
v 3.5385566 36.9972343 -18.2679501
vn -0.6811073 0.6391732 0.3571421
v 1.0775994 62.1889877 12.3192263
vn 0.9254953 0.3744969 -0.0566610
v 3.3357544 77.3866043 15.0377674
vn 0.3665924 0.5395558 0.7579508
v 3.2613544 70.7559814 17.3219147
vn 0.4853439 -0.5741904 -0.6593533
v 5.6399369 -1.3066767 -11.8548727
vn 0.5762519 0.3488932 0.7390584
v 2.7322073 71.3314972 14.4941711
vn -0.6308118 0.3259748 0.7041427
v 1.0644484 54.3727684 15.1964130
vn 0.2725528 0.2366064 0.9325945
v 4.1101713 71.0967484 13.4043331
vn -0.1885936 0.0900415 0.9779187
v 3.9029019 73.3060303 13.9541235
vn 0.1982729 0.3735655 0.9061659
v 4.2123365 38.0198517 14.5135260
vn 0.6788502 0.4700457 0.5641094
v 2.8663478 76.1203537 13.2530518
vn -0.1109280 0.6331989 0.7659988
v 6.6789804 62.0896492 14.5024118
vn -0.0691012 0.1785858 0.9814949
v 8.7603798 50.8317909 19.6041241
vn 0.4712326 -0.5509202 -0.6887864
v 5.3284054 17.2177868 -15.9518833
vn 0.2423348 -0.9460650 0.2150230
v 2.9191170 -6.7605929 6.3037267
vn -0.3068745 -0.5821203 0.7529702
v 4.9305363 38.5935707 14.5424261
vn 0.3799820 -0.5989447 0.7048963
v 3.6444738 63.3626099 14.0812578
vn 0.2704346 -0.7984464 -0.5379112
v 4.4335337 -5.2251062 -9.1373949
vn 0.6107048 -0.2163620 -0.7617264
v 5.9809399 9.1806755 -16.5107861
vn 0.6297527 -0.1503704 0.7621025
v 5.2915244 65.4238358 7.0913219
vn -0.1313523 0.4732902 0.8710586
v 3.7485800 78.4962769 12.5396032
vn 0.0177061 0.8969333 0.4418113
v 5.2077723 63.6687279 7.9131203
vn 0.4749654 -0.2705855 -0.8373718
v 6.5415478 27.2417049 -19.8190479
vn 0.2624682 -0.5247654 0.8097727
v 6.3084531 80.0199127 11.6701088
vn -0.4506853 0.3943064 -0.8008778
v 1.3922287 90.1617126 -8.4029922
vn 0.2414581 -0.9628496 -0.1209074
v 3.1220272 -6.2451410 -6.3660769
vn 0.6815218 -0.2080174 0.7016101
v 4.8207560 23.7941513 15.7072735
vn 0.5587760 -0.7386843 0.3769815
v 8.1745129 -3.0141656 6.3641663
vn 0.2232486 -0.0644546 0.9726282
v 5.7855306 74.1537170 15.2743034
vn -0.4901922 -0.7418799 0.4575214
v 5.1153293 39.0070724 16.9506454
vn 0.6873821 -0.0625886 0.7235942
v 6.5559134 69.3265381 13.8052816
vn 0.0330614 -0.4460162 -0.8944141
v 8.8694010 38.5402679 -22.7388535
vn 0.5180864 -0.4304962 -0.7390937
v 4.0991111 72.8925095 -7.5456734
vn -0.2013507 0.9771014 -0.0687801
v 5.5377078 73.3262634 -9.9349766
vn 0.3649092 -0.5171141 0.7742315
v 6.9158697 81.4444885 14.5726061
vn -0.5144873 -0.5584198 0.6507458
v 6.2310553 37.2191429 14.1975641
vn -0.0201768 0.4036343 0.9146979
v 5.3529358 78.2379150 14.2531719
vn -0.2207367 0.9491892 0.2243104
v 5.4277444 63.2733536 10.9275026
vn 0.2006201 -0.5861751 -0.7849525
v 5.3739281 16.7551498 -14.8516035
vn 0.2614513 -0.1476992 -0.9538491
v 6.2155242 35.3286591 -18.1867313
vn 0.3903659 0.5246916 0.7565139
v 3.6402383 37.4756927 16.2453518
vn 0.3749759 -0.6506379 0.6603510
v 5.8207593 18.4164047 13.5737295
vn 0.0789115 0.9800997 0.1821474
v 5.8155313 70.6507339 -6.6436939
vn 0.6357546 0.0743920 0.7682981
v 5.8168468 17.2368221 12.5114574
vn 0.8296897 -0.1442290 0.5392709
v 6.0097704 20.7606659 14.8428822
vn 0.6568376 -0.3363308 -0.6748673
v 5.9812140 22.5100117 -17.9937744
vn -0.1607035 -0.0587491 -0.9852527
v 8.6074409 50.7810822 -26.2109318
vn 0.4850435 -0.0683294 0.8718165
v 5.7798057 22.8521690 12.7527742
vn 0.3177780 0.1268902 -0.9396361
v 6.8893237 16.1115208 -14.1188183
vn 0.3161255 -0.2812196 0.9060796
v 6.9000626 35.6490402 13.7527056
vn -0.0235814 -0.9986485 -0.0463155
v 8.5398006 -4.1645021 -0.3174778
vn 0.4369282 -0.1941383 0.8782961
v 5.9928255 7.5742407 16.2670250
vn 0.7665534 -0.6209391 0.1638003
v 6.8794847 66.6753464 4.2767515
vn -0.0971529 0.7746134 -0.6249283
v 4.9162502 68.7387238 -15.9954901
vn 0.3800198 -0.3621345 -0.8511425
v 6.4890060 20.8009415 -15.5172768
vn 0.7332473 -0.0847938 0.6746544
v 7.6435122 70.9160995 12.1967220
vn 0.3208211 -0.1849791 0.9289007
v 6.9781737 29.1777191 13.6848679
vn 0.7317245 -0.0274841 0.6810462
v 8.1140547 75.9669876 11.8093538
vn 0.5447578 -0.4975246 0.6750616
v 6.9819221 -0.0153857 12.1501894
vn 0.2657413 0.5409623 0.7979608
v 6.9839106 15.7340870 16.2651234
vn -0.1776632 -0.1571492 0.9714628
v 7.1610756 23.8328514 13.7641106
vn 0.4753283 0.3650712 0.8004912
v 7.8416018 32.7747498 13.3023901
vn -0.9558384 0.2589286 0.1390285
v 6.6532674 -8.5600901 -1.0211630
vn 0.7961648 -0.3651232 -0.4825006
v 6.3591809 72.2026291 -3.8006015
vn 0.2021377 -0.3072354 -0.9299176
v 7.0925775 26.1707611 -17.4813538
vn 0.6954046 0.0016643 0.7186165
v 7.1315374 30.7018299 17.0350018
vn 0.4032950 0.2372762 0.8837721
v 6.9791884 88.3351974 14.0821447
vn 0.5474768 0.2055999 -0.8111707
v 7.2765160 89.1014023 -7.7277565
vn -0.4335605 -0.7020537 0.5649301
v 7.5859776 36.3855667 16.3980141
vn 0.4000503 -0.8760994 -0.2690902
v 8.3147974 72.2528763 -2.5061855
vn 0.7968769 -0.4936374 0.3482949
v 6.9200702 65.3170853 11.5552197
vn 0.9643634 0.0074007 -0.2644778
v 10.4212217 80.7535858 -3.5031347
vn -0.8910741 0.1327632 -0.4340056
v 7.4104195 -6.2163291 -10.4759665
vn 0.1677377 0.9614792 0.2177656
v 7.2640738 69.9492264 -3.9259202
vn 0.9166194 -0.2964204 0.2682235
v 9.7164917 0.0954698 9.8694878
vn 0.6372112 0.3384158 -0.6924136
v 8.0261145 31.8630123 -20.5228958
vn 0.5231537 -0.5092654 -0.6833440
v 7.0438323 74.4662399 -8.6133194
vn 0.7536674 0.1685862 0.6352670
v 7.7140956 80.0384750 9.4764948
vn 0.4195938 0.2911780 0.8597420
v 9.4017620 73.6963806 10.2656221
vn 0.3502268 -0.9140916 -0.2043961
v 6.8707094 65.1369934 7.9226961
vn -0.9934651 0.0381447 -0.1075742
v 7.0786738 -7.2011609 -7.2069688
vn 0.2986155 0.8240442 0.4814354
v 6.8393683 64.5438309 5.3982053
vn -0.7609850 0.6468194 0.0502649
v 8.5920496 -3.7860494 -9.2949829
vn 0.0894575 -0.5357691 -0.8396123
v 7.8030982 17.2124653 -15.0164595
vn -0.2819126 -0.1829272 -0.9418402
v 8.6847382 26.3861580 -19.0637932
vn 0.6014136 0.0076612 0.7989011
v 10.8280964 17.4434948 10.0378866
vn 0.3070964 0.1987146 -0.9307010
v 8.4175797 31.5394001 -18.1959019
vn 0.6208292 -0.5927553 0.5130422
v 8.1167336 1.4706216 6.2052360
vn -0.1207961 -0.3415129 -0.9320822
v 8.4850159 23.2064514 -17.9819298
vn 0.0062559 0.0485294 0.9988022
v 8.9645777 29.5103455 15.2156343
vn 0.9024786 -0.1304937 -0.4104922
v 8.6495152 68.1844635 1.0770226
vn 0.8510852 -0.2529623 -0.4600696
v 7.9638877 71.5030899 0.3122022
vn 0.7846720 0.2675850 0.5591853
v 9.6046305 75.0626602 10.2001762
vn -0.2786703 -0.8138581 -0.5098803
v 10.1628361 -3.3287637 -5.6325674
vn -0.4670577 0.8034919 0.3691312
v 8.6563044 72.6688538 -4.8168087
vn -0.0262590 -0.3167464 0.9481467
v 9.6708250 41.5688972 19.7671509
vn 0.7324691 -0.4936779 0.4687975
v 8.5212564 69.9033661 10.2544384
vn 0.5817909 0.7083954 0.3996190
v 8.5554733 68.7080307 -1.4696146
vn 0.5009661 0.8013846 -0.3268268
v 7.3746915 94.5457840 -4.0233207
vn 0.7482401 -0.4747312 -0.4634297
v 9.5048428 72.4655304 0.2782846
vn 0.2428433 -0.3526228 -0.9037059
v 9.1673441 6.6525803 -13.4549503
vn 0.6160942 0.4789674 0.6253145
v 9.0828600 79.2846222 11.5775585
vn 0.5138805 -0.7145940 -0.4746391
v 9.5852213 67.5658875 2.1560488
vn -0.3515555 -0.7701302 0.5322672
v 9.6282415 -3.8957400 1.8814192
vn 0.1420226 -0.4062531 0.9026561
v 9.2869539 -1.9404346 3.3869467
vn 0.1819848 -0.3562069 0.9165142
v 8.5252552 18.8487778 12.7767763
vn 0.3917983 0.0174540 0.9198856
v 8.5024557 71.4685364 12.3323116
vn -0.0266026 -0.3942149 -0.9186332
v 9.6701965 33.2458763 -17.5208893
vn -0.9795586 -0.1985206 0.0324740
v 8.0733604 -18.2779751 -1.1528529
vn 0.9146694 -0.3873871 -0.1153741
v 10.4626017 68.2821045 3.8753662
vn 0.8504959 -0.4596327 0.2557238
v 9.0344629 67.0303497 8.2170944
vn 0.4062721 0.7575888 0.5108837
v 10.1064215 32.9144325 13.4173965
vn -0.0602960 -0.8452028 0.5310336
v 12.8737936 34.0504570 13.7406950
vn -0.9842759 0.1691616 -0.0508449
v 9.3623219 -5.0597491 -2.8352304
vn 0.5930259 -0.5847715 -0.5535003
v 9.4329433 1.2317634 -10.2350025
vn 0.1380946 0.7337920 0.6651911
v 9.4159508 66.0462494 1.2770669
vn 0.1499512 0.3709196 -0.9164788
v 10.2378712 30.2063675 -20.0358582
vn 0.2185390 -0.5424536 0.8111627
v 10.3929043 34.3188057 12.1121321
vn 0.9086801 -0.3438478 0.2367894
v 9.7856503 4.2913890 8.7549858
vn 0.5976067 -0.4764178 -0.6448972
v 9.8575621 1.3853858 -8.0508823
vn -0.5897771 -0.4623733 0.6620981
v 10.4280910 4.7412696 8.8318796
vn 0.9011229 -0.3875569 -0.1943636
v 10.4125109 73.7910919 -3.2531853
vn 0.2504149 -0.5206386 0.8162278
v 10.0649185 8.9793968 10.6924019
vn 0.9273278 -0.1845816 0.3255653
v 10.1102142 8.5496864 13.1228161
vn 0.9498037 0.1937670 -0.2456161
v 10.2310848 89.1128006 -3.6917610
vn 0.7260430 0.2156870 -0.6529476
v 10.1878033 14.1147509 -15.1842203
vn 0.9474731 0.2321270 0.2200267
v 10.2479353 88.6826172 10.2451735
vn 0.6414174 -0.2015579 -0.7402419
v 9.9134636 15.7885685 -12.5052195
vn 0.3769768 0.5948535 -0.7099563
v 10.2378998 14.9683533 -12.5117931
vn -0.8879254 -0.4599633 -0.0047190
v 10.6877403 -28.2283783 0.0865747
vn -0.4527982 0.7352034 0.5044302
v 10.6685028 72.1132584 -0.5377437
vn 0.7397002 -0.5226572 0.4238786
v 10.2704554 81.4074402 11.0271292
vn -0.8734582 0.1576405 0.4606737
v 8.7448740 -6.1583490 6.4639230
vn -0.9034191 0.0974969 -0.4175264
v 10.9189939 -3.1935408 -6.8874741
vn 0.3838826 -0.3657768 0.8478453
v 10.6407137 10.4784832 12.0126781
vn 0.9013219 0.4329016 -0.0146646
v 10.4972439 83.8731842 3.6995819
vn 0.2175746 -0.6739346 -0.7060267
v 12.5713758 2.6394372 -9.1067266
vn 0.9683678 -0.0936932 0.2312691
v 10.4102192 75.4887924 7.4377809
vn 0.9110312 -0.1385917 -0.3883483
v 10.4439173 77.3394470 -0.9312345
vn 0.7425135 0.3083816 -0.5946213
v 10.4891138 80.8234482 -0.7488473
vn 0.2002990 -0.4288912 -0.8808704
v 10.3734207 -0.8607991 -7.8571849
vn 0.8687501 -0.4685804 -0.1603301
v 10.4671106 74.8643951 1.0792277
vn 0.8594819 0.1083115 0.4995592
v 10.4898376 81.0748138 7.3348475
vn 0.5452670 0.7499090 -0.3745936
v 12.1653948 82.3399048 1.9901310
vn 0.1598146 0.9713182 -0.1760686
v 16.6176434 73.0405884 -10.3885393
vn 0.9699976 -0.2401244 -0.0380120
v 10.3832006 70.7015915 7.2325087
vn 0.6731379 0.4224791 0.6069570
v 11.0500116 74.4252243 9.2294102
vn -0.8501148 -0.1233031 0.5119582
v 11.2490740 -16.3574371 6.1711273
vn 0.2890300 -0.0561610 -0.9556713
v 10.1621828 10.9752855 -14.2850790
vn 0.9083828 0.3919852 -0.1455622
v 11.3439569 74.2879105 8.0317554
vn 0.3238867 -0.8462220 -0.4230908
v 12.0788670 1.9488986 -11.2792368
vn -0.2732484 -0.8106340 -0.5178879
v 8.8076982 34.3811455 -19.8066692
vn -0.5425239 -0.0611441 0.8378122
v 11.0321960 10.0076847 12.3578348
vn 0.0810933 -0.1400460 0.9868186
v 11.3556957 13.1789932 11.8623095
vn 0.1442349 -0.3232135 -0.9352697
v 13.1468878 46.3656044 -24.0830212
vn -0.8855346 0.1168924 0.4496273
v 10.7955275 -2.6130261 4.3616686
vn 0.8247809 0.2069024 0.5262394
v 11.8614264 16.1796074 12.8372240
vn -0.2537997 0.8651066 0.4326387
v 11.3987637 66.3515396 5.0985246
vn -0.8048894 -0.2096215 0.5551684
v 13.0739994 -24.2809620 8.6396914
vn -0.9708173 -0.2362130 0.0414396
v 9.1117754 -22.3832874 -0.6127166
vn 0.8866262 -0.3405654 0.3129046
v 11.2544088 71.6644669 9.6351385
vn -0.8105890 -0.4073618 0.4207158
v 11.4772043 -26.6573296 3.2197797
vn -0.1108226 0.4044359 -0.9078271
v 11.4517097 13.8871984 -14.2861547
vn 0.4040664 -0.3903347 -0.8272662
v 13.0744143 32.3247986 -15.2799082
vn -0.9595837 0.2708398 0.0764526
v 11.1314783 -47.0421791 -1.3853127
vn 0.2102574 -0.3678876 0.9057873
v 13.7795038 1.1242129 8.8421993
vn -0.4929791 -0.5744417 0.6534435
v 11.3054352 0.8262195 8.5877104
vn -0.9909552 0.1312775 0.0278239
v 11.5790224 -35.8468895 3.8649502
vn 0.0447854 0.2473640 0.9678871
v 11.8391600 14.1578465 12.3151236
vn 0.7541171 -0.4815695 0.4465404
v 12.7340212 75.7702408 6.2080970
vn 0.0686801 -0.8153260 -0.5749145
v 15.1605015 32.4350319 -16.2358513
vn -0.7536778 -0.4314081 -0.4958396
v 13.1263790 -28.0943527 -9.6659956
vn -0.5834563 0.8117009 -0.0268402
v 12.7183733 0.7429910 -11.3173990
vn -0.7048180 -0.3456680 0.6194718
v 11.5895472 -0.8615121 5.6271892
vn -0.6748365 0.4623977 -0.5751384
v 12.8044662 -0.6615392 -8.4291010
vn -0.7844725 0.2654855 0.5604643
v 14.7769098 -47.9952431 6.9829612
vn 0.7024473 0.4953374 0.5110857
v 11.7544222 15.5062475 9.9363737
vn -0.8412188 -0.2156325 -0.4958361
v 10.9659443 -20.2601337 -8.4405241
vn -0.0205510 0.8213317 -0.5700806
v 7.6212320 72.9227142 -10.9121180
vn 0.7037752 -0.4464310 0.5526301
v 13.0549221 17.3175564 8.9161158
vn -0.6282638 0.7713102 -0.1018099
v 13.0755949 -33.7426720 2.6238537
vn -0.4128250 0.3402779 -0.8448589
v 12.8546095 -2.0220480 -14.1995592
vn 0.3002359 0.4890338 -0.8189655
v 12.5895796 16.4197731 -11.0533810
vn -0.8412263 -0.5239384 0.1335174
v 12.4687605 -40.4625587 -2.3210971
vn 0.6715819 0.2843716 0.6841862
v 10.8077021 79.6384811 7.6752653
vn -0.8311623 -0.5313331 -0.1638735
v 12.3841629 -40.0142136 3.1144238
vn 0.8493536 0.4251094 0.3128586
v 12.8581181 82.0511017 4.7170191
vn 0.1140023 0.8077933 0.5783370
v 19.6479874 63.2138977 13.3559828
vn 0.0842266 -0.7506093 0.6553560
v 13.7864609 32.8310585 10.1255531
vn -0.7782964 -0.2554166 -0.5736002
v 9.5355940 -14.2942305 -9.0983667
vn 0.8146024 -0.3064183 -0.4924742
v 13.3734303 76.3542709 0.9494732
vn -0.9883273 -0.1014210 0.1136796
v 12.3146820 -60.3682365 -2.5605512
vn -0.9487638 0.3142874 -0.0327219
v 13.6786842 -34.8279228 0.4692966
vn -0.1169298 0.5179272 -0.8473953
v 7.3050680 64.5625229 -21.7162895
vn -0.3322445 -0.0855869 -0.9393021
v 15.3338318 -17.1220112 -12.7015800
vn -0.2183365 -0.1401604 0.9657558
v 11.1613140 7.7863173 12.3508663
vn 0.8177662 0.0621858 -0.5721813
v 18.4631462 27.9592876 -14.1060190
vn 0.8088922 0.3707735 -0.4563118
v 13.2460222 80.5412979 0.8624135
vn 0.5663632 -0.2795415 0.7752995
v 14.7727537 20.6409969 9.3389225
vn 0.4519942 -0.8436415 -0.2897761
v 12.0675659 16.5987968 -13.1653519
vn -0.6039831 0.4626705 0.6489533
v 13.7816763 -35.3616829 8.5397873
vn -0.5264066 -0.5237715 0.6697457
v 14.5397949 -27.0547485 7.7674460
vn 0.1873976 -0.2426595 -0.9518396
v 12.9718971 5.7322879 -13.9542170
vn 0.2809561 -0.3032111 0.9105639
v 14.1880941 5.7877793 11.7574587
vn -0.9002821 0.4345728 -0.0252708
v 12.1986141 -34.9966164 -1.7176737
vn -0.8378133 0.2986338 -0.4570414
v 13.6063280 -46.6101456 -9.4247189
vn 0.5976803 -0.6728172 0.4359993
v 13.8178520 17.8625107 9.9317436
vn 0.5575311 0.5964779 0.5773848
v 13.9388266 16.8660526 7.2374344
vn -0.4358927 -0.8702574 0.2294549
v 13.1924448 -32.2357254 0.2068186
vn -0.6875559 0.7100279 0.1520768
v 15.0389748 -32.9579430 6.0782399
vn -0.7772169 -0.0810134 0.6239958
v 16.0986195 -61.3276482 6.5061865
vn 0.1903124 -0.8841116 0.4267643
v 20.8426743 31.2034416 9.2422523
vn -0.7338140 -0.6615091 0.1546698
v 14.4947548 -40.2351685 0.4726645
vn -0.5096049 -0.4129095 0.7548566
v 14.5344801 -39.6232796 8.5738821
vn -0.4931770 -0.8640842 0.1006721
v 15.8347912 -41.5280418 5.7494040
vn 0.5455043 0.2842480 0.7884340
v 12.8307724 32.0419617 10.5255919
vn -0.4798790 0.8679887 -0.1277174
v 15.6510210 -33.0912857 2.2252941
vn -0.9186780 -0.0560181 0.3910150
v 15.4064922 -32.2724228 -0.1567749
vn -0.9033695 -0.0045817 -0.4288386
v 14.5853815 -64.9820938 -11.4279718
vn -0.3522313 0.4395162 -0.8262921
v 17.0491982 -46.1542816 -12.7667379
vn 0.8780352 -0.4214647 0.2267634
v 15.8696251 19.0784111 3.1748021
vn -0.7317291 0.4724361 -0.4913011
v 16.3705063 -33.0068321 -9.0491629
vn 0.7947767 -0.5288844 -0.2976766
v 14.3591690 18.3556519 -9.8172722
vn -0.2144681 -0.3694874 0.9041474
v 16.6683216 -22.1025925 12.1891298
vn -0.9658059 -0.2185970 0.1394072
v 13.4105005 -93.3482971 -13.4970427
vn -0.9554451 -0.2671933 0.1254291
v 14.1687050 -73.9613647 -3.0768497
vn -0.8866221 -0.3092314 -0.3439146
v 15.1002369 -73.0799332 -12.6323729
vn 0.6931181 -0.3590594 0.6250310
v 15.1277628 2.9827354 7.7445116
vn 0.1669194 0.5828809 0.7952282
v 12.8169842 14.6955338 11.7608871
vn 0.0620917 0.0102284 -0.9980180
v 13.6808577 51.2369881 -25.9431667
vn 0.5195761 -0.0490771 0.8530136
v 15.3974657 26.0154858 11.1423025
vn -0.2443936 -0.7700485 0.5893192
v 15.7516775 -29.3515415 6.9934258
vn 0.7034832 -0.4640375 -0.5383127
v 16.2706337 20.8807297 -13.1179733
vn -0.3890252 -0.9089608 0.1498320
v 14.5968771 -41.9363518 -1.1461109
vn -0.8357672 0.4347292 0.3354158
v 16.5478745 -32.7251358 1.8089174
vn 0.6253813 0.6618309 0.4133741
v 15.3238506 17.7150364 4.0959101
vn 0.7126199 0.6394755 -0.2885205
v 16.1708126 18.4843121 -4.2429748
vn -0.3530979 -0.8947989 -0.2732339
v 14.9826088 -31.3944855 -4.8259935
vn -0.9114385 0.1479638 -0.3839097
v 16.7905922 -31.9310246 -4.3501787
vn 0.8206744 0.4723536 0.3215209
v 17.2859936 30.2750549 7.6059666
vn -0.3061316 0.7022809 -0.6427169
v 15.8762703 1.5188608 -8.2973499
vn -0.5958799 0.1032351 0.7964106
v 16.4235821 -35.2353325 8.7058296
vn 0.2521321 -0.7886319 0.5607935
v 17.6392479 31.0662460 7.6559868
vn -0.7278051 -0.1059830 -0.6775451
v 16.5234280 -92.8725739 -23.2890205
vn -0.6552616 -0.7545907 0.0350029
v 16.2016373 -41.9382553 -0.6907162
vn -0.8539436 0.4774125 0.2070208
v 16.0757713 -82.6205215 -7.8250027
vn 0.2615232 0.9187920 0.2956803
v 18.8400307 71.9314880 -0.4766820
vn 0.3454884 0.0564378 -0.9367244
v 24.8444366 -16.9813023 -11.7630081
vn 0.0096781 -0.8767662 -0.4808196
v 16.4443092 -30.9758720 -8.2594719
vn -0.5846471 -0.4122837 0.6987202
v 18.6698570 -28.9493732 6.6302924
vn -0.8963773 0.4403687 -0.0508241
v 14.2632236 -83.4357681 -13.3249693
vn 0.6354424 0.7507192 0.1806483
v 16.8551540 18.6416397 -0.1179932
vn -0.4385413 0.8941296 0.0906298
v 13.9842558 -43.2413139 -1.1048522
vn 0.2266356 0.3826776 -0.8956529
v 15.0391111 15.3822994 -12.4922667
vn 0.0451210 0.9578496 0.2837046
v 17.6476231 17.4627171 7.3334870
vn -0.6321091 -0.7378733 0.2366032
v 17.9882717 -41.9607086 2.8715165
vn -0.5525054 -0.8293110 -0.0835530
v 14.4795313 -94.9128799 -14.1817770
vn 0.2900344 0.7803514 -0.5540143
v 17.8416424 67.6148758 -17.4086170
vn -0.9278169 0.3524220 0.1222890
v 16.2621098 -43.2133904 -0.8764144
vn -0.2748539 0.8888297 -0.3666568
v 18.2111092 -42.6593628 -10.1159840
vn -0.6796480 -0.2648848 0.6840429
v 16.7896729 -39.3798294 8.7828035
vn -0.3178688 0.8883997 0.3312181
v 17.3480206 -44.0482330 6.2835674
vn 0.5676680 -0.8220794 -0.0440296
v 16.1850300 19.4209938 -8.5269136
vn 0.5083598 0.7235256 -0.4669916
v 14.8348703 17.6974163 -8.7031736
vn -0.5141181 -0.0269680 -0.8572953
v 17.8883018 -72.5731735 -16.2823219
vn 0.8877565 -0.3357062 0.3149442
v 18.4884186 22.0405483 1.8667725
vn -0.8338605 -0.3690958 0.4104206
v 17.5417557 -81.6835022 -3.8705494
vn -0.7381861 -0.4728697 -0.4811191
v 15.0700722 -39.4425735 -8.4281588
vn -0.7220961 0.4351068 0.5378284
v 17.7889080 -28.9239540 12.8545055
vn -0.7676834 -0.2722228 0.5801353
v 17.8707333 -71.7003479 7.9434614
vn 0.8234499 -0.5644829 -0.0573540
v 16.9188633 19.7007618 -2.7555382
vn -0.8632119 0.5047988 0.0065919
v 17.7509689 -30.8157940 4.8708324
vn 0.4372861 0.7198804 -0.5390297
v 17.9653835 16.6941795 -11.1399584
vn -0.2354281 -0.8859587 -0.3995633
v 17.3840027 -94.6915054 -22.5497913
vn -0.6372132 0.7518184 -0.1694950
v 17.8237705 -29.8335762 6.7642474
vn 0.7554179 -0.6542643 0.0358076
v 19.3940220 20.8716831 -1.1609344
vn -0.4471725 -0.7063814 0.5486913
v 17.0911102 -30.2276821 4.0762644
vn 0.7993650 -0.2743624 0.5345474
v 17.2570419 24.1349583 9.7387648
vn -0.9870556 0.1442368 -0.0701219
v 17.9888363 -80.7537994 -7.3487730
vn -0.3357070 0.8423951 -0.4215109
v 18.4925823 -42.6276283 -6.9238391
vn 0.8199732 0.3702093 0.4365650
v 17.7864132 29.9035778 8.7668762
vn -0.5927694 -0.7057664 -0.3879670
v 17.5701160 -41.6119576 -5.4433136
vn -0.5612349 0.4725300 0.6795078
v 13.3920517 -1.1179779 11.2105522
vn -0.5546386 -0.6366389 0.5357863
v 17.7146187 -43.0647774 9.9603462
vn -0.1382797 -0.3084238 -0.9411448
v 16.3229065 -26.1171856 -13.0136805
vn 0.2148267 -0.0646175 0.9745123
v 18.5317383 42.8145294 17.1983414
vn 0.5711017 -0.6222720 -0.5353696
v 17.5042553 5.1964278 -8.0405912
vn 0.1614151 0.9642817 -0.2100140
v 17.2790813 18.3556519 -4.4773016
vn -0.3500119 -0.2351031 -0.9067625
v 17.6950245 -40.0424805 -10.8199043
vn 0.1380399 0.9891275 -0.0507126
v 18.6519585 18.8778801 -1.0134914
vn 0.0733432 0.8468882 0.5266889
v 18.6533699 66.2396927 5.9401660
vn 0.5734555 -0.6618606 -0.4827934
v 17.7881012 31.1627789 -12.7235451
vn 0.5520200 -0.7933429 0.2566731
v 18.3890553 30.7283344 4.6496630
vn -0.4878550 -0.6026763 -0.6314895
v 17.9341316 -30.7617836 -6.6535821
vn -0.2718792 -0.0078446 0.9622995
v 19.4724922 -62.1473961 9.3042774
vn 0.8383946 0.5344626 0.1069771
v 18.6210289 29.3415661 5.4117289
vn -0.5586313 -0.1158019 0.8212923
v 19.1688957 -37.8922806 14.0330877
vn -0.5936269 0.0219312 -0.8044415
v 18.8709202 -78.9315643 -14.0173101
vn 0.9518310 -0.1668011 0.2572841
v 18.9456253 24.3376904 3.5412173
vn -0.2668379 0.2071145 0.9412233
v 18.5422306 -48.1177483 10.1677752
vn -0.9447296 0.3141888 -0.0936555
v 18.4917812 -79.3390503 -12.9577656
vn -0.9556949 -0.2863602 -0.0681563
v 18.4740658 -93.0596695 5.4844890
vn -0.4260613 -0.8189697 0.3843961
v 17.7765598 -94.9052811 -4.2040596
vn 0.4302360 -0.3685786 -0.8240430
v 25.8665695 -24.6494732 -11.8621693
vn 0.0442573 0.8969979 -0.4398138
v 18.5258846 2.9749618 -7.7127509
vn 0.9593361 0.2173446 0.1800990
v 18.5084152 29.3345966 2.6854422
vn -0.3105974 0.9274853 -0.2080870
v 19.0995502 3.7714896 -8.9547291
vn -0.0472543 -0.6462991 0.7616197
v 17.4429092 -27.4386196 8.6894035
vn 0.9647917 -0.1786443 -0.1930368
v 18.8496170 29.5069370 -6.5546436
vn -0.2635387 0.7061423 -0.6571989
v 19.3714371 -30.6168423 -9.6547146
vn -0.7157254 -0.4348257 0.5465015
v 18.6123333 -92.0791016 13.7872715
vn 0.3349331 0.4169818 -0.8449532
v 21.4311943 1.0807561 -12.2597523
vn -0.2373112 -0.9353146 -0.2624312
v 18.7095966 -41.2925987 -8.5349121
vn 0.6050234 0.7310280 -0.3155072
v 19.8121223 17.2414150 -6.1989322
vn -0.4701214 -0.7893956 0.3947664
v 18.8348980 -80.9743042 -0.6854187
vn -0.2181778 0.0014332 0.9759080
v 14.9806776 -8.7600937 11.5449629
vn 0.6233769 -0.7342737 0.2687814
v 19.2110214 29.8681793 0.5055326
vn 0.1166736 0.9458411 -0.3029388
v 21.0167484 3.6720417 -3.9751077
vn 0.9002064 0.4352535 -0.0135219
v 19.9976616 28.1173000 -2.1992450
vn 0.2326414 -0.9486703 -0.2142488
v 19.1765594 30.3120804 -8.0667210
vn 0.3632534 0.7087757 0.6047181
v 18.9220104 3.2921579 6.4530077
vn 0.7306129 -0.2333012 -0.6416973
v 20.3765697 9.8032980 -10.5897846
vn 0.1124056 0.7451636 0.6573403
v 17.8771572 71.5497665 0.1505937
vn 0.4146220 0.6111652 0.6742149
v 22.4099350 -46.9093819 8.6576223
vn 0.1474787 0.1782522 -0.9728701
v 19.8895836 -43.7730827 6.9394722
vn 0.5893387 -0.7746384 -0.2293802
v 18.8925457 5.6374140 -8.9323769
vn 0.7498981 -0.4635743 0.4719659
v 18.3373394 5.2308221 6.2834291
vn 0.9726898 0.2243343 0.0595711
v 19.4517441 28.6933327 -1.7690182
vn -0.7923126 0.2301536 0.5650399
v 19.1807480 -84.4344254 15.9026299
vn -0.3545267 -0.8861073 -0.2985377
v 19.5576897 -43.7707443 7.0630655
vn 0.4144490 -0.9098537 -0.0199585
v 19.7790203 29.2670116 -2.5562909
vn 0.9900032 -0.1252061 0.0649397
v 20.5433788 25.1926517 -1.4457172
vn -0.4502627 0.7728990 0.4470913
v 18.9641743 -43.7018280 3.9180980
vn 0.9953302 -0.0393297 -0.0881530
v 23.4343719 10.4091606 -1.0332400
vn -0.3917713 0.9174438 -0.0693710
v 19.2068176 -27.8535042 9.4438562
vn 0.6804117 -0.7191625 0.1408736
v 20.1120586 6.1338286 6.9553270
vn 0.0300341 0.7111486 0.7023999
v 14.5762939 1.5878072 8.2465000
vn 0.0734095 0.6019538 0.7951495
v 20.7189274 -43.8738174 5.4786067
vn -0.4873187 -0.6773472 0.5511092
v 20.9949245 -43.1270103 5.6794291
vn -0.1047582 0.9783032 -0.1787417
v 20.9709949 4.5366955 -6.9989238
vn -0.6831415 0.4933376 0.5384568
v 19.7710838 -28.3878574 7.5194550
vn 0.2385615 -0.8639874 -0.4434119
v 21.5384483 -29.2460232 -8.5132084
vn -0.1777146 -0.9755049 0.1296445
v 19.8480930 30.0071049 2.7584484
vn -0.1579768 -0.9851050 0.0679086
v 20.2091808 -44.6120605 9.2898235
vn -0.5830243 -0.4537054 -0.6739690
v 20.0514050 -93.5891953 -1.1408111
vn 0.8900691 -0.2459403 -0.3837844
v 20.3939610 5.9011703 -4.0563984
vn -0.4884466 -0.0225931 0.8723012
v 16.4264774 -16.1755428 11.7990236
vn 0.5721615 0.4322853 0.6969653
v 19.2043190 16.4993515 8.4935045
vn -0.0789642 0.7053391 0.7044583
v 19.4814777 -44.8501244 8.7187138
vn -0.5339898 0.5167714 -0.6691802
v 20.6880894 -81.9180908 -0.8610745
vn 0.7642595 0.2138445 0.6084225
v 20.0017300 -81.1328125 -5.4884624
vn 0.2428048 -0.8997967 -0.3625075
v 19.6645679 31.1767464 -13.9468517
vn 0.9112540 -0.1033963 0.3986546
v 20.1682339 5.6957812 2.6556096
vn 0.6742226 0.7380987 0.0251837
v 21.6863518 17.7852230 -1.1535817
vn -0.3444998 -0.9342988 -0.0916827
v 22.1498070 -94.8593750 16.5878391
vn -0.5222139 0.6654741 -0.5333262
v 16.9563637 -81.7071457 -20.1508656
vn -0.3125828 -0.3231489 0.8932339
v 17.0458736 -93.5420380 -3.1858451
vn -0.1579975 0.9433509 0.2917635
v 21.2514191 -80.8466873 -6.9694667
vn -0.9131896 0.3953583 -0.0988762
v 20.9195518 -86.3895874 17.2916584
vn -0.0443168 0.0817858 -0.9956642
v 20.3933697 -29.9996853 -7.1569524
vn 0.3857215 -0.9220443 -0.0324550
v 20.7641411 -80.5942535 -5.4785719
vn -0.3091846 0.9430277 0.1228973
v 20.4716396 4.2918444 6.5733652
vn -0.9450688 -0.2979399 -0.1344502
v 20.2968521 -93.3833466 16.7365856
vn 0.7933667 -0.1091447 0.5988795
v 21.1944675 10.1536951 9.0279894
vn -0.4650108 0.0940429 -0.8802959
v 17.5917110 -62.7347450 -14.4814825
vn -0.9058263 0.4203207 -0.0530031
v 19.2279644 -83.1084747 5.7806106
vn -0.3911871 0.9092290 0.1423909
v 23.5071697 -77.4696045 9.2130737
vn -0.9941406 -0.0060964 0.1079224
v 21.1650372 -89.8384933 15.7931547
vn 0.4498580 -0.3367590 0.8271766
v 21.3262444 40.5235214 16.3499775
vn 0.8685728 0.4089303 0.2799239
v 20.8787270 -80.2419510 -8.2684107
vn 0.3278030 0.3219541 -0.8881952
v 21.6565647 52.5760880 -25.2552910
vn -0.9093896 -0.2554625 0.3282525
v 21.3613548 -81.2142639 -5.0624022
vn 0.9895155 -0.0715631 -0.1254501
v 21.5037842 6.1023946 -0.8895729
vn -0.1137497 0.9811651 0.1561283
v 21.5021057 3.7121150 1.1885046
vn -0.1862190 -0.9399719 0.2859639
v 21.2911854 -80.3831787 -0.8745095
vn -0.0279760 -0.8699693 0.4923116
v 21.2783947 -78.3196106 6.4502497
vn 0.9164926 -0.3987642 0.0320683
v 21.4088802 -79.7720261 -10.1563387
vn -0.7901928 -0.3953999 0.4682461
v 21.6012592 -93.2492981 24.8195934
vn -0.6794316 -0.7109292 0.1815280
v 21.1875534 -94.0760193 14.6911488
vn -0.4546117 0.6602988 0.5977740
v 22.1962624 -86.4522171 24.5669270
vn 0.8184433 -0.4609254 0.3430719
v 25.9017620 37.4739685 9.7309809
vn -0.7810025 0.1574238 0.6043617
v 21.3270550 -86.2099762 16.5558071
vn 0.3811295 0.1150383 0.9173366
v 22.2790642 52.0208397 17.9713039
vn -0.2588377 -0.1500417 0.9541963
v 20.5557556 -72.0797348 10.0159883
vn 0.1795836 0.6393061 -0.7476881
v 18.7053375 64.5514374 -21.3481922
vn -0.7780442 0.6275502 -0.0287773
v 22.3111591 -79.6656113 3.1589289
vn -0.9875947 0.0791820 -0.1355989
v 22.0085697 -81.1702652 0.1398134
vn -0.4851371 -0.7794367 -0.3963842
v 21.6135616 -79.9702682 -7.4151173
vn 0.3295269 0.9345679 0.1341454
v 21.3176270 -79.1329575 -12.3743057
vn 0.0839787 -0.7642125 -0.6394740
v 23.3161907 -40.8572311 -11.3616142
vn -0.8058963 -0.4555152 0.3782024
v 22.4990025 -79.2333832 1.9740412
vn 0.4869584 0.0557334 -0.8716452
v 22.0558929 51.8344498 -25.4459877
vn -0.2133222 -0.5237002 0.8247616
v 22.0112648 -76.8398819 8.0928135
vn 0.3712577 -0.5041854 -0.7797210
v 22.4313679 38.1909523 -19.7477112
vn 0.0608197 -0.6816489 0.7291473
v 30.2435551 -81.2245560 -5.0092602
vn -0.4240931 -0.9051682 0.0285571
v 21.5595589 -94.6746521 6.8793592
vn 0.1882179 0.1227599 0.9744250
v 23.0523300 -27.3882542 7.9110117
vn -0.3044127 -0.9191149 -0.2501213
v 20.7200775 -94.6517029 -0.7059630
vn 0.6863719 0.6853518 -0.2432828
v 24.4591732 68.8477097 -9.5401688
vn -0.2532203 -0.5613893 0.7878588
v 23.9511662 -77.7799683 6.0252690
vn -0.2016469 -0.8089081 0.5522737
v 21.7702446 -94.6955261 14.5138893
vn 0.7609573 -0.4934264 -0.4212772
v 26.0017776 37.5794830 -14.2256289
vn -0.2340485 0.9715834 0.0353135
v 22.3956757 5.2839098 3.5912170
vn -0.2199292 -0.6139986 -0.7580481
v 21.0379505 -41.4840813 -8.1472378
vn -0.1902512 0.5993926 -0.7775173
v 23.2271194 -43.4856224 -8.6669827
vn 0.0630036 0.9979905 0.0067436
v 22.4565163 4.8222651 -1.3973551
vn 0.2562140 0.2853747 -0.9235343
v 23.1491776 -46.6371040 -12.7609053
vn -0.2885714 0.4352693 0.8527996
v 22.4238510 -82.1863785 16.6782475
vn 0.1622883 -0.9340086 -0.3182618
v 24.9102840 -44.4060326 8.2923155
vn -0.0499471 0.4228441 0.9048250
v 23.0674114 -45.4785156 6.0197277
vn 0.1909723 0.8030251 -0.5645179
v 21.8768463 -43.5483055 -11.0563927
vn -0.3846796 0.7811303 0.4917897
v 23.3340397 -84.8386078 17.3743401
vn -0.1975534 0.9465758 0.2548859
v 24.2300358 -85.1140594 22.8011799
vn 0.3903704 0.1954404 0.8996744
v 22.8251247 -49.0219421 9.9214468
vn 0.3392812 -0.9403654 0.0245208
v 22.9176979 29.2197571 -2.4475238
vn 0.2232866 0.0196832 0.9745541
v 19.1208897 -81.9514236 -3.9436269
vn 0.3571497 0.6228594 0.6960534
v 28.5632534 -27.4379883 12.5005388
vn -0.2444548 0.9687918 -0.0410406
v 23.3630314 5.4080267 -2.1634345
vn -0.5299572 0.8414769 -0.1051768
v 22.9208679 -79.6683197 -10.2955770
vn -0.0626536 -0.7986263 -0.5985572
v 23.1546288 -78.5012817 -10.8915997
vn 0.4340711 0.3250295 -0.8402013
v 22.3479347 -46.7434082 -13.8088388
vn -0.0389985 -0.9940182 0.1020144
v 22.4078770 -94.2109299 14.9359236
vn -0.2586640 0.3227601 0.9104498
v 24.2525253 -48.5420876 8.6309462
vn -0.5369072 0.1993268 -0.8197557
v 25.9823914 -78.8070526 -12.1297979
vn -0.6208640 0.3036290 -0.7227291
v 24.0235920 -45.9149246 -12.7169266
vn 0.6598184 0.6595728 -0.3600048
v 23.7211132 66.6876373 -13.3441277
vn -0.6055896 0.6950698 -0.3874781
v 24.1896439 -42.6654282 -12.1191254
vn -0.4653838 0.6144439 0.6370845
v 24.3324871 -78.1375427 6.2190609
vn 0.7518853 0.6119598 0.2453033
v 25.2286835 68.5853500 0.3718913
vn 0.2740304 0.3990218 0.8750365
v 20.5087814 59.6882935 14.7497463
vn -0.5844049 0.5554290 0.5915824
v 25.0215797 -46.4156761 9.7161598
vn 0.8321800 0.0554492 -0.5517262
v 26.7810364 53.7282753 -19.3915558
vn 0.3122859 -0.2053284 0.9275331
v 27.2981167 -72.0619736 10.0051708
vn 0.6944062 0.4718695 -0.5432674
v 24.8785896 63.2148399 -19.6494884
vn 0.7661970 -0.6369051 -0.0854057
v 25.8840771 32.4819107 -3.0834796
vn -0.1720942 -0.2329262 0.9571463
v 24.2503128 -93.4291763 25.6340427
vn 0.7734886 0.6112324 -0.1676613
v 27.7777576 3.3480597 -2.3273575
vn -0.5007499 -0.0140461 -0.8654780
v 24.6933174 -50.4954453 -13.0116119
vn 0.1055611 0.9707401 -0.2156860
v 26.3672276 -26.8699417 9.2111206
vn 0.4547775 0.7947878 0.4018580
v 24.4518318 65.5127716 4.9129329
vn 0.9566918 0.2713009 -0.1055306
v 26.4218140 62.4606209 -14.7979546
vn 0.3072476 0.1355106 -0.9419320
v 24.6054344 -54.2097664 -13.2309132
vn 0.3014258 0.5083224 -0.8066913
v 25.2103786 -29.1620827 -6.5757484
vn 0.2006316 0.4786910 0.8547526
v 22.9682846 2.4503608 9.6180115
vn 0.4144479 -0.6302677 0.6565025
v 27.3872280 -74.9814072 8.8326340
vn 0.4124486 0.2048062 -0.8876602
v 25.5742226 -60.5198021 -13.9443979
vn -0.1755087 -0.3874139 -0.9050454
v 26.6889191 -81.2049255 -0.9830288
vn 0.3752899 -0.6277266 0.6819948
v 27.4884148 -25.1596680 8.6248617
vn 0.6381779 0.5476897 0.5410776
v 25.2308521 63.2829742 10.9657345
vn 0.3565331 0.2086483 -0.9106866
v 24.6577396 -60.2735138 -15.2104397
vn 0.7569511 0.2392512 0.6080986
v 26.4665051 55.8432808 13.2907753
vn 0.6164798 0.5508440 -0.5626043
v 24.6759758 2.1786864 -8.9695520
vn 0.3351817 -0.8989619 0.2819943
v 26.1389294 -42.7451630 5.6309962
vn 0.4035215 0.1307836 0.9055750
v 27.6891003 -68.9904861 9.7780237
vn 0.3834384 0.0317861 -0.9230193
v 29.8083553 -36.5363045 -10.5016747
vn 0.4737483 0.7713702 -0.4249126
v 25.8617458 65.1160049 -10.3834066
vn -0.7815093 0.1018861 -0.6155181
v 24.5252056 -45.6127434 -14.5183086
vn 0.5483951 0.1436356 0.8237911
v 25.3545609 -61.2038040 9.0763807
vn -0.5053308 0.1153815 0.8551772
v 25.2913666 -48.5527763 10.7773018
vn -0.6398355 -0.0093332 -0.7684553
v 25.6964912 -57.0093384 -13.5620794
vn 0.3710957 -0.1147285 -0.9214800
v 25.2465286 -71.2194824 -17.9205151
vn 0.1139499 -0.1442393 0.9829601
v 28.5698700 -93.4925003 -3.8946660
vn 0.7913018 0.5742993 0.2098139
v 26.8188019 64.4887848 0.1684013
vn 0.1049607 -0.8520952 0.5127545
v 25.0654354 -44.6281624 9.7421703
vn 0.2731517 0.9512528 -0.1432002
v 25.6173706 -27.7374878 7.8813057
vn -0.1274320 -0.0712122 0.9892876
v 26.4350872 -60.3273735 7.5452261
vn 0.5348923 -0.5149031 -0.6698993
v 25.6508675 -76.1044540 -15.8613977
vn 0.9046242 -0.4205348 -0.0693232
v 28.7305164 36.6897507 -3.7022562
vn -0.1744675 -0.8995495 0.4004646
v 23.1757126 -94.7225037 24.2094173
vn 0.4888062 0.0908844 -0.8676454
v 26.1325226 -70.4685211 -16.6786728
vn -0.1417693 -0.1067487 0.9841271
v 25.1544113 -53.7804337 8.0329857
vn 0.6442268 -0.4151737 0.6423416
v 26.3959961 -26.8155613 6.5756416
vn 0.0581804 -0.9527786 0.2980401
v 26.8376312 -93.9897232 14.8683910
vn -0.1330586 0.9288721 -0.3456762
v 28.3036289 -78.1855316 -13.9130497
vn -0.6462418 0.1012067 -0.7563920
v 26.4175816 -61.9116249 -14.3170223
vn -0.9773521 -0.2115930 0.0033625
v 25.4877796 68.6409912 -5.6886263
vn 0.0355964 0.5241868 0.8508591
v 27.2898560 -43.6918869 5.2115855
vn 0.2150127 0.9734324 0.0787339
v 26.1657219 66.1454239 -5.1028914
vn 0.5018978 -0.3067885 -0.8086900
v 22.8866119 45.0177155 -22.2423534
vn 0.1761299 -0.7236955 -0.6672654
v 26.5744801 -76.6868210 -13.5704613
vn 0.8336130 0.2263482 -0.5038412
v 25.7847290 57.6407356 -19.8555412
vn -0.8000632 0.5662537 -0.1981305
v 25.7875729 75.2432861 -5.7494559
vn 0.5564030 0.5450361 -0.6271774
v 26.6285229 62.8071098 -12.8319988
vn 0.4951160 0.8479899 0.1891382
v 26.6077957 64.6208954 -1.0587121
vn 0.1612050 0.8162236 -0.5547901
v 26.9903564 -41.7276039 -7.8648863
vn -0.5343604 0.0514847 -0.8436874
v 26.6129322 -58.5004883 -15.7421932
vn 0.6459905 0.4692890 0.6020500
v 26.1770115 61.5360260 3.1125224
vn 0.9703234 0.2228269 0.0939191
v 27.0856819 58.9430885 -15.4436426
vn 0.9319633 -0.0336262 0.3609900
v 29.7037487 46.5586319 8.0699511
vn 0.9752303 0.1770160 -0.1326318
v 26.2542534 60.4732666 -14.1241961
vn 0.3291134 -0.1326634 0.9349251
v 27.4402905 -20.9154167 11.3357086
vn 0.5282355 0.7325144 0.4294065
v 26.6548328 3.3530717 6.7325311
vn 0.2783184 0.2942860 -0.9142946
v 26.6283588 60.0738983 -13.8740692
vn -0.6996648 -0.0551842 -0.7123370
v 27.1908150 -69.8103867 -16.6277580
vn -0.8868886 0.1669620 0.4307577
v 27.6799316 65.3894196 -2.5225270
vn 0.7795361 0.1277575 -0.6131897
v 27.8633118 -15.4085884 -8.8199434
vn 0.5111441 -0.8374279 0.1935102
v 33.2690620 -94.7362823 24.0865536
vn -0.9060514 0.1698670 -0.3875772
v 27.4711761 65.8077774 -8.7822571
vn 0.9200842 0.3328868 -0.2064738
v 26.9487476 58.1957092 -14.4567423
vn -0.5341436 -0.1689321 0.8283433
v 27.4250946 -59.8715858 10.0410061
vn 0.9395803 0.3295234 -0.0927534
v 27.2642708 62.9326973 5.6267009
vn -0.0320892 -0.4142978 -0.9095755
v 26.9357147 -72.9818802 -15.2497931
vn -0.9163373 -0.3862656 0.1054743
v 26.3058910 67.2521744 1.3817061
vn 0.4768412 -0.8031641 0.3571416
v 29.9256954 -42.8320808 9.2259417
vn -0.6271055 -0.1097409 -0.7711651
v 27.8363838 -70.2043533 -18.5568237
vn -0.8959506 0.2716356 0.3514066
v 26.5949783 73.3405991 2.9131026
vn 0.8592232 0.2490549 0.4468860
v 27.1519547 57.5481796 3.4422975
vn -0.5364788 0.1391405 -0.8323644
v 27.3313789 -65.1259460 -17.2434769
vn 0.9803727 0.1214055 0.1553386
v 27.7255592 55.3949776 3.7357895
vn -0.7737917 0.4432092 -0.4525618
v 28.1976280 68.9033432 -15.1864653
vn 0.0799434 -0.9093931 0.4081830
v 32.4032631 -94.6578293 14.0635366
vn 0.9278247 -0.0813843 -0.3640302
v 28.9603252 47.1689491 -17.1001472
vn 0.0869683 -0.2963274 0.9511186
v 26.4977493 -76.8340912 6.2474399
vn 0.4588488 -0.6549302 -0.6004367
v 26.5931988 -40.3797073 -8.1280680
vn -0.3076619 -0.6466014 -0.6980336
v 28.3228855 -76.1109695 -16.1451912
vn 0.8399485 -0.2046796 0.5025861
v 28.1580982 53.0058517 2.0769911
vn 0.0745066 -0.3507342 0.9335064
v 24.4344254 -38.5120544 14.0916519
vn 0.1819626 0.9212870 -0.3436858
v 28.8842316 -28.8612461 5.2332425
vn -0.2847666 -0.3391918 -0.8965807
v 28.1263332 -77.0701523 -13.7127752
vn 0.7826040 0.1782287 -0.5964609
v 26.9936962 -29.2363281 -5.0909863
vn 0.9751726 0.2124410 -0.0625083
v 27.5491447 61.6775475 5.6258078
vn -0.0257167 -0.1184943 -0.9926217
v 27.9234028 -92.7380905 -26.3360538
vn 0.7313249 0.6756288 0.0932181
v 27.8575535 -30.2372227 2.7762673
vn 0.8084419 -0.2156096 0.5476626
v 30.5370750 -21.4268951 8.4047365
vn 0.9419531 0.2999501 -0.1508456
v 29.3661041 52.3439941 5.0308890
vn -0.1508726 0.0345978 0.9879476
v 27.9563122 -64.4432678 7.5646248
vn -0.0083382 0.9867031 -0.1623192
v 28.1170292 -77.6854630 -17.0543270
vn 0.0342129 -0.8207281 -0.5702937
v 28.1243973 -94.4964294 -25.1825809
vn -0.3289147 -0.2814702 0.9014376
v 30.5956039 55.6647873 3.1569726
vn -0.1287642 0.3526239 -0.9268636
v 26.2572899 -81.9200363 -1.5130196
vn -0.1389400 -0.0725784 -0.9876376
v 29.6002979 -93.3549805 -2.2394397
vn 0.9588096 0.2575685 -0.1197610
v 27.9426060 55.2247734 -15.6990452
vn 0.7090532 -0.5885835 0.3883466
v 28.1546383 -28.3420410 1.3076596
vn 0.3253652 -0.1542584 0.9329212
v 29.1512012 -70.5308304 8.3792038
vn 0.5412371 -0.6709573 -0.5068321
v 28.4851780 -38.9864159 -10.7673798
vn -0.4928610 0.4638858 -0.7361373
v 30.1572208 69.0960922 -18.8531818
vn -0.9454167 -0.2466800 -0.2129230
v 27.3821259 66.9920731 -13.2102938
vn -0.2437748 0.4506237 0.8587853
v 31.0005188 -76.4478836 6.6576781
vn 0.9622563 0.1877296 -0.1970291
v 28.2574635 53.3917046 -13.0379610
vn 0.6987459 -0.0678994 0.7121403
v 29.6540985 -35.8594284 13.7405758
vn 0.4751147 0.0759550 0.8766395
v 37.0088768 -59.1742249 7.2910323
vn 0.2279120 0.9533897 -0.1977479
v 30.1188889 -41.1523972 -3.9282463
vn 0.1090890 0.4560070 0.8832651
v 29.4455605 -81.9829330 -4.2944908
vn -0.6385395 0.4425770 0.6295974
v 29.0069237 63.7360573 0.7279410
vn 0.8889339 0.1717016 0.4246352
v 29.1029034 -11.3503828 7.7518101
vn -0.7329480 0.2084089 -0.6475748
v 28.8945084 64.0794601 -11.5762587
vn 0.8596859 0.4910600 0.1407135
v 29.7490902 49.7612038 -10.5533838
vn 0.8450223 -0.3853764 -0.3707054
v 29.0934639 50.7023277 -11.0943747
vn 0.4886788 -0.8164406 -0.3076000
v 30.5278721 -41.8382225 6.7083707
vn 0.1400570 0.7115558 -0.6885291
v 26.8484573 -29.9385834 -9.5299215
vn 0.9555568 -0.1211657 0.2687568
v 29.2812805 50.8380165 -0.4758893
vn 0.5308264 -0.6863340 -0.4971610
v 27.5429821 -28.0228462 -7.7140760
vn -0.9117433 -0.3960311 0.1090113
v 28.6435909 64.3447342 6.8549771
vn -0.7904049 -0.0204028 -0.6122450
v 29.0468159 66.5336380 -18.5845470
vn -0.2715728 -0.5383659 0.7977534
v 29.2641487 -75.0292664 6.5419559
vn -0.9546599 -0.2974557 -0.0120306
v 29.7927761 63.4559174 -16.4533234
vn 0.8202510 0.0693085 -0.5677892
v 27.5536633 56.4664841 -14.7462492
vn 0.9738606 -0.1996516 0.1083269
v 29.4338608 50.1634560 -3.3858197
vn 0.0063306 -0.9992285 0.0387606
v 32.8542366 -93.5232544 15.2206526
vn 0.9308411 0.3609103 -0.0572586
v 30.8859291 47.9745140 -4.9062471
vn 0.9989368 0.0460318 0.0024990
v 29.5958481 49.5675392 -6.0286698
vn 0.4663473 0.6744968 0.5723410
v 29.6498528 -41.9346237 3.6728942
vn 0.6937029 -0.7051997 0.1465253
v 29.5369911 -40.7719650 4.1791835
vn -0.9656016 -0.2376652 -0.1054933
v 30.0800228 61.7272911 7.2016759
vn -0.0900649 -0.7233114 -0.6846233
v 31.6454659 -94.6705399 -2.0605419
vn -0.9501457 -0.2609308 0.1706997
v 29.8702164 54.5372734 5.9705701
vn 0.5831278 -0.6661737 0.4649458
v 28.7392044 -25.8145790 7.2406158
vn -0.8531361 -0.0547041 0.5188124
v 30.9225140 61.9166565 2.8933854
vn 0.8163015 -0.5635635 0.1266816
v 30.6344090 -38.8316498 1.1083978
vn 0.4344193 0.7622897 -0.4797857
v 30.2416096 -29.9469395 -7.7355795
vn 0.9256813 0.3775133 -0.0244512
v 30.1510162 49.7956581 0.8003314
vn -0.2130352 -0.7091284 0.6721258
v 30.6966610 -75.1759644 8.6628990
vn -0.3720416 -0.2435405 0.8956970
v 30.4635220 -71.1095657 10.6163540
vn 0.6152391 -0.7188629 -0.3236002
v 29.3849735 -39.0316086 -7.8327160
vn -0.6071074 0.1490164 -0.7805221
v 30.5632935 62.1254005 -13.6129637
vn 0.0841514 0.5333183 0.8417186
v 31.7084522 -84.9096069 18.7071323
vn 0.8350728 -0.1158360 -0.5378061
v 29.3556614 -24.1547222 -8.7078257
vn -0.8081599 0.0525202 -0.5866167
v 30.8624039 60.4748268 -14.0188055
vn 0.8305216 -0.0515191 -0.5545986
v 31.8136768 -35.3635826 -8.6668959
vn 0.9912676 -0.1282933 0.0304866
v 31.0984211 44.3587532 -5.0621138
vn 0.7301674 -0.6823756 0.0349164
v 31.4321880 -28.1555367 -1.6714907
vn 0.3621332 0.9311662 0.0422966
v 31.2886162 -30.7447052 0.2018848
vn 0.9781342 -0.0631484 0.1981564
v 32.1614075 -23.3822727 -0.6030221
vn 0.8178451 -0.0208746 0.5750598
v 31.9153118 -36.7750893 8.1329641
vn 0.7936009 -0.5109745 -0.3303072
v 30.8100338 -39.2412033 -2.8734825
vn -0.4019900 0.8089806 0.4288990
v 33.0154724 77.1833496 1.8724871
vn -0.7590811 -0.6104193 0.2262393
v 31.1417122 54.0608292 1.5363396
vn 0.7303251 0.6827852 0.0207292
v 30.8865929 -29.4272709 7.0529685
vn 0.8353312 0.3797098 0.3975453
v 28.8751259 -29.3443184 -1.4569784
vn 0.4914503 0.8568292 0.1559494
v 31.6359024 -30.3527660 5.6797318
vn -0.8812425 -0.1752614 -0.4389706
v 30.8691921 57.8098564 -14.5055828
vn 0.5789462 0.8123888 0.0696115
v 31.1072006 -40.9608612 -1.3498791
vn -0.1213599 -0.6041613 -0.7875664
v 31.6489735 55.2578239 -12.3365955
vn 0.9754819 0.1579957 -0.1532077
v 31.2171230 -16.4542656 -1.9835238
vn 0.6205234 -0.7784992 -0.0942854
v 32.2246246 -38.0826454 0.5692589
vn -0.0263547 0.4994521 -0.8659406
v 27.7984772 -81.5287018 -22.5809498
vn -0.9543170 -0.2690978 -0.1298667
v 30.4988518 55.4915314 -17.0041828
vn -0.2794816 -0.9101644 0.3057629
v 31.9625530 52.3702316 -0.6633433
vn 0.4821677 -0.3657424 0.7960822
v 32.8120766 -93.0109100 26.3657150
vn 0.9702803 -0.1218524 -0.2090647
v 32.3436584 -23.7430897 -1.8420882
vn 0.1329370 0.9907674 0.0266056
v 34.5416603 -39.6937675 -2.8268082
vn 0.4933036 0.2812712 0.8231270
v 33.7476540 -77.2686157 5.2417226
vn 0.7289476 0.2685498 0.6296954
v 31.2092190 -32.5551033 7.8820968
vn -0.4481495 0.8874725 -0.1074923
v 29.3089828 76.7653580 -6.6218634
vn 0.0104590 -0.9994951 -0.0300047
v 32.8597069 51.4779510 -5.4745641
vn -0.7842783 -0.5894472 -0.1935447
v 32.5559311 52.6531754 -10.4855347
vn 0.7730002 -0.6252844 0.1071915
v 33.1956558 -38.5788574 5.2184625
vn 0.4557278 -0.7691145 -0.4480793
v 39.5210876 -94.5901108 -22.7722092
vn 0.3165744 -0.9196095 -0.2325921
v 31.7818737 -94.8348465 16.9465809
vn 0.8873497 -0.3653280 0.2813289
v 32.0981827 -40.6440659 9.3321409
vn 0.3411673 0.4525180 0.8239128
v 32.6941109 -86.0282822 25.7073765
vn 0.5386360 -0.8421558 0.0253949
v 33.2511177 -38.9736404 -3.1321576
vn -0.4718610 0.6916865 -0.5467331
v 30.3495026 74.8878784 -10.3618946
vn -0.0923777 0.7838225 0.6140755
v 32.1995506 -42.3037949 7.7096753
vn -0.0843907 0.9724180 -0.2174428
v 30.7512779 -39.7539062 -9.7289019
vn 0.6929197 0.7083201 0.1347034
v 32.9669113 -29.7848434 -2.1415174
vn -0.1561604 -0.4167346 -0.8955145
v 31.8648739 -81.3009796 -2.1765082
vn -0.6311113 0.3057125 0.7129084
v 28.7897434 67.6427994 8.7122984
vn 0.9720550 -0.2270336 -0.0597058
v 33.4792786 -36.4558525 -0.6980680
vn -0.0968223 -0.9947418 0.0333794
v 33.0293617 -93.5480423 16.9176273
vn -0.9095654 -0.4152935 0.0149073
v 31.9680786 49.9125214 1.8023639
vn 0.9315423 0.3630274 -0.0209747
v 32.4050102 -32.0372772 -0.7613085
vn 0.3424832 0.9241942 0.1690276
v 32.5335197 -84.9374695 23.5671329
vn 0.2009600 0.4506759 -0.8697737
v 32.6203880 -42.9553566 -12.7728472
vn -0.6701661 -0.2257311 0.7070522
v 30.2910271 60.7796288 9.5057793
vn 0.9483352 -0.2307193 -0.2177819
v 35.7080383 -36.2833939 1.9376924
vn -0.9603437 -0.2607397 0.0987670
v 32.8728333 50.3263893 -11.9850111
vn 0.6692688 0.5165659 0.5340776
v 33.4015503 -31.5602360 6.7744551
vn 0.3421332 0.6669223 0.6619363
v 33.4871025 -87.1037827 18.8080826
vn -0.1505635 0.6401670 0.7533372
v 38.2289543 73.8012161 8.7750425
vn 0.2632131 -0.9646585 -0.0123637
v 33.5914955 -93.4889832 19.8869648
vn -0.7961007 -0.6051531 -0.0036576
v 34.5753365 44.2749367 -2.7577093
vn -0.1909766 0.9153075 -0.3545985
v 37.4603920 80.3666229 -9.4673939
vn 0.2300498 0.9174599 0.3245681
v 33.6062889 -41.0083199 4.5398097
vn -0.3200967 -0.9384890 -0.1295242
v 34.3480110 -94.7693253 15.8254776
vn 0.7060328 -0.1912803 0.6818574
v 34.4839058 -36.2784653 6.9426455
vn 0.3182275 0.9334059 -0.1657852
v 39.1708755 -77.4437256 5.6449161
vn 0.1781782 0.6726213 0.7182152
v 34.4170914 -87.0816879 22.9955654
vn 0.9817495 -0.1807926 0.0590079
v 34.6805878 -36.1267548 -3.0056729
vn 0.5133720 -0.2668097 -0.8156359
v 40.2503853 -92.7246246 -23.8738918
vn 0.6530186 0.7326552 -0.1917893
v 34.2656937 -31.0186825 2.0971904
vn 0.1737043 0.3970414 0.9012130
v 33.8234329 -83.4941635 19.1119671
vn 0.3700017 0.2067437 -0.9057350
v 35.7679443 -58.7485046 -14.5806026
vn 0.2427507 0.7942865 -0.5569389
v 32.8310242 -78.7664871 -12.8679829
vn 0.1932897 -0.6229233 0.7580276
v 34.6059189 -93.1694336 23.5827789
vn -0.6091887 -0.1367586 -0.7811442
v 30.7874718 62.4253349 -19.9368324
vn -0.5725981 -0.3762198 -0.7284161
v 32.3814621 52.8880844 -17.4364376
vn -0.7178479 -0.6833872 -0.1329523
v 34.6193199 44.7739029 -10.0756721
vn 0.3818416 -0.9048598 -0.1882170
v 36.4125900 44.0826530 -4.7727346
vn 0.0665439 -0.8698225 0.4888567
v 29.8132248 -94.8367920 -4.8003192
vn 0.1069990 0.9655739 0.2371038
v 31.4127007 -76.5976639 8.0034275
vn 0.4292839 -0.5346771 0.7278982
v 35.8541603 -77.5046387 3.6471410
vn -0.7791271 -0.5607251 -0.2802650
v 34.5408974 45.7048416 -11.3385954
vn 0.4006534 0.3237845 0.8571117
v 33.8572464 -44.5852585 8.6832762
vn 0.1978290 -0.4063617 -0.8920391
v 32.2984352 -77.8875580 -12.9558277
vn 0.0066315 -0.9962304 0.0864937
v 37.2696381 -94.0619354 12.9339600
vn 0.6308945 0.5531551 -0.5440511
v 35.7716675 -42.4982376 -10.4188042
vn -0.1096401 0.1717740 -0.9790162
v 39.5508614 67.2284622 -20.5049210
vn 0.2654219 0.9608674 -0.0792786
v 36.4968185 -79.4773407 -11.7457018
vn -0.1460686 0.2429693 0.9589734
v 34.9033318 68.4866867 10.9241505
vn -0.1675554 0.7361257 0.6557775
v 36.2087135 -85.7761612 24.0018024
vn -0.3780003 -0.8526274 0.3607525
v 36.2471771 -94.6995621 23.4763565
vn 0.2134205 -0.7495121 -0.6266446
v 37.5461121 -81.2821503 -3.2041585
vn -0.1977794 -0.8838148 0.4239749
v 38.0727119 44.2954483 3.2988119
vn -0.8937197 0.1216290 0.4318236
v 36.6540413 40.3028412 -2.7972136
vn -0.1662439 -0.7885667 -0.5920520
v 37.3484535 46.7502670 -18.4300880
vn 0.8327565 -0.1579825 -0.5306206
v 37.0938148 -79.7058868 -10.4513149
vn 0.0511998 -0.9753504 -0.2146399
v 36.4141426 44.6655083 -11.9443331
vn 0.3186808 0.9478610 0.0014141
v 37.6538429 -78.6889267 -14.9100084
vn -0.0584003 -0.2434812 0.9681458
v 36.7502747 -93.1999130 24.8699894
vn 0.2509531 -0.6522114 0.7152922
v 35.3074989 -76.1391602 6.3924217
vn 0.9796580 0.1955027 -0.0452655
v 37.5738258 -79.0863342 1.0315207
vn -0.9487970 0.0926710 -0.3019872
v 36.2000351 41.6334763 -14.5600128
vn -0.2352718 -0.9432530 -0.2343522
v 37.5729218 45.0563240 -12.3773823
vn -0.7415250 0.6677579 -0.0651164
v 37.0688019 43.6421127 -12.7899590
vn -0.0321872 -0.0082185 0.9994481
v 41.9377747 63.8783531 11.9210291
vn -0.1773740 -0.9812543 -0.0753554
v 37.0807457 45.6173019 -7.5099897
vn -0.9295145 0.0554031 0.3646002
v 38.0773430 43.7703514 -4.3414288
vn 0.5441453 0.2331362 0.8059488
v 37.5590439 -81.2924271 -6.5990562
vn 0.4025376 -0.0100021 -0.9153489
v 37.4435349 -70.0095062 -16.6242924
vn -0.9827391 0.1018433 -0.1544405
v 37.8569298 44.0192451 -11.6029253
vn -0.0211746 -0.9990156 -0.0389801
v 37.1845322 44.9397964 -4.7883668
vn -0.0231472 0.9988653 0.0416215
v 37.6018600 80.1882095 -3.8363161
vn 0.4687661 -0.6940992 0.5463375
v 39.3935280 -77.0426025 4.3306746
vn -0.4987960 0.7111929 -0.4953860
v 39.4884758 44.7029610 -15.5243988
vn 0.2501204 -0.2232638 0.9421216
v 41.0603447 -93.2612762 -6.0957537
vn 0.3958192 0.7035118 -0.5902528
v 40.6114311 -81.7607269 -3.8265700
vn 0.4417130 0.6586362 -0.6091699
v 39.3205338 -82.0554810 -20.8062191
vn 0.5344414 -0.7809554 0.3232357
v 38.3118591 -79.5867767 -1.3786943
vn 0.5538535 -0.1269290 0.8228824
v 39.4161530 -70.6223755 7.3790755
vn -0.0901529 -0.1819838 -0.9791601
v 40.1283073 54.9079056 -21.3013306
vn 0.4343561 -0.8988968 0.0576143
v 38.5661621 -81.1952133 -5.3559761
vn 0.4112394 -0.6224940 -0.6658704
v 38.3081436 -77.4976578 -13.4090071
vn 0.3898048 -0.8918709 -0.2293873
v 40.6903534 44.5943947 0.3239008
vn 0.1230472 -0.9208760 0.3699281
v 40.0387039 45.7377357 -1.9704770
vn 0.3625928 -0.7521904 0.5502146
v 41.6658936 -94.7278214 -7.0112529
vn -0.8267863 -0.0843025 -0.5561633
v 39.3767815 45.2435684 -14.0781040
vn -0.0394898 0.9285095 0.3692027
v 37.7645264 79.9479599 0.9430616
vn -0.3721445 0.2029597 -0.9057129
v 39.3496132 42.3225403 -17.8341064
vn 0.0875259 -0.9382614 -0.3346710
v 39.0130959 45.3651009 -15.1335096
vn 0.1565641 -0.9254633 0.3449717
v 38.5979195 -94.6512985 11.5160704
vn 0.7333438 0.3987270 0.5506576
v 37.0326538 -44.1241264 5.8860478
vn 0.1339574 -0.9133604 0.3844845
v 39.5913620 -94.6748123 22.5085526
vn -0.1377792 0.8345360 0.5334479
v 35.4159317 -85.0804443 18.4614105
vn 0.8693321 0.1448720 0.4725186
v 40.0439529 -59.7369690 4.8877206
vn 0.8825402 0.4696529 -0.0234290
v 38.3099213 -42.7133865 -3.6442676
vn -0.0296661 -0.9978375 0.0586543
v 41.8952484 -94.0013962 10.9168930
vn 0.5702519 0.2646344 -0.7776769
v 39.7412682 -87.0935135 -22.2677593
vn 0.3369869 0.9257964 0.1712919
v 39.9203491 -80.3791351 -9.8717022
vn -0.6450693 -0.6320928 -0.4293534
v 40.8676720 30.8440495 -15.3974733
vn 0.8011818 0.2064670 -0.5616754
v 38.8891449 -61.0395546 -12.8614988
vn 0.9830102 0.1596866 -0.0905051
v 41.0437508 -58.5949326 -4.7299914
vn 0.6661100 -0.6498361 0.3660745
v 40.4729805 -76.9911423 2.5162187
vn 0.3104961 -0.3581827 0.8805097
v 40.6710434 -93.1713638 23.5326958
vn 0.8787097 -0.0179116 -0.4770203
v 40.0991173 -69.9106064 -14.2523594
vn 0.5391067 0.4375511 0.7196617
v 46.0775414 70.5803757 9.0841408
vn 0.9386815 -0.0621164 0.3391439
v 41.3231010 -68.9634399 5.2625432
vn -0.6340075 -0.7440169 0.2108874
v 40.9194260 30.6441364 -3.6209195
vn 0.6097917 0.7729113 -0.1753919
v 42.2356453 -81.5059586 1.7338095
vn -0.4236995 0.2390329 0.8736945
v 39.8972702 41.4694710 0.4543839
vn -0.0528851 -0.3178536 -0.9466638
v 40.0210342 54.6041946 -21.1523266
vn 0.8301640 -0.5413060 -0.1334753
v 41.2587624 -80.0813828 -5.3601022
vn 0.3871129 -0.8112549 0.4381885
v 43.5870171 47.5260468 -1.6157888
vn 0.6767254 0.4763373 0.5613783
v 41.6410637 -84.5986328 13.9732704
vn -0.1742440 0.5810438 -0.7950014
v 43.1608620 44.2686882 -17.2735348
vn -0.3998908 0.2984608 0.8666075
v 40.3224831 44.4547844 -2.0360103
vn -0.8261642 0.5629047 0.0243130
v 41.1755371 25.8331642 -8.7111540
vn 0.0870313 0.4117834 0.9071163
v 48.6267166 44.6342201 0.0149347
vn 0.9966694 -0.0014881 -0.0815357
v 42.6741142 -70.4044266 -5.5777345
vn 0.4782925 0.4862860 0.7312744
v 41.6497650 -81.8398972 -6.4555440
vn -0.1853165 0.2566890 -0.9485614
v 40.4678345 45.3918953 -15.0553732
vn 0.0052915 -0.3966433 0.9179576
v 40.3369637 52.5631218 9.6103649
vn 0.6675615 0.7050571 0.2392826
v 42.5015373 -86.1524811 12.7199888
vn -0.8166125 0.4429105 -0.3701005
v 42.3845978 23.7622337 -16.0261478
vn 0.7673978 0.0558619 0.6387332
v 42.1457443 -87.6403580 -6.5884314
vn 0.9148250 0.3897924 -0.1056275
v 43.2561531 -83.6567001 -14.9527111
vn 0.8184268 -0.3086480 0.4846793
v 42.6437225 -93.4108734 -6.6385312
vn 0.3337232 -0.4679376 -0.8183296
v 44.2925568 47.5820236 -15.1292114
vn 0.1436165 -0.9669159 -0.2108267
v 41.8134499 -94.7342529 12.7212744
vn -0.8805252 0.4727804 0.0339710
v 42.7783127 26.4671841 -9.1578865
vn 0.0812103 -0.2570544 0.9629787
v 43.3230515 58.3756866 10.6935310
vn 0.3496196 -0.9364638 -0.0283146
v 42.8619957 -94.7443619 -15.7013121
vn 0.7627793 0.4940963 0.4171770
v 44.3088913 -81.3041229 11.9655142
vn 0.8024969 0.4762176 -0.3594655
v 44.5054359 -83.1990433 0.3474296
vn 0.0646666 0.6179051 -0.7835888
v 38.1317749 74.1459045 -17.8966923
vn 0.3654977 -0.5031649 -0.7830942
v 47.0804901 50.2990913 -19.0246010
vn 0.5040957 0.8631548 -0.0291767
v 43.5854340 -84.7535324 18.4639988
vn -0.1286243 -0.4806780 0.8674125
v 43.6493263 32.5480232 -0.1706881
vn -0.8948170 -0.4046545 0.1885667
v 43.0724258 29.5185337 -6.6083708
vn -0.0343298 0.6564437 -0.7535936
v 45.8818626 47.3103561 -14.9700317
vn 0.2819898 -0.8702499 -0.4039147
v 41.1613426 -94.6697311 -3.1864789
vn 0.4041034 -0.0419791 0.9137496
v 48.1529961 59.5764236 10.0273972
vn -0.7466555 -0.5979282 -0.2915262
v 43.2915764 29.5472126 -12.4762669
vn 0.1574504 0.9871965 0.0255439
v 43.9319992 -86.4028778 16.2493382
vn 0.2004410 -0.9718370 -0.1239203
v 44.2828255 -94.6377792 8.7514915
vn 0.4620138 -0.8408561 0.2819650
v 44.4519272 -94.6382904 20.7415676
vn -0.3166530 -0.9484356 -0.0141699
v 43.3715744 -95.0136185 10.7946053
vn -0.7026775 0.5625463 0.4356444
v 43.5352364 23.5709572 -0.1273650
vn 0.1283773 -0.9911041 -0.0350978
v 42.9254875 -94.6763916 1.2394414
vn -0.7414998 0.5259279 -0.4166269
v 42.8470497 25.4375267 -12.4561090
vn -0.7417669 0.4229303 -0.5204920
v 45.7220421 25.5274830 -16.2368946
vn 0.2570096 -0.2394129 -0.9362839
v 41.5899734 -93.3874741 -4.2931309
vn -0.8738487 -0.1590451 0.4594488
v 44.3137779 18.0545502 0.9988332
vn 0.9290941 -0.2677174 -0.2551696
v 44.3581314 -93.1485138 -15.6248331
vn 0.0064806 -0.9992045 0.0393487
v 43.2635345 -94.0484314 13.8096151
vn 0.9285160 -0.3477927 0.1299938
v 46.2859612 -93.0236588 5.1305623
vn 0.8140109 -0.4909216 -0.3104550
v 45.6344490 -92.9561691 0.3535249
vn -0.7501523 0.4758628 0.4591581
v 43.3951797 25.2760067 -5.6373935
vn -0.9093883 -0.3704501 -0.1891552
v 44.3836937 13.9879580 -14.3604527
vn 0.7520742 -0.1606185 0.6392074
v 44.4437447 -93.1515961 22.2014141
vn 0.6473193 0.4652794 -0.6037326
v 46.1788826 71.4348907 -17.4559307
vn 0.5555203 0.4196629 0.7178302
v 44.3264465 -86.0051041 20.7477131
vn -0.1356196 -0.6734657 -0.7266714
v 43.7244606 32.2725182 -18.6477013
vn 0.4944992 -0.5475163 0.6750529
v 45.6191025 -93.5868149 19.2845230
vn 0.9869829 0.1054716 0.1214106
v 46.0654602 -84.3356552 6.9324813
vn -0.0896108 0.9736276 0.2098075
v 45.1591072 -85.8160324 16.9148636
vn 0.2310375 -0.8363241 -0.4971758
v 45.8279953 -95.0309067 8.8109159
vn -0.7036060 -0.2664822 -0.6587306
v 44.9847755 29.8426495 -14.4684258
vn 0.4072935 0.0904915 0.9088032
v 44.0182037 62.8857384 11.9370661
vn 0.2713304 0.2156464 -0.9380173
v 44.5125084 65.1176529 -21.1807098
vn -0.6759142 -0.4222471 0.6040260
v 44.4608498 29.1860962 -4.5906091
vn 0.3847533 -0.8915449 -0.2389825
v 46.1723671 48.1498413 -15.8790998
vn -0.6292638 0.4348486 -0.6441535
v 44.7546501 23.3113117 -20.8480263
vn 0.6610175 0.5601542 0.4992827
v 45.2873039 -86.7177048 18.6711979
vn -0.5346038 0.7045010 -0.4667733
v 47.7609367 26.3128700 -18.4350548
vn 0.9025212 0.4305652 -0.0083135
v 45.0977135 -86.3985596 9.0460510
vn 0.8849469 -0.3196102 -0.3387008
v 45.2303009 -93.3897171 7.6649466
vn -0.0778618 -0.8568869 0.5095904
v 46.5688972 -94.6127167 18.5202236
vn 0.4525407 -0.7583803 0.4691122
v 47.4500275 47.8338737 4.3652706
vn -0.9173502 0.1177972 0.3802530
v 45.8765984 28.0684319 -1.5064161
vn 0.5686010 -0.6975427 0.4360359
v 46.5053253 48.4993248 -2.6186042
vn -0.9440191 -0.3012334 0.1344853
v 43.4203148 15.9367781 -5.7614045
vn 0.7406875 0.4641892 0.4857062
v 49.4816895 68.2357941 3.5117707
vn -0.8126499 -0.2845724 0.5085457
v 47.0127869 12.6643066 2.4548929
vn 0.5897713 0.7862942 0.1841498
v 47.7876472 76.2361908 0.0864579
vn -0.9299076 0.1043181 0.3526892
v 46.4037933 29.0432796 1.3219516
vn -0.4247440 0.2485847 -0.8705161
v 47.1469574 28.4406071 -17.8855877
vn 0.8289014 -0.1711710 -0.5325627
v 47.0071754 -93.3238525 8.7375164
vn 0.6358470 -0.2267118 0.7377672
v 51.6555367 57.0992203 8.2196722
vn 0.6942766 0.6703903 -0.2618336
v 47.7324944 76.4993362 -8.8007698
vn 0.7491605 0.2873524 0.5968143
v 48.6059227 66.3727951 6.3873343
vn -0.5741218 0.7411256 0.3480187
v 47.1670036 30.8240032 0.9934934
vn 0.5669594 -0.1286748 0.8136337
v 47.5310326 -93.0245209 19.0910816
vn -0.8381834 0.2764959 0.4701049
v 46.6070290 25.2838917 -0.9055396
vn -0.5242497 0.3220584 0.7883151
v 46.4255486 22.6607914 3.6752472
vn 0.5611619 -0.8103043 0.1688325
v 48.5182037 -94.6841202 16.9163914
vn 0.2019362 -0.1984384 -0.9590850
v 46.5944633 56.7074165 -20.3550358
vn 0.8059002 0.5653074 0.1759331
v 47.8913307 -86.7243195 15.8658409
vn 0.7275911 0.4077323 -0.5516934
v 47.9782753 67.6233292 -16.6015911
vn -0.0078659 0.1647690 -0.9863008
v 46.9734306 43.3942680 -17.6693058
vn 0.7723104 0.5274147 0.3540771
v 49.1219673 47.6471748 -5.0427275
vn -0.0288743 -0.4821750 -0.8755990
v 46.4770927 31.0236454 -16.3836174
vn -0.4634230 0.2625341 0.8463539
v 47.5216408 29.8158970 2.5116963
vn -0.3681509 0.8599051 -0.3535931
v 50.9964981 27.9563503 -20.1454582
vn 0.3721679 -0.9115782 -0.1746891
v 47.4864578 47.1487503 0.5034508
vn 0.4732796 -0.8691682 0.1433635
v 48.9045067 48.7493668 -4.9653616
vn -0.7799256 -0.6090659 0.1440652
v 52.1262856 -0.1972750 -2.2011631
vn 0.7082780 0.4766996 -0.5206724
v 51.1912994 65.7607498 -14.0767231
vn -0.7628889 0.4049972 0.5039622
v 46.7474251 30.6334305 -2.2010865
vn 0.7101654 0.3908162 -0.5856005
v 47.7340164 48.3744316 -12.8654976
vn 0.9712951 -0.1478239 0.1863703
v 49.6323166 -93.1670303 16.3702030
vn 0.0300737 0.0069360 -0.9995236
v 49.1252708 32.0534592 -16.3164959
vn 0.2239733 0.5014494 0.8356940
v 46.8521309 46.7992935 -2.2513938
vn 0.6061652 0.7923255 -0.0691667
v 49.0907059 47.8440781 -11.3431358
vn 0.9485601 -0.2986332 -0.1051288
v 48.7712479 49.1026802 -9.6893387
vn -0.1968848 0.7599880 -0.6193987
v 50.5904427 27.6746845 -18.0722828
vn 0.0668044 -0.4393389 0.8958340
v 49.1452904 25.5291901 3.3816006
vn 0.3166623 -0.9441212 -0.0914332
v 50.2039337 49.1179161 -11.9479361
vn 0.5665138 0.4301499 0.7028750
v 52.7035103 33.1791420 -2.5610430
vn -0.1972999 0.1456962 0.9694563
v 50.2092743 14.2774239 6.3228202
vn 0.1162506 0.5855029 -0.8022919
v 48.5941315 45.9254723 -17.2807846
vn 0.1175281 -0.2260139 -0.9670082
v 48.1534843 34.0834999 -18.5294991
vn -0.4998775 -0.3619289 -0.7868482
v 47.6066437 14.1409426 -19.7067013
vn 0.8511217 0.4787911 0.2152926
v 49.8604698 70.9919891 -0.3775221
vn 0.2845825 -0.9578645 -0.0388394
v 50.5503082 48.4183655 -2.3480701
vn -0.5210738 0.3684852 0.7698706
v 48.2943306 24.1816463 2.3141832
vn 0.3925164 -0.0521401 -0.9182659
v 52.1778908 33.3327713 -16.2042351
vn 0.6921088 0.3778650 0.6149825
v 50.9217453 64.5106354 5.2313662
vn 0.6587626 0.6891175 -0.3019090
v 51.6390228 46.8080902 -14.1873035
vn 0.5382938 0.7316801 0.4181916
v 51.8828773 46.4090614 -3.0413566
vn 0.7905579 0.5549524 -0.2589326
v 49.6891747 71.3499527 -9.0639524
vn -0.1283881 0.9674205 0.2182066
v 51.9534416 32.6740875 0.4991648
vn -0.7529781 -0.4948216 -0.4337921
v 51.3047409 -23.3839569 12.7533665
vn -0.9434659 -0.0029002 -0.3314568
v 50.5157852 -18.2320633 12.4564486
vn -0.6766025 -0.6941391 -0.2457234
v 52.1051178 -0.4212299 -11.2085476
vn -0.7239646 -0.0209936 0.6895177
v 50.8266792 -18.0756454 16.7689781
vn -0.1467130 0.1668099 -0.9750127
v 51.2395935 26.0194263 -22.4491882
vn -0.7202725 0.5001171 0.4807186
v 52.0790977 -12.7325611 16.6797695
vn -0.8094861 0.4169669 -0.4133655
v 51.7721519 -13.2195930 12.3645382
vn -0.9508284 -0.0199086 -0.3090777
v 51.8540611 -9.7043190 12.2664032
vn 0.6645204 -0.6604103 0.3496726
v 48.5874825 48.8480415 3.8488374
vn 0.6535516 0.0366323 -0.7559950
v 51.5669365 58.3664246 -19.5384617
vn -0.6566080 0.2182435 0.7219666
v 52.1844749 -8.8303738 16.3770313
vn 0.7152218 -0.6157477 -0.3306246
v 52.9871635 51.1228027 -12.0168219
vn 0.1025700 0.1089370 0.9887427
v 53.2455673 25.4531212 1.3744360
vn -0.9189584 0.2177862 0.3287623
v 52.7610435 -11.7460146 15.7085466
vn 0.2116566 0.0617598 0.9753908
v 54.9701118 26.4922256 1.5021487
vn 0.5482334 0.1018875 0.8300959
v 54.9453468 28.0817127 2.7960000
vn -0.1345677 -0.6044844 -0.7851689
v 53.6491623 -23.6113815 11.1144190
vn 0.8460527 0.4732933 -0.2453332
v 53.1587143 67.9311829 -10.0448933
vn -0.8781273 0.0385914 -0.4768680
v 52.8152542 -11.8269415 12.7072639
vn -0.6784094 -0.7297812 0.0847358
v 51.4564018 -24.1814747 15.3699894
vn 0.9755101 0.0197002 0.2190710
v 55.7721443 37.4180412 -3.5773375
vn 0.5834060 -0.2008006 0.7869667
v 53.1537933 35.8110504 -0.5701998
vn 0.7519664 -0.6535570 0.0860804
v 53.2346230 50.3914528 -1.2360620
vn 0.4640719 -0.2845039 -0.8388652
v 53.0840225 35.8589363 -18.3867035
vn -0.6544054 -0.5552591 0.5132650
v 52.6290512 1.7598087 4.8901520
vn -0.2036553 0.8813128 -0.4263946
v 55.7362900 29.2101593 -17.4228477
vn -0.0018494 -0.0325119 0.9994696
v 57.0231552 -12.7511377 18.1934910
vn 0.7843908 0.5506572 0.2854955
v 53.1792564 67.6619186 -0.1820008
vn 0.0123236 0.3123019 -0.9499030
v 54.9163818 -14.4258900 9.4533234
vn 0.9563739 -0.0445525 -0.2887284
v 55.7438927 57.4603729 -12.1203890
vn 0.0485977 0.7353573 0.6759348
v 52.5029259 32.0765800 1.9309981
vn -0.3035870 -0.3375813 0.8909960
v 55.0050659 4.4295020 7.9802313
vn -0.2533042 0.9376346 -0.2380719
v 55.6211357 29.1390419 -20.0884457
vn -0.2996528 -0.0887081 -0.9499153
v 53.9049339 -19.2166424 9.3543320
vn -0.4807277 0.8657119 0.1394408
v 57.6532288 1.0486618 11.8492937
vn 0.3487100 0.6371722 0.6873230
v 53.1404991 24.7385521 2.9338219
vn 0.6450889 0.7037871 0.2975636
v 53.6220245 32.1880074 0.8979324
vn -0.2017713 -0.7449701 0.6358522
v 54.0909500 -24.5116425 16.9459438
vn 0.1358757 0.2519968 0.9581417
v 54.7562141 23.2942677 1.4260954
vn 0.8506994 0.2663598 -0.4531700
v 54.8773804 34.3798370 -13.7078247
vn 0.9624477 -0.0587530 -0.2650332
v 55.7674713 37.3346176 -15.3142891
vn -0.3528551 -0.6203787 -0.7004453
v 55.3446655 -0.6554210 -15.0264530
vn -0.4359048 0.1991780 0.8776760
v 55.0166054 25.4583855 2.4059269
vn 0.7809483 0.2891853 0.5536169
v 54.8106956 33.8466377 -5.2618504
vn 0.5808442 0.4221603 0.6959891
v 55.9281006 18.3443336 4.7949409
vn -0.3567491 -0.3789749 -0.8538783
v 55.0223198 -13.0272255 10.3658266
vn 0.1528237 0.8865209 0.4367214
v 55.6182480 29.0772038 -1.1498455
vn 0.2541804 0.4885927 -0.8346673
v 53.4147682 31.9421120 -17.1274948
vn 0.2149179 -0.2172220 0.9521686
v 55.6528015 -19.1981640 19.1934319
vn 0.1439399 0.5598322 -0.8160081
v 57.2933235 28.1597233 -22.0145664
vn 0.9817253 0.1567081 0.1079728
v 55.2185783 35.2000771 -7.2090650
vn 0.0762265 -0.9908474 0.1114045
v 58.2236595 -0.0374204 -4.0422401
vn 0.0834094 -0.9850632 0.1506434
v 54.9311485 -2.4686520 -2.5691643
vn 0.3991249 0.5688592 0.7190957
v 55.7938232 28.2425213 0.5848013
vn 0.9501774 -0.0485905 0.3078990
v 56.1697655 57.0457115 1.0258060
vn 0.0549703 -0.8923842 0.4479159
v 55.6849899 -0.6053927 4.0362678
vn 0.5799400 -0.7185272 0.3839120
v 56.2538948 -24.7038612 15.7120247
vn 0.1814124 -0.9529131 -0.2429943
v 56.1080246 -24.7502575 13.1196222
vn -0.6996633 0.4758562 -0.5329466
v 55.5166397 -3.0908389 7.9886570
vn -0.8706816 0.3286468 0.3659303
v 55.5125389 -2.2657285 5.4698505
vn -0.9892580 -0.0686691 -0.1290471
v 55.8445282 -2.7626321 3.0432551
vn -0.0067919 -0.2078118 -0.9781453
v 55.2589188 16.2316284 -21.1652699
vn 0.0034331 -0.7843930 -0.6202546
v 55.6741753 -13.0796127 10.2318506
vn -0.2930441 0.7954229 0.5304977
v 56.4490280 31.7208576 -3.8437042
vn 0.3520696 -0.6555605 0.6680475
v 57.4343948 1.6654322 6.4018459
vn 0.2034597 0.9611706 0.1864277
v 57.0797386 33.7460938 -7.1030612
vn 0.1843025 0.5820808 0.7919688
v 63.2022324 29.2863750 0.9658245
vn -0.0326581 0.2967703 0.9543903
v 56.2592926 20.0140629 2.4944692
vn -0.9662277 0.2530579 0.0486394
v 57.1078796 -3.3549421 6.6284618
vn -0.9537390 -0.1037169 -0.2821785
v 56.7849121 -6.0723586 6.0252657
vn -0.9828654 0.0193038 -0.1833111
v 56.7235031 -4.3559690 -5.8802462
vn 0.3582185 0.3685808 0.8578040
v 57.8066788 15.1907625 3.9905319
vn 0.3413607 -0.0175679 -0.9397683
v 56.4240341 -13.5209732 10.6483536
vn 0.0275654 0.8051435 -0.5924392
v 57.4631462 30.5031433 -14.4510155
vn -0.3037590 0.8894109 0.3415827
v 56.7565308 33.3257675 -6.2719951
vn -0.5894659 0.6452459 0.4859914
v 57.1816177 32.7977600 -2.5515292
vn 0.1434772 -0.9790061 -0.1447806
v 57.7119865 -3.0207212 -13.1340265
vn -0.3693294 -0.7076397 -0.6023636
v 55.2669373 -11.9617062 8.2214422
vn -0.6234748 0.7621596 0.1743329
v 57.6739960 34.5093689 -5.3941441
vn 0.3246024 -0.3660772 -0.8721358
v 57.5574074 -13.6285286 11.1571045
vn -0.6544560 0.7091378 -0.2623185
v 58.3442688 -1.8690345 -6.6942968
vn -0.0784178 0.8394460 -0.5377555
v 57.4593010 32.7650681 -12.3890362
vn 0.0999295 -0.1511075 0.9834535
v 58.1645508 -10.6570330 19.5506401
vn -0.8749947 -0.4747754 -0.0947244
v 59.0989838 -9.2046537 -3.6454563
vn -0.7233443 0.0651124 -0.6874106
v 59.0579414 -6.0374994 -14.0537825
vn -0.5647907 -0.0258920 0.8248279
v 58.5280991 16.9968967 5.3871999
vn 0.1894842 0.2760815 0.9422711
v 56.7531967 -13.7984743 18.9267216
vn 0.0648069 0.8910619 0.4492314
v 59.4184151 34.2646790 -3.6235609
vn -0.6392747 0.7482043 -0.1775339
v 58.1615143 -1.1252654 7.7796974
vn 0.7518637 -0.5442111 -0.3722034
v 58.7288666 -20.9209843 11.8041897
vn -0.5380332 -0.6302065 -0.5597856
v 60.8340034 -9.7108831 -12.6053190
vn -0.1149541 -0.9132011 0.3909595
v 57.8599434 0.8758932 2.2842166
vn -0.9435202 0.2570453 0.2090392
v 58.7609787 0.2132477 2.4963086
vn -0.3704288 0.8331773 -0.4106070
v 58.9903069 31.5284615 -14.7965059
vn -0.9930195 0.0414305 -0.1104350
v 59.2681351 -0.4582637 -2.2315512
vn 0.7490277 -0.2653574 -0.6070774
v 58.9133797 -20.5035877 11.6998177
vn 0.3507710 -0.3280478 0.8771228
v 60.9585800 3.6381152 5.7811337
vn -0.7364978 0.3745552 0.5632756
v 58.6476326 -29.9218235 14.5117359
vn 0.0287306 -0.9894427 0.1420483
v 58.5342216 -0.3613968 -9.5215969
vn 0.8523544 -0.3584191 0.3808250
v 58.8551407 -20.3600254 16.8456402
vn -0.9723575 -0.2168661 -0.0865447
v 57.5995979 -31.6617012 12.0988779
vn -0.2273978 0.8418888 -0.4894011
v 59.0494041 34.1403236 -12.0091915
vn -0.7989988 0.5314040 -0.2814438
v 57.9352608 -29.3737278 10.8366823
vn 0.0450701 -0.4364865 -0.8985812
v 62.2763214 1.3876191 -16.8387699
vn 0.5942211 0.4267078 0.6817784
v 58.3194313 12.6381874 6.2524014
vn -0.5663174 0.8126304 -0.1375370
v 57.7043571 -0.0635406 3.1889164
vn -0.3288677 0.9429298 -0.0522441
v 58.7330246 34.9984016 -7.7290411
vn -0.0821012 0.8845549 -0.4591537
v 59.1862335 1.0889188 9.3805332
vn 0.1832088 -0.7282440 -0.6603750
v 63.3279305 -0.9305624 -14.8282299
vn -0.9339214 -0.3323022 -0.1317802
v 59.7876892 -1.0746866 -6.8967452
vn -0.4859399 -0.8245715 -0.2897314
v 60.0022697 -33.9256439 9.4653873
vn 0.9037341 -0.0978225 0.4167678
v 59.4691124 -13.7378035 15.9812880
vn 0.8045937 0.1433758 -0.5762572
v 59.6243744 -15.5956230 11.7843552
vn -0.8777490 0.0158807 -0.4788577
v 60.9821205 -2.0472047 -11.3608055
vn 0.7505877 -0.5972140 -0.2827607
v 59.4241180 -14.2082024 12.2093668
vn 0.9082109 0.0083313 0.4184300
v 59.6968269 -15.2298317 16.5124226
vn -0.8446933 -0.4424426 -0.3012272
v 57.8873711 -8.4747725 4.7264395
vn 0.6952150 -0.5688899 0.4393637
v 61.0748024 -12.3771639 16.2969265
vn -0.4896177 0.8717322 -0.0189099
v 60.7213898 1.3560926 6.5939121
vn 0.5689508 0.0845843 0.8180101
v 60.8095970 7.1094093 7.4288445
vn 0.0938091 0.2048928 0.9742786
v 59.9396706 10.9511023 4.8148508
vn -0.4966088 0.5397114 0.6797731
v 60.8029594 1.0140154 5.2912121
vn -0.4877687 -0.1558733 -0.8589443
v 60.0294838 -31.6164589 8.1500931
vn -0.1983172 -0.9588693 -0.2030765
v 61.9688110 -11.2212267 8.4407606
vn -0.1771452 0.9809805 0.0793532
v 60.4210167 0.3212141 9.0953388
vn -0.6333978 -0.4951659 0.5946579
v 59.3098793 -33.0610352 15.9470797
vn 0.4106092 0.6938104 -0.5916311
v 61.1755333 31.6483078 -15.1137028
vn 0.1974060 -0.0655503 0.9781278
v 61.4411240 7.6308184 5.2466946
vn 0.4601346 0.1495510 0.8751632
v 60.5499687 -5.9598484 17.5001545
vn -0.6630002 -0.7209793 0.2015431
v 60.0609169 -11.8068771 4.7763529
vn -0.2685632 -0.1756893 0.9471046
v 62.7149544 8.4119625 6.9832106
vn 0.2452627 -0.8962193 -0.3696449
v 61.1527672 -13.6236391 11.0477734
vn 0.3727888 0.7641115 -0.5264620
v 60.3401527 29.9374714 -19.1209774
vn -0.0574922 -0.9979734 -0.0272690
v 60.6569443 -1.3141118 -13.1747828
vn -0.3952164 -0.8919426 0.2196419
v 63.4907646 -12.2030945 6.9422746
vn -0.6286924 -0.7776272 0.0064615
v 61.5341530 -14.1442013 -1.5451442
vn -0.4463058 0.8734827 0.1945231
v 63.6300354 2.0715775 5.6906724
vn -0.7617249 0.1277287 -0.6351854
v 61.5803413 -32.3872070 8.1260691
vn 0.2140583 -0.9405774 0.2636158
v 62.4790878 -35.6378822 12.8381538
vn -0.8239969 -0.5437854 -0.1591434
v 60.3512688 -10.6310024 -5.8904104
vn -0.4514157 0.6452951 -0.6162938
v 60.4241257 -3.1740911 -13.7091093
vn -0.3906103 0.4608855 0.7968740
v 63.0524559 1.7698199 9.5747576
vn -0.6882540 -0.1336429 -0.7130541
v 62.9264259 -33.4553223 3.2519655
vn -0.6198869 0.5665163 0.5429544
v 62.3138924 -26.4966125 14.5415354
vn 0.1156215 -0.9762471 0.1832301
v 63.2205162 -11.5388622 9.4139528
vn -0.1536092 -0.2106573 0.9654158
v 63.2385712 4.8562012 5.2962041
vn -0.5712215 -0.7351440 -0.3650605
v 62.0813332 -12.1769571 -9.6130733
vn -0.6796411 0.5932363 -0.4314610
v 62.0387115 -25.8283443 11.1124544
vn -0.5931194 -0.7870562 -0.1695641
v 62.0903740 -34.3432465 9.1146889
vn -0.6578939 -0.6813158 -0.3209118
v 63.4611282 -35.8390388 4.2424536
vn -0.0823110 -0.6298835 0.7723158
v 63.7723579 -9.9057236 11.2435799
vn 0.1709319 -0.8775249 0.4480317
v 63.5083694 -34.1761703 10.2296581
vn -0.7713600 -0.5427624 -0.3322842
v 63.2700462 -35.3723145 -2.7691317
vn 0.3537515 0.9290855 0.1079818
v 62.0321960 34.8987846 -7.1055026
vn -0.1210531 -0.6359702 0.7621602
v 63.9438095 4.9976001 5.9096012
vn 0.3423472 0.5768548 0.7416448
v 63.1800308 -0.6757929 15.1367216
vn -0.2785757 0.1800581 -0.9433847
v 64.1588058 -27.9503593 8.5154638
vn -0.5150849 -0.8068793 -0.2891944
v 63.1597748 -14.3325529 -6.9400601
vn -0.1346023 0.6696444 -0.7303824
v 67.0274277 -1.6896558 -15.2969456
vn -0.5612221 0.8237359 0.0805541
v 64.1876678 -29.2755566 7.4624186
vn -0.9074261 0.3188148 0.2737428
v 62.6089630 -32.7160416 0.5149611
vn -0.9626191 -0.0695283 -0.2617829
v 64.0432587 -34.1650658 2.9334776
vn -0.7240090 0.3232166 -0.6093784
v 63.4202766 -33.0808334 -3.9207115
vn -0.8078260 -0.4324158 0.4005418
v 63.0476379 -35.4307709 1.3543139
vn 0.1704440 0.6557032 0.7355285
v 63.8901672 -1.3504747 10.5734062
vn -0.4635671 0.8859185 -0.0159373
v 66.2965012 5.0183320 7.6464977
vn 0.6816539 0.7316626 -0.0042305
v 63.9805031 -0.4498266 12.5675974
vn 0.4953954 0.8061361 -0.3236170
v 62.4845161 33.8917885 -12.0517979
vn -0.2037274 0.0140993 -0.9789261
v 64.8211594 -1.9427152 -14.1090183
vn -0.6155539 0.6585888 -0.4328444
v 63.8562126 -30.6966724 8.5759983
vn -0.5227272 -0.8488191 -0.0791350
v 64.9688034 -35.2797165 3.1178677
vn 0.6292052 0.4021325 0.6651242
v 64.8342743 -2.6198726 11.1686964
vn 0.2722100 0.0316576 0.9617169
v 63.6222000 -29.2918854 16.6064339
vn 0.6150835 -0.0567762 0.7864151
v 65.2398758 -6.9424238 12.5427885
vn 0.8643910 0.0891897 0.4948469
v 64.7515869 -5.2730794 13.2117872
vn -0.1990982 -0.6876180 -0.6982417
v 66.6355591 -13.6168013 -9.6665125
vn -0.2233594 -0.8230257 0.5222445
v 64.9079971 -36.5310326 9.4518738
vn 0.3375762 -0.0324936 -0.9407372
v 63.0653915 19.7631130 -20.9424801
vn 0.8060788 -0.5261148 0.2709989
v 66.5351334 -32.1139412 13.3743391
vn 0.4202619 -0.3764342 -0.8256375
v 69.9517593 4.3988528 -16.3960342
vn -0.7396982 0.4401306 -0.5090498
v 65.3536301 -29.0518932 8.2415733
vn -0.7623265 0.5994735 -0.2439051
v 67.0220566 -31.1085529 3.0436721
vn -0.3931651 0.5289882 -0.7520590
v 65.4447327 -30.3787098 3.1406136
vn -0.1983824 -0.1683053 0.9655660
v 64.8459702 -27.5842571 16.7999325
vn 0.2698584 -0.3535016 0.8956635
v 65.7506104 4.8273854 5.3759160
vn 0.2711639 0.2667931 0.9248198
v 65.4631195 -6.5062962 12.2013378
vn -0.7985361 0.2112264 -0.5636696
v 68.6268005 -24.0011559 7.3936243
vn -0.4083785 -0.9059383 0.1118163
v 67.3179779 -16.3082905 -3.7893031
vn 0.8460274 0.3693337 -0.3844869
v 66.1949692 25.0529518 -12.5718021
vn 0.0287351 -0.3220714 0.9462792
v 64.4628525 -28.6669884 15.8173981
vn -0.9703396 -0.1948280 -0.1431191
v 65.6169739 -20.0499153 10.2187138
vn 0.7346236 0.6271776 0.2587980
v 65.7609253 30.3267269 -2.6209197
vn -0.1631539 0.8153650 0.5554824
v 66.2792740 3.5775282 5.6704421
vn -0.9063004 0.2845090 -0.3125288
v 65.9280090 -20.9294491 10.3237629
vn -0.6125904 0.5885962 -0.5275298
v 66.1987839 -29.6204281 3.8424611
vn -0.9613049 0.1283834 -0.2437429
v 65.7294464 -15.0031586 8.8334112
vn 0.3494484 -0.2616942 -0.8996677
v 69.9104309 -32.1186523 -4.0394459
vn 0.7944840 -0.1645991 0.5845532
v 66.5379791 -31.4818363 10.5477467
vn -0.9452558 -0.2886712 -0.1521858
v 66.7024612 -13.7521276 8.5137434
vn 0.6433434 -0.2174949 0.7340336
v 67.7945023 5.4943523 4.0332875
vn 0.6758338 -0.6454495 0.3558702
v 66.6728516 -31.1159897 13.3438444
vn 0.5143352 -0.6751592 0.5287906
v 70.9703979 6.6556168 4.3569674
vn -0.8613670 0.0366739 0.5066576
v 66.8784332 -19.2848969 14.2117462
vn -0.7071981 0.3000717 -0.6401780
v 65.5140610 -27.5470161 7.6759081
vn -0.8512055 -0.2822956 0.4424460
v 66.8412247 -13.1665154 10.9893017
vn 0.1230528 0.0346043 -0.9917967
v 67.7961349 -2.8750033 -15.5862980
vn -0.0163613 -0.3478666 -0.9374013
v 66.0125504 -35.3224335 -4.3792439
vn 0.3813030 -0.8237181 0.4196386
v 67.9680176 -30.9900284 13.7160006
vn -0.8128839 0.5687152 0.1256292
v 66.4550781 -29.1920338 0.9291254
vn -0.6341801 0.3401040 0.6943666
v 66.8374557 -20.6542301 14.0968981
vn 0.4505566 -0.6511334 0.6107569
v 66.7477646 -30.7489529 10.1227160
vn -0.1093043 -0.8698422 0.4810688
v 65.9645615 -37.4407234 2.1870329
vn 0.3844254 0.3668496 0.8471355
v 65.8039474 22.8431435 2.6395810
vn -0.9248581 0.3681873 0.0952663
v 67.5374832 -28.6709576 2.5956552
vn -0.8017711 0.5488957 0.2363825
v 67.9973679 -26.4055901 1.7160245
vn -0.7991189 0.3117788 -0.5140067
v 69.7472382 -25.1402035 -2.8048568
vn 0.3601286 0.4422355 -0.8214227
v 69.3833389 0.0475534 -13.2506456
vn -0.5929461 -0.0702145 0.8021751
v 67.9008408 -12.0381498 12.2605829
vn -0.0420951 -0.9163671 -0.3981200
v 65.8927078 -37.5022507 -2.2183058
vn -0.0326076 0.7407632 0.6709744
v 67.4302521 3.9224122 10.4608364
vn -0.1875767 -0.1499553 0.9707360
v 66.5063858 -9.7853422 13.3062983
vn 0.3237294 -0.4686213 0.8219449
v 68.9679337 -32.6327972 9.8467512
vn 0.7778015 0.3090518 -0.5472768
v 65.8853760 21.0181904 -18.5024929
vn -0.9102347 -0.0626045 -0.4093329
v 67.7467194 -17.7219753 7.0162077
vn -0.3787807 0.3772025 -0.8451293
v 66.9650803 -29.9022999 -3.5188200
vn 0.3663247 -0.8927478 0.2623124
v 66.1139145 -35.4280510 3.1332991
vn -0.8300413 -0.1124844 -0.5462405
v 68.2655182 -23.2325802 7.9841361
vn -0.9692883 0.1938398 -0.1513482
v 69.1600266 -18.1444130 0.8516429
vn -0.9036656 -0.3328329 -0.2694640
v 68.7940369 -15.3881607 5.5403252
vn 0.4936820 -0.3853956 0.7795822
v 68.6445999 -33.4244728 10.1752520
vn 0.2141743 -0.9519968 -0.2187040
v 66.6558304 -37.1929970 5.4155960
vn 0.8959099 0.0357477 -0.4427952
v 72.5703964 5.4396267 -14.2784595
vn 0.1050807 -0.8613395 0.4970436
v 68.2059937 -30.7335491 11.0134945
vn 0.7355926 -0.6601269 -0.1521056
v 70.1148148 -34.4279976 5.7164359
vn 0.7229003 -0.2695433 0.6362089
v 72.3339386 -25.8635483 11.2187700
vn 0.1845706 0.3896522 0.9022776
v 68.8661880 -22.5884762 16.6471119
vn 0.4507562 -0.5689012 -0.6878737
v 68.0021515 0.8424661 -14.5420990
vn 0.5712190 -0.7508601 0.3315389
v 69.1335449 -32.5833054 3.5123250
vn 0.1561163 0.0271940 0.9873643
v 71.1985245 -7.5373559 14.1706953
vn 0.2613662 -0.3783545 -0.8879953
v 69.6645279 -9.3109589 -12.5998144
vn 0.6037173 -0.7811410 -0.1591985
v 71.0771027 -33.5949287 5.9492006
vn -0.7354794 0.4309132 0.5228611
v 67.6373138 -12.5599670 12.6732607
vn -0.9315290 -0.3629622 -0.0226333
v 69.6991806 -16.7255764 0.9462902
vn -0.9169950 0.3794358 -0.1230801
v 69.9923477 -24.8312016 2.8851788
vn 0.2656577 0.2159334 -0.9395737
v 73.3208618 -27.3007298 -4.2379479
vn 0.8880382 0.3519039 -0.2958915
v 67.1033783 27.0134945 -9.6884022
vn -0.9738789 -0.1851254 -0.1314862
v 69.5375366 -23.4562874 3.2638607
vn -0.1046579 -0.0408585 0.9936686
v 70.0257568 -19.5223770 16.3079052
vn -0.0809712 -0.7670435 -0.6364653
v 69.3572159 -16.0621262 -8.6110649
vn 0.2948686 0.1864853 0.9371637
v 69.6988602 -21.7911587 15.4788609
vn 0.4229885 -0.6468692 0.6345400
v 69.8279190 6.2229447 2.0695357
vn 0.5654843 -0.4237570 0.7075716
v 70.1874619 -34.3328362 2.8533955
vn 0.9533651 0.0920248 -0.2874480
v 72.6912003 8.4853907 -7.1803141
vn -0.8054151 -0.1072084 -0.5829348
v 69.2794647 -18.8120842 -4.2806935
vn 0.6389104 -0.7278060 -0.2491827
v 70.9445648 -34.7559013 -1.8752722
vn 0.7821220 -0.1768495 0.5975027
v 72.6411743 -25.6982574 14.0698357
vn 0.4136495 -0.8064058 0.4226156
v 70.6261978 5.5936193 -0.1931919
vn 0.9348876 -0.2631413 -0.2382055
v 70.3455200 2.7684407 -11.7567453
vn -0.1018789 0.3251145 0.9401709
v 70.9607468 -10.4795303 13.1555052
vn 0.4765266 0.7903568 0.3850435
v 69.9449005 4.7735248 2.9908302
vn 0.4787664 -0.7211805 0.5006810
v 70.5675812 -33.4142570 2.5362270
vn 0.4726791 0.0297089 0.8807337
v 70.8751450 10.6253128 5.2847652
vn -0.6447871 -0.5313101 -0.5495082
v 69.8194122 -17.5840664 -4.7123446
vn 0.8592695 0.4075808 0.3090854
v 69.8991318 19.7986317 -0.1030621
vn 0.0671952 0.3293782 0.9418040
v 69.6434021 -1.3930118 12.3199091
vn 0.8684172 -0.4857121 0.0996767
v 70.7327347 4.3389940 -7.8485923
vn 0.3472919 0.8014246 -0.4869365
v 70.9171677 1.1916326 -11.0529814
vn 0.3496747 0.8706510 -0.3459689
v 71.3652649 2.2587662 -8.2315407
vn -0.4641086 -0.1585777 0.8714679
v 71.5391769 5.6559758 0.3037777
vn -0.2553332 0.9659261 -0.0423304
v 70.5133286 6.0702271 4.7711711
vn -0.3653957 0.8593682 -0.3577322
v 70.9422302 4.3901658 0.0663864
vn 0.3135945 -0.6095271 0.7281039
v 70.3689880 -32.2663651 10.4629164
vn -0.0243679 -0.9783232 -0.2056452
v 71.4253311 5.7960248 0.6987444
vn 0.7574927 -0.0498075 0.6509408
v 74.8613968 -26.8463001 10.8660755
vn 0.0276813 -0.0829526 -0.9961690
v 72.8684845 -25.9224377 -3.5216084
vn 0.4152074 -0.9044186 0.0981317
v 71.0524826 5.2249856 -2.2541299
vn 0.1416215 0.9273952 -0.3462391
v 71.3449249 3.6036286 -3.7042341
vn 0.8726090 -0.1592998 -0.4617111
v 71.7175369 5.6620908 1.0374656
vn 0.4394941 0.8901366 0.1204233
v 71.9653778 5.3800588 0.6783097
vn 0.6303166 -0.7673060 -0.1180786
v 72.1108170 -34.0078850 -1.2908256
vn 0.1003424 0.8950270 -0.4345781
v 72.8148651 2.2120471 -10.7768412
vn 0.1131851 -0.7375842 -0.6657017
v 72.1346359 5.2148328 -0.8842293
vn -0.7783111 -0.5004616 0.3791702
v 71.9534760 5.4438024 -0.0680606
vn 0.5927556 0.6895558 0.4161174
v 71.9313583 4.7562594 7.1832218
vn 0.6007555 -0.7967643 -0.0652665
v 72.7041168 2.7733176 -13.1675863
vn 0.5310286 0.8425546 0.0900589
v 72.3257065 5.1347365 -0.7792680
vn 0.1761736 -0.8932974 0.4135004
v 72.1115494 5.7057271 0.4888547
vn 0.2714386 -0.6627035 0.6979579
v 71.8030548 -33.0298119 3.3862934
vn -0.6082916 -0.4446285 -0.6574852
v 72.6684418 5.1392808 -3.2189708
vn 0.5859902 -0.6643111 0.4640111
v 72.5383301 5.3735223 -1.6903534
vn 0.1922577 0.8953024 -0.4018341
v 72.9813461 4.7357807 -3.7869012
vn 0.0735962 -0.9752594 -0.2084535
v 72.6455917 5.0385685 -2.2340932
vn 0.0911507 0.7772812 0.6225155
v 71.2118073 -10.7726898 14.4782658
vn 0.6534682 -0.7565287 0.0253711
v 72.4576569 5.1104136 -6.1170478
vn 0.5456358 0.3821512 0.7458165
v 73.1246948 -11.3792324 12.1700821
vn 0.6953967 -0.7179956 0.0300993
v 73.6800995 5.3743973 -3.0085130
vn -0.6189612 0.7706842 -0.1514361
v 72.4267578 4.9910450 -2.0270305
vn 0.9878300 0.1170614 -0.1024141
v 73.9137115 8.9770021 -4.3499641
vn 0.7691423 0.6390474 0.0062072
v 74.9454498 3.0060959 -2.3702896
vn 0.6549783 -0.6627579 0.3629812
v 73.1728210 6.2837267 2.2571921
vn 0.8669580 0.1866629 0.4621049
v 73.2702103 10.7670403 2.1326852
vn 0.9261101 -0.1502004 0.3460633
v 72.8604736 5.0023313 -3.1327190
vn 0.7733829 -0.3950815 0.4957717
v 72.6707306 -24.3325233 13.5599661
vn 0.0279439 -0.4446711 -0.8952579
v 73.7329483 -24.9076920 -4.3096795
vn 0.6494600 0.2613561 -0.7140692
v 74.6113586 -0.5849156 -11.4690008
vn 0.6508868 -0.7590941 0.0110729
v 72.2147217 -30.6334534 4.1515622
vn 0.0937156 -0.5059541 -0.8574543
v 72.7976074 -16.8516483 -5.9502168
vn 0.5105884 -0.4040754 0.7589616
v 72.9647827 -24.6117210 10.9335804
vn 0.7892013 0.4141372 0.4534885
v 74.4500504 -1.3930339 9.1888733
vn 0.7581314 -0.2680343 0.5944698
v 75.2235031 -27.4484539 4.4292021
vn 0.1578489 0.0998483 -0.9824022
v 73.8984299 -17.5157757 -6.4268475
vn 0.7238093 -0.2997668 0.6214821
v 74.9704514 -21.4984398 14.1956177
vn 0.7607849 -0.2733481 0.5886317
v 75.0850143 -22.2472572 11.4193554
vn 0.8590070 0.4965651 -0.1246202
v 75.1732330 2.7235107 -2.7768939
vn 0.9403600 0.3225479 0.1081020
v 77.4109344 -3.6653168 -0.3432080
vn 0.9526156 -0.2851404 0.1059175
v 75.8845444 -26.6333256 6.6588540
vn 0.5865524 -0.0987120 0.8038734
v 74.9042587 -25.7900486 10.2785654
vn 0.7579796 0.3636399 0.5415100
v 75.6919861 -5.9902678 10.5600386
vn 0.8965752 0.0982491 -0.4318566
v 76.6004333 -6.0776730 -9.4304523
vn 0.3644154 -0.6543096 -0.6626315
v 72.4318466 -14.7507858 -9.2214584
vn 0.8401465 -0.2668806 -0.4721533
v 76.6474533 -28.4973850 -1.2195462
vn 0.8426427 -0.0198211 0.5381082
v 75.3651733 -12.7253704 11.1278439
vn 0.6713413 -0.1255853 0.7304308
v 76.6317520 -9.7585106 11.6844549
vn 0.3916078 -0.1531836 -0.9072917
v 74.6041336 -16.1404781 -5.4614162
vn 0.9151607 -0.3575039 -0.1862042
v 76.1430664 -27.9147491 5.6720672
vn 0.8719267 0.3849778 0.3025491
v 75.9944916 -13.2473574 12.3399563
vn 0.8785734 0.1651521 0.4481447
v 75.4676208 -14.0007010 9.7600613
vn 0.8598889 -0.2846304 0.4237650
v 76.5104980 -27.3948803 3.9018776
vn 0.7352158 -0.1052862 -0.6696063
v 77.4115829 -15.4523916 -4.0860362
vn 0.8831438 -0.2821801 -0.3747417
v 76.4714127 -26.7089443 -0.7313910
vn 0.7460728 -0.2217768 0.6278459
v 76.6021881 -25.7624817 3.4767222
vn 0.8542134 -0.0589579 0.5165690
v 76.4047852 -14.0551338 8.8505707
vn 0.5787563 -0.3385693 0.7418975
v 76.6305618 -23.4788532 11.0149603
vn 0.9420652 -0.2941703 0.1611739
v 75.2737045 -25.7713985 4.2873755
vn 0.9926124 -0.0906416 0.0806520
v 79.6161880 -12.1333475 2.7496035
vn 0.9769793 0.1891674 -0.0986263
v 77.8101044 -15.5295191 2.8434505
vn 0.9520547 0.2019906 0.2297643
v 77.3157959 -14.6784554 6.4527097
vn 0.9405187 -0.2260204 0.2536521
v 77.8438492 -21.0510292 3.8170969
vn 0.9089946 -0.3516869 -0.2237078
v 78.3526459 -23.8235474 5.5494385
vn 0.7538901 -0.3934213 -0.5261840
v 78.2293930 -24.3872051 -1.8305651
vn 0.7519723 0.3685434 0.5465468
v 77.2706528 -15.2819996 9.6500473
vn 0.7967437 -0.3824669 -0.4678874
v 78.4692154 -13.2979994 -6.0727420
vn 0.8249028 -0.2861416 0.4875023
v 78.4096985 -23.5574455 3.8246772
vn 0.8964602 0.2649498 -0.3551912
v 78.3042374 -16.2321415 -3.9329047
vn 0.9791089 0.1250719 -0.1603210
v 78.4711990 -16.6264286 2.9161043
vn 0.9133667 0.3741175 -0.1606160
v 79.1276016 -16.3872719 3.9782972
vn 0.9450889 0.0123597 0.3265795
v 77.5901184 -10.3060942 9.1449728
# 2478 vertices, 0 vertices normals


usemtl material_0
vt 0.9557870 0.1795640
vt 0.9597320 0.1787900
vt 0.9578760 0.1808100
f 11/1/11 1/2/1 16/3/16
vt 0.4875040 0.2561100
vt 0.4877480 0.2522140
vt 0.4911650 0.2568480
f 1/4/1 8/5/8 2/6/2
vt 0.4788290 0.2572440
vt 0.4758560 0.2561660
vt 0.4792110 0.2526590
f 1/7/1 11/8/11 8/9/8
vt 0.9657600 0.1679560
vt 0.9674510 0.1726940
vt 0.9626620 0.1731830
f 2/10/2 7/11/7 1/12/1
vt 0.9735480 0.1887870
vt 0.9722950 0.1878170
vt 0.9745670 0.1876700
f 6/13/6 3/14/3 4/15/4
vt 0.9565640 0.4909420
vt 0.9546850 0.4957520
vt 0.9526350 0.4913890
f 4/16/4 15/17/15 12/18/12
vt 0.9545880 0.4883790
f 4/16/4 12/18/12 10/19/10
vt 0.9729660 0.1793840
vt 0.9723550 0.1778880
vt 0.9737950 0.1778240
f 4/20/4 7/21/7 15/22/15
vt 0.9732500 0.1865280
vt 0.9738590 0.1861370
vt 0.9749120 0.1868660
f 3/23/3 7/24/7 4/25/4
vt 0.4947780 0.2520960
vt 0.4906900 0.2490350
vt 0.4953290 0.2444870
f 2/26/2 8/27/8 21/28/21
vt 0.9639480 0.1777250
vt 0.9657620 0.1759470
vt 0.9658400 0.1779790
f 1/29/1 7/30/7 5/31/5
vt 0.9668220 0.1838540
vt 0.9665360 0.1820300
vt 0.9676420 0.1823990
f 3/32/3 5/33/5 7/34/7
vt 0.9632490 0.1804150
vt 0.9641810 0.1812270
vt 0.9633940 0.1814520
f 1/35/1 5/36/5 16/37/16
vt 0.9633900 0.1878850
vt 0.9617630 0.1865110
vt 0.9631190 0.1854990
f 3/38/3 16/39/16 5/40/5
vt 0.0739250 0.9157300
vt 0.0746710 0.9140520
vt 0.0755510 0.9150970
f 6/41/6 4/42/4 10/43/10
vt 0.9753390 0.1708210
vt 0.9733250 0.1710220
vt 0.9742650 0.1693250
f 15/44/15 7/45/7 28/46/28
vt 0.9700160 0.1698150
vt 0.9715620 0.1708940
vt 0.9696610 0.1731870
f 2/47/2 28/48/28 7/49/7
vt 0.8941620 0.8009860
vt 0.8948010 0.7991600
vt 0.8972060 0.8012260
f 3/50/3 9/51/9 16/52/16
vt 0.0825410 0.9098040
vt 0.0830150 0.9119360
vt 0.0799010 0.9115960
f 12/53/12 19/54/19 10/55/10
vt 0.8857280 0.7953150
vt 0.8850750 0.7916070
vt 0.8894380 0.7936130
f 3/56/3 6/57/6 9/58/9
vt 0.0786200 0.9203280
vt 0.0786220 0.9173950
vt 0.0798830 0.9210500
f 6/59/6 10/60/10 13/61/13
vt 0.0679460 0.9286380
vt 0.0637050 0.9321510
vt 0.0632510 0.9288720
f 6/62/6 14/63/14 9/64/9
vt 0.8526860 0.2418610
vt 0.8538860 0.2397990
vt 0.8544880 0.2421980
f 12/65/12 82/66/82 18/67/18
vt 0.8529150 0.2459260
vt 0.8533360 0.2469130
vt 0.8520300 0.2474470
f 12/68/12 18/69/18 19/70/19
vt 0.5170000 0.2601500
vt 0.5187950 0.2626860
vt 0.5146310 0.2642280
f 21/71/21 76/72/76 2/73/2
vt 0.5115850 0.2704300
vt 0.5148330 0.2725500
vt 0.5100350 0.2733240
f 2/74/2 40/75/40 28/76/28
vt 0.0698180 0.9342230
vt 0.0716740 0.9325860
vt 0.0711980 0.9344890
f 14/77/14 6/78/6 31/79/31
vt 0.0741110 0.9328400
f 6/78/6 13/80/13 31/79/31
vt 0.0816080 0.9201850
vt 0.0824260 0.9184630
vt 0.0844100 0.9198400
f 13/81/13 10/82/10 29/83/29
vt 0.5110680 0.2345160
vt 0.5097770 0.2298700
vt 0.5162470 0.2334050
f 21/84/21 8/85/8 35/86/35
vt 0.8496790 0.2552340
vt 0.8511430 0.2535630
vt 0.8516500 0.2577120
f 19/87/19 18/88/18 27/89/27
vt 0.8990740 0.7905420
vt 0.8996370 0.7887670
vt 0.8999530 0.7902680
f 9/90/9 25/91/25 16/92/16
vt 0.8880330 0.7868180
vt 0.8889580 0.7838270
vt 0.8898380 0.7847070
f 9/93/9 17/94/17 25/95/25
vt 0.8494940 0.2595450
vt 0.8502180 0.2596210
f 19/96/19 27/89/27 20/97/20
vt 0.7685040 0.7123230
vt 0.7667360 0.7130570
vt 0.7672840 0.7113270
f 11/98/11 16/99/16 23/100/23
vt 0.0857020 0.9156880
vt 0.0856930 0.9168190
vt 0.0851230 0.9160850
f 19/101/19 29/102/29 10/103/10
vt 0.7740200 0.7107890
vt 0.7739290 0.7096440
vt 0.7764620 0.7094490
f 11/104/11 23/105/23 37/106/37
vt 0.0891620 0.9167020
vt 0.0875650 0.9175900
vt 0.0885790 0.9164840
f 20/107/20 29/108/29 19/109/19
vt 0.7788670 0.7122520
vt 0.7772720 0.7110150
vt 0.7800660 0.7106670
f 11/110/11 37/111/37 36/112/36
vt 0.0644470 0.9366760
vt 0.0668660 0.9370190
vt 0.0638430 0.9388660
f 9/113/9 14/114/14 17/115/17
vt 0.7918550 0.7198870
vt 0.7907570 0.7154440
vt 0.7947730 0.7163660
f 8/116/8 11/117/11 36/118/36
vt 0.8493770 0.2681330
vt 0.8491190 0.2668410
vt 0.8503760 0.2670180
f 26/119/26 13/120/13 29/121/29
vt 0.9006330 0.7830770
vt 0.8979980 0.7833230
vt 0.9003330 0.7813590
f 22/122/22 25/123/25 32/124/32
vt 0.9062910 0.7880640
vt 0.9049950 0.7889080
vt 0.9063920 0.7869640
f 23/125/23 16/126/16 25/127/25
vt 0.8632150 0.2515960
vt 0.8652940 0.2512460
vt 0.8646150 0.2554820
f 27/128/27 81/129/81 20/130/20
vt 0.0695710 0.9379140
vt 0.0673710 0.9403490
f 14/114/14 31/131/31 17/132/17
vt 0.8935300 0.7831210
vt 0.8966030 0.7793820
f 25/123/25 17/133/17 32/134/32
vt 0.9423600 0.5171440
vt 0.9400980 0.5176770
vt 0.9402890 0.5143340
f 15/135/15 24/136/24 12/137/12
vt 0.9049850 0.7820900
vt 0.9061250 0.7821070
vt 0.9063720 0.7829640
f 22/138/22 23/139/23 25/140/25
vt 0.8194630 0.2215490
vt 0.8245630 0.2205790
vt 0.8225920 0.2234020
f 12/141/12 24/142/24 82/143/82
vt 0.0697790 0.9404420
vt 0.0680210 0.9419290
f 17/132/17 31/144/31 60/145/60
vt 0.0833810 0.9343600
vt 0.0815290 0.9347780
vt 0.0818340 0.9336340
f 26/146/26 31/147/31 13/148/13
vt 0.8548170 0.2633000
vt 0.8548770 0.2653440
vt 0.8542560 0.2645670
f 20/149/20 30/150/30 29/151/29
vt 0.8024110 0.9825350
vt 0.7989220 0.9810710
vt 0.8017540 0.9783900
f 8/152/8 33/153/33 35/154/35
vt 0.8525760 0.2666180
vt 0.8538960 0.2669290
vt 0.8524350 0.2691310
f 29/155/29 30/156/30 26/157/26
vt 0.6210580 0.9356790
vt 0.6250700 0.9328030
vt 0.6268920 0.9397580
f 8/158/8 36/159/36 33/160/33
vt 0.8538100 0.2697460
f 26/157/26 30/156/30 38/161/38
vt 0.0816630 0.9381230
vt 0.0805870 0.9396410
vt 0.0798650 0.9379770
f 26/162/26 42/163/42 31/164/31
vt 0.8634110 0.2402180
vt 0.8627950 0.2385990
vt 0.8652610 0.2384930
f 27/165/27 18/166/18 65/167/65
vt 0.8501230 0.2769480
vt 0.8523030 0.2805840
vt 0.8476460 0.2807950
f 38/168/38 42/169/42 26/170/26
vt 0.0795090 0.9410160
vt 0.0780520 0.9409210
vt 0.0784080 0.9398190
f 42/171/42 60/172/60 31/173/31
vt 0.8603360 0.2653150
vt 0.8610580 0.2657910
vt 0.8593770 0.2669170
f 20/174/20 71/175/71 30/176/30
vt 0.8648890 0.2374260
f 18/166/18 82/177/82 65/167/65
vt 0.0644890 0.9450890
vt 0.0663540 0.9438860
vt 0.0671730 0.9458520
f 32/178/32 17/179/17 60/180/60
vt 0.9410520 0.5210420
vt 0.9412100 0.5216320
vt 0.9399270 0.5220870
f 15/181/15 28/182/28 40/183/40
vt 0.9405180 0.5201210
vt 0.9382950 0.5210840
f 15/184/15 40/183/40 24/185/24
vt 0.8562770 0.2684450
vt 0.8569640 0.2688750
vt 0.8564120 0.2697440
f 30/186/30 66/187/66 38/188/38
vt 0.8008380 0.9748660
vt 0.7981910 0.9728960
vt 0.8001990 0.9707640
f 35/189/35 33/190/33 51/191/51
vt 0.8964850 0.7714740
vt 0.8961100 0.7671550
vt 0.9022810 0.7704460
f 32/192/32 34/193/34 22/194/22
vt 0.6298790 0.9343480
vt 0.6355190 0.9327650
vt 0.6364470 0.9360660
f 36/195/36 67/196/67 33/197/33
vt 0.7664100 0.7001030
vt 0.7667680 0.6997330
vt 0.7683740 0.7017180
f 22/198/22 59/199/59 23/200/23
vt 0.8612630 0.2667530
vt 0.8628380 0.2667480
vt 0.8617290 0.2683450
f 30/201/30 71/202/71 66/203/66
vt 0.0664690 0.9486620
vt 0.0650160 0.9475830
f 60/180/60 53/204/53 32/205/32
vt 0.7671990 0.6989750
vt 0.7687570 0.6993180
f 23/200/23 59/206/59 74/207/74
vt 0.8679540 0.2624180
vt 0.8717480 0.2656300
vt 0.8660340 0.2649240
f 20/208/20 81/209/81 71/210/71
vt 0.8700150 0.2430850
vt 0.8745920 0.2427770
vt 0.8731350 0.2475340
f 27/211/27 65/212/65 81/213/81
vt 0.6575680 0.2625000
vt 0.6587120 0.2589460
vt 0.6605880 0.2652150
f 49/214/49 41/215/41 39/216/39
vt 0.1572000 0.7582190
vt 0.1588320 0.7553190
vt 0.1597750 0.7569520
f 35/217/35 51/218/51 50/219/50
vt 0.6629580 0.2661890
vt 0.6627930 0.2618750
vt 0.6666520 0.2646980
f 39/220/39 41/221/41 43/222/43
vt 0.6519880 0.2737320
vt 0.6512480 0.2761590
vt 0.6496980 0.2728070
f 39/223/39 129/224/129 80/225/80
vt 0.7867120 0.9746670
vt 0.7830670 0.9729500
vt 0.7865590 0.9704290
f 33/226/33 67/227/67 52/228/52
vt 0.7727150 0.7013250
vt 0.7714650 0.7001550
vt 0.7723240 0.6991880
f 37/229/37 23/230/23 74/231/74
vt 0.6513220 0.2647880
vt 0.6480150 0.2680600
vt 0.6486550 0.2647610
f 39/232/39 80/233/80 58/234/58
vt 0.9071180 0.7730840
vt 0.9108760 0.7697840
vt 0.9101320 0.7726680
f 22/235/22 34/236/34 59/237/59
vt 0.6623410 0.2576610
vt 0.6618260 0.2573370
vt 0.6624440 0.2562020
f 41/238/41 45/239/45 55/240/55
vt 0.5243330 0.2751440
vt 0.5262880 0.2752190
vt 0.5247480 0.2772850
f 2/241/2 44/242/44 40/243/40
vt 0.9182330 0.0077730
vt 0.9198700 0.0104090
vt 0.9165560 0.0102160
f 41/244/41 46/245/46 43/246/43
vt 0.1738950 0.5376880
vt 0.1749730 0.5389030
vt 0.1734270 0.5394010
f 24/247/24 40/248/40 64/249/64
vt 0.6504750 0.2614510
f 39/232/39 58/234/58 49/250/49
vt 0.5253570 0.2713670
vt 0.5279370 0.2707130
vt 0.5280160 0.2734060
f 2/251/2 76/252/76 44/253/44
vt 0.7911020 0.9716390
vt 0.7910100 0.9695180
vt 0.7922260 0.9691370
f 33/254/33 52/255/52 51/256/51
vt 0.6559660 0.2579630
vt 0.6581990 0.2565370
vt 0.6587570 0.2577120
f 49/257/49 45/258/45 41/259/41
vt 0.0150650 0.2548160
vt 0.0147330 0.2539910
vt 0.0156340 0.2545670
f 49/260/49 51/261/51 47/262/47
vt 0.5363060 0.2374920
vt 0.5391150 0.2427730
vt 0.5329850 0.2424130
f 35/263/35 87/264/87 21/265/21
vt 0.0134350 0.2544410
vt 0.0135110 0.2540380
vt 0.0141580 0.2539750
f 49/266/49 48/267/48 51/268/51
vt 0.0130500 0.2548200
vt 0.0118310 0.2548390
vt 0.0117440 0.2539880
f 49/269/49 58/270/58 48/271/48
vt 0.8199540 0.2328570
vt 0.8203270 0.2341430
vt 0.8187320 0.2330070
f 82/272/82 113/273/113 65/274/65
vt 0.6575090 0.2762610
vt 0.6623870 0.2802110
vt 0.6568690 0.2819780
f 39/275/39 43/276/43 129/277/129
vt 0.8785480 0.2417370
vt 0.8770410 0.2477670
f 65/212/65 78/278/78 81/279/81
vt 0.6652650 0.2570820
vt 0.6649770 0.2551970
vt 0.6659280 0.2553100
f 41/280/41 55/281/55 77/282/77
vt 0.6663420 0.2576830
vt 0.6675660 0.2568740
f 41/283/41 77/282/77 46/284/46
vt 0.6584830 0.2557770
vt 0.6591310 0.2557480
f 45/258/45 49/285/49 52/286/52
vt 0.9141150 0.0121090
vt 0.9157640 0.0138990
vt 0.9139870 0.0152680
f 43/287/43 46/288/46 90/289/90
vt 0.7918730 0.9684070
vt 0.7928430 0.9680200
f 51/256/51 52/290/52 47/291/47
vt 0.8263740 0.2283740
vt 0.8310430 0.2277250
vt 0.8273760 0.2315410
f 82/292/82 24/293/24 109/294/109
vt 0.6573020 0.2558870
vt 0.6567440 0.2559610
vt 0.6574040 0.2552630
f 49/295/49 47/296/47 54/297/54
vt 0.6578460 0.2558340
vt 0.6578350 0.2552080
vt 0.6581520 0.2551650
f 49/298/49 54/299/54 52/300/52
vt 0.1731240 0.7627400
vt 0.1763500 0.7620460
vt 0.1756540 0.7643180
f 35/301/35 50/302/50 87/303/87
vt 0.7840820 0.9705870
vt 0.7817410 0.9703430
vt 0.7835910 0.9684970
f 52/304/52 67/305/67 56/306/56
vt 0.1585660 0.7534110
vt 0.1606050 0.7523280
vt 0.1599340 0.7535720
f 51/307/51 79/308/79 50/309/50
vt 0.0146390 0.2531650
vt 0.0139350 0.2527530
vt 0.0145060 0.2525680
f 51/310/51 48/311/48 61/312/61
vt 0.0060860 0.2365080
vt 0.0075510 0.2379540
vt 0.0061870 0.2385080
f 51/313/51 61/314/61 83/315/83
vt 0.3014300 0.1732720
vt 0.3009660 0.1728650
vt 0.3014800 0.1724980
f 47/316/47 52/317/52 61/318/61
vt 0.3020020 0.1730060
f 47/316/47 61/318/61 48/319/48
vt 0.6568820 0.2555480
vt 0.6571930 0.2546250
vt 0.6575810 0.2546660
f 47/320/47 48/321/48 54/322/54
vt 0.6262340 0.9167800
vt 0.6299230 0.9123050
vt 0.6316840 0.9171980
f 36/323/36 120/324/120 67/325/67
vt 0.3008810 0.1723780
f 52/317/52 54/326/54 61/318/61
vt 0.6449260 0.9329460
vt 0.6428790 0.9294040
vt 0.6464280 0.9305410
f 72/327/72 67/328/67 85/329/85
vt 0.1732520 0.7352610
vt 0.1700540 0.7377120
vt 0.1705450 0.7331400
f 63/330/63 58/331/58 57/332/57
vt 0.5264960 0.2767680
vt 0.5276270 0.2769100
vt 0.5273670 0.2785090
f 40/333/40 44/334/44 64/335/64
vt 0.7885750 0.9671540
vt 0.7879970 0.9677180
vt 0.7881790 0.9668950
f 52/336/52 56/337/56 45/338/45
vt 0.1680070 0.7343620
f 57/332/57 58/331/58 80/339/80
vt 0.2998630 0.1722020
vt 0.2995680 0.1716520
vt 0.3002660 0.1716080
f 54/340/54 56/341/56 61/342/61
vt 0.6659150 0.2545450
f 77/282/77 55/281/55 62/343/62
vt 0.6668780 0.2544680
f 77/282/77 62/343/62 70/344/70
vt 0.8498280 0.2905210
vt 0.8503120 0.2903970
vt 0.8501790 0.2911450
f 42/345/42 73/346/73 88/347/88
vt 0.6640240 0.2548030
vt 0.6637230 0.2540270
vt 0.6643920 0.2541020
f 55/348/55 56/349/56 62/350/62
vt 0.6619320 0.2547780
vt 0.6627120 0.2540850
vt 0.6625650 0.2547100
f 45/351/45 69/352/69 55/353/55
vt 0.6631830 0.2542510
f 55/353/55 69/352/69 56/354/56
vt 0.7825710 0.9684570
f 67/305/67 72/355/72 56/306/56
vt 0.6581550 0.2538360
vt 0.6578600 0.2539510
vt 0.6579240 0.2531180
f 56/356/56 54/357/54 45/358/45
vt 0.6575520 0.2540840
vt 0.6576840 0.2532910
f 54/357/54 48/359/48 45/360/45
vt 0.1579240 0.7526140
vt 0.1581450 0.7506480
vt 0.1606300 0.7503690
f 51/361/51 83/362/83 79/363/79
vt 0.1848980 0.7400330
vt 0.1871530 0.7405030
vt 0.1847760 0.7432010
f 57/364/57 94/365/94 63/366/63
vt 0.7834760 0.9680290
f 56/306/56 72/355/72 62/367/62
vt 0.8575510 0.2833990
vt 0.8605740 0.2882850
vt 0.8553950 0.2896080
f 42/368/42 38/369/38 73/370/73
vt 0.5130330 0.8529540
vt 0.5099360 0.8562600
vt 0.5105070 0.8526960
f 53/371/53 110/372/110 32/373/32
vt 0.0098610 0.2529950
vt 0.0075220 0.2514500
vt 0.0096780 0.2507200
f 58/374/58 84/375/84 48/376/48
vt 0.1632260 0.7553850
vt 0.1635230 0.7526930
vt 0.1652990 0.7528500
f 50/377/50 79/378/79 68/379/68
vt 0.2982520 0.1709040
vt 0.2973050 0.1706270
vt 0.2980230 0.1690850
f 56/380/56 69/381/69 83/382/83
vt 0.9399000 0.3574760
vt 0.9422690 0.3585100
vt 0.9413450 0.3588110
f 42/383/42 88/384/88 60/385/60
vt 0.9237470 0.0136600
vt 0.9243520 0.0134220
vt 0.9243170 0.0140650
f 77/386/77 70/387/70 72/388/72
vt 0.2992810 0.1708940
vt 0.2993060 0.1696760
f 56/389/56 83/382/83 61/390/61
vt 0.0137670 0.2504800
vt 0.0119730 0.2498490
vt 0.0151000 0.2505420
f 48/391/48 84/392/84 45/393/45
vt 0.7823710 0.9679260
vt 0.7825010 0.9672960
vt 0.7829860 0.9671710
f 72/394/72 69/395/69 62/396/62
vt 0.5288330 0.2773010
vt 0.5303760 0.2790440
f 64/335/64 44/397/44 108/398/108
vt 0.0702060 0.1272200
vt 0.0694860 0.1272230
vt 0.0699890 0.1264190
f 69/399/69 45/400/45 62/401/62
vt 0.1790340 0.2155890
vt 0.1782230 0.2159470
vt 0.1789350 0.2155040
f 70/402/70 69/403/69 72/404/72
vt 0.1754720 0.2178570
vt 0.1752260 0.2171050
vt 0.1761060 0.2177200
f 77/405/77 72/406/72 75/407/75
vt 0.0686100 0.1273230
vt 0.0683030 0.1246870
f 45/408/45 84/409/84 62/401/62
vt 0.1727470 0.7212910
vt 0.1757400 0.7184220
vt 0.1778590 0.7216220
f 80/410/80 118/411/118 57/412/57
vt 0.0033700 0.2531080
vt 0.0043720 0.2504800
vt 0.0051690 0.2523270
f 93/413/93 84/414/84 58/415/58
vt 0.0729910 0.1280000
vt 0.0742280 0.1293970
vt 0.0735850 0.1292860
f 69/416/69 86/417/86 83/418/83
vt 0.1783150 0.7599160
vt 0.1792940 0.7627790
f 50/302/50 68/419/68 87/420/87
vt 0.6465580 0.2837770
vt 0.6433510 0.2861020
vt 0.6428020 0.2834420
f 129/421/129 118/422/118 80/423/80
vt 0.1785090 0.2160970
vt 0.1781170 0.2168180
vt 0.1774150 0.2167570
f 69/424/69 70/425/70 75/426/75
vt 0.0734470 0.1256340
vt 0.0727850 0.1258370
vt 0.0734430 0.1244200
f 70/427/70 62/428/62 75/429/75
vt 0.1757960 0.2166410
vt 0.1761460 0.2161770
vt 0.1767620 0.2168230
f 72/430/72 85/431/85 75/432/75
vt 0.5319810 0.2720140
vt 0.5360990 0.2733700
vt 0.5318320 0.2748760
f 76/433/76 108/434/108 44/435/44
vt 0.7968660 0.6996840
vt 0.7996180 0.6960030
vt 0.8004720 0.6993550
f 37/436/37 133/437/133 36/438/36
vt 0.9423220 0.3689860
vt 0.9451400 0.3681810
vt 0.9441930 0.3688380
f 60/439/60 115/440/115 53/441/53
vt 0.1767390 0.2159700
vt 0.1777520 0.2157940
f 75/432/75 85/442/85 69/443/69
vt 0.5150420 0.2128640
vt 0.5163360 0.2130550
vt 0.5162200 0.2141000
f 71/444/71 100/445/100 66/446/66
vt 0.5188930 0.2189850
vt 0.5207830 0.2187120
vt 0.5221890 0.2203600
f 66/447/66 100/448/100 38/449/38
vt 0.0721840 0.1254690
vt 0.0712540 0.1241660
f 62/450/62 84/451/84 75/429/75
vt 0.9081370 0.0168840
vt 0.9065620 0.0191520
vt 0.9048080 0.0186060
f 43/452/43 90/453/90 149/454/149
vt 0.0658090 0.8793490
vt 0.0638620 0.8807210
vt 0.0644470 0.8795530
f 71/455/71 81/456/81 89/457/89
vt 0.9203200 0.0180740
vt 0.9203000 0.0206310
vt 0.9185470 0.0205450
f 46/458/46 75/459/75 90/460/90
vt 0.6523080 0.9353850
vt 0.6516330 0.9344900
vt 0.6529130 0.9347860
f 69/461/69 85/462/85 86/463/86
vt 0.9218080 0.0187320
vt 0.9210720 0.0183610
f 77/464/77 75/459/75 46/465/46
vt 0.1734060 0.7469690
vt 0.1755150 0.7476010
vt 0.1740270 0.7486310
f 58/466/58 63/467/63 93/468/93
vt 0.1713840 0.5457050
vt 0.1702420 0.5470230
vt 0.1708530 0.5446090
f 98/469/98 102/470/102 64/471/64
vt 0.0631650 0.8882890
vt 0.0611150 0.8876230
vt 0.0616770 0.8862110
f 78/472/78 92/473/92 81/474/81
vt 0.0074560 0.2432780
vt 0.0072160 0.2440760
vt 0.0052170 0.2442850
f 83/475/83 84/476/84 79/477/79
vt 0.8368460 0.2271260
vt 0.8401430 0.2299480
vt 0.8366500 0.2321000
f 24/478/24 102/479/102 109/480/109
vt 0.5161760 0.2113250
vt 0.5178830 0.2101960
vt 0.5169310 0.2123850
f 89/481/89 100/482/100 71/483/71
vt 0.1668010 0.7506690
vt 0.1656030 0.7497960
vt 0.1669080 0.7485850
f 68/484/68 79/485/79 93/486/93
vt 0.0035460 0.2466730
vt 0.0059050 0.2473410
vt 0.0040290 0.2475960
f 79/487/79 84/488/84 93/489/93
vt 0.5081710 0.8551470
vt 0.5073120 0.8578130
vt 0.5071030 0.8560660
f 32/490/32 110/491/110 34/492/34
vt 0.5237300 0.2185090
vt 0.5251320 0.2190810
vt 0.5231060 0.2201900
f 100/493/100 95/494/95 38/495/38
vt 0.9437060 0.3610440
vt 0.9469030 0.3627480
vt 0.9453260 0.3647470
f 88/496/88 115/497/115 60/498/60
vt 0.9023950 0.0168830
vt 0.9011540 0.0197830
vt 0.8997530 0.0193560
f 43/499/43 149/500/149 200/501/200
vt 0.7704380 0.6907840
vt 0.7711070 0.6899840
vt 0.7728370 0.6900240
f 59/502/59 125/503/125 74/504/74
vt 0.0625060 0.8791310
vt 0.0614390 0.8777700
vt 0.0629460 0.8775100
f 81/505/81 92/506/92 89/507/89
vt 0.6538860 0.9343640
vt 0.6545450 0.9344250
vt 0.6541890 0.9347260
f 86/508/86 75/509/75 83/510/83
vt 0.1654340 0.5478640
vt 0.1688610 0.5476380
vt 0.1675550 0.5495040
f 24/511/24 64/512/64 102/513/102
vt 0.8242410 0.2396460
vt 0.8255460 0.2399660
vt 0.8236890 0.2410820
f 82/514/82 109/515/109 113/516/113
vt 0.5426380 0.2516270
vt 0.5432640 0.2492310
vt 0.5455840 0.2515990
f 21/517/21 87/518/87 76/519/76
vt 0.8140060 0.2387280
vt 0.8158510 0.2411860
vt 0.8107940 0.2401510
f 65/520/65 113/521/113 78/522/78
vt 0.6553690 0.9362060
vt 0.6551950 0.9354860
vt 0.6560160 0.9357440
f 83/523/83 75/524/75 84/525/84
vt 0.6234590 0.9060760
vt 0.6230330 0.9007930
vt 0.6253560 0.9017790
f 36/526/36 133/527/133 120/528/120
vt 0.1826920 0.7511120
vt 0.1854780 0.7520960
vt 0.1830920 0.7529890
f 63/529/63 111/530/111 112/531/112
vt 0.1811250 0.7517000
vt 0.1815660 0.7524610
f 93/532/93 63/529/63 112/533/112
vt 0.1776290 0.7561670
vt 0.1789840 0.7548280
vt 0.1790910 0.7568530
f 68/534/68 93/535/93 91/536/91
vt 0.9520780 0.3401120
vt 0.9546700 0.3382450
vt 0.9526520 0.3410750
f 38/537/38 95/538/95 73/539/73
vt 0.5287300 0.2849100
vt 0.5312640 0.2852550
vt 0.5288130 0.2863280
f 64/540/64 108/541/108 98/542/98
vt 0.9464530 0.3601920
vt 0.9478950 0.3587080
f 115/497/115 88/543/88 97/544/97
vt 0.1827710 0.7628340
vt 0.1815780 0.7604240
vt 0.1824470 0.7607320
f 87/545/87 68/546/68 91/547/91
vt 0.9191090 0.0224160
vt 0.9203060 0.0229160
vt 0.9185610 0.0234940
f 90/548/90 75/549/75 105/550/105
vt 0.6430770 0.9202680
vt 0.6444030 0.9150580
vt 0.6464290 0.9181040
f 67/551/67 120/552/120 85/553/85
vt 0.9465900 0.3708220
vt 0.9486540 0.3682880
vt 0.9515650 0.3704910
f 53/554/53 115/555/115 126/556/126
vt 0.5208200 0.8485520
vt 0.5169090 0.8501470
vt 0.5182990 0.8476760
f 87/557/87 91/558/91 153/559/153
vt 0.7839900 0.6902610
vt 0.7836360 0.6885380
vt 0.7872040 0.6877340
f 37/560/37 127/561/127 133/562/133
vt 0.1890760 0.7500540
vt 0.1905960 0.7485130
vt 0.1893560 0.7510990
f 63/563/63 94/564/94 111/565/111
vt 0.1804310 0.7546240
vt 0.1814870 0.7547210
f 91/536/91 93/566/93 112/567/112
vt 0.0621660 0.8729460
vt 0.0578230 0.8717790
vt 0.0608770 0.8699400
f 92/568/92 138/569/138 89/570/89
vt 0.6544450 0.9300080
vt 0.6550370 0.9291430
vt 0.6551970 0.9302020
f 86/571/86 105/572/105 75/573/75
vt 0.9537910 0.3430190
vt 0.9557410 0.3419410
vt 0.9556260 0.3431190
f 73/574/73 95/575/95 96/576/96
vt 0.9498990 0.3531650
vt 0.9544200 0.3525840
vt 0.9511210 0.3544550
f 88/577/88 73/578/73 97/579/97
vt 0.7780170 0.6903210
vt 0.7764410 0.6873030
vt 0.7789200 0.6862780
f 37/580/37 74/581/74 127/582/127
vt 0.0595140 0.9068520
vt 0.0562740 0.9062620
vt 0.0582560 0.9020910
f 113/583/113 135/584/135 78/585/78
vt 0.6473900 0.9165190
f 85/553/85 120/552/120 99/586/99
vt 0.1705020 0.5516690
vt 0.1704490 0.5520800
vt 0.1698870 0.5516750
f 98/587/98 116/588/116 102/589/102
vt 0.9684450 0.1349140
vt 0.9668320 0.1353740
vt 0.9660680 0.1345670
f 95/590/95 139/591/139 96/592/96
vt 0.8374270 0.2553110
vt 0.8384330 0.2532880
vt 0.8399570 0.2556970
f 101/593/101 109/594/109 106/595/106
vt 0.5479310 0.2471060
vt 0.5497490 0.2471400
vt 0.5493950 0.2491770
f 87/596/87 153/597/153 76/598/76
vt 0.5095600 0.8621350
vt 0.5114290 0.8621860
vt 0.5100140 0.8634730
f 110/599/110 53/600/53 126/601/126
vt 0.0551220 0.8870340
vt 0.0530200 0.8866790
vt 0.0550150 0.8821760
f 78/602/78 122/603/122 92/604/92
vt 0.9135290 0.0272740
vt 0.9128520 0.0290210
vt 0.9099440 0.0270650
f 90/605/90 114/606/114 149/607/149
vt 0.5310970 0.2887750
vt 0.5331520 0.2851140
vt 0.5333520 0.2886780
f 98/608/98 108/609/108 154/610/154
vt 0.6484490 0.9199120
vt 0.6483720 0.9191460
vt 0.6502930 0.9193770
f 85/611/85 99/612/99 86/613/86
vt 0.5046040 0.8585950
vt 0.5026300 0.8605960
vt 0.5017290 0.8591710
f 34/614/34 110/615/110 147/616/147
vt 0.1724440 0.5528640
vt 0.1724620 0.5520700
vt 0.1734330 0.5538590
f 116/617/116 98/618/98 154/619/154
vt 0.8348790 0.2540280
vt 0.8358510 0.2562380
vt 0.8350480 0.2560240
f 109/620/109 101/621/101 130/622/130
vt 0.1607310 0.3511470
vt 0.1623230 0.3494410
vt 0.1628160 0.3519180
f 116/623/116 117/624/117 102/625/102
vt 0.8363230 0.2582800
vt 0.8350700 0.2579850
vt 0.8360490 0.2575440
f 103/626/103 130/627/130 101/628/101
vt 0.9084960 0.0304540
f 149/607/149 114/606/114 173/629/173
vt 0.1653900 0.2774140
vt 0.1632200 0.2780850
vt 0.1643880 0.2756310
f 43/630/43 200/631/200 104/632/104
vt 0.1515840 0.3355610
vt 0.1504820 0.3344180
vt 0.1532090 0.3353390
f 116/633/116 123/634/123 117/635/117
vt 0.9546130 0.3466060
vt 0.9565610 0.3467460
vt 0.9554480 0.3490280
f 73/636/73 96/637/96 140/638/140
vt 0.7744230 0.6859120
vt 0.7759030 0.6840980
f 125/639/125 127/640/127 74/581/74
vt 0.1663290 0.3458430
vt 0.1614460 0.3449120
vt 0.1646200 0.3410910
f 102/641/102 117/642/117 109/643/109
vt 0.1661190 0.3372800
vt 0.1615950 0.3380490
f 106/644/106 109/643/109 117/645/117
vt 0.6553090 0.3123250
vt 0.6626580 0.3136890
vt 0.6555100 0.3169680
f 129/646/129 43/647/43 104/648/104
vt 0.8301570 0.2485780
vt 0.8299630 0.2507290
vt 0.8277060 0.2471020
f 109/649/109 130/650/130 113/651/113
vt 0.9699090 0.1377670
vt 0.9696890 0.1411720
vt 0.9669590 0.1405510
f 95/652/95 100/653/100 139/654/139
vt 0.9519840 0.3608470
vt 0.9561730 0.3583960
vt 0.9555450 0.3612580
f 97/655/97 141/656/141 115/657/115
vt 0.0590630 0.8685000
vt 0.0595060 0.8658280
vt 0.0603580 0.8670500
f 138/658/138 107/659/107 89/660/89
vt 0.5647750 0.1495750
vt 0.5657860 0.1500470
vt 0.5648730 0.1511100
f 101/661/101 106/662/106 119/663/119
vt 0.4938730 0.8514340
vt 0.4888760 0.8536920
vt 0.4891650 0.8492800
f 34/664/34 136/665/136 59/666/59
vt 0.9542500 0.3540860
vt 0.9538600 0.3543680
f 73/578/73 140/667/140 97/668/97
vt 0.5384680 0.2771910
vt 0.5424230 0.2746940
vt 0.5408310 0.2779820
f 108/669/108 76/670/76 134/671/134
vt 0.1951430 0.7472350
vt 0.1978420 0.7489520
vt 0.1933320 0.7519350
f 94/672/94 190/673/190 111/674/111
vt 0.6549590 0.9218930
vt 0.6553800 0.9216640
vt 0.6550520 0.9224420
f 86/675/86 114/676/114 105/677/105
vt 0.5702310 0.1558460
vt 0.5718480 0.1602250
vt 0.5667270 0.1602770
f 106/678/106 117/679/117 151/680/151
vt 0.8248440 0.2466730
vt 0.8262860 0.2509650
vt 0.8232920 0.2489290
f 113/681/113 130/682/130 135/683/135
vt 0.9545210 0.3572940
vt 0.9561010 0.3555940
f 97/684/97 140/685/140 141/656/141
vt 0.1464230 0.3283040
vt 0.1449460 0.3264040
vt 0.1472250 0.3256860
f 123/686/123 121/687/121 124/688/124
vt 0.1492350 0.3268970
vt 0.1509040 0.3277880
f 123/686/123 124/689/124 117/690/117
vt 0.5656270 0.1559110
vt 0.5620370 0.1586490
f 106/691/106 151/680/151 119/692/119
vt 0.9713030 0.1486140
vt 0.9710150 0.1508100
vt 0.9694310 0.1490710
f 89/693/89 107/694/107 100/695/100
vt 0.8331970 0.2609160
vt 0.8313290 0.2615970
vt 0.8309960 0.2596270
f 103/696/103 144/697/144 130/698/130
vt 0.5135480 0.8478160
vt 0.5127470 0.8480350
vt 0.5118300 0.8470140
f 153/699/153 91/700/91 157/701/157
vt 0.3279880 0.5514020
vt 0.3269060 0.5523300
vt 0.3268350 0.5515250
f 59/702/59 136/703/136 125/704/125
vt 0.5703240 0.1648820
vt 0.5665820 0.1640970
f 151/680/151 117/705/117 124/706/124
vt 0.4931560 0.8557260
vt 0.4911770 0.8579470
vt 0.4891110 0.8557910
f 34/707/34 147/708/147 136/709/136
vt 0.1016940 0.5394160
vt 0.1007990 0.5382650
vt 0.1015710 0.5378660
f 124/710/124 121/711/121 132/712/132
vt 0.6535610 0.9175320
vt 0.6531120 0.9153410
vt 0.6542250 0.9163790
f 86/713/86 99/714/99 114/715/114
vt 0.5241490 0.8319530
vt 0.5214270 0.8323740
vt 0.5208170 0.8298690
f 76/716/76 153/717/153 211/718/211
vt 0.1897320 0.7630730
vt 0.1902390 0.7633010
vt 0.1903250 0.7639790
f 91/719/91 128/720/128 157/721/157
vt 0.8562550 0.3806440
vt 0.8549470 0.3851000
vt 0.8528950 0.3819780
f 92/722/92 122/723/122 138/724/138
vt 0.1892210 0.7604900
vt 0.1902410 0.7584180
vt 0.1905030 0.7609420
f 91/725/91 112/726/112 128/727/128
vt 0.9848120 0.7887760
vt 0.9799530 0.7891390
vt 0.9839050 0.7864650
f 116/728/116 154/729/154 123/730/123
vt 0.9831780 0.7821490
vt 0.9824310 0.7814050
vt 0.9830600 0.7814620
f 123/731/123 131/732/131 121/733/121
vt 0.9808460 0.7840710
f 123/730/123 154/729/154 131/734/131
vt 0.9830690 0.7797950
vt 0.9823340 0.7801310
vt 0.9824010 0.7795120
f 132/735/132 121/736/121 131/737/131
vt 0.8305320 0.2647600
vt 0.8295170 0.2662210
vt 0.8290460 0.2645540
f 103/738/103 137/739/137 144/740/144
vt 0.9646970 0.1424410
vt 0.9661960 0.1441830
vt 0.9627690 0.1449370
f 139/741/139 100/742/100 155/743/155
vt 0.8599270 0.4162830
vt 0.8563930 0.4160460
vt 0.8577280 0.4126620
f 130/744/130 144/745/144 135/746/135
vt 0.2098500 0.1593610
vt 0.2139470 0.1593830
vt 0.2114840 0.1624180
f 57/747/57 184/748/184 94/749/94
vt 0.1918820 0.7592170
vt 0.1924630 0.7598430
f 112/750/112 192/751/192 128/727/128
vt 0.7412880 0.9795540
vt 0.7421960 0.9780060
vt 0.7436420 0.9808170
f 101/752/101 119/753/119 103/754/103
vt 0.6603480 0.9184590
vt 0.6596030 0.9179050
vt 0.6602310 0.9162970
f 90/755/90 105/756/105 114/757/114
vt 0.4817340 0.8831710
vt 0.4818230 0.8824470
vt 0.4827320 0.8829050
f 119/758/119 151/759/151 146/760/146
vt 0.9606980 0.3473240
vt 0.9633320 0.3492680
vt 0.9617510 0.3489840
f 96/761/96 166/762/166 140/763/140
vt 0.3245520 0.5544060
vt 0.3255190 0.5544850
vt 0.3241120 0.5555680
f 125/764/125 136/765/136 143/766/143
vt 0.5386760 0.2910580
vt 0.5409980 0.2883660
vt 0.5427140 0.2922470
f 154/767/154 108/768/108 186/769/186
vt 0.7438960 0.9785540
f 119/753/119 142/770/142 103/754/103
vt 0.5038080 0.8681280
vt 0.5054370 0.8690280
vt 0.5034110 0.8695740
f 110/771/110 126/772/126 147/773/147
vt 0.1927860 0.7575210
vt 0.1935440 0.7583970
vt 0.1931620 0.7587300
f 111/774/111 192/775/192 112/776/112
vt 0.2249310 0.1406710
vt 0.2284600 0.1393340
vt 0.2274240 0.1445020
f 57/777/57 118/778/118 184/779/184
vt 0.8479820 0.4215120
vt 0.8476230 0.4210560
vt 0.8480460 0.4209040
f 137/780/137 152/781/152 144/782/144
vt 0.7755570 0.6798370
vt 0.7739930 0.6789430
vt 0.7758620 0.6777130
f 127/783/127 125/784/125 143/785/143
vt 0.0231710 0.4702340
vt 0.0192030 0.4688280
vt 0.0227430 0.4674590
f 165/786/165 166/787/166 96/788/96
vt 0.6541620 0.9120940
vt 0.6548750 0.9123090
vt 0.6549360 0.9132030
f 99/789/99 194/790/194 114/791/114
vt 0.9577280 0.1299440
vt 0.9575430 0.1348090
vt 0.9554640 0.1318470
f 165/792/165 96/793/96 139/794/139
vt 0.4829750 0.8548850
vt 0.4820610 0.8588210
vt 0.4799770 0.8557920
f 136/795/136 147/796/147 143/797/143
vt 0.9579450 0.3706240
vt 0.9620980 0.3688360
vt 0.9624520 0.3708300
f 115/798/115 141/799/141 163/800/163
vt 0.9595440 0.3732630
f 115/798/115 163/800/163 126/801/126
vt 0.5417370 0.2839820
vt 0.5443260 0.2850360
vt 0.5432620 0.2856420
f 108/802/108 134/803/134 186/804/186
vt 0.1100160 0.5309510
vt 0.1061740 0.5307800
vt 0.1071420 0.5266350
f 124/805/124 132/806/132 146/807/146
vt 0.4791390 0.8754410
vt 0.4824720 0.8748280
vt 0.4840460 0.8771450
f 124/808/124 146/809/146 151/810/151
vt 0.9685070 0.1638150
vt 0.9653240 0.1628910
vt 0.9661870 0.1611660
f 138/811/138 145/812/145 107/813/107
vt 0.1933350 0.7640710
vt 0.1926740 0.7625970
vt 0.1942650 0.7627330
f 156/814/156 128/815/128 192/816/192
vt 0.8498320 0.4272210
vt 0.8490750 0.4283210
vt 0.8492490 0.4269960
f 103/817/103 142/818/142 137/819/137
vt 0.5002890 0.5792070
vt 0.5003830 0.5798180
vt 0.4997870 0.5796520
f 152/820/152 137/821/137 150/822/150
vt 0.7917270 0.6804040
vt 0.7895320 0.6782530
vt 0.7922270 0.6775700
f 133/823/133 127/824/127 160/825/160
vt 0.7441050 0.9744480
vt 0.7465400 0.9736710
vt 0.7479860 0.9764490
f 119/826/119 146/827/146 142/828/142
vt 0.9648740 0.1504550
vt 0.9636990 0.1503200
vt 0.9640720 0.1499690
f 107/829/107 155/830/155 100/831/100
vt 0.5085310 0.8439650
vt 0.5077910 0.8443510
vt 0.5073270 0.8423130
f 157/832/157 128/833/128 156/834/156
vt 0.4798140 0.8616050
vt 0.4781360 0.8579490
f 147/796/147 132/835/132 143/836/143
vt 0.8533670 0.3958850
vt 0.8496080 0.3955570
vt 0.8529090 0.3915870
f 78/837/78 175/838/175 122/839/122
vt 0.1565620 0.2664100
vt 0.1542260 0.2693960
vt 0.1540900 0.2668150
f 104/840/104 200/841/200 162/842/162
vt 0.9786020 0.7800660
vt 0.9747970 0.7864010
vt 0.9738080 0.7830320
f 131/843/131 154/844/154 183/845/183
vt 0.4999070 0.5834230
vt 0.5009880 0.5842420
vt 0.4996230 0.5848250
f 150/846/150 137/847/137 142/848/142
vt 0.9599060 0.1450620
vt 0.9599120 0.1465830
vt 0.9567670 0.1450170
f 139/849/139 155/850/155 148/851/148
vt 0.8501160 0.3985510
f 78/837/78 135/852/135 175/838/175
vt 0.9645190 0.1557640
vt 0.9630940 0.1559230
vt 0.9629820 0.1536550
f 107/853/107 145/854/145 155/855/155
vt 0.3195410 0.5667450
vt 0.3207940 0.5662120
vt 0.3210280 0.5684420
f 131/856/131 143/857/143 132/858/132
vt 0.9762440 0.7717320
vt 0.9757730 0.7733190
vt 0.9736070 0.7718320
f 143/859/143 131/860/131 183/861/183
vt 0.5047210 0.8721700
vt 0.5027920 0.8735050
vt 0.5023290 0.8726890
f 126/862/126 170/863/170 147/864/147
vt 0.4874550 0.8665130
vt 0.4875830 0.8696410
vt 0.4846540 0.8690620
f 147/865/147 146/866/146 132/867/132
vt 0.8083390 0.6850060
vt 0.8068450 0.6791160
vt 0.8099850 0.6794020
f 120/868/120 133/869/133 167/870/167
vt 0.8951720 0.0337850
vt 0.8900490 0.0360530
vt 0.8906900 0.0318070
f 149/871/149 226/872/226 200/873/200
vt 0.1977220 0.7604070
vt 0.2008450 0.7585470
vt 0.1987480 0.7614790
f 111/874/111 190/875/190 213/876/213
vt 0.2452510 0.1255100
vt 0.2492080 0.1247230
vt 0.2489620 0.1281460
f 118/877/118 129/878/129 180/879/180
vt 0.3771300 0.7447250
vt 0.3760240 0.7415160
vt 0.3786550 0.7432740
f 104/880/104 171/881/171 129/882/129
vt 0.8029380 0.6793860
vt 0.8024710 0.6776140
vt 0.8045090 0.6772760
f 133/883/133 160/884/160 167/885/167
vt 0.2097050 0.1667540
vt 0.2129530 0.1729150
vt 0.2089580 0.1723720
f 94/886/94 168/887/168 190/888/190
vt 0.1978290 0.7611550
vt 0.1986370 0.7621660
f 111/889/111 213/876/213 192/890/192
vt 0.5007110 0.5709160
vt 0.5005950 0.5687160
vt 0.5022600 0.5688820
f 152/891/152 174/892/174 144/893/144
vt 0.7501150 0.9905610
vt 0.7494870 0.9895710
vt 0.7503560 0.9895640
f 150/894/150 142/895/142 158/896/158
vt 0.4962230 0.5768530
vt 0.4953000 0.5742810
vt 0.4964920 0.5750650
f 150/897/150 164/898/164 152/899/152
vt 0.5001640 0.8744680
vt 0.4998010 0.8772080
vt 0.4977340 0.8761450
f 147/900/147 170/901/170 146/902/146
vt 0.5480330 0.2834640
vt 0.5501670 0.2826270
vt 0.5492980 0.2848880
f 134/903/134 159/904/159 186/905/186
vt 0.4736170 0.9376330
vt 0.4757780 0.9347030
vt 0.4763310 0.9378740
f 139/906/139 148/907/148 189/908/189
vt 0.5239270 0.8143860
vt 0.5192270 0.8163750
vt 0.5222800 0.8117350
f 76/909/76 211/910/211 134/911/134
vt 0.8458330 0.4140410
vt 0.8446450 0.4132410
vt 0.8453980 0.4123370
f 144/912/144 174/913/174 175/914/175
vt 0.8794550 0.3646360
vt 0.8790700 0.3634040
vt 0.8801450 0.3628030
f 150/915/150 158/916/158 161/917/161
vt 0.0124230 0.4779840
vt 0.0094660 0.4757170
vt 0.0117980 0.4760290
f 139/918/139 189/919/189 165/920/165
vt 0.9110510 0.0415810
vt 0.9082990 0.0438100
vt 0.9064920 0.0397660
f 114/921/114 191/922/191 173/923/173
vt 0.3856180 0.7454070
vt 0.3864450 0.7411650
vt 0.3889850 0.7457900
f 129/924/129 171/925/171 180/926/180
vt 0.8494030 0.4023530
vt 0.8480540 0.4045570
vt 0.8474580 0.4003360
f 135/927/135 144/928/144 175/929/175
vt 0.9160660 0.0440500
vt 0.9170400 0.0452170
vt 0.9151200 0.0462920
f 114/930/114 194/931/194 191/932/191
vt 0.5053530 0.8397980
vt 0.5044720 0.8392980
vt 0.5049310 0.8387880
f 156/933/156 182/934/182 157/935/157
vt 0.5123930 0.8787600
vt 0.5126970 0.8831620
vt 0.5094660 0.8835750
f 126/936/126 163/937/163 170/938/170
vt 0.5089520 0.8347900
vt 0.5064270 0.8383360
vt 0.5073800 0.8327940
f 153/939/153 157/940/157 233/941/233
vt 0.0138980 0.4564660
vt 0.0119770 0.4570280
vt 0.0127420 0.4551580
f 140/942/140 177/943/177 141/944/141
vt 0.8470670 0.3856040
vt 0.8445270 0.3853090
vt 0.8448290 0.3841820
f 122/945/122 181/946/181 138/947/138
vt 0.6573140 0.9057840
vt 0.6562020 0.9036090
vt 0.6578090 0.9046820
f 194/948/194 99/949/99 206/950/206
vt 0.5054100 0.8364040
f 157/940/157 182/951/182 233/941/233
vt 0.2260440 0.1626010
vt 0.2266990 0.1653020
vt 0.2246070 0.1649420
f 184/952/184 188/953/188 94/954/94
vt 0.7939740 0.6733890
vt 0.7926480 0.6731370
vt 0.7943970 0.6726700
f 160/955/160 209/956/209 185/957/185
vt 0.6508450 0.9023100
vt 0.6525410 0.8994680
vt 0.6535520 0.9017460
f 120/958/120 199/959/199 99/960/99
vt 0.7524810 0.9730950
vt 0.7550350 0.9733690
vt 0.7534130 0.9773020
f 146/961/146 202/962/202 142/963/142
vt 0.2434090 0.1412870
vt 0.2485350 0.1406970
vt 0.2487460 0.1450430
f 118/964/118 180/965/180 184/966/184
vt 0.4764340 0.9343710
vt 0.4782580 0.9320980
vt 0.4768170 0.9351410
f 148/967/148 179/968/179 189/969/189
vt 0.9591970 0.1528220
vt 0.9587040 0.1540660
vt 0.9584310 0.1530680
f 155/970/155 145/971/145 164/972/164
vt 0.8624900 0.4135780
vt 0.8623750 0.4118250
vt 0.8627780 0.4127590
f 160/973/160 127/974/127 172/975/172
vt 0.5781370 0.9693940
vt 0.5791000 0.9675580
vt 0.5799880 0.9709050
f 167/976/167 160/977/160 178/978/178
vt 0.3129140 0.5510930
vt 0.3129480 0.5541680
vt 0.3110450 0.5516810
f 127/979/127 143/980/143 172/981/172
vt 0.8634370 0.4052070
vt 0.8648070 0.4054860
vt 0.8637970 0.4081480
f 143/982/143 183/983/183 172/984/172
vt 0.4912790 0.9141270
vt 0.4900590 0.9135050
vt 0.4922130 0.9125700
f 152/985/152 164/986/164 174/987/174
vt 0.0127750 0.4619350
vt 0.0103690 0.4623600
vt 0.0118980 0.4591980
f 140/988/140 166/989/166 177/990/177
vt 0.4970870 0.8801030
vt 0.5015810 0.8842820
vt 0.4964330 0.8850060
f 146/991/146 170/992/170 202/993/202
vt 0.8671710 0.3636690
vt 0.8673570 0.3660060
vt 0.8661650 0.3635820
f 158/994/158 142/995/142 202/996/202
vt 0.4793370 0.9252520
vt 0.4806400 0.9258450
vt 0.4793860 0.9266510
f 155/997/155 179/998/179 148/999/148
vt 0.5100400 0.8303600
vt 0.5078340 0.8320980
vt 0.5068470 0.8306800
f 211/1000/211 153/1001/153 233/1002/233
vt 0.4913210 0.5851080
vt 0.4859100 0.5824930
vt 0.4901140 0.5811410
f 161/1003/161 197/1004/197 150/1005/150
vt 0.0094150 0.4743440
vt 0.0083950 0.4734970
vt 0.0095090 0.4704460
f 165/1006/165 189/1007/189 166/1008/166
vt 0.8999020 0.0385990
vt 0.8943770 0.0429390
vt 0.8944650 0.0388000
f 149/1009/149 173/1010/173 226/1011/226
vt 0.6547260 0.9009520
vt 0.6541180 0.8990530
vt 0.6551880 0.9001360
f 99/1012/99 199/1013/199 206/1014/206
vt 0.4800730 0.9240690
vt 0.4817890 0.9226720
f 155/1015/155 164/1016/164 179/998/179
vt 0.8706240 0.3614640
vt 0.8692570 0.3605390
vt 0.8704820 0.3601450
f 158/1017/158 169/1018/169 161/1019/161
vt 0.3597410 0.7843320
vt 0.3548760 0.7868220
vt 0.3555020 0.7814110
f 104/1020/104 162/1021/162 193/1022/193
vt 0.5842010 0.9691240
vt 0.5859670 0.9649240
vt 0.5876400 0.9686330
f 160/1023/160 185/1024/185 178/1025/178
vt 0.8448810 0.3917310
vt 0.8434200 0.3923450
vt 0.8425230 0.3911740
f 122/1026/122 175/1027/175 181/1028/181
vt 0.4762740 0.9025700
vt 0.4762040 0.8996810
vt 0.4787340 0.9013860
f 145/1029/145 138/1030/138 187/1031/187
vt 0.8676580 0.3618370
vt 0.8666370 0.3615560
vt 0.8678480 0.3613150
f 158/1032/158 202/1033/202 169/1034/169
vt 0.8624500 0.3800210
vt 0.8656950 0.3743970
vt 0.8659270 0.3802670
f 154/1035/154 215/1036/215 183/1037/183
vt 0.4787940 0.8994800
f 138/1030/138 181/1038/181 187/1031/187
vt 0.3983030 0.7465640
vt 0.3981680 0.7407040
vt 0.4018610 0.7452900
f 180/1039/180 218/1040/218 184/1041/184
vt 0.8644830 0.4128040
vt 0.8659510 0.4142380
vt 0.8638980 0.4152480
f 172/1042/172 209/1043/209 160/1044/160
vt 0.4867570 0.5764430
f 150/1005/150 197/1004/197 164/1045/164
vt 0.8717840 0.3594720
vt 0.8702910 0.3587570
vt 0.8721320 0.3578400
f 161/1046/161 169/1047/169 176/1048/176
vt 0.2324520 0.9704330
vt 0.2314080 0.9663980
vt 0.2331990 0.9672180
f 120/1049/120 167/1050/167 199/1051/199
vt 0.3791220 0.7797770
vt 0.3758190 0.7806390
vt 0.3790560 0.7751480
f 171/1052/171 104/1053/104 195/1054/195
vt 0.4796940 0.9137540
vt 0.4811130 0.9130990
vt 0.4809530 0.9150450
f 145/1055/145 187/1056/187 164/1057/164
vt 0.4863500 0.9148750
vt 0.4856410 0.9127410
vt 0.4869530 0.9142120
f 164/1058/164 187/1059/187 174/1060/174
vt 0.4819720 0.9338330
vt 0.4846960 0.9334430
vt 0.4827910 0.9375130
f 179/1061/179 201/1062/201 189/1063/189
vt 0.5488140 0.3111360
vt 0.5518500 0.3102650
vt 0.5522250 0.3161110
f 154/1064/154 196/1065/196 215/1066/215
vt 0.3659850 0.7790420
vt 0.3631420 0.7801750
vt 0.3643820 0.7775380
f 195/1067/195 104/1068/104 193/1069/193
vt 0.8708120 0.3554270
vt 0.8727320 0.3572990
f 169/1047/169 203/1070/203 176/1071/176
vt 0.2262020 0.1701360
vt 0.2315270 0.1725590
vt 0.2245040 0.1733590
f 94/1072/94 188/1073/188 168/1074/168
vt 0.4815100 0.8994150
vt 0.4832670 0.9035680
vt 0.4801990 0.9023730
f 181/1075/181 175/1076/175 187/1077/187
vt 0.7438280 0.8526810
vt 0.7438230 0.8555590
vt 0.7414010 0.8562470
f 172/1078/172 183/1079/183 212/1080/212
vt 0.5171890 0.8068740
vt 0.5146530 0.8062140
vt 0.5168760 0.8048140
f 134/1081/134 211/1082/211 159/1083/159
vt 0.2479370 0.1581500
vt 0.2499650 0.1563500
vt 0.2519930 0.1585240
f 184/1084/184 218/1085/218 188/1086/188
vt 0.8820420 0.3334420
vt 0.8807460 0.3350460
vt 0.8799930 0.3343610
f 177/1087/177 166/1088/166 210/1089/210
vt 0.8811110 0.3226420
vt 0.8788450 0.3227280
vt 0.8769520 0.3205200
f 177/1090/177 216/1091/216 141/1092/141
vt 0.9039760 0.0483560
vt 0.9046120 0.0493270
vt 0.9031110 0.0498080
f 173/1093/173 191/1094/191 204/1095/204
vt 0.4856540 0.9287520
vt 0.4872940 0.9260160
vt 0.4896740 0.9290170
f 201/1096/201 179/1097/179 197/1098/197
vt 0.4862420 0.9042740
vt 0.4869010 0.9061630
vt 0.4848820 0.9060160
f 175/1099/175 174/1100/174 187/1101/187
vt 0.4905610 0.9245950
vt 0.4898440 0.9276760
f 179/1097/179 164/1102/164 197/1103/197
vt 0.0041360 0.4706360
vt 0.0037690 0.4716860
vt 0.0025870 0.4721000
f 166/1104/166 189/1105/189 198/1106/198
vt 0.7492600 0.0712000
vt 0.7487200 0.0682370
vt 0.7506360 0.0677540
f 191/1107/191 194/1108/194 205/1109/205
vt 0.5518900 0.3015310
vt 0.5543990 0.3009290
vt 0.5541160 0.3033310
f 154/1110/154 186/1111/186 196/1112/196
vt 0.5859990 0.9808640
vt 0.5854980 0.9818810
vt 0.5853070 0.9814350
f 178/1113/178 199/1114/199 167/1115/167
vt 0.8798490 0.3399290
vt 0.8787780 0.3410170
vt 0.8781860 0.3395080
f 166/1116/166 198/1117/198 210/1118/210
vt 0.7408700 0.8503240
vt 0.7384820 0.8522880
vt 0.7364460 0.8497570
f 172/1119/172 212/1120/212 209/1121/209
vt 0.5932380 0.9717400
vt 0.5956160 0.9698830
vt 0.5969900 0.9703340
f 178/1122/178 185/1123/185 208/1124/208
vt 0.4859220 0.9413010
vt 0.4862500 0.9411090
vt 0.4864650 0.9416320
f 189/1125/189 201/1126/201 198/1127/198
vt 0.8992430 0.0494100
vt 0.9011910 0.0496960
vt 0.8997060 0.0518200
f 173/1128/173 204/1129/204 222/1130/222
vt 0.8766500 0.3494070
vt 0.8782390 0.3491830
vt 0.8771060 0.3509350
f 176/1131/176 197/1132/197 161/1133/161
vt 0.4963140 0.8359940
vt 0.4951870 0.8374330
vt 0.4941650 0.8365060
f 156/1134/156 192/1135/192 219/1136/219
vt 0.8770070 0.3468600
vt 0.8772440 0.3463850
vt 0.8773480 0.3472010
f 176/1137/176 198/1138/198 197/1139/197
vt 0.8797450 0.3262920
vt 0.8800310 0.3283480
vt 0.8766800 0.3269220
f 216/1140/216 177/1141/177 210/1142/210
vt 0.8782700 0.3466660
f 197/1139/197 198/1138/198 201/1143/201
vt 0.7521130 0.0704050
vt 0.7528200 0.0693980
vt 0.7534290 0.0705860
f 191/1144/191 205/1145/205 204/1146/204
vt 0.4960240 0.8332160
vt 0.4954970 0.8328600
vt 0.4967400 0.8326870
f 156/1147/156 214/1148/214 182/1149/182
vt 0.8595490 0.3571070
vt 0.8568650 0.3542920
vt 0.8603840 0.3548840
f 202/1150/202 236/1151/236 169/1152/169
vt 0.5136150 0.8955060
vt 0.5131270 0.8970870
vt 0.5122060 0.8959560
f 163/1153/163 230/1154/230 170/1155/170
vt 0.8752640 0.3462580
vt 0.8746330 0.3469230
vt 0.8746150 0.3457790
f 176/1156/176 203/1157/203 198/1158/198
vt 0.8297800 0.8477040
vt 0.8281580 0.8515320
vt 0.8267170 0.8474940
f 186/1159/186 221/1160/221 196/1161/196
vt 0.4940530 0.8353530
vt 0.4928410 0.8356200
vt 0.4934570 0.8351170
f 156/1162/156 219/1163/219 214/1164/214
vt 0.8350190 0.8510180
vt 0.8338450 0.8541180
vt 0.8316070 0.8503550
f 159/1165/159 221/1166/221 186/1167/186
vt 0.7492580 0.0664740
f 194/1108/194 206/1168/206 205/1109/205
vt 0.7405200 0.8618060
vt 0.7376740 0.8642270
vt 0.7356590 0.8613610
f 183/1169/183 280/1170/280 212/1171/212
vt 0.4928130 0.8379320
vt 0.4919670 0.8384660
vt 0.4919490 0.8379540
f 192/1172/192 213/1173/213 219/1174/219
vt 0.8711540 0.3157380
vt 0.8737520 0.3177560
vt 0.8702700 0.3182010
f 163/1175/163 141/1176/141 216/1177/216
vt 0.9727600 0.2594620
vt 0.9735590 0.2583960
vt 0.9736360 0.2606130
f 170/1178/170 230/1179/230 202/1180/202
vt 0.8773960 0.3417880
vt 0.8756490 0.3403460
vt 0.8768210 0.3372010
f 198/1181/198 224/1182/224 210/1183/210
vt 0.8766850 0.3425090
vt 0.8750150 0.3430840
vt 0.8751720 0.3411790
f 198/1184/198 203/1185/203 224/1186/224
vt 0.7557030 0.0693590
vt 0.7549440 0.0687790
vt 0.7554850 0.0678400
f 204/1187/204 205/1188/205 207/1189/207
vt 0.2341400 0.9572870
vt 0.2360630 0.9569700
vt 0.2362010 0.9587680
f 178/1190/178 232/1191/232 199/1192/199
vt 0.3927770 0.7236730
vt 0.3943900 0.7218520
vt 0.3948720 0.7246960
f 171/1193/171 242/1194/242 180/1195/180
vt 0.7712600 0.0826310
vt 0.7709480 0.0808620
vt 0.7721530 0.0802750
f 173/1196/173 222/1197/222 220/1198/220
vt 0.1200900 0.2973100
vt 0.1175360 0.2971560
vt 0.1200180 0.2956430
f 173/1199/173 220/1200/220 226/1201/226
vt 0.7464310 0.0660710
vt 0.7463580 0.0649780
vt 0.7476620 0.0653570
f 206/1202/206 240/1203/240 205/1204/205
vt 0.5061040 0.7975040
vt 0.5016030 0.7955490
vt 0.5041090 0.7919500
f 159/1205/159 211/1206/211 221/1207/221
vt 0.8136020 0.8477900
vt 0.8163320 0.8491530
vt 0.8130890 0.8504560
f 215/1208/215 196/1209/196 250/1210/250
vt 0.2394380 0.9634540
vt 0.2399790 0.9622290
vt 0.2414270 0.9636310
f 199/1211/199 243/1212/243 206/1213/206
vt 0.2342930 0.9558800
vt 0.2336010 0.9522030
vt 0.2357820 0.9559680
f 178/1214/178 208/1215/208 232/1216/232
vt 0.8634170 0.3523850
vt 0.8575920 0.3501550
vt 0.8620090 0.3484850
f 169/1217/169 236/1218/236 203/1219/203
vt 0.7645160 0.0749110
vt 0.7668720 0.0739730
vt 0.7669250 0.0753000
f 204/1220/204 207/1221/207 222/1222/222
vt 0.4150110 0.7380240
vt 0.4172310 0.7368170
vt 0.4186320 0.7407580
f 218/1223/218 273/1224/273 188/1225/188
vt 0.8932520 0.5694630
vt 0.8898580 0.5690510
vt 0.8907730 0.5645800
f 162/1226/162 266/1227/266 269/1228/269
vt 0.2376400 0.9577570
vt 0.2378660 0.9601310
f 199/1192/199 232/1229/232 243/1230/243
vt 0.7302260 0.8488730
vt 0.7285720 0.8502560
vt 0.7286250 0.8474930
f 212/1231/212 228/1232/228 209/1233/209
vt 0.9819280 0.2399400
vt 0.9843420 0.2402440
vt 0.9823900 0.2416680
f 163/1234/163 216/1235/216 230/1236/230
vt 0.8202560 0.8524340
vt 0.8187170 0.8552010
vt 0.8182050 0.8513200
f 221/1237/221 250/1238/250 196/1239/196
vt 0.2503310 0.9677350
vt 0.2521120 0.9662510
vt 0.2515470 0.9675340
f 206/1240/206 254/1241/254 240/1242/240
vt 0.3661920 0.7676200
vt 0.3649890 0.7670540
vt 0.3654150 0.7652850
f 195/1243/195 193/1244/193 255/1245/255
vt 0.9765490 0.2621330
vt 0.9788510 0.2578180
vt 0.9792170 0.2617610
f 202/1246/202 230/1247/230 236/1248/236
vt 0.1495730 0.8219750
vt 0.1511280 0.8174390
vt 0.1538950 0.8212160
f 185/1249/185 209/1250/209 217/1251/217
vt 0.1389720 0.2588360
vt 0.1331400 0.2593260
vt 0.1365060 0.2545470
f 162/1252/162 200/1253/200 266/1254/266
vt 0.7544090 0.0644480
vt 0.7550240 0.0637220
vt 0.7555230 0.0654090
f 205/1255/205 237/1256/237 207/1257/207
vt 0.4008040 0.7260530
vt 0.4023290 0.7225030
vt 0.4035420 0.7252930
f 180/1258/180 229/1259/229 218/1260/218
vt 0.3504540 0.7742360
vt 0.3505590 0.7716820
vt 0.3513240 0.7734260
f 162/1261/162 269/1262/269 193/1263/193
vt 0.2444850 0.9633360
vt 0.2435660 0.9611050
vt 0.2461450 0.9614510
f 206/1264/206 243/1265/243 254/1266/254
vt 0.8795360 0.3902290
vt 0.8796060 0.3896920
vt 0.8804600 0.3902160
f 183/1267/183 215/1268/215 223/1269/223
vt 0.8711750 0.3235610
vt 0.8678290 0.3239610
vt 0.8673300 0.3222180
f 210/1270/210 251/1271/251 216/1272/216
vt 0.4849070 0.8318580
vt 0.4838260 0.8335900
vt 0.4825260 0.8330770
f 214/1273/214 219/1274/219 238/1275/238
vt 0.3799100 0.7164830
vt 0.3822600 0.7117810
vt 0.3844540 0.7162990
f 195/1276/195 255/1277/255 171/1278/171
vt 0.4889430 0.8379070
vt 0.4866040 0.8375210
vt 0.4885310 0.8370950
f 213/1279/213 249/1280/249 219/1281/219
vt 0.1880210 0.1987400
vt 0.1907780 0.2025660
vt 0.1877580 0.2038890
f 190/1282/190 263/1283/263 231/1284/231
vt 0.7726290 0.0745870
vt 0.7743770 0.0726510
vt 0.7747780 0.0764260
f 207/1285/207 225/1286/225 222/1287/222
vt 0.8466130 0.8951170
vt 0.8463200 0.8977420
vt 0.8443800 0.8954380
f 214/1288/214 238/1289/238 227/1290/227
vt 0.2438470 0.9604110
vt 0.2461450 0.9601580
f 254/1266/254 243/1291/243 246/1292/246
vt 0.1206590 0.2883530
vt 0.1185570 0.2887260
vt 0.1197090 0.2857850
f 226/1293/226 220/1294/220 245/1295/245
vt 0.8823460 0.3909310
vt 0.8830920 0.3900570
vt 0.8836330 0.3924840
f 183/1296/183 223/1297/223 280/1298/280
vt 0.3977560 0.7205610
vt 0.3985920 0.7191780
vt 0.4000500 0.7197430
f 180/1299/180 242/1300/242 229/1301/229
vt 0.4957930 0.8030720
vt 0.4987590 0.8072500
vt 0.4942570 0.8092220
f 221/1302/221 211/1303/211 233/1304/233
vt 0.8400490 0.8932130
vt 0.8394920 0.8913900
vt 0.8406780 0.8926760
f 227/1305/227 182/1306/182 214/1307/214
vt 0.8628890 0.3190600
vt 0.8637680 0.3207560
vt 0.8631400 0.3217320
f 230/1308/230 216/1309/216 251/1310/251
vt 0.7466730 0.0600920
vt 0.7461190 0.0590010
vt 0.7466670 0.0591160
f 240/1311/240 241/1312/241 205/1313/205
vt 0.8525960 0.7587430
vt 0.8505660 0.7571580
vt 0.8535330 0.7567620
f 190/1314/190 231/1315/231 213/1316/213
vt 0.7739010 0.0707570
vt 0.7721120 0.0679350
vt 0.7758950 0.0683720
f 225/1317/225 207/1318/207 248/1319/248
vt 0.7265160 0.8362600
vt 0.7249780 0.8343050
vt 0.7268290 0.8341280
f 228/1320/228 257/1321/257 209/1322/209
vt 0.7559170 0.0616610
vt 0.7594660 0.0615200
vt 0.7577090 0.0625110
f 237/1323/237 248/1324/248 207/1325/207
vt 0.1141570 0.2933530
vt 0.1135460 0.2922620
vt 0.1146790 0.2918660
f 222/1326/222 225/1327/225 220/1328/220
vt 0.6372980 0.7607780
vt 0.6409340 0.7610140
vt 0.6379600 0.7643020
f 250/1329/250 244/1330/244 215/1331/215
vt 0.3886450 0.7152530
vt 0.3879730 0.7148260
vt 0.3894350 0.7148840
f 171/1332/171 255/1333/255 242/1334/242
vt 0.8698510 0.3348080
vt 0.8690290 0.3373130
vt 0.8679620 0.3366320
f 210/1335/210 224/1336/224 251/1337/251
vt 0.8680970 0.3418990
vt 0.8643710 0.3404080
vt 0.8674670 0.3387940
f 203/1338/203 236/1339/236 224/1340/224
vt 0.4151110 0.7303750
vt 0.4165910 0.7273600
vt 0.4170890 0.7298190
f 218/1341/218 253/1342/253 273/1343/273
vt 0.7249710 0.8321520
f 209/1322/209 257/1321/257 217/1344/217
vt 0.8553430 0.6014780
vt 0.8591070 0.5969000
vt 0.8585970 0.6029500
f 212/1345/212 279/1346/279 228/1347/228
vt 0.8604760 0.5999030
vt 0.8608700 0.6033790
f 228/1347/228 279/1348/279 239/1349/239
vt 0.8554220 0.7478410
vt 0.8551220 0.7490650
vt 0.8540450 0.7475080
f 238/1350/238 219/1351/219 249/1352/249
vt 0.7489660 0.0586240
vt 0.7483000 0.0576980
vt 0.7508850 0.0579340
f 205/1353/205 241/1354/241 237/1355/237
vt 0.6423640 0.7644870
vt 0.6408390 0.7674540
f 215/1331/215 244/1356/244 223/1357/223
vt 0.8538420 0.6091030
vt 0.8567990 0.6128690
vt 0.8533000 0.6116570
f 228/1358/228 247/1359/247 257/1360/257
vt 0.8523300 0.7554850
vt 0.8500090 0.7550150
f 213/1361/213 231/1315/231 249/1362/249
vt 0.4159020 0.3664150
vt 0.4183240 0.3661790
vt 0.4165900 0.3680040
f 227/1363/227 238/1364/238 235/1365/235
vt 0.1566560 0.8199540
vt 0.1558340 0.8176870
vt 0.1567790 0.8158550
f 185/1366/185 217/1367/217 293/1368/293
vt 0.2041130 0.1951870
vt 0.2094790 0.1937780
vt 0.2066810 0.2001580
f 190/1369/190 168/1370/168 263/1371/263
vt 0.2427580 0.9563000
vt 0.2425730 0.9551200
vt 0.2444030 0.9557160
f 232/1372/232 208/1373/208 243/1374/243
vt 0.8291000 0.8951700
vt 0.8273190 0.8962720
vt 0.8284620 0.8935100
f 227/1375/227 235/1376/235 234/1377/234
vt 0.8651610 0.3383850
vt 0.8665580 0.3373390
f 224/1340/224 236/1378/236 251/1379/251
vt 0.8348640 0.8931020
vt 0.8335420 0.8924200
vt 0.8353150 0.8914890
f 227/1380/227 234/1381/234 182/1382/182
vt 0.2074030 0.2769650
vt 0.2047080 0.2747740
vt 0.2071030 0.2751860
f 235/1383/235 262/1384/262 240/1385/240
vt 0.8598780 0.6059380
vt 0.8622690 0.6056530
vt 0.8599420 0.6087500
f 228/1386/228 239/1387/239 247/1388/247
vt 0.3866200 0.7120870
vt 0.3894430 0.7101670
vt 0.3896690 0.7125130
f 255/1389/255 264/1390/264 242/1391/242
vt 0.2053580 0.2839170
vt 0.2040380 0.2853390
vt 0.2034140 0.2840820
f 235/1392/235 238/1393/238 262/1394/262
vt 0.1144360 0.2874140
vt 0.1126250 0.2874990
vt 0.1137300 0.2857090
f 220/1395/220 225/1396/225 245/1397/245
vt 0.7259430 0.8580540
vt 0.7254800 0.8603710
vt 0.7237620 0.8601150
f 212/1398/212 280/1399/280 261/1400/261
vt 0.4899100 0.8110360
vt 0.4872180 0.8130660
vt 0.4894090 0.8064190
f 233/1401/233 259/1402/259 221/1403/221
vt 0.6723510 0.7845300
vt 0.6703770 0.7845160
vt 0.6710380 0.7830580
f 254/1404/254 246/1405/246 252/1406/252
vt 0.4891650 0.8161540
vt 0.4897380 0.8155000
vt 0.4906490 0.8156490
f 182/1407/182 259/1408/259 233/1409/233
vt 0.8345780 0.8675790
vt 0.8357410 0.8728890
vt 0.8314810 0.8721420
f 221/1410/221 259/1411/259 250/1412/250
vt 0.8547330 0.5870420
vt 0.8499520 0.5857530
vt 0.8545420 0.5834630
f 212/1413/212 265/1414/265 279/1415/279
vt 0.2103120 0.2707070
vt 0.2123090 0.2699980
vt 0.2113630 0.2712780
f 240/1416/240 254/1417/254 235/1418/235
vt 0.8632240 0.5963320
vt 0.8686770 0.5922580
vt 0.8683700 0.5960270
f 279/1419/279 274/1420/274 239/1421/239
vt 0.8188840 0.8958480
vt 0.8190170 0.8943980
vt 0.8206310 0.8942820
f 235/1422/235 254/1423/254 234/1424/234
vt 0.4111050 0.7238670
vt 0.4130130 0.7216650
vt 0.4141760 0.7237420
f 218/1425/218 229/1426/229 253/1427/253
vt 0.8979140 0.5545200
vt 0.8978790 0.5519670
vt 0.8996110 0.5522910
f 269/1428/269 256/1429/256 193/1430/193
vt 0.2059120 0.2724150
vt 0.2048660 0.2721990
f 240/1431/240 262/1384/262 241/1432/241
vt 0.1256910 0.2677460
vt 0.1242300 0.2662310
vt 0.1240710 0.2653030
f 200/1433/200 226/1434/226 266/1435/266
vt 0.2451660 0.1801540
vt 0.2525520 0.1794130
vt 0.2502480 0.1829580
f 168/1436/168 188/1437/188 345/1438/345
vt 0.3967810 0.7151500
vt 0.3988440 0.7134080
vt 0.3984830 0.7147190
f 242/1439/242 264/1440/264 229/1441/229
vt 0.3863470 0.7095850
vt 0.3866510 0.7076040
vt 0.3879120 0.7074330
f 255/1442/255 267/1443/267 264/1444/264
vt 0.1203650 0.2744080
vt 0.1191930 0.2755130
vt 0.1187590 0.2737740
f 226/1445/226 245/1446/245 270/1447/270
vt 0.3543810 0.7626250
vt 0.3546560 0.7602050
vt 0.3554380 0.7606800
f 193/1448/193 256/1449/256 255/1450/255
vt 0.8559210 0.3316960
vt 0.8580210 0.3322870
vt 0.8566750 0.3337720
f 230/1451/230 251/1452/251 236/1453/236
vt 0.6693710 0.7893620
vt 0.6681440 0.7902770
vt 0.6685570 0.7885900
f 243/1454/243 208/1455/208 246/1456/246
vt 0.8177270 0.8710210
vt 0.8149140 0.8733060
vt 0.8142690 0.8698150
f 250/1457/250 252/1458/252 244/1459/244
vt 0.4829850 0.8153660
vt 0.4808580 0.8170320
vt 0.4819020 0.8114390
f 182/1460/182 234/1461/234 259/1462/259
vt 0.8649280 0.5876870
vt 0.8694890 0.5880080
f 279/1463/279 258/1464/258 274/1420/274
vt 0.6428900 0.7730980
vt 0.6424490 0.7739150
vt 0.6424340 0.7732500
f 244/1465/244 280/1466/280 223/1467/223
vt 0.1128240 0.2818120
vt 0.1108160 0.2823260
vt 0.1114640 0.2803990
f 245/1468/245 225/1469/225 275/1470/275
vt 0.4215060 0.3604880
vt 0.4242020 0.3612840
vt 0.4227420 0.3634220
f 238/1471/238 284/1472/284 262/1473/262
vt 0.7218810 0.8588310
vt 0.7214330 0.8602140
vt 0.7202110 0.8593180
f 212/1474/212 261/1475/261 265/1476/265
vt 0.8520660 0.7417910
vt 0.8502580 0.7445860
vt 0.8506440 0.7402320
f 238/1477/238 249/1478/249 272/1479/272
vt 0.8194970 0.8909900
vt 0.8159590 0.8914600
vt 0.8180160 0.8885600
f 234/1480/234 254/1481/254 259/1482/259
vt 0.6429590 0.7746230
vt 0.6443010 0.7757160
vt 0.6421450 0.7751770
f 244/1483/244 260/1484/260 280/1485/280
vt 0.7493560 0.0515040
vt 0.7487280 0.0493860
vt 0.7505210 0.0501010
f 241/1486/241 277/1487/277 237/1488/237
vt 0.8127060 0.8895600
vt 0.8157680 0.8883650
f 254/1481/254 252/1489/252 259/1490/259
vt 0.3592580 0.7581130
vt 0.3563560 0.7574010
vt 0.3590280 0.7542840
f 255/1491/255 256/1492/256 268/1493/268
vt 0.1198560 0.2679130
vt 0.1184070 0.2659850
vt 0.1192330 0.2636100
f 226/1494/226 270/1495/270 266/1496/266
vt 0.3611130 0.7552150
f 255/1491/255 268/1493/268 267/1497/267
vt 0.8532270 0.5810490
vt 0.8498980 0.5792020
f 279/1498/279 265/1414/265 288/1499/288
vt 0.6482780 0.7747770
vt 0.6514740 0.7741180
vt 0.6494680 0.7765790
f 244/1500/244 252/1501/252 260/1502/260
vt 0.8176190 0.8777980
vt 0.8147790 0.8835570
vt 0.8120370 0.8788160
f 259/1503/259 252/1504/252 250/1505/250
vt 0.8531560 0.7330720
vt 0.8493600 0.7314270
vt 0.8529190 0.7291380
f 238/1506/238 272/1507/272 284/1508/284
vt 0.6414290 0.7758320
vt 0.6443410 0.7788590
vt 0.6407160 0.7775490
f 280/1509/280 260/1510/260 311/1511/311
vt 0.8554430 0.7084320
vt 0.8536510 0.7099820
vt 0.8537020 0.7059060
f 241/1512/241 262/1513/262 277/1514/277
vt 0.1117680 0.2747240
vt 0.1119250 0.2728650
vt 0.1142550 0.2735100
f 275/1515/275 270/1516/270 245/1517/245
vt 0.6578320 0.7815430
vt 0.6572450 0.7810030
vt 0.6599320 0.7799390
f 246/1518/246 260/1519/260 252/1520/252
vt 0.6588710 0.7841760
vt 0.6599360 0.7844920
vt 0.6593430 0.7868970
f 260/1521/260 246/1522/246 290/1523/290
vt 0.8909260 0.5507210
vt 0.8898410 0.5497140
vt 0.8903820 0.5492080
f 256/1524/256 271/1525/271 268/1526/268
vt 0.3931780 0.7062190
vt 0.3932170 0.7046130
vt 0.3947830 0.7062410
f 267/1527/267 285/1528/285 264/1529/264
vt 0.1244720 0.2560320
vt 0.1226070 0.2563060
vt 0.1231830 0.2550060
f 266/1530/266 270/1531/270 276/1532/276
vt 0.4031290 0.7111960
vt 0.4061200 0.7078730
vt 0.4065680 0.7098420
f 264/1533/264 297/1534/297 329/1535/329
vt 0.7519200 0.0486200
vt 0.7513920 0.0482340
vt 0.7526360 0.0476570
f 237/1536/237 277/1537/277 373/1538/373
vt 0.8879900 0.5534160
vt 0.8876200 0.5539310
vt 0.8867610 0.5526740
f 256/1539/256 269/1540/269 271/1541/271
vt 0.7544590 0.0500120
vt 0.7561560 0.0454340
vt 0.7572670 0.0500480
f 237/1542/237 373/1543/373 248/1544/248
vt 0.4136400 0.7169560
vt 0.4166620 0.7168130
vt 0.4181320 0.7182890
f 229/1545/229 301/1546/301 253/1547/253
vt 0.4071280 0.7117170
vt 0.4093150 0.7099280
vt 0.4095290 0.7108360
f 264/1548/264 329/1549/329 229/1550/229
vt 0.6608520 0.7875220
vt 0.6618980 0.7891640
vt 0.6595900 0.7895670
f 246/1551/246 208/1552/208 290/1553/290
vt 0.3593000 0.7516180
vt 0.3600080 0.7496570
vt 0.3608680 0.7513230
f 268/1554/268 289/1555/289 267/1556/267
vt 0.8763080 0.5627040
vt 0.8758070 0.5623560
vt 0.8761050 0.5618960
f 266/1557/266 282/1558/282 269/1559/269
vt 0.8625850 0.6204320
vt 0.8633360 0.6190010
vt 0.8649910 0.6209590
f 257/1560/257 247/1561/247 318/1562/318
vt 0.3678120 0.7482380
vt 0.3677450 0.7460990
vt 0.3695690 0.7464190
f 267/1563/267 289/1564/289 285/1565/285
vt 0.8495350 0.7093040
vt 0.8492620 0.7062840
f 277/1514/277 262/1566/262 284/1567/284
vt 0.1662120 0.8183560
vt 0.1717020 0.8138580
vt 0.1738910 0.8191750
f 185/1568/185 293/1569/293 208/1570/208
vt 0.8758860 0.6028730
vt 0.8777770 0.5991650
vt 0.8786450 0.6017840
f 247/1571/247 239/1572/239 291/1573/291
vt 0.6612960 0.7955150
vt 0.6593290 0.7981980
vt 0.6577070 0.7938530
f 208/1574/208 293/1575/293 290/1576/290
vt 0.3957940 0.7037740
vt 0.3964190 0.7006500
vt 0.3979450 0.7023010
f 264/1577/264 285/1578/285 297/1579/297
vt 0.3599220 0.7374990
vt 0.3635070 0.7379640
vt 0.3629990 0.7399850
f 306/1580/306 278/1581/278 289/1582/289
vt 0.8875700 0.5468760
vt 0.8874530 0.5452300
vt 0.8893080 0.5459420
f 271/1583/271 308/1584/308 268/1585/268
vt 0.3891040 0.6932220
vt 0.3889460 0.6956110
vt 0.3864040 0.6955970
f 278/1586/278 285/1587/285 289/1588/289
vt 0.4064800 0.3433390
vt 0.4016900 0.3425490
vt 0.4043690 0.3380550
f 296/1589/296 287/1590/287 281/1591/281
vt 0.1163390 0.2570850
vt 0.1150340 0.2567540
vt 0.1166900 0.2550610
f 270/1592/270 275/1593/275 276/1594/276
vt 0.8798490 0.5550530
vt 0.8789410 0.5556350
vt 0.8785560 0.5530280
f 271/1595/271 269/1596/269 302/1597/302
vt 0.6518560 0.7880630
vt 0.6526310 0.7920770
vt 0.6476050 0.7886030
f 260/1598/260 290/1599/290 311/1600/311
vt 0.4157040 0.7132150
vt 0.4159420 0.7111830
vt 0.4166010 0.7127180
f 229/1601/229 329/1602/329 301/1603/301
vt 0.8789870 0.5963930
vt 0.8795600 0.5939760
vt 0.8817100 0.5966220
f 239/1604/239 274/1605/274 291/1606/291
vt 0.1601830 0.7989000
vt 0.1600990 0.7974070
vt 0.1615860 0.7972340
f 217/1607/217 257/1608/257 305/1609/305
vt 0.4395600 0.7392520
vt 0.4395790 0.7323430
vt 0.4439690 0.7359740
f 188/1610/188 273/1611/273 345/1612/345
vt 0.8413600 0.7509400
vt 0.8386760 0.7521550
vt 0.8387450 0.7488380
f 231/1613/231 295/1614/295 249/1615/249
vt 0.8736750 0.5609760
vt 0.8731850 0.5620990
vt 0.8719150 0.5619510
f 269/1616/269 282/1617/282 286/1618/286
vt 0.8937590 0.5412160
vt 0.8901480 0.5419050
vt 0.8916620 0.5388780
f 268/1619/268 308/1620/308 289/1621/289
vt 0.8690230 0.8684710
vt 0.8637490 0.8691990
vt 0.8641450 0.8645930
f 296/1622/296 281/1623/281 299/1624/299
vt 0.1237840 0.2463920
vt 0.1219680 0.2446940
vt 0.1236420 0.2440650
f 266/1625/266 276/1626/276 282/1627/282
vt 0.8789500 0.5865030
vt 0.8776020 0.5829600
vt 0.8822050 0.5860730
f 258/1628/258 294/1629/294 274/1630/274
vt 0.6555330 0.7968240
vt 0.6512620 0.7968990
vt 0.6532650 0.7945630
f 293/1631/293 311/1632/311 290/1633/290
vt 0.1908720 0.7816810
vt 0.1905260 0.7828770
vt 0.1895590 0.7825930
f 265/1634/265 261/1635/261 292/1636/292
vt 0.8937710 0.5295980
vt 0.8922540 0.5310090
vt 0.8911100 0.5291000
f 306/1637/306 289/1638/289 308/1639/308
vt 0.4029010 0.6884620
vt 0.4046830 0.6876980
vt 0.4043120 0.6907720
f 285/1640/285 278/1641/278 297/1642/297
vt 0.8582750 0.8710180
vt 0.8550380 0.8707990
vt 0.8578970 0.8671130
f 281/1643/281 283/1644/283 299/1645/299
vt 0.8554320 0.5732730
vt 0.8482360 0.5738570
vt 0.8551150 0.5711650
f 279/1646/279 288/1647/288 313/1648/313
vt 0.1523690 0.9887760
vt 0.1488920 0.9870790
vt 0.1520610 0.9861910
f 258/1649/258 279/1650/279 294/1651/294
vt 0.8794140 0.6048420
vt 0.8822740 0.6047920
vt 0.8799520 0.6067660
f 291/1652/291 315/1653/315 247/1654/247
vt 0.1146730 0.2516060
vt 0.1137070 0.2488810
vt 0.1161880 0.2506730
f 275/1655/275 326/1656/326 276/1657/276
vt 0.8807220 0.5487740
vt 0.8812120 0.5469070
vt 0.8814260 0.5480260
f 302/1658/302 308/1659/308 271/1660/271
vt 0.4114760 0.3062360
vt 0.4086490 0.3051260
vt 0.4118420 0.3027410
f 281/1661/281 309/1662/309 283/1663/283
vt 0.3968340 0.3527960
vt 0.3933160 0.3527420
vt 0.3953850 0.3510770
f 296/1664/296 317/1665/317 287/1666/287
vt 0.1568950 0.7926150
vt 0.1557780 0.7866630
vt 0.1592600 0.7898880
f 257/1667/257 318/1668/318 305/1669/305
vt 0.0961350 0.2884120
vt 0.0935880 0.2848570
vt 0.0965950 0.2842710
f 248/1670/248 321/1671/321 225/1672/225
vt 0.1912550 0.7792250
vt 0.1887350 0.7804290
vt 0.1909120 0.7769920
f 265/1673/265 292/1674/292 288/1675/288
vt 0.9338860 0.2069390
vt 0.9278410 0.2119720
vt 0.9258710 0.2056510
f 278/1676/278 306/1677/306 322/1678/322
vt 0.8721160 0.5545190
vt 0.8699350 0.5515490
vt 0.8719870 0.5515230
f 269/1679/269 286/1680/286 302/1681/302
vt 0.4099880 0.7062160
vt 0.4107880 0.7027130
vt 0.4131700 0.7043060
f 329/1682/329 297/1683/297 330/1684/330
vt 0.8434150 0.7319660
vt 0.8381210 0.7310820
vt 0.8416230 0.7286320
f 272/1685/272 295/1686/295 284/1687/284
vt 0.8402240 0.7427500
vt 0.8377810 0.7416100
vt 0.8403530 0.7400190
f 249/1688/249 295/1689/295 272/1690/272
vt 0.1004840 0.2795170
vt 0.0950070 0.2779720
f 275/1691/275 225/1672/225 321/1692/321
vt 0.1909920 0.7733440
vt 0.1896210 0.7737570
vt 0.1898550 0.7713370
f 288/1693/288 292/1694/292 313/1695/313
vt 0.4293470 0.7198800
vt 0.4312180 0.7185370
vt 0.4314860 0.7229430
f 253/1696/253 342/1697/342 273/1698/273
vt 0.1495860 0.9854890
f 279/1650/279 313/1699/313 294/1651/294
vt 0.7456930 0.0367700
vt 0.7443980 0.0345500
vt 0.7478730 0.0331180
f 277/1700/277 284/1701/284 300/1702/300
vt 0.1166120 0.2473750
vt 0.1151790 0.2469340
vt 0.1167090 0.2464920
f 276/1703/276 326/1704/326 282/1705/282
vt 0.3916910 0.3350480
vt 0.3872350 0.3383710
vt 0.3831540 0.3320270
f 281/1706/281 287/1707/287 298/1708/298
vt 0.8358840 0.7266150
f 284/1687/284 295/1686/295 300/1709/300
vt 0.7512130 0.0396140
vt 0.7512960 0.0367760
vt 0.7534610 0.0386600
f 277/1710/277 300/1711/300 373/1712/373
vt 0.1646960 0.7998450
vt 0.1661670 0.7989680
vt 0.1676450 0.8015100
f 217/1713/217 305/1714/305 293/1715/293
vt 0.8813980 0.5828730
vt 0.8847910 0.5855460
vt 0.8843390 0.5885620
f 294/1716/294 315/1717/315 274/1718/274
vt 0.3967950 0.3558020
vt 0.3906380 0.3582450
f 296/1719/296 325/1720/325 317/1665/317
vt 0.4121150 0.3003820
vt 0.4083060 0.3005140
vt 0.4103410 0.2977730
f 283/1721/283 309/1722/309 355/1723/355
vt 0.8793400 0.6100890
vt 0.8827820 0.6072980
vt 0.8846120 0.6117030
f 247/1724/247 315/1725/315 318/1726/318
vt 0.8904960 0.5265680
vt 0.8888710 0.5285210
vt 0.8884230 0.5263500
f 306/1727/306 308/1728/308 333/1729/333
vt 0.4076110 0.6868080
vt 0.4103880 0.6857280
vt 0.4092800 0.6890990
f 297/1730/297 278/1731/278 303/1732/303
vt 0.1964680 0.2188190
vt 0.1977540 0.2216350
vt 0.1945270 0.2191550
f 263/1733/263 295/1734/295 231/1735/231
vt 0.1874120 0.7890030
vt 0.1840430 0.7889580
vt 0.1853090 0.7876020
f 280/1736/280 304/1737/304 261/1738/261
vt 0.4246960 0.7152870
vt 0.4279670 0.7127750
vt 0.4284010 0.7166120
f 253/1739/253 301/1740/301 342/1741/342
vt 0.8258720 0.6476820
vt 0.8276030 0.6522750
vt 0.8219480 0.6514830
f 306/1742/306 310/1743/310 322/1744/322
vt 0.8858660 0.5879930
vt 0.8865820 0.5913710
f 274/1718/274 315/1745/315 291/1746/291
vt 0.1874690 0.7739960
vt 0.1839570 0.7741400
vt 0.1831540 0.7701040
f 292/1747/292 328/1748/328 313/1749/313
vt 0.8681530 0.8537190
vt 0.8644140 0.8530820
vt 0.8657120 0.8503460
f 296/1750/296 299/1751/299 312/1752/312
vt 0.1836410 0.7856910
vt 0.1838610 0.7864750
vt 0.1828810 0.7864230
f 292/1753/292 261/1754/261 304/1755/304
vt 0.8815660 0.5402870
vt 0.8771900 0.5393190
vt 0.8806020 0.5383430
f 308/1756/308 302/1757/302 327/1758/327
vt 0.4104090 0.6932420
vt 0.4125320 0.6894650
vt 0.4123900 0.6931720
f 297/1759/297 303/1760/303 330/1761/330
vt 0.1844070 0.7918350
vt 0.1818570 0.7932570
vt 0.1818180 0.7908150
f 280/1762/280 311/1763/311 304/1764/304
vt 0.7094310 0.3842550
vt 0.7058240 0.3883540
vt 0.7058920 0.3852370
f 273/1765/273 342/1766/342 345/1767/345
vt 0.6403770 0.8389730
vt 0.6400360 0.8371850
vt 0.6406260 0.8374630
f 326/1768/326 335/1769/335 282/1770/282
vt 0.3949520 0.3046790
vt 0.3918560 0.3055380
vt 0.3895060 0.3017180
f 281/1771/281 298/1772/298 309/1773/309
vt 0.1778170 0.7916030
vt 0.1798870 0.7916290
vt 0.1771410 0.7924050
f 304/1774/304 311/1775/311 305/1776/305
vt 0.1437770 0.9826700
vt 0.1401690 0.9812520
vt 0.1425630 0.9787550
f 294/1777/294 313/1778/313 319/1779/319
vt 0.9357800 0.1892600
vt 0.9308730 0.1875880
vt 0.9345880 0.1869370
f 278/1780/278 322/1781/322 303/1782/303
vt 0.4066680 0.3745400
vt 0.4052460 0.3777920
vt 0.4046710 0.3756630
f 320/1783/320 325/1784/325 296/1785/296
vt 0.1563820 0.9770190
vt 0.1544480 0.9758600
vt 0.1568200 0.9744090
f 294/1786/294 319/1787/319 315/1788/315
vt 0.6468880 0.8214670
vt 0.6416460 0.8248400
vt 0.6437980 0.8186760
f 286/1789/286 307/1790/307 302/1791/302
vt 0.8986510 0.8914120
vt 0.8943010 0.8927500
vt 0.8941710 0.8894760
f 296/1792/296 312/1793/312 320/1794/320
vt 0.1825060 0.7808560
vt 0.1796950 0.7793420
vt 0.1811350 0.7768990
f 292/1795/292 304/1796/304 328/1797/328
vt 0.6410970 0.8343570
vt 0.6391950 0.8348220
vt 0.6386480 0.8326580
f 282/1798/282 335/1799/335 286/1800/286
vt 0.3759820 0.3507830
vt 0.3733300 0.3511670
vt 0.3747740 0.3496850
f 317/1801/317 316/1802/316 287/1803/287
vt 0.8688930 0.8465210
vt 0.8651830 0.8467980
vt 0.8665440 0.8427740
f 312/1804/312 299/1805/299 314/1806/314
vt 0.1780890 0.7957970
vt 0.1801270 0.7961280
vt 0.1793310 0.7985340
f 305/1807/305 311/1808/311 293/1809/293
vt 0.3779870 0.3087800
vt 0.3776970 0.3058400
vt 0.3794260 0.3070680
f 298/1810/298 349/1811/349 309/1812/309
vt 0.3764060 0.3078320
f 298/1810/298 343/1813/343 349/1811/349
vt 0.8361260 0.6590760
vt 0.8372830 0.6569000
vt 0.8382230 0.6595860
f 310/1814/310 306/1815/306 369/1816/369
vt 0.0835050 0.2910110
vt 0.0835510 0.2862630
vt 0.0874560 0.2891370
f 373/1817/373 321/1818/321 248/1819/248
vt 0.3716750 0.3296410
vt 0.3670840 0.3334820
vt 0.3668190 0.3278150
f 298/1820/298 287/1821/287 343/1822/343
vt 0.8541280 0.8479800
vt 0.8532620 0.8453080
vt 0.8563810 0.8453540
f 336/1823/336 314/1824/314 299/1825/299
vt 0.8704710 0.8439120
vt 0.8685250 0.8391900
f 312/1826/312 314/1806/314 323/1827/323
vt 0.1706310 0.7833350
vt 0.1691560 0.7795960
vt 0.1744060 0.7814390
f 304/1828/304 318/1829/318 328/1830/328
vt 0.4085420 0.3801860
vt 0.4052680 0.3804950
f 325/1784/325 320/1831/320 357/1832/357
vt 0.1676040 0.7841940
f 304/1828/304 305/1833/305 318/1829/318
vt 0.1025740 0.2493520
vt 0.0980670 0.2454070
vt 0.1029590 0.2452660
f 275/1834/275 321/1835/321 326/1836/326
vt 0.2338270 0.2087970
vt 0.2362820 0.2130030
vt 0.2297570 0.2123300
f 168/1837/168 362/1838/362 263/1839/263
vt 0.6357970 0.8339070
vt 0.6372430 0.8312250
f 286/1800/286 335/1840/335 307/1841/307
vt 0.8828070 0.5307010
vt 0.8818190 0.5304460
vt 0.8834040 0.5289190
f 308/1842/308 327/1843/327 333/1844/333
vt 0.8409310 0.6571330
vt 0.8441390 0.6522160
vt 0.8447850 0.6578280
f 369/1845/369 306/1846/306 333/1847/333
vt 0.8375670 0.6621630
vt 0.8386540 0.6634100
vt 0.8366870 0.6641390
f 310/1848/310 369/1849/369 346/1850/346
vt 0.8467260 0.8567100
vt 0.8442650 0.8556650
vt 0.8471470 0.8529730
f 299/1851/299 283/1852/283 336/1853/336
vt 0.1452890 0.9622800
vt 0.1446960 0.9681520
vt 0.1426250 0.9644070
f 315/1854/315 319/1855/319 318/1856/318
vt 0.1371190 0.9770520
vt 0.1369560 0.9730130
vt 0.1387190 0.9744010
f 313/1857/313 328/1858/328 319/1859/319
vt 0.9221850 0.1865030
vt 0.9236270 0.1849540
vt 0.9259140 0.1852960
f 322/1860/322 324/1861/324 303/1862/303
vt 0.8616300 0.8237330
vt 0.8641180 0.8256900
vt 0.8606770 0.8274270
f 322/1863/322 310/1864/310 332/1865/332
vt 0.1414620 0.9727150
vt 0.1396020 0.9715250
vt 0.1392240 0.9686670
f 319/1866/319 328/1867/328 318/1868/318
vt 0.3738990 0.3585960
vt 0.3742950 0.3621140
vt 0.3723260 0.3605300
f 317/1869/317 368/1870/368 316/1871/316
vt 0.3641150 0.3349720
vt 0.3619310 0.3312980
vt 0.3641890 0.3303890
f 287/1872/287 316/1873/316 343/1874/343
vt 0.8889070 0.8960700
vt 0.8856480 0.8974520
vt 0.8855160 0.8937580
f 312/1875/312 323/1876/323 361/1877/361
vt 0.8883740 0.8931490
f 312/1875/312 361/1877/361 320/1878/320
vt 0.6987910 0.3998270
vt 0.6977990 0.4016270
vt 0.6954080 0.3998760
f 301/1879/301 329/1880/329 339/1881/339
vt 0.2654830 0.6127170
vt 0.2667700 0.6145170
vt 0.2616510 0.6151360
f 309/1882/309 349/1883/349 355/1884/355
vt 0.6983430 0.3969710
vt 0.6967500 0.3964900
vt 0.6988080 0.3937100
f 301/1885/301 339/1886/339 342/1887/342
vt 0.2509760 0.2036690
vt 0.2483990 0.2104820
vt 0.2460830 0.2051810
f 345/1888/345 362/1889/362 168/1890/168
vt 0.8366960 0.6664210
vt 0.8396090 0.6656030
vt 0.8376990 0.6686150
f 346/1891/346 369/1892/369 367/1893/367
vt 0.6416330 0.8140470
vt 0.6392030 0.8183850
vt 0.6368170 0.8147960
f 302/1894/302 307/1895/307 334/1896/334
vt 0.6411980 0.8105520
vt 0.6415020 0.8113610
vt 0.6402620 0.8115090
f 372/1897/372 302/1898/302 334/1899/334
vt 0.3837770 0.3725040
vt 0.3872300 0.3755710
vt 0.3834590 0.3792070
f 317/1900/317 325/1901/325 368/1902/368
vt 0.6299480 0.8422150
vt 0.6259350 0.8416580
vt 0.6281580 0.8394450
f 326/1903/326 321/1904/321 389/1905/389
vt 0.8270130 0.6795230
vt 0.8265930 0.6783980
vt 0.8274970 0.6776180
f 323/1906/323 338/1907/338 337/1908/337
vt 0.6963880 0.3945360
vt 0.6967620 0.3923760
f 342/1887/342 339/1909/339 382/1910/382
vt 0.7000380 0.4242050
vt 0.6976010 0.4234430
vt 0.6980760 0.4209560
f 303/1911/303 385/1912/385 330/1913/330
vt 0.8692450 0.8249130
vt 0.8664420 0.8266780
f 310/1864/310 346/1914/346 344/1915/344
vt 0.6295010 0.8382430
vt 0.6276710 0.8382280
vt 0.6273590 0.8360000
f 326/1916/326 389/1917/389 340/1918/340
vt 0.6286280 0.8360260
f 326/1916/326 340/1918/340 335/1919/335
vt 0.6959820 0.4040020
vt 0.6942540 0.4079680
vt 0.6928410 0.4046640
f 329/1920/329 330/1921/330 371/1922/371
vt 0.8620110 0.8278780
f 310/1864/310 344/1923/344 332/1865/332
vt 0.8655310 0.8366280
vt 0.8656700 0.8343100
vt 0.8683960 0.8350780
f 314/1924/314 338/1925/338 323/1926/323
vt 0.6320750 0.7953010
vt 0.6304140 0.7962430
vt 0.6287130 0.7961510
f 327/1927/327 358/1928/358 333/1929/333
vt 0.6382160 0.8053590
vt 0.6353630 0.8067970
vt 0.6351710 0.8035070
f 302/1930/302 372/1931/372 327/1932/327
vt 0.0744500 0.2862540
vt 0.0726880 0.2881130
vt 0.0722940 0.2863260
f 321/1933/321 373/1934/373 405/1935/405
vt 0.8592880 0.8279800
vt 0.8590100 0.8290640
vt 0.8573820 0.8300190
f 332/1936/332 344/1937/344 350/1938/350
vt 0.8612820 0.8365380
vt 0.8608690 0.8345930
vt 0.8627370 0.8349550
f 314/1939/314 341/1940/341 338/1941/338
vt 0.6948620 0.4188870
f 330/1913/330 385/1912/385 379/1942/379
vt 0.6306250 0.8324150
vt 0.6291790 0.8342780
vt 0.6277560 0.8341590
f 307/1943/307 335/1944/335 340/1945/340
vt 0.6937830 0.3559060
vt 0.6884880 0.3620110
vt 0.6854490 0.3575460
f 345/1946/345 331/1947/331 362/1948/362
vt 0.8319110 0.6785940
vt 0.8340090 0.6784990
vt 0.8336050 0.6797550
f 337/1949/337 375/1950/375 323/1951/323
vt 0.6957150 0.3793080
vt 0.6944690 0.3810820
vt 0.6930250 0.3809160
f 331/1952/331 345/1953/345 360/1954/360
vt 0.6937160 0.4013970
vt 0.6903150 0.3999960
f 329/1955/329 371/1956/371 339/1881/339
vt 0.8717800 0.8281690
vt 0.8705530 0.8300980
vt 0.8669200 0.8288400
f 346/1957/346 337/1958/337 344/1959/344
vt 0.8544470 0.8300570
vt 0.8549530 0.8303820
vt 0.8543050 0.8307970
f 353/1960/353 332/1961/332 350/1962/350
vt 0.2261210 0.6715290
vt 0.2210290 0.6730820
vt 0.2253430 0.6667190
f 316/1963/316 354/1964/354 343/1965/343
vt 0.8686720 0.8311960
vt 0.8669040 0.8307920
f 344/1959/344 337/1966/337 338/1967/338
vt 0.4467640 0.6849640
vt 0.4467660 0.6840750
vt 0.4483560 0.6842320
f 352/1968/352 351/1969/351 347/1970/347
vt 0.8461440 0.8211590
vt 0.8464630 0.8237060
vt 0.8446730 0.8213970
f 322/1971/322 332/1972/332 324/1973/324
vt 0.9828520 0.9952530
vt 0.9862300 0.9925250
vt 0.9855720 0.9975210
f 314/1974/314 336/1975/336 348/1976/348
vt 0.8608230 0.8339830
vt 0.8591510 0.8335960
vt 0.8616630 0.8330220
f 341/1977/341 350/1978/350 338/1979/338
vt 0.6296150 0.8056030
vt 0.6271840 0.8024250
f 327/1932/327 372/1980/372 358/1981/358
vt 0.8636730 0.8310240
vt 0.8652580 0.8318670
vt 0.8630570 0.8321390
f 344/1982/344 338/1983/338 350/1984/350
vt 0.8866020 0.8798220
vt 0.8835310 0.8806390
vt 0.8854380 0.8786610
f 320/1985/320 409/1986/409 357/1987/357
vt 0.8317630 0.6745970
vt 0.8323000 0.6737890
vt 0.8334780 0.6741580
f 337/1988/337 346/1989/346 367/1990/367
vt 0.2211280 0.6300540
vt 0.2188780 0.6289680
vt 0.2217740 0.6268450
f 349/1991/349 343/1992/343 384/1993/384
vt 0.3907450 0.3859130
vt 0.3892030 0.3874980
vt 0.3899480 0.3838360
f 325/1994/325 412/1995/412 368/1996/368
vt 0.9813580 0.9829580
vt 0.9813870 0.9802030
vt 0.9840580 0.9805160
f 336/1997/336 283/1998/283 355/1999/355
vt 0.8817100 0.8901070
vt 0.8782720 0.8889660
vt 0.8798930 0.8863070
f 320/2000/320 361/2001/361 409/2002/409
vt 0.6934380 0.4108700
vt 0.6901230 0.4119700
vt 0.6896480 0.4091470
f 330/2003/330 379/2004/379 371/2005/371
vt 0.2577010 0.6199300
vt 0.2622350 0.6210580
vt 0.2588290 0.6213760
f 355/2006/355 349/2007/349 390/2008/390
vt 0.6938470 0.3877220
vt 0.6919260 0.3867630
vt 0.6948120 0.3849620
f 342/2009/342 360/2010/360 345/2011/345
vt 0.6273760 0.8319420
vt 0.6262400 0.8330130
vt 0.6264820 0.8311810
f 307/2012/307 340/2013/340 365/2014/365
vt 0.7585310 0.7036650
vt 0.7540360 0.7071280
vt 0.7530620 0.7017940
f 303/2015/303 324/2016/324 385/2017/385
vt 0.8519180 0.8349990
vt 0.8514790 0.8357550
vt 0.8516500 0.8343290
f 341/2018/341 314/2019/314 348/2020/348
vt 0.6913080 0.3899690
f 342/2009/342 382/2021/382 360/2010/360
vt 0.8536230 0.8315890
vt 0.8537510 0.8325910
vt 0.8526130 0.8321350
f 350/2022/350 341/2023/341 353/2024/353
vt 0.8370130 0.6819960
vt 0.8406060 0.6806320
vt 0.8382240 0.6845530
f 323/2025/323 375/2026/375 361/2027/361
vt 0.8347600 0.6754210
vt 0.8360300 0.6767560
vt 0.8344290 0.6767320
f 367/2028/367 375/2029/375 337/2030/337
vt 0.8444520 0.8230200
vt 0.8427630 0.8211920
f 324/1973/324 332/2031/332 363/2032/363
vt 0.6244550 0.7959120
vt 0.6206770 0.7971630
vt 0.6218410 0.7937020
f 333/2033/333 358/2034/358 418/2035/418
vt 0.2141500 0.6460550
vt 0.2110090 0.6457180
vt 0.2138380 0.6413680
f 354/2036/354 376/2037/376 343/2038/343
vt 0.4512540 0.6966630
vt 0.4545000 0.6941130
vt 0.4542360 0.6974890
f 359/2039/359 352/2040/352 386/2041/386
vt 0.2212500 0.6792880
vt 0.2189480 0.6809430
vt 0.2190370 0.6775700
f 316/2042/316 356/2043/356 354/2044/354
vt 0.6238780 0.8358780
vt 0.6211250 0.8349690
vt 0.6220460 0.8337480
f 340/2045/340 389/2046/389 364/2047/364
vt 0.4500450 0.6808140
vt 0.4499520 0.6788340
vt 0.4516270 0.6786810
f 347/2048/347 351/2049/351 378/2050/378
vt 0.6884620 0.3943530
vt 0.6878270 0.3939420
vt 0.6881780 0.3930730
f 339/2051/339 381/2052/381 382/2053/382
vt 0.6245360 0.8019150
vt 0.6247400 0.8036400
vt 0.6236910 0.8022230
f 358/2054/358 372/2055/372 380/2056/380
vt 0.8472360 0.8268160
vt 0.8491480 0.8292210
vt 0.8478830 0.8286490
f 332/2057/332 353/2058/353 363/2059/363
vt 0.6222670 0.8298980
vt 0.6220560 0.8285390
vt 0.6239790 0.8288400
f 364/2060/364 365/2061/365 340/2062/340
vt 0.6305280 0.8203630
vt 0.6291090 0.8225940
vt 0.6283440 0.8191910
f 307/2063/307 365/2064/365 377/2065/377
vt 0.2300040 0.2265560
vt 0.2349070 0.2267680
vt 0.2291570 0.2299610
f 263/2066/263 362/2067/362 295/2068/295
vt 0.4536510 0.6905240
vt 0.4569190 0.6865750
vt 0.4568870 0.6906560
f 352/2069/352 347/2070/347 386/2071/386
vt 0.8489200 0.8332360
vt 0.8485690 0.8333610
vt 0.8488080 0.8322470
f 341/2072/341 348/2073/348 353/2074/353
vt 0.6875810 0.3966450
vt 0.6874540 0.3974230
vt 0.6864050 0.3966890
f 339/2075/339 371/2076/371 381/2077/381
vt 0.6293620 0.8171520
vt 0.6301360 0.8180320
f 377/2065/377 334/2078/334 307/2079/307
vt 0.6198400 0.8268500
vt 0.6190070 0.8263200
vt 0.6189190 0.8254250
f 365/2080/365 364/2081/364 403/2082/403
vt 0.6201740 0.8252120
vt 0.6191840 0.8235360
vt 0.6213010 0.8229240
f 365/2083/365 403/2084/403 377/2085/377
vt 0.9856580 0.9771060
vt 0.9864250 0.9739190
vt 0.9875840 0.9776730
f 355/2086/355 366/2087/366 336/2088/336
vt 0.2442410 0.2193560
vt 0.2450310 0.2227600
vt 0.2423610 0.2219960
f 362/2089/362 331/2090/331 383/2091/383
vt 0.8469690 0.8324510
vt 0.8472040 0.8313890
vt 0.8474770 0.8322640
f 370/2092/370 353/2093/353 348/2094/348
vt 0.0551720 0.2769950
vt 0.0504940 0.2743310
vt 0.0542500 0.2690520
f 373/2095/373 300/2096/300 397/2097/397
vt 0.2383310 0.2273810
vt 0.2352970 0.2318120
f 362/2067/362 383/2098/383 295/2099/295
vt 0.4319580 0.6973340
vt 0.4284830 0.6981510
vt 0.4256900 0.6925120
f 352/2100/352 359/2101/359 374/2102/374
vt 0.6289850 0.8144670
vt 0.6269870 0.8147920
vt 0.6277600 0.8121710
f 334/2103/334 377/2104/377 372/2105/372
vt 0.3574000 0.3684970
vt 0.3583180 0.3712900
vt 0.3567240 0.3725490
f 316/2106/316 368/2107/368 430/2108/430
vt 0.3557260 0.3658060
vt 0.3531800 0.3674390
vt 0.3514650 0.3667060
f 316/2109/316 430/2110/430 356/2111/356
vt 0.0808150 0.2534120
vt 0.0828730 0.2488280
vt 0.0850710 0.2519400
f 405/2112/405 411/2113/411 321/2114/321
vt 0.6229940 0.8066550
vt 0.6196400 0.8074170
vt 0.6210980 0.8052380
f 372/2115/372 393/2116/393 380/2117/380
vt 0.2740090 0.6248390
vt 0.2757880 0.6262960
vt 0.2742550 0.6279770
f 349/2118/349 384/2119/384 390/2120/390
vt 0.2115810 0.6245950
vt 0.2096150 0.6256960
vt 0.2091250 0.6240440
f 384/2121/384 343/2122/343 376/2123/376
vt 0.0684740 0.2684950
vt 0.0641820 0.2636270
vt 0.0692260 0.2639610
f 373/2124/373 397/2125/397 405/2126/405
vt 0.8461820 0.8290500
vt 0.8459790 0.8293570
vt 0.8452030 0.8284600
f 353/2127/353 370/2128/370 363/2129/363
vt 0.6246030 0.8083050
vt 0.6208250 0.8100890
f 393/2116/393 372/2130/372 377/2131/377
vt 0.2297750 0.3229690
vt 0.2295560 0.3248990
vt 0.2280700 0.3245340
f 352/2132/352 374/2133/374 399/2134/399
vt 0.4546500 0.6769800
vt 0.4546030 0.6754560
vt 0.4558410 0.6759470
f 347/2135/347 378/2136/378 391/2137/391
vt 0.4237160 0.6802510
vt 0.4222030 0.6775000
vt 0.4239420 0.6782590
f 352/2138/352 399/2139/399 351/2140/351
vt 0.4251430 0.6968000
vt 0.4249770 0.6995820
vt 0.4236830 0.6979150
f 359/2141/359 387/2142/387 374/2143/374
vt 0.6867130 0.3747460
vt 0.6869230 0.3796210
vt 0.6835110 0.3776860
f 331/2144/331 360/2145/360 398/2146/398
vt 0.4491440 0.7487450
vt 0.4515390 0.7456950
vt 0.4528860 0.7508340
f 333/2147/333 469/2148/469 369/2149/369
vt 0.6832740 0.4063620
vt 0.6829130 0.4084960
vt 0.6788760 0.4066040
f 371/2150/371 379/2151/379 421/2152/421
vt 0.6186870 0.7981010
vt 0.6173270 0.7999190
vt 0.6162560 0.7966810
f 358/2153/358 380/2154/380 418/2155/418
vt 0.4603130 0.6898250
vt 0.4594030 0.6883080
vt 0.4617660 0.6874310
f 386/2156/386 347/2157/347 419/2158/419
vt 0.6151690 0.8266560
vt 0.6154260 0.8299500
vt 0.6131100 0.8264190
f 403/2159/403 364/2160/364 406/2161/406
vt 0.6173940 0.8141350
vt 0.6175570 0.8135770
vt 0.6190120 0.8131330
f 403/2162/403 393/2163/393 377/2164/377
vt 0.4580400 0.6846940
vt 0.4585390 0.6801060
vt 0.4596730 0.6821480
f 347/2165/347 391/2166/391 419/2167/419
vt 0.6149440 0.8455820
vt 0.6107570 0.8453270
vt 0.6131040 0.8435660
f 321/2168/321 411/2169/411 389/2170/389
vt 0.6826640 0.4005520
vt 0.6800570 0.4035730
vt 0.6791670 0.4008430
f 371/2171/371 421/2172/421 381/2173/381
vt 0.3638290 0.3794730
vt 0.3631020 0.3822790
vt 0.3617770 0.3812240
f 368/2174/368 412/2175/412 430/2176/430
vt 0.2381450 0.3259200
vt 0.2389920 0.3269370
vt 0.2368370 0.3282000
f 374/2177/374 394/2178/394 400/2179/400
vt 0.2404560 0.3251220
vt 0.2421180 0.3259630
vt 0.2401160 0.3264930
f 374/2180/374 387/2181/387 394/2182/394
vt 0.3501430 0.3691940
vt 0.3447810 0.3699530
vt 0.3479150 0.3670330
f 430/2183/430 447/2184/447 356/2185/356
vt 0.6856930 0.3855630
vt 0.6838710 0.3854610
vt 0.6824460 0.3821940
f 360/2186/360 382/2187/382 398/2188/398
vt 0.4379820 0.8019030
vt 0.4405980 0.8016170
vt 0.4394870 0.8044140
f 357/2189/357 409/2190/409 466/2191/466
vt 0.2407220 0.3335740
vt 0.2424090 0.3314000
vt 0.2455360 0.3348080
f 392/2192/392 394/2193/394 388/2194/388
vt 0.6164480 0.8103350
vt 0.6156340 0.8121700
vt 0.6146270 0.8099110
f 380/2195/380 393/2196/393 401/2197/401
vt 0.2514760 0.6267890
vt 0.2530630 0.6323080
vt 0.2478870 0.6292590
f 355/2198/355 390/2199/390 366/2200/366
vt 0.3866940 0.3958980
vt 0.3910600 0.3976830
vt 0.3855390 0.3996730
f 412/2201/412 325/2202/325 443/2203/443
vt 0.2478290 0.3415770
vt 0.2473210 0.3456970
vt 0.2434920 0.3434360
f 388/2204/388 408/2205/408 392/2206/392
vt 0.2383790 0.3314300
f 392/2192/392 400/2207/400 394/2193/394
vt 0.2286000 0.3285090
vt 0.2278750 0.3269670
vt 0.2283230 0.3263920
f 400/2208/400 399/2209/399 374/2210/374
vt 0.7570530 0.7334190
vt 0.7530560 0.7345010
vt 0.7555850 0.7304630
f 363/2211/363 413/2212/413 324/2213/324
vt 0.2374450 0.3476130
vt 0.2415830 0.3503410
vt 0.2383890 0.3504450
f 392/2214/392 408/2215/408 402/2216/402
vt 0.6756280 0.7000230
vt 0.6728790 0.6970740
vt 0.6760250 0.6954340
f 325/2217/325 357/2218/357 466/2219/466
vt 0.4478360 0.7098700
vt 0.4499120 0.7114710
vt 0.4421610 0.7097770
f 359/2220/359 386/2221/386 387/2222/387
vt 0.2309170 0.2452030
vt 0.2353990 0.2470000
vt 0.2329820 0.2519690
f 295/2223/295 383/2224/383 300/2225/300
vt 0.6163540 0.8004310
vt 0.6155100 0.8005720
vt 0.6148010 0.7986160
f 380/2226/380 401/2227/401 418/2228/418
vt 0.6797730 0.3927700
vt 0.6761880 0.3943960
vt 0.6790910 0.3917490
f 381/2229/381 421/2230/421 382/2231/382
vt 0.2311480 0.3364370
vt 0.2290120 0.3367520
vt 0.2302350 0.3357290
f 392/2232/392 427/2233/427 400/2234/400
vt 0.2502080 0.3302610
vt 0.2490290 0.3281850
vt 0.2511880 0.3276410
f 388/2235/388 394/2236/394 396/2237/396
vt 0.1988480 0.8902710
vt 0.2026510 0.8929500
vt 0.1996350 0.8927820
f 387/2238/387 386/2239/386 395/2240/395
vt 0.6778620 0.4095430
vt 0.6762540 0.4110580
vt 0.6749530 0.4088660
f 379/2241/379 420/2242/420 421/2243/421
vt 0.1927420 0.8938800
vt 0.1935970 0.8945600
vt 0.1927280 0.8946420
f 396/2244/396 387/2245/387 395/2246/395
vt 0.2496460 0.3255590
vt 0.2496530 0.3264270
vt 0.2490820 0.3262840
f 387/2247/387 396/2248/396 394/2249/394
vt 0.3886990 0.4003570
f 325/2202/325 466/2250/466 443/2203/443
vt 0.1896070 0.9002590
vt 0.1919040 0.9011510
vt 0.1896560 0.9038990
f 396/2251/396 404/2252/404 388/2253/388
vt 0.2326620 0.3525550
vt 0.2306210 0.3532330
vt 0.2289780 0.3515800
f 402/2254/402 433/2255/433 392/2256/392
vt 0.4510650 0.6724160
vt 0.4486380 0.6705240
vt 0.4510980 0.6712250
f 378/2257/378 407/2258/407 391/2259/391
vt 0.7580650 0.7402590
vt 0.7584060 0.7410130
vt 0.7574340 0.7405750
f 363/2260/363 370/2261/370 413/2262/413
vt 0.6122760 0.8189420
vt 0.6115390 0.8167990
vt 0.6128400 0.8172940
f 403/2263/403 432/2264/432 393/2265/393
vt 0.4613180 0.6827090
vt 0.4604970 0.6801480
vt 0.4619310 0.6803960
f 419/2266/419 391/2267/391 414/2268/414
vt 0.6785190 0.4142610
vt 0.6764380 0.4146200
vt 0.6769420 0.4130860
f 379/2269/379 435/2270/435 420/2271/420
vt 0.4607550 0.6740760
vt 0.4591090 0.6731600
vt 0.4613090 0.6722520
f 391/2272/391 410/2273/410 414/2274/414
vt 0.6119090 0.8160550
vt 0.6108820 0.8160130
vt 0.6105030 0.8141320
f 393/2275/393 432/2276/432 401/2277/401
vt 0.2896860 0.6340540
vt 0.2909900 0.6372470
vt 0.2859590 0.6365820
f 376/2278/376 438/2279/438 384/2280/384
vt 0.1933720 0.9064150
vt 0.1963550 0.9052620
vt 0.1947100 0.9066580
f 388/2281/388 404/2282/404 436/2283/436
vt 0.6773240 0.3734090
vt 0.6736400 0.3765800
vt 0.6740390 0.3706720
f 398/2284/398 445/2285/445 331/2286/331
vt 0.2387830 0.2484820
vt 0.2383020 0.2541970
f 300/2225/300 383/2287/383 397/2288/397
vt 0.4228480 0.6709660
vt 0.4241240 0.6678970
vt 0.4265140 0.6691310
f 399/2289/399 429/2290/429 351/2291/351
vt 0.1923830 0.8988530
vt 0.1946130 0.8970250
vt 0.1969940 0.8987400
f 396/2292/396 395/2293/395 404/2294/404
vt 0.0702890 0.2522460
vt 0.0668030 0.2540800
vt 0.0672870 0.2504920
f 405/2295/405 397/2296/397 411/2297/411
vt 0.1991200 0.6572710
vt 0.1966760 0.6581740
vt 0.1948950 0.6557580
f 376/2298/376 354/2299/354 426/2300/426
vt 0.4669010 0.6918100
vt 0.4700210 0.6937370
vt 0.4682680 0.6951010
f 414/2301/414 423/2302/423 419/2303/419
vt 0.2667270 0.3425590
vt 0.2663160 0.3382790
vt 0.2677940 0.3403760
f 408/2304/408 388/2305/388 436/2306/436
vt 0.6069280 0.8424070
vt 0.6047480 0.8464840
vt 0.6047110 0.8423820
f 389/2307/389 411/2308/411 406/2309/406
vt 0.6816830 0.4175070
vt 0.6827620 0.4182750
vt 0.6798010 0.4186530
f 435/2310/435 379/2311/379 385/2312/385
vt 0.4675400 0.6971700
vt 0.4692330 0.6966940
vt 0.4684990 0.6993410
f 419/2313/419 423/2314/423 428/2315/428
vt 0.4485060 0.7641590
vt 0.4488580 0.7615320
vt 0.4503520 0.7642000
f 367/2316/367 369/2317/369 448/2318/448
vt 0.6728430 0.3935190
vt 0.6716890 0.3913740
vt 0.6743620 0.3915810
f 421/2319/421 445/2320/445 382/2321/382
vt 0.7564670 0.7447770
vt 0.7552790 0.7447650
vt 0.7557570 0.7440740
f 348/2322/348 437/2323/437 370/2324/370
vt 0.7590590 0.7548990
vt 0.7553810 0.7541730
vt 0.7581360 0.7510570
f 336/2325/336 437/2326/437 348/2327/348
vt 0.4293510 0.6700430
vt 0.4288060 0.6672980
vt 0.4307090 0.6681140
f 351/2328/351 429/2329/429 378/2330/378
vt 0.6798290 0.3866360
vt 0.6741430 0.3874980
vt 0.6756650 0.3855790
f 382/2331/382 445/2332/445 398/2333/398
vt 0.2247820 0.3260520
vt 0.2240310 0.3268260
vt 0.2233180 0.3258780
f 399/2334/399 400/2335/400 429/2336/429
vt 0.7731180 0.5043370
vt 0.7758780 0.5029960
vt 0.7762680 0.5052340
f 401/2337/401 432/2338/432 424/2339/424
vt 0.4537900 0.6694100
vt 0.4516970 0.6686560
vt 0.4528570 0.6670680
f 391/2340/391 407/2341/407 417/2342/417
vt 0.6102220 0.8318310
vt 0.6089970 0.8315860
vt 0.6095200 0.8297080
f 389/2343/389 406/2344/406 364/2345/364
vt 0.2687370 0.3404170
vt 0.2708550 0.3434610
vt 0.2679230 0.3446540
f 436/2346/436 452/2347/452 408/2348/408
vt 0.2027400 0.8954550
vt 0.2017990 0.8952860
f 386/2239/386 431/2349/431 395/2350/395
vt 0.2253450 0.3527970
vt 0.2254590 0.3481200
f 392/2256/392 433/2351/433 427/2352/427
vt 0.2250210 0.3298300
vt 0.2239790 0.3314040
vt 0.2232700 0.3286940
f 400/2353/400 427/2354/427 429/2355/429
vt 0.7652250 0.5201340
vt 0.7672440 0.5169980
vt 0.7679770 0.5197210
f 418/2356/418 401/2357/401 456/2358/456
vt 0.2034930 0.6789870
vt 0.2001010 0.6843080
vt 0.1972880 0.6780580
f 354/2359/354 356/2360/356 560/2361/560
vt 0.4540300 0.6675540
f 391/2340/391 417/2342/417 410/2362/410
vt 0.0714090 0.7832500
vt 0.0763020 0.7788400
vt 0.0772320 0.7839110
f 447/2363/447 560/2364/560 356/2365/356
vt 0.4493680 0.7665340
vt 0.4507490 0.7675140
vt 0.4489900 0.7683220
f 367/2366/367 448/2367/448 375/2368/375
vt 0.3797950 0.3986490
vt 0.3777570 0.4017830
vt 0.3765080 0.3970660
f 443/2369/443 416/2370/416 412/2371/412
vt 0.2411620 0.3598730
vt 0.2418550 0.3655970
vt 0.2372420 0.3628210
f 408/2372/408 467/2373/467 402/2374/402
vt 0.5020050 0.3828380
vt 0.5015030 0.3796540
vt 0.5037840 0.3822430
f 425/2375/425 434/2376/434 446/2377/446
vt 0.4515330 0.7617460
vt 0.4535810 0.7595560
vt 0.4544810 0.7629540
f 448/2378/448 369/2379/369 415/2380/415
vt 0.2296860 0.3595770
vt 0.2292800 0.3613590
vt 0.2279700 0.3590300
f 402/2381/402 517/2382/517 433/2383/433
vt 0.7755040 0.5110960
vt 0.7742430 0.5125380
vt 0.7748540 0.5113860
f 424/2384/424 456/2385/456 401/2386/401
vt 0.6758180 0.4194020
vt 0.6799240 0.4225910
vt 0.6749920 0.4230060
f 435/2387/435 385/2388/385 449/2389/449
vt 0.5066800 0.3790610
f 446/2377/446 434/2376/434 565/2390/565
vt 0.7689010 0.4896610
vt 0.7668090 0.4863870
vt 0.7686680 0.4875340
f 403/2391/403 406/2392/406 439/2393/439
vt 0.2018380 0.9006490
vt 0.2022360 0.8980300
vt 0.2053200 0.8982010
f 404/2394/404 395/2395/395 431/2396/431
vt 0.7708370 0.4926960
vt 0.7725970 0.4899110
f 432/2397/432 403/2391/403 439/2398/439
vt 0.7682500 0.4678210
vt 0.7715200 0.4691860
vt 0.7697330 0.4727760
f 411/2399/411 397/2400/397 406/2401/406
vt 0.4481250 0.7786130
vt 0.4516410 0.7774750
vt 0.4502740 0.7789590
f 375/2402/375 493/2403/493 361/2404/361
vt 0.6618970 0.4113060
vt 0.6610250 0.4078020
vt 0.6640380 0.4079720
f 420/2405/420 422/2406/422 421/2407/421
vt 0.6577980 0.4117090
vt 0.6551510 0.4125540
vt 0.6560240 0.4083240
f 420/2408/420 424/2409/424 422/2410/422
vt 0.2393640 0.3684690
vt 0.2327430 0.3658450
f 402/2374/402 467/2411/467 517/2412/517
vt 0.4712970 0.6894970
vt 0.4726600 0.6852840
vt 0.4757250 0.6864970
f 423/2413/423 414/2414/414 451/2415/451
vt 0.4337850 0.6658720
vt 0.4333190 0.6645890
vt 0.4344800 0.6646230
f 378/2416/378 429/2417/429 407/2418/407
vt 0.6590850 0.4147140
vt 0.6613220 0.4142490
vt 0.6593050 0.4159830
f 424/2419/424 420/2420/420 449/2421/449
vt 0.6716910 0.4155270
vt 0.6693650 0.4173000
vt 0.6688000 0.4144250
f 435/2422/435 449/2423/449 420/2424/420
vt 0.6642710 0.3745340
vt 0.6612350 0.3758260
vt 0.6609660 0.3728270
f 331/2425/331 445/2426/445 383/2427/383
vt 0.4498470 0.7697980
vt 0.4511510 0.7698320
f 375/2428/375 448/2367/448 462/2429/462
vt 0.7837120 0.5042920
vt 0.7816830 0.5030420
vt 0.7834290 0.5024080
f 424/2430/424 432/2431/432 422/2432/422
vt 0.2079850 0.8930630
vt 0.2066000 0.8941380
vt 0.2058100 0.8935300
f 419/2433/419 431/2434/431 386/2435/386
vt 0.6500320 0.3704000
vt 0.6518800 0.3773160
vt 0.6460730 0.3761450
f 383/2436/383 445/2437/445 397/2438/397
vt 0.2819980 0.6392570
vt 0.2866290 0.6405640
vt 0.2816420 0.6437130
f 390/2439/390 384/2440/384 438/2441/438
vt 0.4667850 0.6674390
vt 0.4640850 0.6661060
vt 0.4645350 0.6643190
f 414/2442/414 410/2443/410 490/2444/490
vt 0.4492920 0.7751830
vt 0.4512960 0.7746220
f 375/2445/375 462/2446/462 493/2403/493
vt 0.4990890 0.3729890
vt 0.4996600 0.3723450
vt 0.5003010 0.3745690
f 463/2447/463 565/2448/565 434/2449/434
vt 0.2671950 0.3598880
vt 0.2689920 0.3622060
vt 0.2656020 0.3631930
f 408/2450/408 452/2451/452 467/2452/467
vt 0.8715840 0.1037990
vt 0.8719950 0.1057480
vt 0.8693530 0.1059250
f 333/2453/333 418/2454/418 469/2455/469
vt 0.7507360 0.7426410
vt 0.7501350 0.7430200
vt 0.7497640 0.7422390
f 413/2456/413 370/2457/370 437/2458/437
vt 0.6621390 0.4000360
vt 0.6603250 0.4011590
vt 0.6595050 0.3992190
f 445/2459/445 421/2460/421 442/2461/442
vt 0.4864910 0.4020590
vt 0.4926990 0.4009350
vt 0.4927780 0.4075590
f 444/2462/444 434/2463/434 425/2464/425
vt 0.6596400 0.4025860
vt 0.6581920 0.4016880
f 422/2465/422 442/2466/442 421/2460/421
vt 0.4512380 0.7806520
vt 0.4533250 0.7812800
vt 0.4538960 0.7844820
f 361/2467/361 493/2468/493 409/2469/409
vt 0.2069190 0.9072750
vt 0.2100590 0.9095040
vt 0.2085930 0.9100520
f 404/2470/404 501/2471/501 436/2472/436
vt 0.7486010 0.7385830
vt 0.7479380 0.7394000
vt 0.7463550 0.7385460
f 413/2473/413 474/2474/474 454/2475/454
vt 0.4936970 0.3735860
vt 0.4886860 0.3718420
vt 0.4943260 0.3697730
f 434/2476/434 514/2477/514 463/2478/463
vt 0.2068300 0.9006210
vt 0.2080480 0.8982960
vt 0.2100210 0.9003970
f 431/2479/431 441/2480/441 404/2481/404
vt 0.2148530 0.8932530
vt 0.2168290 0.8944460
vt 0.2147710 0.8959470
f 419/2482/419 428/2483/428 441/2484/441
vt 0.7484270 0.7421740
vt 0.7470340 0.7408720
vt 0.7487020 0.7408200
f 437/2485/437 474/2486/474 413/2487/413
vt 0.7728820 0.4830690
vt 0.7759730 0.4853060
vt 0.7733480 0.4867260
f 406/2488/406 397/2489/397 439/2490/439
vt 0.4305830 0.6627980
vt 0.4309790 0.6624640
vt 0.4312890 0.6627120
f 429/2491/429 453/2492/453 407/2493/407
vt 0.2127820 0.8950080
vt 0.2134710 0.8967620
vt 0.2114950 0.8962220
f 419/2494/419 441/2495/441 431/2496/431
vt 0.7872220 0.5006080
vt 0.7873660 0.4985610
vt 0.7892990 0.4994170
f 422/2497/422 432/2498/432 442/2499/442
vt 0.2324150 0.8852110
vt 0.2343760 0.8871030
vt 0.2309080 0.8897540
f 423/2500/423 451/2501/451 428/2502/428
vt 0.6593950 0.6139090
vt 0.6574190 0.6192360
vt 0.6542050 0.6156770
f 440/2503/440 450/2504/450 461/2505/461
vt 0.8776260 0.1093050
vt 0.8800970 0.1114920
vt 0.8784690 0.1148740
f 418/2506/418 456/2507/456 506/2508/506
vt 0.7846330 0.5154090
vt 0.7893160 0.5148060
vt 0.7864040 0.5187620
f 424/2509/424 449/2510/449 456/2511/456
vt 0.5284710 0.8280630
vt 0.5310450 0.8236950
vt 0.5334190 0.8263610
f 385/2512/385 324/2513/324 476/2514/476
vt 0.2036310 0.9173380
vt 0.2058570 0.9217430
vt 0.2024400 0.9198720
f 436/2515/436 604/2516/604 551/2517/551
vt 0.1192680 0.4253880
vt 0.1207670 0.4211480
vt 0.1235640 0.4223710
f 486/2518/486 416/2519/416 443/2520/443
vt 0.4161610 0.9434120
vt 0.4123550 0.9425650
vt 0.4143000 0.9401210
f 444/2521/444 425/2522/425 473/2523/473
vt 0.8713930 0.1073420
vt 0.8702190 0.1092730
vt 0.8684760 0.1077540
f 418/2524/418 506/2525/506 469/2526/469
vt 0.4323200 0.6612930
vt 0.4332780 0.6598100
vt 0.4336770 0.6607320
f 407/2527/407 453/2528/453 417/2529/417
vt 0.2769640 0.3407360
vt 0.2797640 0.3406200
vt 0.2779410 0.3436660
f 436/2530/436 551/2531/551 452/2532/452
vt 0.4622580 0.6620720
vt 0.4585900 0.6607680
vt 0.4609750 0.6584780
f 410/2533/410 417/2534/417 490/2535/490
vt 0.0642530 0.7661920
vt 0.0603230 0.7625570
vt 0.0623570 0.7588180
f 447/2536/447 430/2537/430 525/2538/525
vt 0.6655590 0.6063000
vt 0.6617030 0.6024220
vt 0.6677240 0.6025550
f 440/2539/440 461/2540/461 472/2541/472
vt 0.4746710 0.3819980
vt 0.4728350 0.3785080
vt 0.4754970 0.3762210
f 444/2542/444 514/2543/514 434/2544/434
vt 0.6453270 0.3905230
vt 0.6495840 0.3943220
vt 0.6464410 0.3972150
f 397/2545/397 445/2546/445 442/2547/442
vt 0.6789480 0.4270110
vt 0.6786170 0.4301270
vt 0.6767490 0.4281370
f 385/2548/385 476/2549/476 449/2550/449
vt 0.4250060 0.9427820
vt 0.4244760 0.9410330
vt 0.4272620 0.9413800
f 444/2551/444 473/2552/473 460/2553/460
vt 0.7846980 0.4949670
vt 0.7855400 0.4946850
vt 0.7865180 0.4963840
f 439/2554/439 442/2555/442 432/2556/432
vt 0.7816130 0.4884390
vt 0.7853300 0.4886310
vt 0.7840740 0.4910740
f 439/2557/439 397/2558/397 442/2559/442
vt 0.4592350 0.7646240
vt 0.4596120 0.7660230
vt 0.4592960 0.7663260
f 415/2560/415 455/2561/455 448/2562/448
vt 0.6520970 0.6306890
vt 0.6566820 0.6330500
vt 0.6516440 0.6356530
f 450/2563/450 440/2564/440 508/2565/508
vt 0.7656820 0.9364370
vt 0.7663390 0.9330120
vt 0.7677470 0.9375550
f 414/2566/414 490/2567/490 488/2568/488
vt 0.2764620 0.6461690
vt 0.2784970 0.6465260
vt 0.2762010 0.6473310
f 390/2569/390 438/2570/438 475/2571/475
vt 0.6754280 0.4326870
f 476/2549/476 465/2572/465 449/2550/449
vt 0.1909110 0.6651210
vt 0.1878490 0.6701690
vt 0.1849470 0.6656820
f 354/2573/354 560/2574/560 426/2575/426
vt 0.2715000 0.6455330
vt 0.2741060 0.6476900
vt 0.2713440 0.6482300
f 390/2576/390 475/2577/475 459/2578/459
vt 0.2434840 0.9076640
vt 0.2442630 0.9133620
vt 0.2387760 0.9110180
f 461/2579/461 450/2580/450 464/2581/464
vt 0.3038230 0.6458270
vt 0.3076360 0.6491030
vt 0.3024460 0.6512580
f 376/2582/376 426/2583/426 438/2584/438
vt 0.8696950 0.1979310
vt 0.8750750 0.1982360
vt 0.8728950 0.2006370
f 440/2585/440 477/2586/477 508/2587/508
vt 0.7688170 0.9384970
vt 0.7711430 0.9374600
vt 0.7706500 0.9399410
f 414/2588/414 488/2589/488 451/2590/451
vt 0.4990400 0.3622620
vt 0.4992670 0.3578230
vt 0.5008110 0.3599820
f 463/2591/463 588/2592/588 565/2593/565
vt 0.7465510 0.7523090
vt 0.7407460 0.7513180
vt 0.7437130 0.7490360
f 336/2594/336 481/2595/481 437/2596/437
vt 0.5179290 0.3893620
vt 0.5213240 0.3860590
vt 0.5230850 0.3905450
f 446/2597/446 565/2598/565 578/2599/578
vt 0.5987540 0.0121470
vt 0.5933210 0.0088390
vt 0.5977340 0.0071120
f 461/2600/461 458/2601/458 472/2602/472
vt 0.4601070 0.7682060
vt 0.4603960 0.7697920
vt 0.4596480 0.7687680
f 455/2603/455 462/2604/462 448/2605/448
vt 0.3518220 0.3900290
vt 0.3506320 0.3947470
vt 0.3462540 0.3911100
f 412/2606/412 416/2607/416 430/2608/430
vt 0.1138730 0.4290540
vt 0.1109920 0.4312070
vt 0.1101750 0.4263880
f 443/2609/443 466/2610/466 486/2611/486
vt 0.7402370 0.7336400
vt 0.7376970 0.7362820
vt 0.7383380 0.7339470
f 324/2612/324 413/2613/413 476/2614/476
vt 0.2181520 0.9004780
vt 0.2199580 0.8996280
vt 0.2191100 0.9006160
f 441/2615/441 428/2616/428 480/2617/480
vt 0.4566990 0.7971770
vt 0.4598190 0.7976480
vt 0.4577510 0.8001620
f 409/2618/409 492/2619/492 466/2620/466
vt 0.1253430 0.1273290
vt 0.1212150 0.1222380
vt 0.1258100 0.1198810
f 440/2621/440 472/2622/472 457/2623/457
vt 0.7417230 0.7429990
vt 0.7409430 0.7435290
vt 0.7409080 0.7426540
f 437/2624/437 481/2625/481 474/2626/474
vt 0.2164840 0.9020870
vt 0.2174940 0.9024420
vt 0.2173400 0.9032890
f 441/2627/441 480/2628/480 404/2629/404
vt 0.9683190 0.9307890
vt 0.9674150 0.9328560
vt 0.9663480 0.9296180
f 415/2630/415 369/2631/369 469/2632/469
vt 0.7471660 0.7580620
vt 0.7450860 0.7602850
vt 0.7444290 0.7581060
f 336/2633/336 366/2634/366 518/2635/518
vt 0.6708520 0.4255960
vt 0.6702480 0.4280030
vt 0.6692630 0.4249130
f 449/2636/449 465/2637/465 456/2638/456
vt 0.8900770 0.1952690
vt 0.8937490 0.1981260
vt 0.8883420 0.1997270
f 440/2639/440 457/2640/457 477/2641/477
vt 0.2129250 0.9154910
vt 0.2161720 0.9135750
vt 0.2175280 0.9162520
f 436/2642/436 501/2643/501 604/2644/604
vt 0.7458030 0.7553210
vt 0.7444160 0.7568050
vt 0.7427800 0.7549070
f 336/2645/336 518/2646/518 481/2647/481
vt 0.4715260 0.3958010
vt 0.4688780 0.3932970
vt 0.4698180 0.3918880
f 444/2648/444 460/2649/460 514/2650/514
vt 0.2791680 0.3593450
vt 0.2800660 0.3613260
vt 0.2797020 0.3629410
f 452/2651/452 551/2652/551 467/2653/467
vt 0.2427850 0.9253640
vt 0.2404810 0.9262630
vt 0.2405720 0.9246770
f 450/2654/450 478/2655/478 464/2656/464
vt 0.4607050 0.7901360
vt 0.4634150 0.7901630
vt 0.4616600 0.7908910
f 493/2657/493 492/2658/492 409/2659/409
vt 0.6249150 0.0272210
vt 0.6255760 0.0313910
vt 0.6212340 0.0321790
f 461/2660/461 464/2661/464 468/2662/468
vt 0.6141610 0.0251150
vt 0.6171970 0.0285900
vt 0.6147550 0.0282660
f 461/2663/461 468/2664/468 470/2665/470
vt 0.3465440 0.3962140
vt 0.3424960 0.3918380
f 430/2608/430 416/2666/416 525/2667/525
vt 0.9726260 0.9237380
vt 0.9717230 0.9225190
vt 0.9725940 0.9225850
f 415/2668/415 482/2669/482 455/2670/455
vt 0.5704580 0.8564840
vt 0.5664710 0.8506300
vt 0.5743480 0.8499790
f 456/2671/456 465/2672/465 506/2673/506
vt 0.4127930 0.9302000
vt 0.4176420 0.9223020
vt 0.4175270 0.9284810
f 425/2674/425 520/2675/520 473/2676/473
vt 0.4286400 0.9326220
vt 0.4249850 0.9298160
vt 0.4294250 0.9289130
f 460/2677/460 473/2678/473 491/2679/491
vt 0.2479650 0.9288640
vt 0.2454720 0.9297180
vt 0.2434630 0.9281820
f 450/2680/450 471/2681/471 478/2682/478
vt 0.5390070 0.8164720
vt 0.5407260 0.8163310
vt 0.5396100 0.8195640
f 413/2683/413 454/2684/454 476/2685/476
vt 0.2520570 0.6521910
vt 0.2487300 0.6557320
vt 0.2468070 0.6509530
f 459/2686/459 544/2687/544 390/2688/390
vt 0.2175750 0.3619910
vt 0.2095100 0.3645310
vt 0.2107900 0.3590950
f 433/2689/433 670/2690/670 427/2691/427
vt 0.2635550 0.9333540
vt 0.2656090 0.9348040
vt 0.2636240 0.9356790
f 450/2692/450 491/2693/491 471/2694/471
vt 0.6300290 0.0334190
vt 0.6291720 0.0351750
vt 0.6287800 0.0333130
f 464/2695/464 478/2696/478 468/2697/468
vt 0.5991700 0.0226370
vt 0.5958790 0.0245970
vt 0.5928160 0.0222610
f 461/2698/461 470/2699/470 458/2700/458
vt 0.0806080 0.1275740
vt 0.0762960 0.1224390
vt 0.0805050 0.1213860
f 458/2701/458 510/2702/510 472/2703/472
vt 0.2708110 0.9298050
vt 0.2710230 0.9325150
vt 0.2692290 0.9307310
f 508/2704/508 521/2705/521 450/2706/450
vt 0.7360740 0.7423010
vt 0.7356630 0.7427150
vt 0.7358120 0.7421470
f 454/2707/454 474/2708/474 485/2709/485
vt 0.9796940 0.9199120
vt 0.9793010 0.9195920
vt 0.9814670 0.9180080
f 462/2710/462 489/2711/489 493/2712/493
vt 0.9743780 0.9183820
vt 0.9732600 0.9158680
vt 0.9751310 0.9165130
f 462/2713/462 455/2714/455 489/2715/489
vt 0.7350940 0.7446170
vt 0.7346390 0.7452180
vt 0.7342140 0.7450930
f 474/2716/474 481/2717/481 485/2718/485
vt 0.2221420 0.9065640
vt 0.2245020 0.9078640
vt 0.2206740 0.9082230
f 404/2719/404 480/2720/480 501/2721/501
vt 0.4361330 0.9245640
vt 0.4355980 0.9259380
vt 0.4343840 0.9240740
f 450/2722/450 521/2723/521 491/2724/491
vt 0.5272430 0.4018480
vt 0.5295750 0.3992420
vt 0.5303800 0.4025490
f 425/2725/425 446/2726/446 556/2727/556
vt 0.7351170 0.7426630
vt 0.7336480 0.7431060
vt 0.7350350 0.7420330
f 485/2728/485 504/2729/504 454/2730/454
vt 0.1247830 0.4889670
vt 0.1227060 0.4912300
vt 0.1210760 0.4888610
f 514/2731/514 460/2732/460 535/2733/535
vt 0.5909230 0.0241930
f 458/2700/458 470/2699/470 507/2734/507
vt 0.9677690 0.9236990
vt 0.9647070 0.9216850
vt 0.9673800 0.9199370
f 415/2735/415 469/2736/469 482/2737/482
vt 0.6423220 0.0433030
vt 0.6407550 0.0416770
vt 0.6435990 0.0407000
f 551/2738/551 495/2739/495 467/2740/467
vt 0.6918030 0.9524130
vt 0.6907000 0.9521670
vt 0.6910010 0.9505830
f 496/2741/496 467/2742/467 483/2743/483
vt 0.3815660 0.1190220
vt 0.3816930 0.1172750
vt 0.3831690 0.1170210
f 510/2744/510 458/2745/458 516/2746/516
vt 0.2425840 0.6571700
vt 0.2421660 0.6528830
f 390/2688/390 544/2747/544 366/2748/366
vt 0.5426680 0.8193150
vt 0.5423550 0.8206630
f 476/2685/476 454/2749/454 465/2750/465
vt 0.6727490 0.6667230
vt 0.6722410 0.6637960
vt 0.6743950 0.6657980
f 466/2751/466 492/2752/492 486/2753/486
vt 0.8980400 0.2051860
vt 0.8998230 0.2089280
vt 0.8955920 0.2100110
f 457/2754/457 505/2755/505 477/2756/477
vt 0.2587560 0.9371610
vt 0.2612630 0.9370740
vt 0.2599730 0.9379450
f 471/2757/471 491/2758/491 484/2759/484
vt 0.3764540 0.1156650
vt 0.3780900 0.1110360
vt 0.3788350 0.1158060
f 458/2760/458 507/2761/507 516/2762/516
vt 0.2418430 0.9312160
vt 0.2421560 0.9322870
vt 0.2408340 0.9316580
f 478/2763/478 483/2764/483 498/2765/498
vt 0.1185620 0.1031460
vt 0.1182210 0.0996320
vt 0.1204700 0.1009080
f 472/2766/472 487/2767/487 457/2768/457
vt 0.7316360 0.7442590
vt 0.7313370 0.7451920
vt 0.7308630 0.7447600
f 504/2769/504 485/2770/485 499/2771/499
vt 0.2456850 0.9325550
vt 0.2440540 0.9335010
vt 0.2443550 0.9322820
f 471/2772/471 483/2773/483 478/2774/478
vt 0.2509030 0.9350410
vt 0.2505590 0.9357520
vt 0.2498480 0.9355670
f 471/2775/471 484/2776/484 483/2777/483
vt 0.7817350 0.9397160
vt 0.7812010 0.9364180
vt 0.7855160 0.9384810
f 451/2778/451 488/2779/488 509/2780/509
vt 0.9770420 0.9146690
vt 0.9770610 0.9115110
vt 0.9781470 0.9138020
f 489/2781/489 497/2782/497 493/2783/493
vt 0.9735330 0.9138580
vt 0.9734310 0.9131950
vt 0.9742660 0.9128810
f 455/2784/455 500/2785/500 489/2786/489
vt 0.4266370 0.9268800
vt 0.4286130 0.9260260
f 473/2787/473 484/2788/484 491/2679/491
vt 0.6868810 0.9557870
vt 0.6867140 0.9553280
vt 0.6871690 0.9548560
f 467/2789/467 495/2790/495 483/2791/483
vt 0.5468690 0.8157530
vt 0.5490120 0.8165650
vt 0.5471780 0.8182570
f 454/2792/454 504/2793/504 465/2794/465
vt 0.4114790 0.8452700
vt 0.4088900 0.8474420
vt 0.4078600 0.8447570
f 428/2795/428 512/2796/512 480/2797/480
vt 0.9627870 0.9178160
vt 0.9656900 0.9174630
f 469/2736/469 506/2798/506 482/2799/482
vt 0.8730660 0.0525020
vt 0.8693510 0.0532400
vt 0.8730310 0.0482600
f 366/2800/366 585/2801/585 567/2802/567
vt 0.8916550 0.2129580
vt 0.8934060 0.2156190
vt 0.8918470 0.2157290
f 477/2803/477 505/2804/505 508/2805/508
vt 0.5557180 0.8072590
vt 0.5564550 0.8054780
vt 0.5565150 0.8073030
f 485/2806/485 481/2807/481 502/2808/502
vt 0.8621120 0.0585570
vt 0.8595490 0.0584120
vt 0.8609280 0.0567060
f 366/2809/366 544/2810/544 585/2811/585
vt 0.1259780 0.1027640
vt 0.1252240 0.0987180
vt 0.1295110 0.0984080
f 457/2812/457 487/2813/487 479/2814/479
vt 0.0836550 0.0949850
vt 0.0870770 0.0904560
vt 0.0882240 0.0969490
f 510/2815/510 487/2816/487 472/2817/472
vt 0.9748150 0.9125190
vt 0.9753700 0.9127010
f 489/2786/489 500/2818/500 497/2819/497
vt 0.2510720 0.9366940
vt 0.2499130 0.9374130
vt 0.2498990 0.9363370
f 484/2820/484 496/2821/496 483/2822/483
vt 0.9719470 0.9123570
vt 0.9705010 0.9120870
vt 0.9717500 0.9114520
f 455/2823/455 482/2824/482 500/2825/500
vt 0.2413650 0.9336000
vt 0.2415930 0.9340820
vt 0.2410070 0.9344950
f 498/2826/498 483/2827/483 495/2828/495
vt 0.6287210 0.0391230
vt 0.6293380 0.0411290
vt 0.6279440 0.0420900
f 468/2829/468 478/2830/478 494/2831/494
vt 0.6067740 0.0349080
vt 0.6043210 0.0352360
vt 0.6043710 0.0338510
f 468/2832/468 515/2833/515 470/2834/470
vt 0.4238740 0.9236900
vt 0.4238630 0.9225380
vt 0.4253560 0.9228510
f 473/2835/473 520/2836/520 484/2837/484
vt 0.5586480 0.8092320
vt 0.5586230 0.8084350
vt 0.5590200 0.8088060
f 485/2838/485 502/2839/502 499/2840/499
vt 0.6331700 0.0395030
vt 0.6328030 0.0420450
vt 0.6304230 0.0419140
f 478/2841/478 498/2842/498 494/2843/494
vt 0.9665690 0.4665790
vt 0.9674560 0.4683850
vt 0.9666030 0.4686270
f 460/2844/460 491/2845/491 503/2846/503
vt 0.5720300 0.8143150
vt 0.5726500 0.8154500
vt 0.5711420 0.8151340
f 482/2847/482 504/2848/504 499/2849/499
vt 0.5695820 0.8128420
vt 0.5699740 0.8112900
vt 0.5731340 0.8135650
f 499/2850/499 500/2851/500 482/2852/482
vt 0.4303950 0.6477190
vt 0.4308620 0.6466570
vt 0.4321520 0.6468110
f 429/2853/429 540/2854/540 453/2855/453
vt 0.4403690 0.6476560
vt 0.4368910 0.6465930
vt 0.4407930 0.6462100
f 417/2856/417 453/2857/453 526/2858/526
vt 0.4159250 0.8529460
vt 0.4141970 0.8530370
vt 0.4134740 0.8516060
f 451/2859/451 512/2860/512 428/2861/428
vt 0.0832670 0.0888890
vt 0.0877060 0.0868250
f 510/2862/510 519/2863/519 487/2816/487
vt 0.1847060 0.0499300
vt 0.1879670 0.0508460
vt 0.1862690 0.0528930
f 505/2864/505 457/2865/457 479/2866/479
vt 0.5870720 0.0271190
vt 0.5905950 0.0261380
vt 0.5880290 0.0312780
f 507/2867/507 470/2868/470 515/2869/515
vt 0.5561850 0.8047940
vt 0.5565220 0.8034820
vt 0.5568550 0.8047110
f 481/2870/481 518/2871/518 502/2872/502
vt 0.4169110 0.8568210
vt 0.4151700 0.8576800
f 451/2859/451 509/2873/509 512/2874/512
vt 0.5614230 0.8097110
vt 0.5625500 0.8087890
vt 0.5632260 0.8089770
f 499/2875/499 502/2876/502 500/2877/500
vt 0.5187890 0.4229730
vt 0.5289090 0.4183240
vt 0.5247150 0.4243610
f 425/2878/425 556/2879/556 520/2880/520
vt 0.9823740 0.9131720
vt 0.9790240 0.9114730
vt 0.9823230 0.9070700
f 492/2881/492 493/2882/493 528/2883/528
vt 0.3188330 0.0607790
vt 0.3203560 0.0648060
vt 0.3167120 0.0662690
f 516/2884/516 507/2885/507 527/2886/527
vt 0.6896320 0.9466250
vt 0.6872620 0.9451610
vt 0.6902380 0.9458630
f 496/2887/496 484/2888/484 545/2889/545
vt 0.9533680 0.4005780
vt 0.9518950 0.3991360
vt 0.9538160 0.3987940
f 433/2890/433 517/2891/517 670/2892/670
vt 0.7073170 0.2087360
vt 0.7108260 0.2079960
vt 0.7110750 0.2104110
f 560/2893/560 555/2894/555 426/2895/426
vt 0.4055860 0.8457900
vt 0.4053510 0.8486520
f 480/2896/480 512/2796/512 511/2897/511
vt 0.5769500 0.8184330
vt 0.5808330 0.8190550
vt 0.5769250 0.8216700
f 504/2898/504 482/2899/482 506/2900/506
vt 0.4248040 0.9210080
vt 0.4239120 0.9208930
vt 0.4247970 0.9193080
f 484/2901/484 520/2902/520 537/2903/537
vt 0.9798780 0.9075950
f 493/2882/493 497/2904/497 528/2883/528
vt 0.3459610 0.4029400
vt 0.3472460 0.4073060
vt 0.3424980 0.4068560
f 416/2905/416 554/2906/554 525/2907/525
vt 0.9681550 0.4709920
vt 0.9681090 0.4719240
vt 0.9673780 0.4712270
f 491/2908/491 521/2909/521 503/2910/503
vt 0.8746050 0.0440900
vt 0.8774240 0.0421710
vt 0.8785460 0.0448540
f 567/2911/567 518/2912/518 366/2913/366
vt 0.5622500 0.8170080
vt 0.5614170 0.8203910
vt 0.5567130 0.8194690
f 504/2914/504 506/2915/506 465/2916/465
vt 0.6347170 0.0512010
vt 0.6319710 0.0539180
vt 0.6328800 0.0505760
f 551/2917/551 570/2918/570 495/2919/495
vt 0.6538760 0.6588500
vt 0.6531130 0.6624520
vt 0.6517250 0.6612770
f 508/2920/508 550/2921/550 521/2922/521
vt 0.1258470 0.0946390
vt 0.1208350 0.0941990
vt 0.1234480 0.0916540
f 479/2923/479 487/2924/487 524/2925/524
vt 0.4024410 0.8446760
vt 0.4023390 0.8461310
vt 0.4014860 0.8445060
f 480/2926/480 511/2927/511 501/2928/501
vt 0.5759150 0.8066210
vt 0.5752490 0.8052860
vt 0.5768220 0.8054230
f 500/2929/500 502/2930/502 497/2931/497
vt 0.0733420 0.7493650
vt 0.0757440 0.7483200
vt 0.0753410 0.7503640
f 525/2932/525 513/2933/513 447/2934/447
vt 0.6855280 0.9444050
vt 0.6834690 0.9401030
vt 0.6877720 0.9432360
f 484/2935/484 537/2936/537 545/2937/545
vt 0.4488620 0.5293250
vt 0.4523240 0.5298860
vt 0.4496690 0.5332590
f 510/2938/510 541/2939/541 519/2940/519
vt 0.5567420 0.8008830
vt 0.5578700 0.8010220
vt 0.5579400 0.8021080
f 518/2941/518 529/2942/529 502/2943/502
vt 0.2789050 0.6641700
vt 0.2795870 0.6679650
vt 0.2760540 0.6630560
f 475/2944/475 522/2945/522 459/2946/459
vt 0.1027500 0.0852170
vt 0.0988130 0.0830350
vt 0.1008810 0.0803890
f 487/2947/487 519/2948/519 524/2949/524
vt 0.1021160 0.4181740
vt 0.0991560 0.4145940
vt 0.1025730 0.4138810
f 486/2950/486 523/2951/523 416/2952/416
vt 0.9640020 0.4077680
vt 0.9683480 0.4075070
vt 0.9641080 0.4116050
f 510/2953/510 516/2954/516 541/2955/541
vt 0.6841240 0.6644720
vt 0.6879900 0.6592540
vt 0.6885720 0.6652960
f 486/2956/486 492/2957/492 597/2958/597
vt 0.6991400 0.9443910
vt 0.6991280 0.9410440
vt 0.7045530 0.9424070
f 496/2959/496 664/2960/664 467/2961/467
vt 0.2884340 0.6637870
vt 0.2913470 0.6676760
vt 0.2866820 0.6689720
f 475/2962/475 438/2963/438 522/2964/522
vt 0.9671100 0.4788520
vt 0.9673580 0.4818470
vt 0.9655980 0.4803000
f 521/2965/521 550/2966/550 531/2967/531
vt 0.4427810 0.4385570
vt 0.4401570 0.4316630
vt 0.4456900 0.4347370
f 523/2968/523 554/2969/554 416/2970/416
vt 0.0897870 0.7589020
vt 0.0912250 0.7555860
vt 0.0927650 0.7595250
f 447/2971/447 513/2972/513 560/2973/560
vt 0.6207690 0.0450720
vt 0.6205270 0.0477650
vt 0.6189920 0.0472550
f 468/2974/468 494/2975/494 547/2976/547
vt 0.7833100 0.9275300
vt 0.7844560 0.9264500
vt 0.7851260 0.9305870
f 488/2977/488 530/2978/530 509/2979/509
vt 0.6094090 0.0418280
vt 0.6066910 0.0456420
vt 0.6041410 0.0405440
f 468/2980/468 547/2981/547 515/2982/515
vt 0.9790320 0.4083380
vt 0.9813340 0.4097240
vt 0.9796670 0.4121400
f 516/2983/516 527/2984/527 558/2985/558
vt 0.4140180 0.8597190
vt 0.4139020 0.8619310
vt 0.4130600 0.8613590
f 512/2986/512 509/2987/509 536/2988/536
vt 0.8848950 0.2242640
vt 0.8896220 0.2246190
vt 0.8874910 0.2293590
f 508/2989/508 505/2990/505 550/2991/550
vt 0.4463680 0.5443350
vt 0.4477870 0.5422370
vt 0.4495710 0.5460340
f 519/2992/519 541/2993/541 571/2994/571
vt 0.5745020 0.8023600
vt 0.5716370 0.8008150
vt 0.5772270 0.8018200
f 497/2995/497 502/2996/502 528/2997/528
vt 0.7830130 0.9265850
vt 0.7842340 0.9248840
f 488/2998/488 490/2999/490 530/2978/530
vt 0.6289420 0.0466910
vt 0.6286230 0.0485670
vt 0.6279270 0.0479330
f 498/3000/498 495/3001/495 494/3002/494
vt 0.4304060 0.3250640
vt 0.4278580 0.3272640
vt 0.4285570 0.3255970
f 417/3003/417 526/3004/526 490/3005/490
vt 0.1995480 0.3383770
vt 0.1941750 0.3408070
vt 0.1945280 0.3350640
f 429/3006/429 427/3007/427 540/3008/540
vt 0.4372660 0.6413840
vt 0.4396100 0.6396570
vt 0.4410310 0.6414760
f 453/3009/453 553/3010/553 526/3011/526
vt 0.4353200 0.6413290
vt 0.4339950 0.6405570
vt 0.4359880 0.6402460
f 453/3012/453 540/3013/540 553/3014/553
vt 0.9647680 0.4773280
vt 0.9643430 0.4775500
vt 0.9643090 0.4768860
f 531/3015/531 503/3016/503 521/3017/521
vt 0.5818400 0.0285950
vt 0.5847470 0.0356010
vt 0.5799420 0.0349700
f 507/3018/507 515/3019/515 564/3020/564
vt 0.6839210 0.9368820
vt 0.6873610 0.9382180
f 537/2936/537 584/3021/584 545/3022/545
vt 0.4103190 0.8557990
vt 0.4103550 0.8604200
vt 0.4088230 0.8591400
f 512/3023/512 536/3024/536 539/3025/539
vt 0.7872460 0.9263580
f 530/2978/530 536/3026/536 509/2979/509
vt 0.2148360 0.3881940
vt 0.2128520 0.3864850
vt 0.2169560 0.3856870
f 534/3027/534 546/3028/546 566/3029/566
vt 0.4049070 0.8513300
vt 0.4057300 0.8526800
vt 0.4042420 0.8520030
f 512/3030/512 539/3031/539 511/3032/511
vt 0.5391140 0.3966880
vt 0.5404700 0.3962960
vt 0.5379110 0.3992160
f 446/3033/446 578/3034/578 556/3035/556
vt 0.6289000 0.0493540
vt 0.6287230 0.0499050
vt 0.6279490 0.0495020
f 495/3036/495 570/3037/570 494/3038/494
vt 0.3905540 0.8386560
vt 0.3941350 0.8426910
vt 0.3883070 0.8438950
f 604/3039/604 501/3040/501 533/3041/533
vt 0.5681660 0.8015300
vt 0.5685910 0.7989080
vt 0.5715240 0.7985340
f 502/3042/502 529/3043/529 528/3044/528
vt 0.6947930 0.9407900
vt 0.6967370 0.9365960
f 496/3045/496 563/3046/563 664/2960/664
vt 0.4474870 0.5488040
vt 0.4494040 0.5490560
vt 0.4495900 0.5512540
f 519/3047/519 571/3048/571 532/3049/532
vt 0.1620200 0.9482280
vt 0.1639550 0.9472630
vt 0.1636710 0.9494470
f 460/3050/460 503/3051/503 535/3052/535
vt 0.0924130 0.4215510
vt 0.0873460 0.4230690
vt 0.0897770 0.4192560
f 486/3053/486 597/3054/597 523/3055/523
vt 0.5012850 0.3391760
vt 0.4953510 0.3374340
vt 0.5010850 0.3367270
f 463/3056/463 514/3057/514 687/3058/687
vt 0.6932050 0.9380890
vt 0.6927370 0.9375560
vt 0.6932910 0.9368610
f 496/3059/496 545/3060/545 563/3061/563
vt 0.9403030 0.3944370
vt 0.9347200 0.3951230
vt 0.9390300 0.3895380
f 517/3062/517 467/3063/467 664/3064/664
vt 0.5039800 0.3394650
vt 0.5045570 0.3373790
vt 0.5067870 0.3388820
f 463/3065/463 687/3066/687 588/3067/588
vt 0.4287310 0.3200370
vt 0.4266870 0.3220640
vt 0.4252440 0.3204850
f 490/3068/490 526/3069/526 530/3070/530
vt 0.9817180 0.4128000
vt 0.9838800 0.4122450
vt 0.9839900 0.4149450
f 558/3071/558 527/3072/527 549/3073/549
vt 0.8940170 0.2313570
f 505/2990/505 643/3074/643 550/2991/550
vt 0.1063580 0.9534940
vt 0.1087770 0.9522350
vt 0.1074670 0.9557900
f 534/3075/534 566/3076/566 543/3077/543
vt 0.3978110 0.8496030
vt 0.3978350 0.8512080
vt 0.3951170 0.8510980
f 501/3078/501 511/3079/511 533/3080/533
vt 0.4011360 0.8526360
vt 0.4011090 0.8535720
vt 0.3993340 0.8533990
f 511/3081/511 539/3082/539 533/3083/533
vt 0.7347640 0.5947940
vt 0.7332210 0.5924700
vt 0.7355550 0.5931900
f 518/3084/518 567/3085/567 529/3086/529
vt 0.0972470 0.0765830
vt 0.0977090 0.0721230
vt 0.1010900 0.0752110
f 519/3087/519 532/3088/532 524/3089/524
vt 0.2991680 0.6724840
vt 0.2984330 0.6765800
vt 0.2967970 0.6741000
f 438/3090/438 633/3091/633 616/3092/616
vt 0.7503740 0.5950290
vt 0.7484190 0.5904340
vt 0.7519250 0.5908680
f 529/3093/529 574/3094/574 528/3095/528
vt 0.0742320 0.7406320
vt 0.0731900 0.7383070
vt 0.0760100 0.7385610
f 513/3096/513 525/3097/525 601/3098/601
vt 0.1400390 0.0911480
vt 0.1349180 0.0908290
vt 0.1387870 0.0846830
f 479/3099/479 524/3100/524 572/3101/572
vt 0.7519330 0.9448310
vt 0.7535590 0.9479050
vt 0.7507630 0.9477840
f 566/3102/566 546/3103/546 587/3104/587
vt 0.9689970 0.4156600
vt 0.9687620 0.4177370
vt 0.9665920 0.4176220
f 516/3105/516 558/3106/558 541/3107/541
vt 0.1647160 0.9468460
vt 0.1653100 0.9465580
vt 0.1652310 0.9471940
f 503/3108/503 531/3109/531 535/3110/535
vt 0.2909220 0.6713570
vt 0.2900160 0.6737950
vt 0.2895810 0.6725460
f 438/3111/438 616/3112/616 522/3113/522
vt 0.7543370 0.9519240
vt 0.7557170 0.9541940
vt 0.7520570 0.9537020
f 546/3114/546 542/3115/542 587/3116/587
vt 0.4064260 0.9100340
vt 0.4093400 0.9043480
vt 0.4119650 0.9116400
f 556/3117/556 673/3118/673 520/3119/520
vt 0.1673780 0.9372290
vt 0.1692880 0.9403210
vt 0.1670300 0.9419600
f 550/3120/550 646/3121/646 531/3122/531
vt 0.2043990 0.3838760
vt 0.2022080 0.3828250
vt 0.2037750 0.3809940
f 534/3123/534 552/3124/552 546/3125/546
vt 0.1952690 0.0653790
vt 0.1933680 0.0715880
vt 0.1911390 0.0663540
f 479/3126/479 572/3127/572 505/3128/505
vt 0.4225120 0.3335670
vt 0.4189860 0.3323420
vt 0.4203310 0.3319710
f 526/3129/526 553/3130/553 557/3131/557
vt 0.4280700 0.8785330
vt 0.4278720 0.8817430
vt 0.4257370 0.8785200
f 530/3132/530 688/3133/688 536/3134/536
vt 0.4228920 0.3264150
vt 0.4214380 0.3265080
vt 0.4214710 0.3249740
f 526/3135/526 557/3136/557 530/3137/530
vt 0.3059900 0.6734060
vt 0.3102330 0.6780320
vt 0.3045770 0.6800230
f 438/3138/438 426/3139/426 633/3140/633
vt 0.1716840 0.9611250
vt 0.1724330 0.9580520
vt 0.1748030 0.9598360
f 514/3141/514 535/3142/535 608/3143/608
vt 0.3438510 0.9570560
vt 0.3423610 0.9543900
vt 0.3459020 0.9570060
f 559/3144/559 543/3145/543 538/3146/538
vt 0.1080840 0.9723730
vt 0.1117190 0.9724180
vt 0.1112800 0.9750020
f 538/3147/538 622/3148/622 600/3149/600
vt 0.3107800 0.0768640
vt 0.3144500 0.0787370
vt 0.3081510 0.0837430
f 527/3150/527 507/3151/507 708/3152/708
vt 0.3400870 0.9620290
vt 0.3395950 0.9583000
vt 0.3412480 0.9590290
f 582/3153/582 559/3154/559 538/3155/538
vt 0.4093420 0.8679720
vt 0.4063650 0.8681190
vt 0.4059410 0.8662250
f 536/3156/536 548/3157/548 539/3158/539
vt 0.2058720 0.3941500
vt 0.2054620 0.3963510
vt 0.2037780 0.3953820
f 534/3159/534 543/3160/543 559/3161/559
vt 0.4398670 0.4222000
vt 0.4372440 0.4239470
vt 0.4357540 0.4219300
f 525/3162/525 554/3163/554 601/3164/601
vt 0.7470790 0.5829440
vt 0.7475530 0.5772830
vt 0.7497040 0.5800200
f 574/3165/574 562/3166/562 528/3167/528
vt 0.4297380 0.8801310
vt 0.4311090 0.8817970
vt 0.4301540 0.8820050
f 530/3168/530 592/3169/592 688/3170/688
vt 0.4093150 0.8705290
vt 0.4070870 0.8712420
vt 0.4100600 0.8685050
f 561/3171/561 548/3172/548 536/3173/536
vt 0.2026390 0.3918490
vt 0.2035610 0.3935700
vt 0.2023010 0.3930980
f 552/3174/552 534/3175/534 559/3176/559
vt 0.1147690 0.9583380
vt 0.1173540 0.9588010
vt 0.1168650 0.9613170
f 543/3177/543 566/3178/566 569/3179/569
vt 0.1129840 0.9696850
vt 0.1092200 0.9676780
vt 0.1119980 0.9652390
f 622/3180/622 538/3181/538 569/3182/569
vt 0.8750960 0.2732550
vt 0.8760620 0.2718710
vt 0.8763080 0.2736990
f 542/3183/542 546/3184/546 552/3185/552
vt 0.4203950 0.3250610
vt 0.4197280 0.3243250
vt 0.4200450 0.3233430
f 530/3186/530 557/3187/557 592/3188/592
vt 0.3507500 0.9559510
vt 0.3483730 0.9536870
vt 0.3492690 0.9529220
f 538/3189/538 543/3190/543 569/3191/569
vt 0.4222660 0.8788620
vt 0.4236230 0.8814340
vt 0.4218850 0.8801260
f 536/3192/536 688/3193/688 561/3194/561
vt 0.6833480 0.6270950
vt 0.6877010 0.6273600
vt 0.6847380 0.6300360
f 528/3195/528 562/3196/562 576/3197/576
vt 0.7489060 0.9534340
vt 0.7521510 0.9572650
vt 0.7484120 0.9559280
f 587/3198/587 542/3199/542 568/3200/568
vt 0.3421770 0.9704680
vt 0.3423340 0.9726800
vt 0.3399990 0.9715910
f 538/3201/538 595/3202/595 582/3203/582
vt 0.3965720 0.8572560
vt 0.3970840 0.8587360
vt 0.3955700 0.8587830
f 533/3204/533 539/3205/539 650/3206/650
vt 0.3499400 0.9718960
vt 0.3542980 0.9762370
vt 0.3481530 0.9760930
f 538/3207/538 600/3208/600 595/3209/595
vt 0.4007580 0.8630010
vt 0.3996280 0.8647570
vt 0.3976400 0.8622590
f 539/3210/539 548/3211/548 650/3212/650
vt 0.6831030 0.6368330
vt 0.6848180 0.6397060
vt 0.6829010 0.6405450
f 576/3213/576 579/3214/579 528/3215/528
vt 0.8686990 0.0223440
vt 0.8669710 0.0248240
vt 0.8660430 0.0214180
f 574/3216/574 529/3217/529 593/3218/593
vt 0.4219090 0.9052660
vt 0.4224570 0.9038260
vt 0.4226220 0.9053150
f 520/3219/520 584/3220/584 537/3221/537
vt 0.3212750 0.5081660
vt 0.3216480 0.5096280
vt 0.3204890 0.5088610
f 553/3222/553 540/3223/540 637/3224/637
vt 0.6903600 0.9327870
vt 0.6856210 0.9294340
vt 0.6881130 0.9296120
f 545/3225/545 584/3226/584 669/3227/669
vt 0.1300150 0.4485040
vt 0.1265950 0.4416460
vt 0.1358390 0.4429640
f 514/3228/514 668/3229/668 687/3230/687
vt 0.3390050 0.9739510
f 595/3202/595 658/3231/658 582/3203/582
vt 0.8800710 0.2618050
vt 0.8801120 0.2603530
vt 0.8817860 0.2607250
f 552/3232/552 559/3233/559 591/3234/591
vt 0.4646050 0.5293310
vt 0.4681530 0.5295900
vt 0.4663570 0.5310660
f 541/3235/541 598/3236/598 590/3237/590
vt 0.6864760 0.6433000
vt 0.6880610 0.6450080
vt 0.6872280 0.6472380
f 528/3238/528 579/3239/579 492/3240/492
vt 0.8825400 0.2687120
vt 0.8861720 0.2691580
vt 0.8837640 0.2715520
f 552/3241/552 591/3242/591 580/3243/580
vt 0.9516590 0.3852490
vt 0.9493230 0.3835040
vt 0.9506960 0.3825820
f 670/3244/670 517/3245/517 664/3246/664
vt 0.8793030 0.2752720
vt 0.8826620 0.2759260
vt 0.8786950 0.2773790
f 552/3247/552 580/3248/580 542/3249/542
vt 0.4637860 0.5312750
vt 0.4659750 0.5338140
f 541/3250/541 590/3237/590 571/3251/571
vt 0.8632540 0.0351240
vt 0.8597120 0.0346100
vt 0.8611310 0.0331750
f 529/3252/529 567/3253/567 593/3254/593
vt 0.3149990 0.5064780
vt 0.3165210 0.5077890
vt 0.3142440 0.5080030
f 557/3255/557 553/3256/553 577/3257/577
vt 0.4599670 0.5468180
vt 0.4621970 0.5494080
vt 0.4590710 0.5497080
f 571/3258/571 649/3259/649 532/3260/532
vt 0.4220380 0.9034760
f 520/3219/520 673/3261/673 584/3220/584
vt 0.0995500 0.0682170
vt 0.0988090 0.0623480
vt 0.1049140 0.0638580
f 524/3262/524 532/3263/532 700/3264/700
vt 0.3130720 0.5070190
vt 0.3121680 0.5081840
f 557/3265/557 577/3257/577 592/3266/592
vt 0.9736590 0.4211820
vt 0.9735370 0.4250460
vt 0.9717440 0.4240040
f 558/3267/558 596/3268/596 541/3269/541
vt 0.7516040 0.5705790
vt 0.7504160 0.5683110
vt 0.7531850 0.5691880
f 562/3270/562 574/3271/574 621/3272/621
vt 0.2972130 0.0823290
vt 0.2976950 0.0856990
vt 0.2939130 0.0855460
f 527/3273/527 708/3274/708 549/3275/549
vt 0.6200330 0.0593630
vt 0.6208690 0.0601340
vt 0.6197730 0.0602410
f 494/3276/494 570/3277/570 627/3278/627
vt 0.6227630 0.0633860
vt 0.6228140 0.0648920
vt 0.6206120 0.0642760
f 570/3279/570 551/3280/551 638/3281/638
vt 0.3336590 0.9571640
vt 0.3328500 0.9561120
vt 0.3338090 0.9549010
f 582/3282/582 599/3283/599 559/3284/559
vt 0.6934280 0.6509170
vt 0.6950650 0.6487790
vt 0.6946340 0.6524840
f 492/3285/492 579/3286/579 597/3287/597
vt 0.1819170 0.9773030
vt 0.1782760 0.9767140
vt 0.1838310 0.9737350
f 573/3288/573 607/3289/607 575/3290/575
vt 0.1795790 0.9776730
vt 0.1835870 0.9789510
vt 0.1816140 0.9808910
f 607/3291/607 573/3292/573 628/3293/628
vt 0.1854420 0.9823910
vt 0.1837600 0.9825760
f 573/3292/573 652/3294/652 628/3295/628
vt 0.6214270 0.0664990
f 551/3280/551 604/3296/604 638/3281/638
vt 0.8557700 0.0238030
vt 0.8543260 0.0238630
vt 0.8546800 0.0229170
f 593/3297/593 586/3298/586 574/3299/574
vt 0.6939780 0.6366610
vt 0.6960610 0.6366260
vt 0.6956810 0.6400160
f 579/3300/579 576/3301/576 609/3302/609
vt 0.9667790 0.4250430
vt 0.9689040 0.4278420
vt 0.9663950 0.4277610
f 541/3303/541 596/3304/596 598/3305/598
vt 0.3324460 0.9636910
vt 0.3292730 0.9635320
vt 0.3301600 0.9618670
f 582/3306/582 617/3307/617 599/3308/599
vt 0.1730410 0.9474690
vt 0.1741690 0.9465630
vt 0.1761880 0.9473720
f 535/3309/535 531/3310/531 619/3311/619
vt 0.6922430 0.6271030
vt 0.6955150 0.6261170
vt 0.6943450 0.6282280
f 562/3312/562 621/3313/621 576/3314/576
vt 0.6918500 0.9279370
vt 0.6927400 0.9264400
vt 0.6933450 0.9267480
f 545/3315/545 669/3316/669 563/3317/563
vt 0.8818810 0.2559380
vt 0.8838370 0.2540540
vt 0.8846780 0.2565360
f 559/3318/559 614/3319/614 591/3320/591
vt 0.1747660 0.9498030
vt 0.1775510 0.9486470
vt 0.1764180 0.9517380
f 535/3321/535 619/3322/619 608/3323/608
vt 0.3168480 0.5103960
vt 0.3173100 0.5117700
vt 0.3147130 0.5105310
f 553/3324/553 637/3325/637 577/3326/577
vt 0.6148290 0.0595530
vt 0.6169180 0.0602310
vt 0.6120980 0.0612020
f 494/3327/494 627/3328/627 547/3329/547
vt 0.9778120 0.4250740
vt 0.9774280 0.4275070
vt 0.9747220 0.4284010
f 558/3330/558 672/3331/672 596/3332/596
vt 0.1083230 0.4628830
vt 0.1069390 0.4587890
vt 0.1098970 0.4598160
f 608/3333/608 668/3334/668 514/3335/514
vt 0.7309610 0.1972650
vt 0.7334300 0.1911490
vt 0.7348680 0.1945090
f 426/3336/426 555/3337/555 633/3338/633
vt 0.2781200 0.6790160
vt 0.2788220 0.6834990
vt 0.2742530 0.6803510
f 522/3339/522 678/3340/678 459/3341/459
vt 0.9817320 0.4241950
vt 0.9803420 0.4266500
f 558/3330/558 549/3342/549 672/3343/672
vt 0.8753120 0.2819730
vt 0.8768480 0.2843370
vt 0.8726530 0.2855380
f 542/3344/542 580/3345/580 583/3346/583
vt 0.7454620 0.9582750
vt 0.7439260 0.9593590
vt 0.7442700 0.9575120
f 542/3347/542 583/3348/583 568/3349/568
vt 0.4286220 0.4269900
vt 0.4262330 0.4302450
vt 0.4246360 0.4239670
f 554/3350/554 523/3351/523 601/3352/601
vt 0.9125100 0.4913700
vt 0.9150560 0.4900360
vt 0.9145630 0.4926430
f 622/3353/622 629/3354/629 600/3355/600
vt 0.7357780 0.9432420
vt 0.7360640 0.9437880
vt 0.7353880 0.9442210
f 587/3356/587 568/3357/568 644/3358/644
vt 0.6874130 0.0952780
vt 0.6886150 0.0926200
vt 0.6898760 0.0949610
f 573/3359/573 589/3360/589 652/3361/652
vt 0.3341570 0.9497570
vt 0.3330750 0.9498650
vt 0.3327210 0.9491620
f 559/3362/559 599/3363/599 614/3364/614
vt 0.7375830 0.9286420
vt 0.7366590 0.9321480
vt 0.7355940 0.9289550
f 566/3365/566 587/3366/587 602/3367/602
vt 0.0795350 0.4152050
vt 0.0771790 0.4148160
vt 0.0777990 0.4138420
f 523/3368/523 597/3369/597 618/3370/618
vt 0.6960900 0.6287390
f 576/3314/576 621/3313/621 581/3371/581
vt 0.0293750 0.9557280
vt 0.0321180 0.9537420
vt 0.0318530 0.9570720
f 513/3372/513 594/3373/594 560/3374/560
vt 0.8572150 0.0348270
vt 0.8546750 0.0354500
vt 0.8562730 0.0335840
f 567/3375/567 585/3376/585 593/3377/593
vt 0.6198370 0.0635710
vt 0.6189390 0.0636020
vt 0.6191100 0.0631940
f 570/3378/570 638/3379/638 627/3380/627
vt 0.8535710 0.0200680
vt 0.8518000 0.0203850
vt 0.8540610 0.0181850
f 574/3381/574 586/3382/586 690/3383/690
vt 0.7475800 0.5667980
vt 0.7454140 0.5637410
vt 0.7508750 0.5655870
f 574/3384/574 641/3385/641 621/3386/621
vt 0.3324530 0.9666440
vt 0.3296750 0.9693760
vt 0.3283260 0.9663770
f 582/3387/582 658/3388/658 617/3389/617
vt 0.3231610 0.5139670
vt 0.3229590 0.5164720
vt 0.3212620 0.5142560
f 540/3390/540 734/3391/734 637/3392/637
vt 0.0835750 0.7321530
vt 0.0859260 0.7302510
vt 0.0860330 0.7345800
f 601/3393/601 594/3394/594 513/3395/513
vt 0.0624360 0.4282830
vt 0.0613870 0.4274480
vt 0.0640140 0.4264130
f 579/3396/579 609/3397/609 597/3398/597
vt 0.9147700 0.4748520
vt 0.9155810 0.4742090
vt 0.9157090 0.4749300
f 569/3399/569 602/3400/602 622/3401/622
vt 0.6702060 0.1094670
vt 0.6701840 0.1116430
vt 0.6666760 0.1106370
f 615/3402/615 573/3403/573 575/3404/575
vt 0.9160740 0.4728240
vt 0.9163740 0.4737420
vt 0.9157760 0.4733710
f 566/3405/566 602/3406/602 569/3407/569
vt 0.8863120 0.2613540
vt 0.8886120 0.2586240
vt 0.8890990 0.2597500
f 591/3408/591 614/3409/614 631/3410/631
vt 0.4666230 0.5394260
vt 0.4680660 0.5365830
vt 0.4698850 0.5364670
f 571/3411/571 590/3412/590 647/3413/647
vt 0.2602400 0.6790210
vt 0.2623280 0.6814460
vt 0.2599520 0.6811210
f 459/3414/459 624/3415/624 544/3416/544
vt 0.8911540 0.2768780
vt 0.8936510 0.2737830
vt 0.8934620 0.2769590
f 580/3417/580 591/3418/591 660/3419/660
vt 0.8534070 0.0307850
vt 0.8511630 0.0333400
vt 0.8507020 0.0310670
f 593/3420/593 585/3421/585 586/3422/586
vt 0.3273290 0.9568250
vt 0.3260440 0.9580330
vt 0.3258310 0.9571310
f 599/3423/599 590/3424/590 598/3425/598
vt 0.7364610 0.9525200
vt 0.7358230 0.9547280
vt 0.7338610 0.9519660
f 568/3426/568 583/3427/583 644/3428/644
vt 0.6686540 0.0944570
vt 0.6631220 0.0922890
vt 0.6655030 0.0858390
f 573/3429/573 615/3430/615 610/3431/610
vt 0.9092670 0.5076660
vt 0.9109500 0.5071150
vt 0.9105530 0.5103040
f 595/3432/595 600/3433/600 606/3434/606
vt 0.3288820 0.9526440
vt 0.3255690 0.9527000
vt 0.3285720 0.9496920
f 599/3435/599 598/3436/598 614/3437/614
vt 0.3451550 0.5088350
vt 0.3457920 0.5017000
vt 0.3505680 0.5034720
f 604/3438/604 533/3439/533 783/3440/783
vt 0.8442260 0.0294690
vt 0.8450780 0.0299480
vt 0.8438570 0.0306330
f 603/3441/603 586/3442/586 585/3443/585
vt 0.0535080 0.5791850
vt 0.0504380 0.5837690
vt 0.0493060 0.5783610
f 573/3444/573 610/3445/610 589/3446/589
vt 0.3265900 0.9604770
vt 0.3280620 0.9610210
vt 0.3263920 0.9619080
f 590/3447/590 599/3448/599 617/3449/617
vt 0.5161420 0.3331540
vt 0.5149750 0.3318900
vt 0.5175680 0.3317030
f 588/3450/588 687/3451/687 740/3452/740
vt 0.4005630 0.4398700
vt 0.4031730 0.4414790
vt 0.3993380 0.4429220
f 613/3453/613 618/3454/618 609/3455/609
vt 0.4709720 0.5399700
vt 0.4683290 0.5413170
f 647/3413/647 679/3456/679 571/3457/571
vt 0.0655680 0.4063570
vt 0.0685580 0.4071730
vt 0.0669570 0.4098810
f 609/3458/609 618/3459/618 597/3460/597
vt 0.2544380 0.6823210
vt 0.2563650 0.6850980
vt 0.2515110 0.6830330
f 544/3461/544 648/3462/648 585/3463/585
vt 0.2695530 0.6810130
vt 0.2704850 0.6843570
vt 0.2673590 0.6835000
f 459/3464/459 678/3465/678 624/3466/624
vt 0.4041700 0.8825380
vt 0.4069370 0.8833620
vt 0.4021600 0.8840770
f 561/3467/561 688/3468/688 611/3469/611
vt 0.0559440 0.4200560
vt 0.0542130 0.4203520
vt 0.0568480 0.4190450
f 576/3470/576 581/3471/581 609/3472/609
vt 0.3977490 0.8777100
vt 0.3998550 0.8786830
vt 0.3983960 0.8816660
f 548/3473/548 561/3474/561 611/3475/611
vt 0.2966800 0.9843310
vt 0.2997060 0.9842360
vt 0.2992590 0.9863430
f 595/3476/595 606/3477/606 658/3478/658
vt 0.0302510 0.4289840
vt 0.0285770 0.4264250
vt 0.0310850 0.4274410
f 605/3479/605 612/3480/612 625/3481/625
vt 0.7326700 0.9408700
vt 0.7293950 0.9433470
vt 0.7311730 0.9383360
f 644/3482/644 602/3483/602 587/3484/587
vt 0.8033000 0.0545880
vt 0.8006500 0.0533880
vt 0.8023500 0.0517130
f 585/3485/585 648/3486/648 603/3487/603
vt 0.2899530 0.0898220
vt 0.2916760 0.0914920
vt 0.2894180 0.0912490
f 549/3488/549 736/3489/736 672/3490/672
vt 0.2598390 0.6827140
vt 0.2614290 0.6835020
vt 0.2603840 0.6843340
f 544/3491/544 624/3492/624 648/3493/648
vt 0.9769380 0.4299780
vt 0.9752510 0.4309310
f 596/3332/596 672/3494/672 676/3495/676
vt 0.0571980 0.4185140
vt 0.0545800 0.4171780
vt 0.0569200 0.4159220
f 609/3496/609 581/3497/581 671/3498/671
vt 0.1693640 0.9826060
vt 0.1689950 0.9839500
vt 0.1678710 0.9833300
f 607/3499/607 628/3500/628 629/3501/629
vt 0.6515150 0.0952680
vt 0.6485200 0.0948850
vt 0.6512330 0.0930080
f 615/3502/615 626/3503/626 610/3504/610
vt 0.8211110 0.6173890
vt 0.8207270 0.6188140
vt 0.8197980 0.6186850
f 603/3505/603 690/3506/690 586/3507/586
vt 0.5970490 0.0607240
vt 0.5959560 0.0623060
vt 0.5933090 0.0599590
f 547/3508/547 630/3509/630 515/3510/515
vt 0.1679450 0.0706960
vt 0.1697300 0.0735740
vt 0.1665120 0.0739480
f 505/3511/505 572/3512/572 643/3513/643
vt 0.0321380 0.4290190
vt 0.0336140 0.4285640
vt 0.0320030 0.4300760
f 625/3514/625 581/3515/581 605/3516/605
vt 0.1807010 0.9299800
vt 0.1846230 0.9288850
vt 0.1828100 0.9330110
f 550/3517/550 643/3518/643 639/3519/639
vt 0.2686270 0.9894500
vt 0.2675630 0.9868030
vt 0.2698100 0.9863150
f 591/3520/591 631/3521/631 660/3522/660
vt 0.7437630 0.5469080
vt 0.7397280 0.5461090
vt 0.7433900 0.5420240
f 605/3523/605 623/3524/623 612/3525/612
vt 0.4029180 0.4313090
vt 0.4037350 0.4282500
vt 0.4089740 0.4301540
f 613/3526/613 667/3527/667 651/3528/651
vt 0.7076030 0.1810630
vt 0.7060040 0.1781400
vt 0.7110150 0.1770340
f 555/3529/555 560/3530/560 715/3531/715
vt 0.6053590 0.0642190
vt 0.6045380 0.0658930
vt 0.6019120 0.0641820
f 547/3532/547 627/3533/627 630/3534/630
vt 0.4111370 0.4338650
vt 0.4092280 0.4335330
vt 0.4113320 0.4318010
f 618/3535/618 613/3536/613 651/3537/651
vt 0.7005610 0.1000890
vt 0.7005700 0.1031410
vt 0.6961340 0.1015180
f 532/3538/532 649/3539/649 700/3540/700
vt 0.0242070 0.4123700
vt 0.0270010 0.4066610
vt 0.0281320 0.4109210
f 612/3541/612 645/3542/645 625/3543/625
vt 0.4144870 0.4364420
vt 0.4157020 0.4345850
vt 0.4166150 0.4358360
f 618/3544/618 651/3545/651 523/3546/523
vt 0.7399940 0.5410210
vt 0.7365900 0.5432330
vt 0.7361410 0.5381960
f 612/3547/612 623/3548/623 642/3549/642
vt 0.2856100 0.5079180
vt 0.2838900 0.5100850
vt 0.2801690 0.5068350
f 592/3550/592 747/3551/747 688/3552/688
vt 0.1335630 0.0714640
vt 0.1361080 0.0679540
vt 0.1381530 0.0726390
f 524/3553/524 653/3554/653 572/3555/572
vt 0.7400540 0.3504010
vt 0.7364660 0.3479850
vt 0.7412960 0.3461150
f 620/3556/620 635/3557/635 612/3558/612
vt 0.9196730 0.4808860
vt 0.9214040 0.4810630
vt 0.9193210 0.4829710
f 602/3559/602 629/3560/629 622/3561/622
vt 0.3944360 0.4314070
vt 0.3933080 0.4313450
vt 0.3943780 0.4297390
f 613/3562/613 731/3563/731 667/3564/667
vt 0.8923160 0.2591340
vt 0.8950480 0.2584980
vt 0.8951430 0.2597930
f 614/3565/614 598/3566/598 596/3567/596
vt 0.1817900 0.9342220
vt 0.1839600 0.9339550
vt 0.1831100 0.9361650
f 550/3568/550 639/3569/639 646/3570/646
vt 0.7992820 0.0454690
vt 0.7975210 0.0446650
vt 0.7992790 0.0418530
f 603/3571/603 648/3572/648 656/3573/656
vt 0.0464940 0.5692300
vt 0.0411740 0.5684620
vt 0.0450900 0.5652510
f 589/3574/589 685/3575/685 632/3576/632
vt 0.8931640 0.2607780
f 614/3565/614 596/3567/596 631/3577/631
vt 0.4167390 0.4342330
vt 0.4158380 0.4334340
vt 0.4185110 0.4339890
f 523/3578/523 651/3579/651 601/3580/601
vt 0.1811460 0.9440120
vt 0.1823950 0.9429550
vt 0.1830770 0.9444590
f 531/3581/531 646/3582/646 619/3583/619
vt 0.5312770 0.3397470
vt 0.5255010 0.3353870
vt 0.5317750 0.3354830
f 565/3584/565 588/3585/588 740/3586/740
vt 0.7794960 0.0318010
vt 0.7811050 0.0323550
vt 0.7799830 0.0339830
f 616/3587/616 659/3588/659 522/3589/522
vt 0.5861060 0.0592170
vt 0.5848400 0.0615290
vt 0.5814470 0.0583940
f 515/3590/515 630/3591/630 661/3592/661
vt 0.0324620 0.4316560
vt 0.0325130 0.4333710
vt 0.0306170 0.4346700
f 605/3593/605 581/3594/581 621/3595/621
vt 0.2972430 0.0917760
vt 0.2984560 0.0891880
vt 0.2987830 0.0955680
f 549/3596/549 708/3597/708 736/3598/736
vt 0.4037190 0.4238890
vt 0.4064800 0.4265740
f 667/3527/667 689/3599/689 651/3600/651
vt 0.6318400 0.1565150
vt 0.6304160 0.1562540
vt 0.6319060 0.1538460
f 583/3601/583 762/3602/762 644/3603/644
vt 0.7422360 0.5534810
vt 0.7427630 0.5540960
vt 0.7416400 0.5547530
f 623/3604/623 605/3605/605 641/3606/641
vt 0.3094280 0.5147700
vt 0.3118560 0.5168600
vt 0.3081050 0.5191310
f 577/3607/577 785/3608/785 592/3609/592
vt 0.7450380 0.3611480
vt 0.7478850 0.3667360
vt 0.7424370 0.3693640
f 620/3610/620 612/3611/612 716/3612/716
vt 0.3932660 0.4408370
vt 0.3898170 0.4424000
vt 0.3911330 0.4391910
f 613/3613/613 609/3614/609 731/3615/731
vt 0.0183480 0.9391250
vt 0.0148760 0.9378330
vt 0.0178660 0.9367750
f 625/3616/625 645/3617/645 640/3618/640
vt 0.4683380 0.5439430
vt 0.4727590 0.5466430
vt 0.4703320 0.5477850
f 571/3619/571 679/3620/679 649/3621/649
vt 0.7544210 0.5543640
vt 0.7536210 0.5551510
vt 0.7524620 0.5529810
f 621/3622/621 641/3623/641 605/3624/605
vt 0.3251080 0.9675500
vt 0.3228230 0.9705900
vt 0.3220360 0.9687610
f 617/3625/617 655/3626/655 590/3627/590
vt 0.7396830 0.5583560
vt 0.7373070 0.5589340
vt 0.7391610 0.5575680
f 641/3628/641 574/3629/574 662/3630/662
vt 0.3029220 0.9841060
vt 0.3051980 0.9837700
vt 0.3058530 0.9851400
f 606/3631/606 674/3632/674 658/3633/658
vt 0.6146470 0.0683690
vt 0.6157950 0.0682230
vt 0.6144420 0.0690860
f 627/3634/627 638/3635/638 636/3636/636
vt 0.2879020 0.1378260
vt 0.2849400 0.1382270
vt 0.2861590 0.1343520
f 612/3637/612 642/3638/642 716/3639/716
vt 0.8839300 0.2964770
vt 0.8815790 0.2996080
vt 0.8808050 0.2964940
f 580/3640/580 751/3641/751 583/3642/583
vt 0.9210670 0.4786630
vt 0.9221190 0.4781080
vt 0.9221330 0.4790470
f 602/3643/602 654/3644/654 629/3645/629
vt 0.9202510 0.9671740
vt 0.9199860 0.9681170
vt 0.9192020 0.9666750
f 656/3646/656 634/3647/634 603/3648/603
vt 0.6049030 0.0673410
vt 0.6063200 0.0674900
vt 0.6040330 0.0677490
f 630/3649/630 627/3650/627 636/3651/636
vt 0.5784670 0.0556420
vt 0.5770990 0.0560280
vt 0.5770330 0.0554010
f 515/3652/515 661/3653/661 564/3654/564
vt 0.6186140 0.0690810
vt 0.6199600 0.0711500
vt 0.6195610 0.0720890
f 638/3655/638 604/3656/604 720/3657/720
vt 0.3268610 0.9760680
vt 0.3255200 0.9754500
vt 0.3256190 0.9737500
f 658/3658/658 655/3659/655 617/3660/617
vt 0.8958130 0.2627540
vt 0.8970900 0.2615040
vt 0.8972530 0.2628130
f 631/3661/631 596/3662/596 676/3663/676
vt 0.3542010 0.3335300
vt 0.3505360 0.3293200
vt 0.3544680 0.3278960
f 589/3664/589 632/3665/632 652/3666/652
vt 0.9133390 0.5100870
vt 0.9186000 0.5112250
vt 0.9174590 0.5146010
f 606/3667/606 600/3668/600 682/3669/682
vt 0.6441030 0.1374520
vt 0.6407960 0.1403810
vt 0.6419140 0.1364620
f 602/3670/602 644/3671/644 665/3672/665
vt 0.7382930 0.5551760
vt 0.7382450 0.5560610
vt 0.7375390 0.5555250
f 623/3673/623 641/3674/641 662/3675/662
vt 0.3278570 0.4962000
vt 0.3289680 0.4933990
vt 0.3298050 0.4946330
f 533/3676/533 650/3677/650 783/3678/783
vt 0.3209590 0.9687730
f 590/3627/590 655/3626/655 647/3679/647
vt 0.1788960 0.4856590
vt 0.1770330 0.4830500
vt 0.1794490 0.4844440
f 645/3680/645 612/3681/612 635/3682/635
vt 0.6349530 0.1419910
vt 0.6344750 0.1421000
vt 0.6344020 0.1414910
f 644/3683/644 762/3684/762 665/3685/665
vt 0.7964440 0.6317100
vt 0.8000840 0.6319550
vt 0.7983390 0.6336460
f 623/3686/623 691/3687/691 706/3688/706
vt 0.0375560 0.4220860
vt 0.0386690 0.4231400
vt 0.0387060 0.4236730
f 625/3689/625 657/3690/657 581/3691/581
vt 0.9127130 0.9681560
vt 0.9151640 0.9703100
vt 0.9108280 0.9703360
f 603/3692/603 634/3693/634 717/3694/717
vt 0.7945470 0.6336810
vt 0.7957880 0.6361520
f 623/3695/623 706/3688/706 642/3696/642
vt 0.3206920 0.9696550
vt 0.3204040 0.9705750
f 647/3697/647 655/3626/655 679/3698/679
vt 0.8040970 0.6204370
vt 0.8063290 0.6229650
vt 0.8037290 0.6230310
f 574/3699/574 690/3700/690 662/3701/662
vt 0.0274380 0.5942760
vt 0.0288970 0.6008750
vt 0.0212430 0.5989740
f 589/3702/589 610/3703/610 739/3704/739
vt 0.1762480 0.0761010
vt 0.1736680 0.0798570
vt 0.1717760 0.0772070
f 572/3705/572 684/3706/684 643/3707/643
vt 0.6665480 0.1276090
vt 0.6650080 0.1274410
vt 0.6643340 0.1259970
f 629/3708/629 718/3709/718 607/3710/607
vt 0.8210200 0.6200020
vt 0.8235130 0.6208290
vt 0.8204720 0.6236530
f 603/3711/603 717/3712/717 690/3713/690
vt 0.3901040 0.4289700
vt 0.3877720 0.4268430
vt 0.3911280 0.4250570
f 731/3714/731 675/3715/675 667/3716/667
vt 0.7827960 0.0356140
vt 0.7844420 0.0349210
vt 0.7832760 0.0361220
f 522/3717/522 659/3718/659 678/3719/678
vt 0.3153250 0.5211180
vt 0.3145510 0.5227510
vt 0.3127240 0.5215090
f 577/3720/577 781/3721/781 785/3722/785
vt 0.3892390 0.7692760
vt 0.3904780 0.7700640
vt 0.3891290 0.7700980
f 669/3723/669 666/3724/666 563/3725/563
vt 0.5995680 0.0686960
vt 0.5998940 0.0700410
vt 0.5970970 0.0694710
f 636/3726/636 680/3727/680 630/3728/630
vt 0.3782390 0.0823690
vt 0.3784350 0.0774240
vt 0.3831180 0.0789290
f 507/3729/507 564/3730/564 708/3731/708
vt 0.9220800 0.9695040
vt 0.9207210 0.9737850
vt 0.9188700 0.9704010
f 656/3732/656 698/3733/698 634/3734/634
vt 0.0508700 0.6118300
vt 0.0519890 0.6170630
vt 0.0476660 0.6167620
f 610/3735/610 626/3736/626 792/3737/792
vt 0.9205310 0.5008900
vt 0.9243210 0.5001830
vt 0.9236880 0.5028090
f 600/3738/600 629/3739/629 682/3740/682
vt 0.0182180 0.5904750
f 589/3702/589 739/3704/739 685/3741/685
vt 0.7843790 0.0266030
vt 0.7864910 0.0296550
vt 0.7841370 0.0296250
f 633/3742/633 659/3743/659 616/3744/616
vt 0.0408890 0.9650230
vt 0.0419250 0.9600880
vt 0.0460900 0.9630900
f 560/3745/560 594/3746/594 715/3747/715
vt 0.7911800 0.0395690
vt 0.7898230 0.0376330
vt 0.7925290 0.0383350
f 624/3748/624 678/3749/678 648/3750/648
vt 0.7337600 0.5545330
vt 0.7330580 0.5548730
vt 0.7321510 0.5545190
f 623/3751/623 662/3752/662 691/3753/691
vt 0.4137040 0.4246520
vt 0.4114820 0.4246900
vt 0.4113840 0.4230790
f 601/3754/601 651/3755/651 689/3756/689
vt 0.3176810 0.5216530
vt 0.3172430 0.5236010
f 637/3757/637 781/3758/781 577/3720/577
vt 0.1484510 0.6743030
vt 0.1486380 0.6783210
vt 0.1458630 0.6758140
f 652/3759/652 788/3760/788 628/3761/628
vt 0.0454480 0.4182950
vt 0.0459220 0.4158960
vt 0.0476480 0.4172260
f 657/3762/657 671/3763/671 581/3764/581
vt 0.0435760 0.4105250
vt 0.0457450 0.4097400
vt 0.0457550 0.4118970
f 625/3765/625 671/3766/671 657/3767/657
vt 0.1856100 0.9431820
vt 0.1867440 0.9439090
vt 0.1862760 0.9444430
f 646/3768/646 699/3769/699 619/3770/619
vt 0.6506120 0.1344300
vt 0.6519800 0.1325140
vt 0.6536340 0.1330940
f 602/3771/602 663/3772/663 654/3773/654
vt 0.3095840 0.9876410
vt 0.3109530 0.9856860
vt 0.3118030 0.9876440
f 658/3774/658 674/3775/674 655/3776/655
vt 0.5889380 0.0660240
vt 0.5866260 0.0689720
vt 0.5871320 0.0663110
f 630/3777/630 702/3778/702 661/3779/661
vt 0.7260650 0.3606170
vt 0.7271700 0.3635940
vt 0.7246190 0.3621230
f 620/3780/620 716/3781/716 761/3782/761
vt 0.6484350 0.1111710
vt 0.6476130 0.1139850
vt 0.6451140 0.1113330
f 615/3783/615 575/3784/575 626/3785/626
vt 0.6605340 0.1235560
vt 0.6579970 0.1248460
vt 0.6559810 0.1243850
f 575/3786/575 607/3787/607 718/3788/718
vt 0.1872660 0.9363000
vt 0.1881670 0.9370160
vt 0.1876110 0.9377830
f 639/3789/639 677/3790/677 646/3791/646
vt 0.6645680 0.1296420
vt 0.6648250 0.1316710
vt 0.6635900 0.1288090
f 629/3792/629 654/3793/654 718/3794/718
vt 0.8619850 0.2025430
vt 0.8615130 0.2033280
vt 0.8614780 0.2027020
f 667/3795/667 675/3796/675 704/3797/704
vt 0.3723230 0.5051760
vt 0.3716810 0.5040500
vt 0.3739680 0.5034780
f 638/3798/638 720/3799/720 686/3800/686
vt 0.0549610 0.4059450
vt 0.0540390 0.4038730
vt 0.0551150 0.4033110
f 671/3801/671 693/3802/693 609/3803/609
vt 0.0481570 0.4052730
vt 0.0504040 0.4067650
vt 0.0494010 0.4072320
f 625/3804/625 693/3805/693 671/3806/671
vt 0.7296640 0.1805030
vt 0.7269700 0.1787620
vt 0.7286190 0.1769370
f 555/3807/555 715/3808/715 633/3809/633
vt 0.1903090 0.9279830
vt 0.1905220 0.9265010
vt 0.1932080 0.9280740
f 639/3810/639 643/3811/643 677/3812/677
vt 0.8047060 0.0305900
vt 0.8025350 0.0282740
vt 0.8038920 0.0293150
f 656/3813/656 648/3814/648 692/3815/692
vt 0.0490030 0.3953040
vt 0.0491790 0.3936870
vt 0.0501140 0.3979780
f 625/3816/625 696/3817/696 693/3818/693
vt 0.2981420 0.9741730
vt 0.3011810 0.9699300
vt 0.3050870 0.9728740
f 606/3819/606 832/3820/832 674/3821/674
vt 0.6964340 0.1057940
vt 0.6937550 0.1083010
vt 0.6935370 0.1053940
f 649/3822/649 756/3823/756 700/3824/700
vt 0.3182670 0.3541950
vt 0.3108780 0.3525090
vt 0.3185720 0.3473540
f 685/3825/685 741/3826/741 632/3827/632
vt 0.3128840 0.9853640
f 655/3776/655 674/3775/674 744/3828/744
vt 0.0865010 0.8012010
vt 0.0876730 0.7996560
vt 0.0888690 0.8017890
f 556/3829/556 578/3830/578 707/3831/707
vt 0.3553380 0.0760370
vt 0.3565720 0.0725150
vt 0.3574360 0.0737200
f 564/3832/564 661/3833/661 732/3834/732
vt 0.1297140 0.0622950
vt 0.1246060 0.0607190
vt 0.1294860 0.0596020
f 524/3835/524 700/3836/700 653/3837/653
vt 0.6153430 0.0724270
vt 0.6146620 0.0736770
vt 0.6141010 0.0729550
f 638/3838/638 686/3839/686 636/3840/636
vt 0.3656590 0.4478990
vt 0.3609150 0.4472270
vt 0.3657560 0.4442260
f 625/3841/625 640/3842/640 696/3843/696
vt 0.5962400 0.0709230
vt 0.5980460 0.0730570
vt 0.5963200 0.0725660
f 630/3844/630 680/3845/680 702/3846/702
vt 0.0386880 0.9382020
vt 0.0405100 0.9372600
vt 0.0395450 0.9399930
f 601/3847/601 689/3848/689 594/3849/594
vt 0.8599780 0.2015030
vt 0.8585810 0.2014160
vt 0.8607760 0.1997190
f 704/3850/704 689/3851/689 667/3852/667
vt 0.8898110 0.2965460
vt 0.8928610 0.2952420
vt 0.8943600 0.2996760
f 580/3853/580 660/3854/660 751/3855/751
vt 0.8912150 0.6505250
vt 0.8948280 0.6468770
vt 0.8984130 0.6522100
f 583/3856/583 751/3857/751 762/3858/762
vt 0.1898470 0.9538970
vt 0.1917560 0.9555270
vt 0.1899980 0.9551250
f 619/3859/619 906/3860/906 608/3861/608
vt 0.2079550 0.8262390
vt 0.2047590 0.8241260
vt 0.2061090 0.8238750
f 643/3862/643 683/3863/683 677/3864/677
vt 0.2237770 0.8226840
vt 0.2229150 0.8211530
vt 0.2244910 0.8209180
f 646/3865/646 677/3866/677 699/3867/699
vt 0.6142770 0.0736800
vt 0.6135960 0.0737770
f 636/3840/636 686/3868/686 764/3869/764
vt 0.3470840 0.3242990
vt 0.3457890 0.3235910
vt 0.3483530 0.3220680
f 632/3870/632 703/3871/703 652/3872/652
vt 0.6460480 0.1320180
vt 0.6474830 0.1294730
vt 0.6476140 0.1307890
f 665/3873/665 663/3874/663 602/3875/602
vt 0.2968910 0.9710840
vt 0.2931580 0.9685390
vt 0.2966190 0.9649640
f 606/3876/606 682/3877/682 832/3878/832
vt 0.0152210 0.6070060
vt 0.0141700 0.6099110
vt 0.0132430 0.6072900
f 610/3879/610 710/3880/710 739/3881/739
vt 0.8025450 0.0232470
vt 0.8054570 0.0257710
f 648/3814/648 694/3882/694 692/3883/692
vt 0.8055830 0.6275270
vt 0.8067590 0.6276920
vt 0.8064180 0.6287500
f 662/3884/662 690/3885/690 691/3886/691
vt 0.0601870 0.0421300
vt 0.0588610 0.0376810
vt 0.0617540 0.0392280
f 660/3887/660 758/3888/758 767/3889/767
vt 0.1936080 0.0889200
vt 0.1915290 0.0887480
vt 0.1917750 0.0866920
f 653/3890/653 684/3891/684 572/3892/572
vt 0.7985570 0.0289420
vt 0.7951810 0.0299220
vt 0.7968120 0.0273970
f 648/3893/648 678/3894/678 694/3895/694
vt 0.1736290 0.0828970
vt 0.1743370 0.0863860
vt 0.1720210 0.0864690
f 684/3896/684 697/3897/697 683/3898/683
vt 0.8599590 0.2053060
vt 0.8598450 0.2073470
vt 0.8584760 0.2057220
f 675/3899/675 705/3900/705 704/3901/704
vt 0.3932640 0.7692900
vt 0.3945580 0.7693750
vt 0.3938420 0.7698890
f 669/3902/669 701/3903/701 666/3904/666
vt 0.6432070 0.1124770
vt 0.6441440 0.1148870
vt 0.6420730 0.1148540
f 626/3905/626 575/3906/575 727/3907/727
vt 0.1670170 0.0840420
vt 0.1703540 0.0841400
vt 0.1691330 0.0854320
f 643/3908/643 684/3909/684 683/3910/683
vt 0.9326630 0.9586940
vt 0.9318000 0.9578650
vt 0.9344380 0.9568220
f 656/3911/656 692/3912/692 698/3913/698
vt 0.3843830 0.4414170
vt 0.3822940 0.4397870
vt 0.3841550 0.4390160
f 609/3914/609 693/3915/693 731/3916/731
vt 0.8536570 0.2042400
vt 0.8513020 0.2032370
vt 0.8552890 0.2025930
f 704/3917/704 695/3918/695 689/3919/689
vt 0.5438330 0.0055470
vt 0.5462440 0.0020680
vt 0.5463370 0.0076060
f 650/3920/650 548/3921/548 726/3922/726
vt 0.6551860 0.1284100
vt 0.6548860 0.1299430
vt 0.6540410 0.1293670
f 718/3923/718 654/3924/654 663/3925/663
vt 0.7085520 0.1171280
vt 0.7079620 0.1178920
vt 0.7069750 0.1174580
f 655/3926/655 744/3927/744 679/3928/679
vt 0.6437540 0.1303940
vt 0.6439020 0.1287490
vt 0.6449500 0.1293200
f 665/3929/665 714/3930/714 663/3931/663
vt 0.2686210 0.9801130
vt 0.2675100 0.9778810
vt 0.2701510 0.9785260
f 660/3932/660 631/3933/631 758/3934/758
vt 0.7892100 0.0164240
vt 0.7891280 0.0146500
vt 0.7903920 0.0134870
f 659/3935/659 633/3936/633 694/3937/694
vt 0.6998030 0.1119700
vt 0.7000040 0.1157790
vt 0.6968580 0.1143420
f 649/3938/649 679/3939/679 756/3940/756
vt 0.7942950 0.0238000
vt 0.7931760 0.0185700
vt 0.7965230 0.0212750
f 678/3941/678 659/3942/659 694/3943/694
vt 0.3578330 0.5000590
vt 0.3589070 0.4921210
vt 0.3637900 0.4980000
f 604/3944/604 783/3945/783 720/3946/720
vt 0.1385200 0.6835370
vt 0.1380500 0.6851300
vt 0.1353680 0.6840040
f 628/3947/628 719/3948/719 629/3949/629
vt 0.3708610 0.4296610
vt 0.3715060 0.4289340
vt 0.3715280 0.4302740
f 696/3950/696 675/3951/675 731/3952/731
vt 0.6408770 0.1138470
f 626/3905/626 727/3907/727 779/3953/779
vt 0.6454660 0.1161660
vt 0.6451280 0.1193680
vt 0.6437440 0.1187410
f 575/3954/575 718/3955/718 727/3956/727
vt 0.9209300 0.9533880
vt 0.9196850 0.9528670
vt 0.9210350 0.9520750
f 692/3957/692 695/3958/695 698/3959/698
vt 0.1919790 0.0900170
vt 0.1928260 0.0916500
vt 0.1885210 0.0900440
f 653/3960/653 724/3961/724 684/3962/684
vt 0.1307650 0.6889780
vt 0.1335530 0.6890080
vt 0.1312950 0.6900610
f 629/3963/629 719/3964/719 682/3965/682
vt 0.2895290 0.1027780
vt 0.2889770 0.1047270
vt 0.2887480 0.1041490
f 672/3966/672 722/3967/722 676/3968/676
vt 0.3655200 0.1683180
vt 0.3658490 0.1674480
vt 0.3667490 0.1679240
f 691/3969/691 709/3970/709 706/3971/706
vt 0.0222800 0.6114930
vt 0.0223830 0.6157860
vt 0.0188310 0.6151440
f 610/3972/610 792/3973/792 710/3974/710
vt 0.3675830 0.4302130
vt 0.3671220 0.4264490
vt 0.3690850 0.4252920
f 696/3975/696 745/3976/745 675/3977/675
vt 0.6514060 0.1259690
vt 0.6504680 0.1277690
vt 0.6493680 0.1264950
f 718/3978/718 663/3979/663 714/3980/714
vt 0.2923450 0.1050730
vt 0.2899270 0.1048300
f 672/3966/672 738/3981/738 722/3982/722
vt 0.2645360 0.9790000
vt 0.2620350 0.9788880
vt 0.2636320 0.9768480
f 631/3983/631 681/3984/681 758/3985/758
vt 0.3597880 0.4378190
vt 0.3558030 0.4352530
vt 0.3588890 0.4339020
f 640/3986/640 721/3987/721 696/3988/696
vt 0.3964380 0.7695460
vt 0.3967700 0.7708850
vt 0.3954140 0.7708830
f 701/3989/701 730/3990/730 666/3991/666
vt 0.3176670 0.5270040
vt 0.3177740 0.5285620
vt 0.3165930 0.5296580
f 637/3992/637 734/3993/734 781/3994/781
vt 0.1876910 0.0935490
f 684/3962/684 724/3961/724 697/3995/697
vt 0.3940010 0.7759920
vt 0.3964710 0.7726200
vt 0.3976680 0.7750840
f 563/3996/563 666/3997/666 664/3998/664
vt 0.7114780 0.1200050
vt 0.7089320 0.1233000
vt 0.7078830 0.1219340
f 674/3999/674 742/4000/742 744/4001/744
vt 0.3780090 0.4430800
vt 0.3794940 0.4421900
vt 0.3796150 0.4430730
f 696/4002/696 731/4003/731 693/4004/693
vt 0.3519270 0.3163500
vt 0.3480980 0.3164160
vt 0.3506690 0.3124060
f 652/4005/652 703/4006/703 753/4007/753
vt 0.1716830 0.0888750
vt 0.1722320 0.0890840
vt 0.1717100 0.0896480
f 683/4008/683 697/4009/697 711/4010/711
vt 0.1706450 0.0892860
f 683/4008/683 711/4010/711 712/4011/712
vt 0.8482300 0.2104100
vt 0.8488670 0.2116040
vt 0.8478890 0.2117800
f 704/4012/704 705/4013/705 695/4014/695
vt 0.8359620 0.9260800
vt 0.8398890 0.9283380
vt 0.8350690 0.9288960
f 699/4015/699 797/4016/797 619/4017/619
vt 0.2043260 0.8212080
vt 0.2045680 0.8202110
vt 0.2059350 0.8200540
f 683/4018/683 712/4019/712 677/4020/677
vt 0.1402070 0.6846630
vt 0.1415110 0.6869680
vt 0.1396870 0.6857860
f 628/4021/628 788/4022/788 719/4023/719
vt 0.8160640 0.6316420
vt 0.8156300 0.6309510
vt 0.8164090 0.6307030
f 691/4024/691 690/4025/690 717/4026/717
vt 0.1600000 0.6764670
vt 0.1635120 0.6784990
vt 0.1594530 0.6793370
f 652/4027/652 753/4028/753 725/4029/725
vt 0.1861680 0.0931550
vt 0.1877060 0.0946090
vt 0.1864860 0.0943950
f 697/4030/697 724/4031/724 711/4032/711
vt 0.3838890 0.5053470
vt 0.3853270 0.5049300
vt 0.3855460 0.5065990
f 636/4033/636 766/4034/766 680/4035/680
vt 0.9215630 0.9587740
vt 0.9166500 0.9590010
vt 0.9189210 0.9575300
f 694/4036/694 695/4037/695 692/4038/692
vt 0.8628140 0.2085360
vt 0.8633330 0.2109890
vt 0.8613970 0.2091500
f 675/4039/675 748/4040/748 705/4041/705
vt 0.3654400 0.1665330
vt 0.3662790 0.1650830
vt 0.3676070 0.1660010
f 709/4042/709 728/4043/728 706/4044/706
vt 0.2281410 0.8203180
vt 0.2265700 0.8182800
vt 0.2278610 0.8170430
f 699/4045/699 677/4046/677 770/4047/770
vt 0.8058630 0.3960050
vt 0.8088930 0.3930910
vt 0.8083200 0.3975930
f 635/4048/635 620/4049/620 761/4050/761
vt 0.2720180 0.5181480
vt 0.2773760 0.5176760
vt 0.2740640 0.5213650
f 688/4051/688 747/4052/747 611/4053/611
vt 0.9190850 0.9777080
vt 0.9194090 0.9785820
vt 0.9187530 0.9781610
f 698/4054/698 709/4055/709 634/4056/634
vt 0.8465340 0.2120640
vt 0.8472150 0.2126820
vt 0.8464830 0.2127990
f 695/4057/695 705/4058/705 698/4059/698
vt 0.3538900 0.0677650
vt 0.3530020 0.0646370
vt 0.3551760 0.0654520
f 661/4060/661 702/4061/702 752/4062/752
vt 0.3565320 0.0664760
f 661/4060/661 752/4062/752 732/4063/732
vt 0.1671180 0.5869450
vt 0.1742850 0.5858420
vt 0.1725980 0.5956340
f 565/4064/565 901/4065/901 578/4066/578
vt 0.0486470 0.9522430
vt 0.0542780 0.9555630
vt 0.0518670 0.9567790
f 594/4067/594 694/4068/694 715/4069/715
vt 0.1555580 0.6816020
vt 0.1570080 0.6831680
vt 0.1555120 0.6828770
f 652/4070/652 725/4071/725 788/4072/788
vt 0.2158400 0.8187600
vt 0.2137730 0.8177670
vt 0.2155310 0.8163850
f 816/4073/816 677/4074/677 737/4075/737
vt 0.1335920 0.6905630
f 682/3965/682 719/3964/719 789/4076/789
vt 0.5994000 0.0758110
vt 0.5964310 0.0795490
vt 0.5944800 0.0776620
f 680/4077/680 766/4078/766 702/4079/702
vt 0.8379620 0.9308320
vt 0.8360750 0.9323410
f 619/4017/619 797/4080/797 906/4081/906
vt 0.7919440 0.0043130
vt 0.7916920 0.0020120
vt 0.7936470 0.0038070
f 633/4082/633 715/4083/715 694/4084/694
vt 0.3821000 0.4167840
vt 0.3792160 0.4181690
vt 0.3782470 0.4164990
f 675/4085/675 745/4086/745 748/4087/748
vt 0.9082310 0.9769660
vt 0.9070550 0.9797770
vt 0.9056280 0.9780040
f 634/4088/634 735/4089/735 717/4090/717
vt 0.8504050 0.1871740
vt 0.8500240 0.1906430
vt 0.8467510 0.1875050
f 594/4091/594 689/4092/689 694/4093/694
vt 0.3823340 0.5041570
vt 0.3844760 0.5037390
f 636/4033/636 764/4094/764 766/4095/766
vt 0.1785880 0.5538900
vt 0.1833900 0.5523410
vt 0.1805920 0.5597420
f 565/4096/565 740/4097/740 901/4098/901
vt 0.0912470 0.8428100
vt 0.0913660 0.8420690
vt 0.0929970 0.8426760
f 584/4099/584 673/4100/673 777/4101/777
vt 0.7963840 0.6513880
vt 0.7992790 0.6512610
vt 0.7986140 0.6538480
f 642/4102/642 706/4103/706 713/4104/713
vt 0.2071080 0.8190750
vt 0.2050850 0.8185480
vt 0.2054300 0.8154790
f 677/4105/677 712/4106/712 737/4107/737
vt 0.2528560 0.5301440
vt 0.2548410 0.5286150
vt 0.2541430 0.5340810
f 548/4108/548 611/4109/611 726/4110/726
vt 0.1001730 0.0129860
vt 0.0999740 0.0182760
vt 0.0949060 0.0152630
f 668/4111/668 975/4112/975 687/4113/687
vt 0.1874720 0.4727370
vt 0.1845990 0.4693510
vt 0.1898950 0.4694780
f 645/4114/645 635/4115/635 786/4116/786
vt 0.3107970 0.9736520
vt 0.3113820 0.9706570
vt 0.3139120 0.9735270
f 674/4117/674 832/4118/832 742/4119/742
vt 0.0910490 0.8135800
vt 0.0938930 0.8084460
vt 0.0952980 0.8126580
f 556/4120/556 707/4121/707 743/4122/743
vt 0.2586960 0.9762640
vt 0.2567330 0.9749540
vt 0.2585330 0.9738710
f 631/4123/631 676/4124/676 681/4125/681
vt 0.2814800 0.1147820
vt 0.2816490 0.1120190
vt 0.2836630 0.1155040
f 642/4126/642 713/4127/713 716/4128/716
vt 0.3808850 0.0709390
vt 0.3819480 0.0670460
vt 0.3839000 0.0696480
f 564/4129/564 732/4130/732 708/4131/708
vt 0.8480830 0.1988820
vt 0.8467940 0.2000960
vt 0.8453380 0.1989950
f 689/4132/689 695/4133/695 694/4134/694
vt 0.0901790 0.8291170
vt 0.0952150 0.8240590
vt 0.0966320 0.8292390
f 673/4135/673 556/4136/556 743/4137/743
vt 0.3234020 0.3320740
vt 0.3195860 0.3324590
vt 0.3219650 0.3302880
f 632/4138/632 741/4139/741 703/4140/703
vt 0.6926920 0.8412460
vt 0.6909460 0.8455280
vt 0.6880960 0.8420240
f 749/4141/749 685/4142/685 759/4143/759
vt 0.9150250 0.9860930
vt 0.9116510 0.9875310
vt 0.9133780 0.9853040
f 709/4144/709 691/4145/691 735/4146/735
vt 0.1272060 0.0556160
vt 0.1254950 0.0543990
vt 0.1271220 0.0548400
f 653/4147/653 700/4148/700 729/4149/729
vt 0.3230900 0.5320590
vt 0.3276160 0.5348450
vt 0.3221350 0.5366880
f 734/4150/734 540/4151/540 806/4152/806
vt 0.1321120 0.0573280
vt 0.1325560 0.0526960
vt 0.1343560 0.0543370
f 653/4153/653 729/4154/729 724/4155/724
vt 0.3740010 0.4992440
vt 0.3721890 0.4971170
vt 0.3740000 0.4957840
f 686/4156/686 720/4157/720 754/4158/754
vt 0.2564060 0.9740950
f 676/4124/676 722/4159/722 681/4125/681
vt 0.9373110 0.9550380
vt 0.9370400 0.9518710
vt 0.9403950 0.9534110
f 698/4160/698 755/4161/755 709/4162/709
vt 0.3360190 0.5364850
vt 0.3339460 0.5438180
vt 0.3293070 0.5382860
f 540/4163/540 826/4164/826 806/4165/806
vt 0.7017260 0.1206700
vt 0.7035970 0.1222280
vt 0.7009340 0.1223120
f 679/4166/679 744/4167/744 757/4168/757
vt 0.9160680 0.9843220
vt 0.9149930 0.9844870
vt 0.9154430 0.9836820
f 709/4169/709 735/4170/735 634/4171/634
vt 0.2838350 0.5205970
vt 0.2847560 0.5225430
vt 0.2821970 0.5218250
f 747/4172/747 592/4173/592 784/4174/784
vt 0.3081350 0.5248960
vt 0.3086180 0.5318370
vt 0.3042450 0.5286410
f 592/4175/592 785/4176/785 784/4177/784
vt 0.0661380 0.0310040
vt 0.0685340 0.0282770
vt 0.0697700 0.0305080
f 767/4178/767 751/4179/751 660/4180/660
vt 0.8603960 0.2137670
vt 0.8649370 0.2157840
vt 0.8605910 0.2172790
f 705/4181/705 748/4182/748 723/4183/723
vt 0.0305540 0.9052260
vt 0.0270410 0.9061130
vt 0.0279340 0.9039230
f 721/4184/721 640/4185/640 823/4186/823
vt 0.6890710 0.8578390
vt 0.6867150 0.8598500
vt 0.6853800 0.8584670
f 685/4187/685 739/4188/739 759/4189/759
vt 0.3755510 0.4973040
vt 0.3777460 0.4972940
vt 0.3775400 0.4984830
f 754/4190/754 768/4191/768 686/4192/686
vt 0.8533110 0.2149900
vt 0.8540710 0.2167410
vt 0.8501170 0.2168030
f 705/4193/705 723/4194/723 698/4195/698
vt 0.3590520 0.4293470
vt 0.3574150 0.4303470
vt 0.3568280 0.4285390
f 696/4196/696 721/4197/721 745/4198/745
vt 0.3419060 0.5411330
f 540/4163/540 427/4199/427 826/4164/826
vt 0.1723480 0.0921160
vt 0.1704040 0.0950690
vt 0.1688910 0.0928340
f 711/4200/711 737/4201/737 712/4202/712
vt 0.9330110 0.9524190
vt 0.9319950 0.9507860
vt 0.9355550 0.9501430
f 698/4203/698 723/4204/723 755/4205/755
vt 0.3859190 0.0673810
vt 0.3877990 0.0686870
f 708/4131/708 732/4206/732 750/4207/750
vt 0.1970010 0.1008510
vt 0.1959050 0.1012930
vt 0.1957910 0.1005820
f 724/4208/724 746/4209/746 711/4210/711
vt 0.2247740 0.8141710
vt 0.2254390 0.8127400
vt 0.2258700 0.8143210
f 816/4211/816 770/4212/770 677/4213/677
vt 0.0007870 0.1184280
vt 0.0016760 0.1182430
vt 0.0016860 0.1190600
f 691/4214/691 717/4215/717 735/4216/735
vt 0.8065480 0.4071920
vt 0.8112630 0.4077950
vt 0.8100840 0.4115760
f 761/4217/761 833/4218/833 635/4219/635
vt 0.6977120 0.1179370
vt 0.6975720 0.1214150
vt 0.6932890 0.1170180
f 679/4220/679 757/4221/757 756/4222/756
vt 0.1321240 0.0514610
vt 0.1314200 0.0511930
vt 0.1322430 0.0509200
f 724/4223/724 729/4224/729 746/4225/746
vt 0.3460870 0.5449090
vt 0.3395830 0.5478340
f 427/4199/427 670/4226/670 826/4227/826
vt 0.1750540 0.0964520
vt 0.1716430 0.0957540
vt 0.1730530 0.0942120
f 733/4228/733 737/4229/737 711/4230/711
vt 0.0035450 0.9201820
vt 0.0007800 0.9166310
vt 0.0040270 0.9142780
f 645/4231/645 805/4232/805 640/4233/640
vt 0.1180880 0.0488770
vt 0.1161140 0.0464430
vt 0.1181870 0.0441230
f 700/4234/700 760/4235/760 729/4236/729
vt 0.1499830 0.6864030
vt 0.1536750 0.6887720
vt 0.1497880 0.6920430
f 788/4237/788 725/4238/725 818/4239/818
vt 0.2991680 0.1063060
vt 0.3005700 0.1073340
vt 0.2985020 0.1088260
f 672/4240/672 736/4241/736 738/4242/738
vt 0.6369780 0.1285130
vt 0.6363250 0.1270960
vt 0.6379580 0.1279830
f 665/4243/665 890/4244/890 714/4245/714
vt 0.6416000 0.1230420
vt 0.6407950 0.1230750
vt 0.6407830 0.1223410
f 718/4246/718 714/4247/714 727/4248/727
vt 0.3994910 0.8126130
vt 0.4016600 0.8118050
vt 0.4002730 0.8139780
f 670/4249/670 664/4250/664 826/4251/826
vt 0.3106990 0.1089230
vt 0.3140080 0.1094230
vt 0.3105300 0.1104860
f 736/4252/736 708/4253/708 750/4254/750
vt 0.5463130 0.0114750
vt 0.5491330 0.0121210
vt 0.5457010 0.0141720
f 726/4255/726 790/4256/790 650/4257/650
vt 0.1968900 0.1042880
vt 0.1980510 0.1069500
vt 0.1968060 0.1061310
f 746/4258/746 733/4259/733 711/4260/711
vt 0.0620010 0.0299410
vt 0.0644170 0.0262830
vt 0.0659280 0.0277620
f 767/4261/767 891/4262/891 751/4263/751
vt 0.3151660 0.3298890
vt 0.3125810 0.3290040
vt 0.3144400 0.3262390
f 703/4264/703 741/4265/741 753/4266/753
vt 0.1198810 0.0436620
vt 0.1199550 0.0429870
vt 0.1208740 0.0430070
f 729/4267/729 760/4268/760 746/4269/746
vt 0.5370570 0.1947700
vt 0.5325880 0.1928430
vt 0.5347410 0.1916150
f 669/4270/669 777/4271/777 701/4272/701
vt 0.9148880 0.6660380
vt 0.9157250 0.6637800
vt 0.9170820 0.6653110
f 665/4273/665 762/4274/762 890/4275/890
vt 0.7244020 0.3853590
vt 0.7245530 0.3889370
vt 0.7207660 0.3864200
f 716/4276/716 791/4277/791 761/4278/761
vt 0.3062670 0.1079270
vt 0.3093930 0.1104130
vt 0.3052340 0.1110980
f 736/4279/736 750/4280/750 738/4281/738
vt 0.6930680 0.1202870
vt 0.6903250 0.1201380
vt 0.6898050 0.1180540
f 757/4282/757 763/4283/763 756/4284/756
vt 0.3816640 0.4949090
vt 0.3811090 0.4942670
vt 0.3816640 0.4942360
f 764/4285/764 686/4286/686 768/4287/768
vt 0.3551210 0.0604590
vt 0.3510950 0.0601980
vt 0.3546510 0.0567450
f 752/4288/752 702/4289/702 858/4290/858
vt 0.1414980 0.6930440
vt 0.1388130 0.6939890
vt 0.1385900 0.6927980
f 788/4291/788 789/4292/789 719/4293/719
vt 0.9469590 0.9508740
vt 0.9484210 0.9499020
vt 0.9494850 0.9504060
f 709/4294/709 755/4295/755 728/4296/728
vt 0.2934650 0.1108190
vt 0.2941310 0.1118870
vt 0.2919650 0.1118600
f 722/4297/722 738/4298/738 774/4299/774
vt 0.9727630 0.6510540
vt 0.9730380 0.6492970
vt 0.9754030 0.6503930
f 699/4300/699 765/4301/765 797/4302/797
vt 0.2884270 0.1120130
vt 0.2877130 0.1141960
vt 0.2869270 0.1133110
f 722/4303/722 830/4304/830 681/4305/681
vt 0.8071540 0.4187980
vt 0.8092460 0.4202250
vt 0.8052090 0.4217020
f 635/4306/635 847/4307/847 786/4308/786
vt 0.9269980 0.0354730
vt 0.9275550 0.0302020
vt 0.9305220 0.0335290
f 685/4309/685 749/4310/749 741/4311/741
vt 0.9698470 0.6487570
vt 0.9692450 0.6476560
vt 0.9708890 0.6479960
f 699/4312/699 770/4313/770 765/4314/765
vt 0.0239480 0.9013130
vt 0.0199390 0.9011030
vt 0.0209830 0.8967810
f 823/4315/823 640/4316/640 805/4317/805
vt 0.1562620 0.0976620
vt 0.1613200 0.0956870
vt 0.1584230 0.1008970
f 854/4318/854 737/4319/737 733/4320/733
vt 0.8376760 0.9466800
vt 0.8402780 0.9473510
vt 0.8395950 0.9503010
f 608/4321/608 898/4322/898 668/4323/668
vt 0.1730750 0.6030540
vt 0.1810530 0.6045020
vt 0.1763250 0.6080790
f 578/4324/578 901/4325/901 884/4326/884
vt 0.3069990 0.1131860
vt 0.3080660 0.1132420
vt 0.3074870 0.1142670
f 738/4327/738 750/4328/750 774/4329/774
vt 0.8388790 0.9423930
vt 0.8396250 0.9403000
vt 0.8419100 0.9426670
f 608/4330/608 906/4331/906 898/4332/898
vt 0.2592510 0.5364950
vt 0.2608310 0.5368700
vt 0.2609600 0.5392850
f 726/4333/726 611/4334/611 771/4335/771
vt 0.4039220 0.7736260
vt 0.4060860 0.7746490
vt 0.4051440 0.7769150
f 666/4336/666 834/4337/834 664/4338/664
vt 0.4034320 0.7712140
vt 0.4046800 0.7712490
vt 0.4047740 0.7716860
f 730/4339/730 772/4340/772 666/4341/666
vt 0.5352030 0.1902840
vt 0.5341190 0.1900940
vt 0.5343890 0.1898450
f 730/4342/730 701/4343/701 772/4344/772
vt 0.1278100 0.0438430
vt 0.1265540 0.0412200
vt 0.1290630 0.0419420
f 746/4345/746 795/4346/795 733/4347/733
vt 0.1156580 0.0396140
vt 0.1160210 0.0388620
vt 0.1176350 0.0398270
f 760/4348/760 769/4349/769 746/4350/746
vt 0.8235120 0.3838990
vt 0.8275490 0.3803050
vt 0.8276330 0.3851500
f 761/4351/761 793/4352/793 833/4353/833
vt 0.6732050 0.2431530
vt 0.6719040 0.2409290
vt 0.6758030 0.2404070
f 721/4354/721 823/4355/823 745/4356/745
vt 0.5406450 0.0144570
vt 0.5425840 0.0169770
vt 0.5382840 0.0173250
f 650/4357/650 790/4358/790 783/4359/783
vt 0.8093550 0.4169020
vt 0.8122850 0.4171310
f 635/4360/635 833/4361/833 847/4307/847
vt 0.7405500 0.4041200
vt 0.7416830 0.4059700
vt 0.7391390 0.4057070
f 716/4362/716 713/4363/713 776/4364/776
vt 0.6864870 0.1165860
vt 0.6885770 0.1180970
vt 0.6872060 0.1187890
f 700/4365/700 756/4366/756 760/4367/760
vt 0.2058450 0.4819990
vt 0.2113180 0.4803880
vt 0.2098040 0.4857110
f 645/4368/645 786/4369/786 805/4370/805
vt 0.3244700 0.6714230
vt 0.3281290 0.6710240
vt 0.3263550 0.6727910
f 713/4371/713 706/4372/706 775/4373/775
vt 0.6843730 0.8588140
vt 0.6827950 0.8614110
vt 0.6810470 0.8576710
f 739/4374/739 863/4375/863 759/4376/759
vt 0.6891830 0.1193230
vt 0.6889340 0.1198840
f 756/4366/756 763/4377/763 760/4378/760
vt 0.0984550 0.8453800
vt 0.0995110 0.8439120
vt 0.1016200 0.8443290
f 669/4379/669 584/4380/584 777/4381/777
vt 0.9015440 0.6364370
vt 0.9083150 0.6319590
vt 0.9075040 0.6380540
f 751/4382/751 872/4383/872 762/4384/762
vt 0.9506510 0.9489050
vt 0.9504600 0.9469970
vt 0.9530980 0.9475880
f 728/4385/728 755/4386/755 827/4387/827
vt 0.1539490 0.0961020
vt 0.1529470 0.0968050
vt 0.1517100 0.0945950
f 737/4388/737 854/4389/854 816/4390/816
vt 0.2796930 0.7845070
vt 0.2793410 0.7850430
vt 0.2785380 0.7841630
f 714/4391/714 815/4392/815 727/4393/727
vt 0.1969600 0.5440550
vt 0.1971250 0.5457000
vt 0.1950580 0.5444200
f 687/4394/687 975/4395/975 740/4396/740
vt 0.3166380 0.1147920
vt 0.3147370 0.1180530
vt 0.3144070 0.1151710
f 732/4397/732 752/4398/752 750/4399/750
vt 0.8134760 0.6606480
vt 0.8160390 0.6614430
vt 0.8136150 0.6630260
f 706/4400/706 728/4401/728 775/4402/775
vt 0.4055960 0.7710050
vt 0.4067670 0.7712360
vt 0.4064410 0.7717970
f 772/4403/772 834/4404/834 666/4405/666
vt 0.4033330 0.5116450
vt 0.4024960 0.5089750
vt 0.4062000 0.5111490
f 702/4406/702 766/4407/766 865/4408/865
vt 0.7344710 0.4041990
vt 0.7315290 0.4051480
vt 0.7322750 0.3997520
f 716/4409/716 776/4410/776 791/4411/791
vt 0.1180510 0.0388300
vt 0.1162650 0.0375980
vt 0.1206200 0.0361920
f 746/4412/746 769/4413/769 795/4414/795
vt 0.3130280 0.1179760
f 750/4399/750 752/4398/752 807/4415/807
vt 0.4088300 0.7768300
vt 0.4096060 0.7814300
f 664/4338/664 834/4416/834 837/4417/837
vt 0.0998210 0.7986930
vt 0.0993900 0.7964810
vt 0.1021200 0.7976680
f 707/4418/707 578/4419/578 884/4420/884
vt 0.2619580 0.9677450
vt 0.2619820 0.9651930
vt 0.2638720 0.9672580
f 681/4421/681 830/4422/830 758/4423/758
vt 0.5517390 0.0115490
vt 0.5526380 0.0094100
vt 0.5545160 0.0116960
f 790/4424/790 726/4425/726 809/4426/809
vt 0.9008430 0.6267900
vt 0.9027880 0.6255010
vt 0.9020780 0.6274270
f 751/4427/751 891/4428/891 872/4429/872
vt 0.9614100 0.8547950
vt 0.9614230 0.8540540
vt 0.9622070 0.8542140
f 798/4430/798 764/4431/764 794/4432/794
vt 0.9616330 0.8532970
vt 0.9623200 0.8536240
f 764/4431/764 768/4433/768 794/4434/794
vt 0.5318020 0.1902070
vt 0.5307590 0.1911700
vt 0.5294590 0.1900680
f 701/4435/701 777/4436/777 772/4437/772
vt 0.6828910 0.8698480
vt 0.6793360 0.8702130
vt 0.6834150 0.8672140
f 710/4438/710 863/4439/863 739/4440/739
vt 0.2840460 0.5292260
vt 0.2833890 0.5302660
vt 0.2815760 0.5297000
f 784/4441/784 800/4442/800 747/4443/747
vt 0.3631020 0.4852910
vt 0.3649230 0.4852760
vt 0.3642840 0.4863260
f 783/4444/783 801/4445/801 720/4446/720
vt 0.9165800 0.6615880
vt 0.9175170 0.6600610
vt 0.9180110 0.6624600
f 762/4447/762 846/4448/846 890/4449/890
vt 0.6864780 0.1199980
vt 0.6865570 0.1204280
vt 0.6861690 0.1202370
f 760/4450/760 763/4451/763 769/4452/769
vt 0.2720040 0.5331680
vt 0.2740860 0.5359550
vt 0.2735360 0.5383970
f 611/4453/611 747/4454/747 800/4455/800
vt 0.3073120 0.1164600
vt 0.3047090 0.1193650
vt 0.3036220 0.1170670
f 750/4456/750 807/4457/807 774/4458/774
vt 0.6822420 0.8346440
vt 0.6815830 0.8372940
vt 0.6809610 0.8354240
f 749/4459/749 759/4460/759 780/4461/780
vt 0.7695750 0.8832020
vt 0.7676400 0.8839050
vt 0.7694660 0.8805870
f 829/4462/829 840/4463/840 773/4464/773
vt 0.9711670 0.6425970
vt 0.9696390 0.6421130
vt 0.9705270 0.6419680
f 765/4465/765 770/4466/770 796/4467/796
vt 0.7766480 0.8759710
vt 0.7723790 0.8736280
vt 0.7772820 0.8727400
f 773/4468/773 835/4469/835 838/4470/838
vt 0.5982830 0.1854030
vt 0.5937590 0.1891880
vt 0.5906260 0.1835200
f 626/4471/626 778/4472/778 792/4473/792
vt 0.6283280 0.1067340
vt 0.6247050 0.1048570
vt 0.6258880 0.1028400
f 779/4474/779 778/4475/778 626/4476/626
vt 0.7018120 0.1329500
vt 0.7059040 0.1346650
vt 0.6987410 0.1357140
f 744/4477/744 742/4478/742 852/4479/852
vt 0.9736920 0.6437270
vt 0.9761940 0.6434340
vt 0.9742700 0.6443140
f 796/4480/796 797/4481/797 765/4482/765
vt 0.3780040 0.4870070
vt 0.3766270 0.4873880
vt 0.3771690 0.4849100
f 754/4483/754 720/4484/720 801/4485/801
vt 0.7703780 0.8872810
vt 0.7728880 0.8869980
vt 0.7701150 0.8891950
f 829/4486/829 773/4487/773 813/4488/813
vt 0.6864310 0.1208760
vt 0.6860230 0.1210790
vt 0.6858840 0.1203590
f 763/4489/763 782/4490/782 769/4491/769
vt 0.2770490 0.7865400
vt 0.2763250 0.7892050
vt 0.2750500 0.7878650
f 714/4492/714 890/4493/890 815/4494/815
vt 0.2317530 0.5414200
vt 0.2356470 0.5465940
vt 0.2257920 0.5448000
f 668/4495/668 898/4496/898 975/4497/975
vt 0.4062970 0.8099790
vt 0.4093790 0.8118240
vt 0.4083300 0.8131990
f 664/4498/664 837/4499/837 826/4500/826
vt 0.6917020 0.1278360
vt 0.6906340 0.1274870
vt 0.6911460 0.1269530
f 757/4501/757 861/4502/861 763/4503/763
vt 0.6895630 0.1262080
f 763/4503/763 861/4502/861 782/4504/782
vt 0.9686130 0.6402910
vt 0.9677250 0.6406400
vt 0.9672750 0.6400650
f 796/4505/796 770/4506/770 808/4507/808
vt 0.9621320 0.8579890
vt 0.9644400 0.8574960
vt 0.9628250 0.8603510
f 764/4508/764 798/4509/798 880/4510/880
vt 0.5579820 0.0085540
vt 0.5606120 0.0110300
vt 0.5578830 0.0111160
f 726/4511/726 771/4512/771 809/4513/809
vt 0.2702630 0.5401930
vt 0.2711610 0.5414290
vt 0.2694960 0.5422470
f 611/4514/611 800/4515/800 771/4516/771
vt 0.9584550 0.8605670
vt 0.9615170 0.8615470
vt 0.9595850 0.8618470
f 764/4517/764 880/4518/880 766/4519/766
vt 0.2994800 0.3288190
vt 0.2978730 0.3286530
vt 0.2997030 0.3274670
f 741/4520/741 787/4521/787 753/4522/753
vt 0.6798430 0.8393400
vt 0.6769470 0.8397400
vt 0.6780250 0.8383560
f 759/4523/759 824/4524/824 780/4525/780
vt 0.9644380 0.8515170
vt 0.9647890 0.8502960
vt 0.9656430 0.8498700
f 768/4526/768 754/4527/754 834/4528/834
vt 0.9661700 0.8510510
f 768/4526/768 834/4528/834 794/4529/794
vt 0.2612300 0.9630900
vt 0.2610370 0.9613360
vt 0.2632180 0.9612950
f 830/4530/830 876/4531/876 758/4532/758
vt 0.5297690 0.1891360
vt 0.5295560 0.1890350
vt 0.5299820 0.1890480
f 772/4533/772 794/4534/794 834/4535/834
vt 0.3104930 0.5409130
vt 0.3103740 0.5414830
vt 0.3097630 0.5410990
f 734/4536/734 802/4537/802 781/4538/781
vt 0.6838290 0.1191940
vt 0.6843570 0.1207080
vt 0.6829410 0.1194420
f 769/4539/769 782/4540/782 795/4541/795
vt 0.9803700 0.6395450
vt 0.9794410 0.6412360
vt 0.9786200 0.6395790
f 770/4542/770 797/4543/797 819/4544/819
vt 0.7631540 0.2835760
vt 0.7634550 0.2878660
vt 0.7596790 0.2855040
f 723/4545/723 748/4546/748 943/4547/943
vt 0.6818810 0.8290050
vt 0.6795860 0.8274460
vt 0.6806770 0.8269890
f 749/4548/749 780/4549/780 811/4550/811
vt 0.1865650 0.6098100
vt 0.1824120 0.6122380
f 901/4325/901 941/4551/941 884/4552/884
vt 0.3081290 0.5405850
vt 0.3084840 0.5417040
f 785/4553/785 781/4538/781 802/4554/802
vt 0.1312380 0.7043910
vt 0.1367960 0.7033410
vt 0.1326640 0.7065300
f 682/4555/682 789/4556/789 921/4557/921
vt 0.5286020 0.1895500
vt 0.5273090 0.1892500
vt 0.5280570 0.1890910
f 772/4558/772 817/4559/817 794/4560/794
vt 0.6178140 0.8781360
vt 0.6142360 0.8814920
vt 0.6129450 0.8782850
f 748/4561/748 745/4562/745 879/4563/879
vt 0.2910310 0.1187120
vt 0.2916380 0.1186740
vt 0.2911730 0.1193180
f 722/4564/722 774/4565/774 864/4566/864
vt 0.3805560 0.1664310
vt 0.3825350 0.1671280
vt 0.3823580 0.1682040
f 728/4567/728 827/4568/827 775/4569/775
vt 0.1360450 0.0408200
vt 0.1338680 0.0379580
vt 0.1381400 0.0371030
f 733/4570/733 795/4571/795 953/4572/953
vt 0.9850220 0.6465960
vt 0.9867960 0.6498960
vt 0.9848610 0.6487320
f 770/4573/770 816/4574/816 812/4575/812
vt 0.7034210 0.1360890
vt 0.7039810 0.1388850
vt 0.7005610 0.1385960
f 852/4576/852 742/4577/742 841/4578/841
vt 0.8332010 0.3833430
vt 0.8352730 0.3828040
vt 0.8357620 0.3850550
f 793/4579/793 831/4580/831 822/4581/822
vt 0.8324540 0.3865310
f 793/4579/793 822/4581/822 833/4582/833
vt 0.6924540 0.1305380
vt 0.6944100 0.1328650
vt 0.6923160 0.1336440
f 757/4583/757 744/4584/744 861/4585/861
vt 0.9781060 0.6375880
vt 0.9762530 0.6370670
vt 0.9780020 0.6364070
f 770/4586/770 819/4587/819 808/4588/808
vt 0.5276560 0.1911150
vt 0.5274800 0.1926630
vt 0.5257030 0.1924810
f 772/4589/772 777/4590/777 817/4591/817
vt 0.9721870 0.6391770
vt 0.9729060 0.6383120
vt 0.9745100 0.6396610
f 796/4592/796 819/4593/819 797/4594/797
vt 0.1481500 0.6987570
vt 0.1512410 0.7014340
vt 0.1470240 0.7015430
f 788/4595/788 818/4596/818 869/4597/869
vt 0.9753890 0.8513510
vt 0.9760330 0.8519720
vt 0.9750420 0.8521690
f 794/4598/794 817/4599/817 798/4600/798
vt 0.3009900 0.3252730
vt 0.2998540 0.3217280
vt 0.3029590 0.3220710
f 787/4601/787 799/4602/799 753/4603/753
vt 0.3166370 0.1213560
vt 0.3210870 0.1245020
vt 0.3174620 0.1270420
f 807/4604/807 752/4605/752 856/4606/856
vt 0.1975650 0.5483880
vt 0.2010400 0.5481650
vt 0.2003580 0.5506180
f 740/4607/740 975/4608/975 901/4609/901
vt 0.3022760 0.5385800
vt 0.3037970 0.5390640
vt 0.3010050 0.5430390
f 784/4610/784 785/4611/785 803/4612/803
vt 0.1326380 0.3630260
vt 0.1335490 0.3664250
vt 0.1310980 0.3663220
f 787/4613/787 741/4614/741 814/4615/814
vt 0.5113770 0.0654460
vt 0.5113930 0.0662100
vt 0.5107500 0.0657320
f 808/4616/808 777/4617/777 796/4618/796
vt 0.1643560 0.6946460
vt 0.1667900 0.6973020
vt 0.1635420 0.6971120
f 725/4619/725 753/4620/753 818/4621/818
vt 0.3770180 0.4815810
vt 0.3771350 0.4766710
vt 0.3799150 0.4813780
f 801/4622/801 857/4623/857 754/4624/754
vt 0.7833400 0.8834980
vt 0.7858340 0.8811880
vt 0.7869710 0.8855850
f 813/4625/813 773/4626/773 845/4627/845
vt 0.2945810 0.5373300
vt 0.2923580 0.5410580
vt 0.2915150 0.5392580
f 784/4628/784 803/4629/803 800/4630/800
vt 0.4113300 0.5155940
vt 0.4185390 0.5152760
vt 0.4187200 0.5175930
f 702/4631/702 865/4632/865 858/4633/858
vt 0.5610160 0.0125460
vt 0.5643010 0.0139690
vt 0.5595470 0.0143220
f 771/4634/771 800/4635/800 809/4636/809
vt 0.7889440 0.8817060
f 773/4626/773 828/4637/828 845/4627/845
vt 0.8190850 0.1896810
vt 0.8176940 0.1862290
vt 0.8215310 0.1871920
f 793/4638/793 850/4639/850 831/4640/831
vt 0.1446050 0.7021260
vt 0.1454730 0.7026440
vt 0.1441320 0.7038600
f 788/4641/788 869/4642/869 789/4643/789
vt 0.4597920 0.1238420
vt 0.4615670 0.1260430
vt 0.4572110 0.1259700
f 838/4644/838 828/4645/828 773/4646/773
vt 0.6759760 0.8316770
vt 0.6749330 0.8314710
vt 0.6748100 0.8307820
f 780/4647/780 813/4648/813 845/4649/845
vt 0.3148370 0.5454010
vt 0.3171550 0.5466770
vt 0.3159450 0.5473020
f 734/4650/734 806/4651/806 821/4652/821
vt 0.9337170 0.0271540
vt 0.9315670 0.0256240
vt 0.9334010 0.0232970
f 741/4653/741 749/4654/749 814/4655/814
vt 0.9829600 0.6480320
vt 0.9830810 0.6485920
vt 0.9823150 0.6482580
f 770/4656/770 812/4657/812 797/4658/797
vt 0.2733940 0.7892120
vt 0.2703400 0.7872050
vt 0.2727660 0.7874880
f 890/4659/890 862/4660/862 815/4661/815
vt 0.2981120 0.1213630
vt 0.3008190 0.1222980
vt 0.2980470 0.1239100
f 774/4662/774 807/4663/807 853/4664/853
vt 0.2964680 0.1221070
f 774/4662/774 853/4664/853 864/4665/864
vt 0.7568410 0.8824800
vt 0.7558450 0.8852600
vt 0.7526860 0.8816760
f 773/4666/773 840/4667/840 835/4668/835
vt 0.3198290 0.3122460
vt 0.3142250 0.3095900
vt 0.3190090 0.3070940
f 753/4669/753 799/4670/799 875/4671/875
vt 0.7213240 0.9908720
vt 0.7215050 0.9902990
vt 0.7218930 0.9907380
f 722/4672/722 864/4673/864 830/4674/830
vt 0.6938530 0.1351100
vt 0.6933630 0.1358120
vt 0.6930170 0.1349870
f 744/4675/744 852/4676/852 861/4677/861
vt 0.5096270 0.0682710
vt 0.5089220 0.0683640
vt 0.5097030 0.0676160
f 777/4678/777 819/4679/819 796/4680/796
vt 0.1066970 0.8347080
vt 0.1120170 0.8345890
vt 0.1099230 0.8370220
f 673/4681/673 743/4682/743 843/4683/843
vt 0.5081810 0.0744260
vt 0.5092180 0.0745150
vt 0.5084850 0.0752180
f 777/4684/777 808/4685/808 817/4686/817
vt 0.8014420 0.1891710
vt 0.7991700 0.1867510
vt 0.8012410 0.1875250
f 761/4687/761 791/4688/791 793/4689/793
vt 0.3819770 0.4782870
vt 0.3795680 0.4731150
vt 0.3818730 0.4724120
f 754/4690/754 857/4691/857 834/4692/834
vt 0.6745030 0.8576810
vt 0.6733700 0.8589280
vt 0.6746130 0.8559350
f 759/4693/759 863/4694/863 824/4695/824
vt 0.3102130 0.5446360
vt 0.3102880 0.5453210
vt 0.3095340 0.5447350
f 734/4696/734 821/4697/821 802/4698/802
vt 0.2724050 0.7817960
vt 0.2703330 0.7835950
vt 0.2698370 0.7804240
f 727/4699/727 815/4700/815 779/4701/779
vt 0.9282070 0.0224230
vt 0.9256110 0.0200780
vt 0.9278720 0.0200210
f 749/4702/749 811/4703/811 814/4704/814
vt 0.6777080 0.7561180
vt 0.6716400 0.7562890
vt 0.6757390 0.7531020
f 782/4705/782 861/4706/861 895/4707/895
vt 0.1252330 0.7111500
vt 0.1271180 0.7133630
vt 0.1219140 0.7143820
f 682/4708/682 921/4709/921 832/4710/832
vt 0.5230350 0.1889970
vt 0.5219370 0.1888850
vt 0.5226150 0.1886850
f 817/4711/817 880/4712/880 798/4713/798
vt 0.9467010 0.9368740
vt 0.9491910 0.9320780
vt 0.9520550 0.9346120
f 755/4714/755 723/4715/723 810/4716/810
vt 0.5600760 0.0810240
vt 0.5591360 0.0836310
vt 0.5580840 0.0810380
f 806/4717/806 826/4718/826 849/4719/849
vt 0.9106890 0.6361780
vt 0.9169740 0.6338360
vt 0.9131250 0.6395180
f 762/4720/762 872/4721/872 846/4722/846
vt 0.9504670 0.9380500
vt 0.9540490 0.9368020
vt 0.9528640 0.9395700
f 755/4723/755 810/4724/810 827/4725/827
vt 0.3064320 0.5444070
vt 0.3045370 0.5451760
vt 0.3044020 0.5442900
f 802/4726/802 803/4727/803 785/4728/785
vt 0.7650100 0.2908040
vt 0.7673180 0.2899730
vt 0.7660420 0.2926420
f 748/4729/748 887/4730/887 943/4731/943
vt 0.2012880 0.4526160
vt 0.1993820 0.4498050
vt 0.2017470 0.4498480
f 847/4732/847 825/4733/825 786/4734/786
vt 0.7669710 0.9028770
vt 0.7683600 0.9064680
vt 0.7635830 0.9064530
f 813/4735/813 839/4736/839 829/4737/829
vt 0.5616060 0.0350220
vt 0.5599300 0.0349370
vt 0.5613150 0.0332170
f 802/4738/802 809/4739/809 803/4740/803
vt 0.6114410 0.8914450
vt 0.6105960 0.8955530
vt 0.6068040 0.8918160
f 745/4741/745 823/4742/823 879/4743/879
vt 0.5688610 0.0264160
vt 0.5697780 0.0305170
vt 0.5647480 0.0285100
f 800/4744/800 803/4745/803 809/4746/809
vt 0.6747290 0.8265130
vt 0.6747770 0.8245890
vt 0.6761250 0.8250560
f 780/4747/780 845/4748/845 811/4749/811
vt 0.5580950 0.0365480
vt 0.5589370 0.0369840
vt 0.5573300 0.0398520
f 809/4750/809 802/4751/802 821/4752/821
vt 0.5097940 0.0770030
vt 0.5109840 0.0750560
vt 0.5114940 0.0768630
f 817/4753/817 808/4754/808 843/4755/843
vt 0.5546140 0.0372080
f 809/4750/809 821/4752/821 842/4756/842
vt 0.5492830 0.0287840
vt 0.5495720 0.0300650
vt 0.5474620 0.0318570
f 790/4757/790 809/4758/809 842/4759/842
vt 0.7868240 0.8977730
vt 0.7869720 0.9001500
vt 0.7857510 0.8983700
f 780/4760/780 824/4761/824 813/4762/813
vt 0.5431270 0.0252970
vt 0.5431760 0.0279090
vt 0.5403980 0.0272240
f 790/4763/790 842/4764/842 783/4765/783
vt 0.5356470 0.0261010
vt 0.5372630 0.0287110
vt 0.5348990 0.0288210
f 783/4766/783 842/4767/842 801/4768/801
vt 0.4063000 0.5057760
vt 0.4085100 0.5045350
vt 0.4092880 0.5067180
f 766/4769/766 903/4770/903 865/4771/865
vt 0.7030490 0.1422530
vt 0.7082940 0.1461420
vt 0.7021310 0.1441040
f 742/4772/742 832/4773/832 841/4774/841
vt 0.5163880 0.0778870
vt 0.5155100 0.0780260
vt 0.5152020 0.0770000
f 673/4775/673 843/4776/843 777/4777/777
vt 0.1293410 0.3630870
vt 0.1290160 0.3664360
vt 0.1271390 0.3643860
f 787/4778/787 814/4779/814 892/4780/892
vt 0.5152340 0.0733600
vt 0.5147170 0.0722820
vt 0.5153230 0.0726860
f 843/4781/843 819/4782/819 777/4783/777
vt 0.3044250 0.1239320
vt 0.3067510 0.1277950
vt 0.3045840 0.1283150
f 807/4784/807 856/4785/856 853/4786/853
vt 0.5216570 0.1926810
vt 0.5199410 0.1938210
vt 0.5199160 0.1912770
f 817/4787/817 843/4788/843 880/4789/880
vt 0.8284950 0.4135150
vt 0.8318810 0.4144950
vt 0.8295750 0.4168870
f 833/4790/833 822/4791/822 894/4792/894
vt 0.7750650 0.9036310
vt 0.7756000 0.9053890
vt 0.7738510 0.9068500
f 813/4793/813 820/4794/820 839/4795/839
vt 0.5144840 0.0730190
vt 0.5140760 0.0727810
f 843/4796/843 808/4797/808 819/4782/819
vt 0.0498790 0.0192470
vt 0.0497900 0.0170240
vt 0.0517160 0.0166370
f 758/4798/758 876/4799/876 767/4800/767
vt 0.8238460 0.4222720
vt 0.8255450 0.4230890
vt 0.8242290 0.4267830
f 847/4801/847 833/4802/833 983/4803/983
vt 0.8005560 0.1859960
vt 0.7983230 0.1848790
vt 0.8006890 0.1835870
f 793/4804/793 791/4805/791 850/4806/850
vt 0.6675890 0.4604910
vt 0.6640180 0.4587350
vt 0.6674540 0.4582610
f 835/4807/835 886/4808/886 804/4809/804
vt 0.9854470 0.6562810
vt 0.9852980 0.6547050
vt 0.9863310 0.6570700
f 906/4810/906 797/4811/797 812/4812/812
vt 0.9249190 0.9267210
vt 0.9205820 0.9236060
vt 0.9244660 0.9211160
f 723/4813/723 943/4814/943 810/4815/810
vt 0.1786830 0.9039990
vt 0.1802260 0.9055500
vt 0.1771130 0.9072060
f 835/4816/835 804/4817/804 860/4818/860
vt 0.2678150 0.7860860
vt 0.2671490 0.7859460
vt 0.2674260 0.7851040
f 862/4819/862 868/4820/868 815/4821/815
vt 0.6755800 0.8215430
vt 0.6733510 0.8222810
vt 0.6739500 0.8196930
f 811/4822/811 845/4823/845 910/4824/910
vt 0.4157310 0.8109350
vt 0.4177060 0.8097210
vt 0.4174700 0.8113060
f 837/4825/837 849/4826/849 826/4827/826
vt 0.4205510 0.7765560
vt 0.4259300 0.7747370
vt 0.4255700 0.7789030
f 834/4828/834 857/4829/857 849/4830/849
vt 0.8067900 0.7524030
vt 0.8072510 0.7506350
vt 0.8077960 0.7519370
f 822/4831/822 831/4832/831 851/4833/851
vt 0.7860420 0.9026530
vt 0.7871030 0.9053290
vt 0.7845750 0.9034080
f 813/4834/813 824/4835/824 820/4836/820
vt 0.5032750 0.1627350
vt 0.5040760 0.1666050
vt 0.5006000 0.1613500
f 903/4837/903 766/4838/766 880/4839/880
vt 0.6599290 0.4652810
vt 0.6586130 0.4645630
vt 0.6611010 0.4634920
f 835/4840/835 840/4841/840 886/4842/886
vt 0.3482900 0.2925380
vt 0.3401820 0.2908970
vt 0.3432780 0.2860990
f 753/4843/753 875/4844/875 818/4845/818
vt 0.1676660 0.1118060
vt 0.1677280 0.1162390
vt 0.1631980 0.1162480
f 733/4846/733 953/4847/953 854/4848/854
vt 0.4521430 0.1314990
vt 0.4518390 0.1322330
vt 0.4513640 0.1314990
f 828/4849/828 910/4850/910 845/4851/845
vt 0.6790420 0.7491740
vt 0.6775370 0.7502550
vt 0.6765280 0.7491350
f 795/4852/795 782/4853/782 895/4854/895
vt 0.4206880 0.7879010
vt 0.4267580 0.7842730
vt 0.4239590 0.7927250
f 834/4855/834 849/4856/849 837/4857/837
vt 0.2675510 0.7840790
vt 0.2663380 0.7839680
vt 0.2674310 0.7830680
f 815/4858/815 868/4859/868 779/4860/779
vt 0.3184930 0.1306720
vt 0.3218010 0.1305730
vt 0.3206000 0.1325290
f 856/4861/856 752/4862/752 858/4863/858
vt 0.7055810 0.1499980
vt 0.7021490 0.1471450
f 832/4773/832 912/4864/912 841/4865/841
vt 0.9303150 0.0169290
vt 0.9321160 0.0153010
vt 0.9326820 0.0183050
f 811/4866/811 848/4867/848 814/4868/814
vt 0.8222330 0.1701610
vt 0.8204220 0.1743540
vt 0.8181390 0.1705770
f 836/4869/836 882/4870/882 866/4871/866
vt 0.1685280 0.8889880
vt 0.1671490 0.8933350
vt 0.1633830 0.8912960
f 835/4872/835 939/4873/939 838/4874/838
vt 0.6837360 0.7438800
vt 0.6814900 0.7411330
vt 0.6844200 0.7411750
f 795/4875/795 895/4876/895 867/4877/867
vt 0.5616140 0.0601410
vt 0.5593830 0.0606730
vt 0.5588670 0.0580010
f 821/4878/821 806/4879/806 849/4880/849
vt 0.1362980 0.7105970
vt 0.1386950 0.7116090
vt 0.1360000 0.7126060
f 789/4881/789 914/4882/914 921/4883/921
vt 0.8030000 0.7439030
vt 0.8027990 0.7434430
vt 0.8035540 0.7434010
f 831/4884/831 850/4885/850 874/4886/874
vt 0.8071710 0.7420670
vt 0.8073870 0.7435050
vt 0.8063680 0.7425860
f 882/4887/882 831/4888/831 874/4889/874
vt 0.2665690 0.0919240
vt 0.2635830 0.0865710
vt 0.2677220 0.0873750
f 713/4890/713 966/4891/966 776/4892/776
vt 0.8232600 0.7368700
vt 0.8266480 0.7392820
vt 0.8246890 0.7410210
f 844/4893/844 893/4894/893 836/4895/836
vt 0.8169720 0.1742230
vt 0.8155810 0.1732680
f 866/4871/866 882/4896/882 874/4897/874
vt 0.8298020 0.4188250
vt 0.8309660 0.4176220
vt 0.8318220 0.4208040
f 833/4898/833 894/4899/894 983/4900/983
vt 0.3282450 0.6883050
vt 0.3334320 0.6907590
vt 0.3291150 0.6930360
f 713/4901/713 775/4902/775 1071/4903/1071
vt 0.5369210 0.0313290
vt 0.5386610 0.0308850
vt 0.5370010 0.0329970
f 801/4904/801 842/4905/842 857/4906/857
vt 0.2208930 0.4736640
vt 0.2279070 0.4715360
vt 0.2259230 0.4777390
f 805/4907/805 786/4908/786 986/4909/986
vt 0.0522440 0.0141360
vt 0.0507400 0.0147290
vt 0.0522590 0.0126550
f 767/4910/767 876/4911/876 891/4912/891
vt 0.2175500 0.7929630
vt 0.2154420 0.7912660
vt 0.2171930 0.7904580
f 816/4913/816 854/4914/854 812/4915/812
vt 0.9296240 0.0129060
vt 0.9292990 0.0101020
vt 0.9310630 0.0117990
f 811/4916/811 910/4917/910 848/4918/848
vt 0.8004370 0.1826070
vt 0.7971860 0.1822820
vt 0.7995640 0.1811870
f 850/4919/850 791/4920/791 855/4921/855
vt 0.1202990 0.7190860
vt 0.1242790 0.7173200
vt 0.1246300 0.7196260
f 832/4922/832 921/4923/921 877/4924/877
vt 0.6081860 0.8581540
vt 0.6066400 0.8597180
vt 0.6064900 0.8568330
f 748/4925/748 879/4926/879 887/4927/887
vt 0.8169600 0.1647420
vt 0.8125200 0.1632450
vt 0.8148380 0.1589160
f 836/4928/836 866/4929/866 988/4930/988
vt 0.1291900 0.9624490
vt 0.1314380 0.9573380
vt 0.1318550 0.9615950
f 832/4931/832 877/4932/877 912/4933/912
vt 0.1419490 0.2072790
vt 0.1377530 0.2065330
vt 0.1405760 0.2022260
f 858/4934/858 865/4935/865 859/4936/859
vt 0.1446510 0.7094880
vt 0.1435580 0.7124620
vt 0.1426560 0.7111250
f 869/4937/869 914/4938/914 789/4939/789
vt 0.1236390 0.3625650
vt 0.1215380 0.3638880
vt 0.1195360 0.3607000
f 787/4940/787 892/4941/892 799/4942/799
vt 0.2001960 0.4429330
vt 0.2035240 0.4373650
vt 0.2038870 0.4447870
f 847/4943/847 1091/4944/1091 825/4945/825
vt 0.8223850 0.7520370
vt 0.8244430 0.7554700
vt 0.8224220 0.7552050
f 836/4946/836 893/4947/893 882/4948/882
vt 0.1147100 0.8359620
vt 0.1171400 0.8379350
vt 0.1148360 0.8386440
f 743/4949/743 908/4950/908 843/4951/843
vt 0.8130310 0.7626280
vt 0.8157170 0.7621370
vt 0.8156790 0.7636920
f 822/4952/822 851/4953/851 870/4954/870
vt 0.7286070 0.9847720
vt 0.7301560 0.9853730
vt 0.7290510 0.9860730
f 883/4955/883 876/4956/876 830/4957/830
vt 0.7267630 0.9822480
vt 0.7255810 0.9802070
vt 0.7275210 0.9812860
f 830/4958/830 864/4959/864 883/4960/883
vt 0.7949720 0.1818600
vt 0.7931870 0.1811680
vt 0.7930340 0.1802890
f 791/4961/791 885/4962/885 855/4963/855
vt 0.8159660 0.7523740
vt 0.8152120 0.7537030
vt 0.8143770 0.7527440
f 882/4964/882 851/4965/851 831/4966/831
vt 0.8588310 0.9011650
vt 0.8618450 0.8998800
vt 0.8635890 0.9039830
f 863/4967/863 710/4968/710 990/4969/990
vt 0.4564630 0.1401150
vt 0.4565650 0.1417490
vt 0.4550130 0.1404780
f 828/4970/828 935/4971/935 910/4972/910
vt 0.6176180 0.1619110
vt 0.6142230 0.1601550
vt 0.6165410 0.1579150
f 840/4973/840 829/4974/829 924/4975/924
vt 0.2638650 0.7886970
vt 0.2641360 0.7901140
vt 0.2631720 0.7892000
f 862/4976/862 890/4977/890 888/4978/888
vt 0.4612780 0.1404730
vt 0.4631930 0.1404270
vt 0.4590890 0.1428010
f 828/4979/828 838/4980/838 935/4981/935
vt 0.8357970 0.9028310
vt 0.8365400 0.9037130
vt 0.8342400 0.9037100
f 864/4982/864 853/4983/853 873/4984/873
vt 0.1335390 0.0236770
vt 0.1264180 0.0236050
vt 0.1311140 0.0214600
f 953/4985/953 795/4986/795 867/4987/867
vt 0.7984750 0.1676200
vt 0.8025800 0.1695000
vt 0.7987390 0.1706450
f 866/4988/866 874/4989/874 885/4990/885
vt 0.2621400 0.7886420
vt 0.2612120 0.7888520
vt 0.2612550 0.7881090
f 862/4991/862 888/4992/888 868/4993/868
vt 0.7092800 0.9798520
vt 0.7087810 0.9798860
vt 0.7089050 0.9795150
f 878/4994/878 906/4995/906 812/4996/812
vt 0.4239190 0.5151750
vt 0.4254380 0.5106180
vt 0.4292630 0.5145470
f 865/4997/865 903/4998/903 859/4999/859
vt 0.6552480 0.4317940
vt 0.6558350 0.4340280
vt 0.6539440 0.4328510
f 844/5000/844 929/5001/929 893/5002/893
vt 0.5543220 0.0447320
vt 0.5561030 0.0457890
vt 0.5555700 0.0478870
f 842/5003/842 821/5004/821 849/5005/849
vt 0.5456770 0.0564420
vt 0.5486150 0.0505300
vt 0.5507910 0.0535510
f 857/5006/857 842/5007/842 849/5008/849
vt 0.5785470 0.1908470
vt 0.5821880 0.1948160
vt 0.5755060 0.1963400
f 792/5009/792 778/5010/778 991/5011/991
vt 0.1659070 0.9025060
vt 0.1640040 0.9040410
vt 0.1635410 0.9013250
f 835/5012/835 860/5013/860 939/5014/939
vt 0.1562430 0.8849330
vt 0.1543180 0.8867240
vt 0.1525240 0.8830140
f 838/5015/838 939/5016/939 1031/5017/1031
vt 0.8208300 0.7723260
vt 0.8215900 0.7709650
vt 0.8219120 0.7729730
f 822/5018/822 870/5019/870 894/5020/894
vt 0.6616270 0.7533980
vt 0.6605290 0.7548100
vt 0.6599550 0.7528450
f 861/5021/861 852/5022/852 902/5023/902
vt 0.5163030 0.1993720
vt 0.5155520 0.1997010
vt 0.5162190 0.1978770
f 843/5024/843 908/5025/908 880/5026/880
vt 0.8036320 0.1786360
vt 0.8028730 0.1783800
vt 0.8029440 0.1770490
f 850/5027/850 855/5028/855 874/5029/874
vt 0.8547310 0.9223480
vt 0.8538440 0.9206340
vt 0.8554210 0.9195410
f 839/5030/839 820/5031/820 918/5032/918
vt 0.1261120 0.3725790
vt 0.1238270 0.3751880
vt 0.1239510 0.3699340
f 814/5033/814 938/5034/938 892/5035/892
vt 0.8300250 0.7267060
vt 0.8327820 0.7230350
vt 0.8323340 0.7252630
f 844/5036/844 925/5037/925 905/5038/905
vt 0.8211790 0.7596420
vt 0.8206110 0.7606480
vt 0.8200340 0.7603380
f 882/5039/882 899/5040/899 851/5041/851
vt 0.2720460 0.7578730
vt 0.2694200 0.7643640
vt 0.2691240 0.7596550
f 778/5042/778 779/5043/779 973/5044/973
vt 0.3161500 0.1337780
vt 0.3166310 0.1358770
vt 0.3133420 0.1356840
f 858/5045/858 956/5046/956 856/5047/856
vt 0.7282450 0.9782890
vt 0.7274200 0.9758230
vt 0.7288360 0.9765870
f 864/5048/864 915/5049/915 883/5050/883
vt 0.0397700 0.1782450
vt 0.0385530 0.1785910
vt 0.0387390 0.1761630
f 791/5051/791 871/5052/871 885/5053/885
vt 0.2587170 0.7886900
vt 0.2582740 0.7886710
vt 0.2577810 0.7880190
f 868/5054/868 888/5055/888 900/5056/900
vt 0.2856330 0.0777370
vt 0.2793860 0.0749900
vt 0.2861470 0.0713290
f 776/5057/776 966/5058/966 871/5059/871
vt 0.8235130 0.1515800
vt 0.8208430 0.1536790
vt 0.8218830 0.1506270
f 836/5060/836 988/5061/988 844/5062/844
vt 0.8290370 0.7636850
vt 0.8296120 0.7674880
vt 0.8283910 0.7661170
f 893/5063/893 1000/5064/1000 882/5065/882
vt 0.6613440 0.7583000
vt 0.6602370 0.7582980
vt 0.6597640 0.7572660
f 852/5066/852 911/5067/911 909/5068/909
vt 0.6970840 0.1474650
vt 0.6969720 0.1492160
vt 0.6958310 0.1479920
f 841/5069/841 912/5070/912 852/5071/852
vt 0.8574370 0.9094030
vt 0.8571920 0.9104560
vt 0.8567910 0.9108430
f 863/5072/863 959/5073/959 824/5074/824
vt 0.6585820 0.4380840
vt 0.6572700 0.4400990
vt 0.6547340 0.4371030
f 844/5075/844 905/5076/905 929/5077/929
vt 0.6677570 0.4524480
vt 0.6643090 0.4527510
vt 0.6662650 0.4504260
f 804/5078/804 886/5079/886 881/5080/881
vt 0.9375810 0.0165310
vt 0.9392950 0.0139610
vt 0.9389970 0.0157230
f 814/5081/814 889/5082/889 938/5083/938
vt 0.6631460 0.7512880
vt 0.6627890 0.7507430
vt 0.6638310 0.7485350
f 861/5084/861 902/5085/902 895/5086/895
vt 0.2692870 0.7978400
vt 0.2689380 0.8015880
vt 0.2672440 0.7960530
f 890/5087/890 846/5088/846 950/5089/950
vt 0.6599330 0.7546980
vt 0.6590740 0.7545140
f 852/5090/852 909/5091/909 902/5023/902
vt 0.1315070 0.3838740
vt 0.1302770 0.3831690
vt 0.1310060 0.3826960
f 848/5092/848 889/5093/889 814/5094/814
vt 0.8557100 0.9130130
vt 0.8562700 0.9130500
vt 0.8558720 0.9135420
f 824/5095/824 959/5096/959 820/5097/820
vt 0.7979280 0.1783410
vt 0.7963000 0.1782330
vt 0.7975300 0.1774600
f 855/5098/855 885/5099/885 874/5100/874
vt 0.6379600 0.4136060
vt 0.6346900 0.4181620
vt 0.6335540 0.4152350
f 893/5101/893 980/5102/980 1000/5103/1000
vt 0.9557070 0.4992960
vt 0.9564480 0.5003500
vt 0.9557190 0.5012780
f 890/5104/890 907/5105/907 888/5106/888
vt 0.8185570 0.7614200
vt 0.8198180 0.7616160
vt 0.8192230 0.7621530
f 870/5107/870 851/5108/851 899/5109/899
vt 0.8280730 0.7678150
vt 0.8275540 0.7686640
vt 0.8263780 0.7679140
f 882/5110/882 1000/5111/1000 899/5112/899
vt 0.9775720 0.6794110
vt 0.9723720 0.6819250
vt 0.9743020 0.6762080
f 776/5113/776 871/5114/871 791/5115/791
vt 0.2609770 0.7828830
vt 0.2595710 0.7813540
vt 0.2621050 0.7795030
f 868/5116/868 922/5117/922 779/5118/779
vt 0.6943500 0.1477590
vt 0.6957020 0.1498620
vt 0.6939530 0.1503180
f 852/5119/852 912/5120/912 911/5121/911
vt 0.7237060 0.9766830
vt 0.7218160 0.9758960
vt 0.7240240 0.9753080
f 864/5122/864 873/5123/873 915/5124/915
vt 0.9547310 0.5049370
vt 0.9560010 0.5052210
vt 0.9555050 0.5058500
f 888/5125/888 896/5126/896 900/5127/900
vt 0.8222380 0.7690380
vt 0.8227880 0.7688210
vt 0.8227090 0.7694050
f 870/5128/870 899/5129/899 894/5130/894
vt 0.7292190 0.9748770
vt 0.7268280 0.9740370
vt 0.7285300 0.9719520
f 883/5131/883 915/5132/915 934/5133/934
vt 0.9576990 0.5050100
vt 0.9575400 0.5041440
vt 0.9587010 0.5044240
f 896/5134/896 888/5135/888 907/5136/907
vt 0.7669360 0.8057750
vt 0.7685680 0.8017100
vt 0.7714800 0.8067070
f 847/5137/847 983/5138/983 1091/5139/1091
vt 0.1300400 0.9314400
vt 0.1306480 0.9307890
vt 0.1313820 0.9327250
f 869/5140/869 937/5141/937 914/5142/914
vt 0.2140810 0.7868580
vt 0.2110330 0.7851240
vt 0.2140200 0.7829860
f 812/5143/812 854/5144/854 904/5145/904
vt 0.6490580 0.4326670
vt 0.6467550 0.4366210
vt 0.6461080 0.4327650
f 893/5146/893 929/5147/929 980/5148/980
vt 0.3717950 0.0398400
vt 0.3697940 0.0348970
vt 0.3768810 0.0339620
f 858/5149/858 859/5150/859 956/5151/956
vt 0.9800180 0.4818360
vt 0.9840920 0.4839160
vt 0.9780810 0.4870350
f 846/5152/846 872/5153/872 928/5154/928
vt 0.1342550 0.9356690
vt 0.1349310 0.9351770
vt 0.1350320 0.9362170
f 914/5155/914 913/5156/913 921/5157/921
vt 0.2205040 0.7847240
vt 0.2207070 0.7827830
vt 0.2224110 0.7842500
f 812/5158/812 904/5159/904 878/5160/878
vt 0.1476540 0.8738620
vt 0.1450840 0.8781860
vt 0.1464830 0.8734870
f 838/5161/838 1031/5162/1031 1039/5163/1039
vt 0.7320480 0.9801420
vt 0.7328300 0.9790550
vt 0.7337410 0.9812570
f 876/5164/876 883/5165/883 891/5166/891
vt 0.9747480 0.6625700
vt 0.9735760 0.6645520
vt 0.9737060 0.6618170
f 885/5167/885 951/5168/951 866/5169/866
vt 0.5822880 0.2008200
vt 0.5795810 0.1977310
f 778/5010/778 974/5170/974 991/5171/991
vt 0.8579190 0.9298340
vt 0.8600630 0.9253310
vt 0.8634910 0.9276670
f 829/5172/829 839/5173/839 930/5174/930
vt 0.6611540 0.7492840
vt 0.6598660 0.7459320
f 902/5175/902 948/5176/948 895/5086/895
vt 0.9570400 0.4992850
vt 0.9597540 0.5008980
vt 0.9579990 0.5016650
f 890/5177/890 950/5178/950 907/5179/907
vt 0.8569740 0.9156980
vt 0.8580970 0.9150030
vt 0.8585920 0.9161780
f 820/5180/820 959/5181/959 918/5182/918
vt 0.6594930 0.4547800
vt 0.6578760 0.4511430
vt 0.6606060 0.4517100
f 886/5183/886 960/5184/960 881/5185/881
vt 0.9747470 0.4833690
vt 0.9736510 0.4878310
vt 0.9714180 0.4847390
f 928/5186/928 949/5187/949 846/5188/846
vt 0.5086780 0.2060860
vt 0.5065080 0.2045810
vt 0.5083860 0.2015880
f 897/5189/897 904/5190/904 908/5191/908
vt 0.1597110 0.1194340
vt 0.1594660 0.1217110
vt 0.1569830 0.1200550
f 953/5192/953 904/5193/904 854/5194/854
vt 0.0186950 0.6435890
vt 0.0229450 0.6482280
vt 0.0191350 0.6498470
f 710/5195/710 792/5196/792 990/5197/990
vt 0.7652290 0.2624270
vt 0.7665300 0.2595780
vt 0.7675040 0.2609810
f 872/5198/872 891/5199/891 927/5200/927
vt 0.8330260 0.9065620
vt 0.8342480 0.9084540
vt 0.8313610 0.9082200
f 873/5201/873 853/5202/853 956/5203/956
vt 0.4671040 0.1461620
vt 0.4719620 0.1479160
vt 0.4682880 0.1499850
f 838/5204/838 1039/5205/1039 935/5206/935
vt 0.6564050 0.7559940
vt 0.6551290 0.7570100
vt 0.6548970 0.7564820
f 909/5207/909 911/5208/911 916/5209/916
vt 0.1786390 0.9147430
vt 0.1762790 0.9160360
vt 0.1748420 0.9159460
f 804/5210/804 881/5211/881 919/5212/919
vt 0.1318730 0.3885140
vt 0.1293080 0.3899610
vt 0.1270660 0.3879440
f 848/5213/848 945/5214/945 889/5215/889
vt 0.1368740 0.9344010
vt 0.1370060 0.9336820
vt 0.1373020 0.9340540
f 913/5216/913 914/5217/914 933/5218/933
vt 0.5929140 0.2041180
vt 0.5899680 0.2048820
vt 0.5882930 0.2038470
f 778/5219/778 973/5220/973 974/5221/974
vt 0.7116930 0.9890270
vt 0.7170730 0.9911790
vt 0.7103100 0.9929390
f 878/5222/878 904/5223/904 897/5224/897
vt 0.6744940 0.7399970
vt 0.6742800 0.7364620
vt 0.6760570 0.7391330
f 895/5225/895 1004/5226/1004 867/5227/867
vt 0.1725960 0.9119330
vt 0.1759120 0.9130930
vt 0.1724220 0.9159820
f 860/5228/860 804/5229/804 919/5230/919
vt 0.1368140 0.9376960
vt 0.1369970 0.9369110
vt 0.1378950 0.9377990
f 921/5231/921 913/5232/913 877/5233/877
vt 0.6569390 0.4427130
vt 0.6606690 0.4445680
vt 0.6576690 0.4455540
f 905/5234/905 925/5235/925 926/5236/926
vt 0.7013810 0.9890670
vt 0.6959150 0.9882260
vt 0.7003950 0.9845380
f 897/5237/897 942/5238/942 878/5239/878
vt 0.9569140 0.5100900
vt 0.9583420 0.5101620
vt 0.9568380 0.5110570
f 900/5240/900 896/5241/896 917/5242/917
vt 0.1315060 0.3906380
f 848/5213/848 910/5243/910 945/5214/945
vt 0.1692010 0.1235320
vt 0.1694780 0.1279250
vt 0.1645590 0.1252700
f 953/5244/953 965/5245/965 904/5246/904
vt 0.5088300 0.1967470
vt 0.5059860 0.1978990
vt 0.5046580 0.1952050
f 880/5247/880 908/5248/908 923/5249/923
vt 0.7685750 0.2561560
vt 0.7685810 0.2584870
f 891/5199/891 955/5250/955 927/5251/927
vt 0.6500420 0.7525570
vt 0.6489350 0.7525440
vt 0.6504640 0.7510780
f 909/5252/909 934/5253/934 902/5254/902
vt 0.6960420 0.1523300
vt 0.6956850 0.1548910
vt 0.6950710 0.1541530
f 912/5255/912 994/5256/994 911/5257/911
vt 0.7721500 0.2681510
vt 0.7730450 0.2662790
vt 0.7769800 0.2691330
f 872/5258/872 927/5259/927 928/5260/928
vt 0.9722040 0.6721240
vt 0.9722480 0.6740410
vt 0.9704750 0.6725060
f 885/5261/885 871/5262/871 946/5263/946
vt 0.9611140 0.5136520
vt 0.9616490 0.5142710
vt 0.9607460 0.5144080
f 896/5264/896 931/5265/931 917/5266/917
vt 0.1359820 0.9326510
vt 0.1349240 0.9315740
vt 0.1372020 0.9326620
f 914/5267/914 937/5268/937 933/5269/933
vt 0.5093780 0.2139910
vt 0.5105580 0.2110870
vt 0.5104000 0.2146970
f 897/5270/897 908/5271/908 952/5272/952
vt 0.3056220 0.1386100
vt 0.3053070 0.1400630
vt 0.3040350 0.1389160
f 856/5273/856 956/5274/956 853/5275/853
vt 0.1220960 0.5900040
vt 0.1198170 0.5924910
vt 0.1203510 0.5884160
f 988/5276/988 944/5277/944 844/5278/844
vt 0.1255610 0.3797100
vt 0.1251780 0.3836410
vt 0.1231140 0.3819690
f 889/5279/889 1022/5280/1022 938/5281/938
vt 0.2509030 0.5705000
vt 0.2493040 0.5732090
vt 0.2488610 0.5690950
f 906/5282/906 942/5283/942 898/5284/898
vt 0.2559230 0.0110180
vt 0.2551880 0.0115420
vt 0.2554770 0.0110700
f 983/5285/983 894/5286/894 958/5287/958
vt 0.7723910 0.2300250
vt 0.7726780 0.2299370
vt 0.7733980 0.2310380
f 883/5288/883 934/5289/934 920/5290/920
vt 0.1248390 0.8205850
vt 0.1249850 0.8168180
vt 0.1288890 0.8181670
f 743/5291/743 707/5292/707 952/5293/952
vt 0.4977000 0.1801280
vt 0.4927220 0.1814180
vt 0.4930360 0.1774780
f 880/5294/880 923/5295/923 903/5296/903
vt 0.8658420 0.9062660
vt 0.8670900 0.9087020
vt 0.8663490 0.9081100
f 990/5297/990 964/5298/964 863/5299/863
vt 0.1416940 0.9335480
vt 0.1419720 0.9323920
vt 0.1423460 0.9330250
f 913/5300/913 933/5301/933 947/5302/947
vt 0.6717900 0.7405020
vt 0.6684840 0.7405510
vt 0.6709480 0.7364960
f 895/5303/895 948/5304/948 1004/5305/1004
vt 0.2555020 0.7830600
vt 0.2537090 0.7842900
vt 0.2536440 0.7818340
f 868/5306/868 900/5307/900 922/5308/922
vt 0.6603990 0.4458320
vt 0.6598710 0.4472680
vt 0.6591030 0.4465950
f 925/5309/925 881/5310/881 926/5311/926
vt 0.1422610 0.9340220
vt 0.1428170 0.9335870
vt 0.1427320 0.9347150
f 913/5312/913 947/5313/947 968/5314/968
vt 0.9654760 0.4897000
vt 0.9641310 0.4918480
vt 0.9638430 0.4906520
f 949/5315/949 950/5316/950 846/5317/846
vt 0.1239670 0.8144230
vt 0.1274410 0.8086260
vt 0.1318270 0.8118740
f 707/5318/707 932/5319/932 952/5320/952
vt 0.9634020 0.5148630
vt 0.9640440 0.5138660
vt 0.9640120 0.5157010
f 931/5321/931 896/5322/896 907/5323/907
vt 0.9719610 0.6695220
vt 0.9712210 0.6689940
vt 0.9720370 0.6689830
f 885/5324/885 946/5325/946 951/5326/951
vt 0.2484220 0.0885860
vt 0.2444920 0.0840740
vt 0.2484880 0.0820430
f 713/5327/713 1071/5328/1071 966/5329/966
vt 0.6052580 0.1623930
vt 0.6006370 0.1634760
vt 0.6002680 0.1596060
f 829/5330/829 930/5331/930 981/5332/981
vt 0.7246730 0.9695940
vt 0.7231020 0.9708160
vt 0.7227770 0.9668210
f 915/5333/915 873/5334/873 940/5335/940
vt 0.8630350 0.9207140
vt 0.8630920 0.9185540
vt 0.8637320 0.9203860
f 839/5336/839 918/5337/918 930/5338/930
vt 0.6381660 0.4664630
vt 0.6361770 0.4677380
vt 0.6372480 0.4637830
f 840/5339/840 1008/5340/1008 886/5341/886
vt 0.7049720 0.1671860
vt 0.7013970 0.1692240
vt 0.7018150 0.1643380
f 877/5342/877 994/5343/994 912/5344/912
vt 0.2585190 0.7787380
vt 0.2552790 0.7778990
vt 0.2572860 0.7747040
f 779/5345/779 922/5346/922 1014/5347/1014
vt 0.1743070 0.9200770
vt 0.1733270 0.9191360
vt 0.1740600 0.9181370
f 925/5348/925 919/5349/919 881/5350/881
vt 0.2021340 0.6121800
vt 0.2021090 0.6099910
vt 0.2034130 0.6101370
f 884/5351/884 941/5352/941 932/5353/932
vt 0.1398950 0.9376280
vt 0.1427540 0.9399330
vt 0.1385790 0.9405880
f 913/5354/913 968/5355/968 877/5356/877
vt 0.4544470 0.1484160
vt 0.4559110 0.1505710
vt 0.4536330 0.1509530
f 910/5357/910 935/5358/935 945/5359/945
vt 0.6344720 0.4734550
vt 0.6303730 0.4724510
vt 0.6326730 0.4695070
f 840/5360/840 924/5361/924 1008/5362/1008
vt 0.1272950 0.8330480
vt 0.1287760 0.8286240
vt 0.1324780 0.8335440
f 908/5363/908 743/5364/743 952/5365/952
vt 0.1260900 0.7995530
vt 0.1268600 0.7976520
vt 0.1277270 0.7999820
f 707/5366/707 884/5367/884 932/5368/932
vt 0.6536720 0.7572350
vt 0.6523860 0.7593610
vt 0.6518580 0.7573480
f 911/5369/911 994/5370/994 916/5371/916
vt 0.5034720 0.1989750
vt 0.5024310 0.2014750
vt 0.4990910 0.1994510
f 908/5372/908 904/5373/904 923/5374/923
vt 0.1591010 0.7163710
vt 0.1598590 0.7177300
vt 0.1572860 0.7168980
f 818/5375/818 984/5376/984 869/5377/869
vt 0.2648990 0.7636300
vt 0.2617210 0.7648240
vt 0.2628160 0.7616820
f 779/5378/779 1014/5379/1014 973/5380/973
vt 0.1273320 0.3900660
vt 0.1242390 0.3868610
f 889/5215/889 945/5381/945 1022/5382/1022
vt 0.2445930 0.7880670
vt 0.2421070 0.7869560
vt 0.2455760 0.7872140
f 917/5383/917 922/5384/922 900/5385/900
vt 0.2535710 0.0111000
vt 0.2527890 0.0106670
vt 0.2537960 0.0098060
f 894/5386/894 899/5387/899 958/5388/958
vt 0.1615710 0.9190310
vt 0.1607080 0.9169730
vt 0.1624120 0.9175470
f 844/5389/844 982/5390/982 925/5391/925
vt 0.7707970 0.2235700
vt 0.7702120 0.2222950
vt 0.7708420 0.2225940
f 915/5392/915 902/5393/902 934/5394/934
vt 0.7361870 0.9786970
vt 0.7392400 0.9774650
vt 0.7374130 0.9806400
f 883/5395/883 955/5396/955 891/5397/891
vt 0.6576180 0.4471150
vt 0.6580560 0.4482740
vt 0.6561370 0.4490620
f 926/5398/926 881/5399/881 960/5400/960
vt 0.2491710 0.0116310
vt 0.2490100 0.0093790
vt 0.2503980 0.0100470
f 1000/5401/1000 958/5402/958 899/5403/899
vt 0.6481690 0.4574850
vt 0.6438420 0.4564070
vt 0.6465050 0.4543820
f 886/5404/886 936/5405/936 960/5406/960
vt 0.1222600 0.0147310
vt 0.1207680 0.0084670
vt 0.1259600 0.0099510
f 867/5407/867 1004/5408/1004 999/5409/999
vt 0.1600600 0.9189620
f 944/5410/944 982/5390/982 844/5389/844
vt 0.9488790 0.9716230
vt 0.9489710 0.9729710
vt 0.9479260 0.9722260
f 931/5411/931 907/5412/907 957/5413/957
vt 0.1372170 0.9510080
vt 0.1410750 0.9490690
vt 0.1414050 0.9531870
f 877/5414/877 968/5415/968 994/5416/994
vt 0.1268600 0.0137900
f 953/5417/953 867/5407/867 999/5409/999
vt 0.5573160 0.1843180
vt 0.5556610 0.1882540
vt 0.5536410 0.1841980
f 792/5418/792 991/5419/991 990/5420/990
vt 0.7734080 0.2279480
vt 0.7739250 0.2278260
vt 0.7745000 0.2286950
f 920/5421/920 934/5422/934 916/5423/916
vt 0.2381120 0.5655940
vt 0.2378780 0.5717780
vt 0.2340100 0.5670380
f 898/5424/898 942/5425/942 975/5426/975
vt 0.7731710 0.2178330
vt 0.7750250 0.2174680
vt 0.7733810 0.2189900
f 909/5427/909 916/5428/916 934/5429/934
vt 0.7723600 0.2633770
vt 0.7726530 0.2610000
vt 0.7746280 0.2630850
f 928/5430/928 927/5431/927 971/5432/971
vt 0.8825300 0.4842720
vt 0.8846120 0.4833360
vt 0.8849560 0.4839960
f 933/5433/933 937/5434/937 969/5435/969
vt 0.7371570 0.9759840
vt 0.7394810 0.9750630
f 883/5436/883 920/5437/920 955/5396/955
vt 0.7704190 0.2555920
vt 0.7711520 0.2554420
vt 0.7704530 0.2564120
f 955/5438/955 961/5439/961 927/5440/927
vt 0.7685460 0.2223890
vt 0.7672510 0.2203460
vt 0.7688700 0.2220590
f 915/5441/915 940/5442/940 902/5443/902
vt 0.3551790 0.6971290
vt 0.3602880 0.6952040
vt 0.3597900 0.7015990
f 775/5444/775 827/5445/827 1122/5446/1122
vt 0.1225210 0.6006860
vt 0.1214380 0.6017690
vt 0.1208100 0.5998170
f 988/5447/988 978/5448/978 944/5449/944
vt 0.8151390 0.3197160
vt 0.8125480 0.3169550
vt 0.8171920 0.3162420
f 786/5450/786 825/5451/825 986/5452/986
vt 0.1592620 0.9100120
vt 0.1602740 0.9123970
vt 0.1594470 0.9119940
f 860/5453/860 919/5454/919 963/5455/963
vt 0.7759930 0.2609830
f 971/5432/971 927/5431/927 961/5456/961
vt 0.2484450 0.6008230
vt 0.2458990 0.5997330
vt 0.2466690 0.5983760
f 897/5457/897 952/5458/952 942/5459/942
vt 0.9434150 0.9701540
vt 0.9426610 0.9701630
vt 0.9425060 0.9692950
f 931/5460/931 947/5461/947 917/5462/917
vt 0.6386500 0.4443170
vt 0.6350990 0.4444330
vt 0.6372100 0.4416410
f 905/5463/905 993/5464/993 929/5465/929
vt 0.2501780 0.5867560
vt 0.2487560 0.5897750
vt 0.2486000 0.5863190
f 878/5466/878 942/5467/942 906/5468/906
vt 0.3548650 0.0270640
vt 0.3509450 0.0230350
vt 0.3562590 0.0216410
f 859/5469/859 903/5470/903 1006/5471/1006
vt 0.3634980 0.0291550
vt 0.3636910 0.0237920
vt 0.3651670 0.0268960
f 859/5472/859 1006/5473/1006 956/5474/956
vt 0.8674170 0.9097650
vt 0.8678390 0.9094300
vt 0.8691650 0.9104990
f 863/5475/863 964/5476/964 959/5477/959
vt 0.1416500 0.6070890
vt 0.1438980 0.6106770
vt 0.1405710 0.6116860
f 866/5478/866 1040/5479/1040 988/5480/988
vt 0.1951030 0.9745890
vt 0.2015670 0.9739330
vt 0.2002490 0.9779450
f 887/5481/887 879/5482/879 1034/5483/1034
vt 0.6313450 0.4379740
vt 0.6331480 0.4399100
vt 0.6317010 0.4399990
f 980/5484/980 929/5485/929 993/5486/993
vt 0.9793430 0.4947260
vt 0.9800980 0.4977290
vt 0.9785780 0.4954480
f 928/5487/928 971/5488/971 949/5489/949
vt 0.7692460 0.2200240
vt 0.7673880 0.2191770
vt 0.7665710 0.2170000
f 902/5490/902 940/5491/940 948/5492/948
vt 0.9418680 0.9709950
vt 0.9423590 0.9716060
vt 0.9414230 0.9719490
f 947/5493/947 931/5494/931 957/5495/957
vt 0.1639760 0.9158500
vt 0.1626250 0.9160230
vt 0.1635250 0.9151310
f 925/5496/925 982/5497/982 919/5498/919
vt 0.9496890 0.9739530
vt 0.9497970 0.9756120
vt 0.9486710 0.9754280
f 907/5499/907 950/5500/950 957/5501/957
vt 0.9392210 0.9679590
vt 0.9403400 0.9671520
vt 0.9403270 0.9677170
f 933/5502/933 917/5503/917 947/5504/947
vt 0.1257560 0.3917860
vt 0.1230000 0.3921150
vt 0.1212640 0.3895210
f 945/5505/945 1001/5506/1001 1022/5507/1022
vt 0.8908850 0.4755550
vt 0.8913850 0.4765940
vt 0.8892250 0.4767620
f 869/5508/869 984/5509/984 937/5510/937
vt 0.6071330 0.1527330
vt 0.6043630 0.1545370
vt 0.6032380 0.1519140
f 924/5511/924 829/5512/829 1026/5513/1026
vt 0.2310560 0.5780220
vt 0.2368580 0.5769150
vt 0.2347830 0.5806750
f 975/5514/975 942/5515/942 976/5516/976
vt 0.1863640 0.1376830
vt 0.1862910 0.1424550
vt 0.1840160 0.1409270
f 953/5517/953 999/5518/999 965/5519/965
vt 0.2050020 0.5999760
vt 0.2076380 0.5979550
vt 0.2069320 0.6005290
f 941/5520/941 976/5521/976 932/5522/932
vt 0.6372450 0.4627860
vt 0.6343950 0.4628200
vt 0.6352270 0.4614270
f 886/5523/886 1008/5524/1008 936/5525/936
vt 0.6352080 0.4481820
vt 0.6339770 0.4488480
vt 0.6320930 0.4453910
f 905/5526/905 962/5527/962 993/5528/993
vt 0.8891560 0.4810740
vt 0.8924560 0.4807600
vt 0.8892330 0.4830510
f 937/5529/937 984/5530/984 969/5531/969
vt 0.3437460 0.2742130
vt 0.3390950 0.2744760
vt 0.3407260 0.2685160
f 818/5532/818 875/5533/875 984/5534/984
vt 0.1581200 0.9126720
vt 0.1587370 0.9130610
vt 0.1575990 0.9134400
f 963/5535/963 919/5536/919 982/5537/982
vt 0.9666900 0.6660070
vt 0.9656080 0.6682600
vt 0.9627490 0.6653520
f 866/5538/866 951/5539/951 1040/5540/1040
vt 0.9509070 0.9767160
vt 0.9498020 0.9802380
vt 0.9473050 0.9786270
f 950/5541/950 970/5542/970 957/5543/957
vt 0.8834160 0.4968970
vt 0.8849920 0.4951550
vt 0.8852850 0.4972900
f 933/5544/933 969/5545/969 987/5546/987
vt 0.8821990 0.4996940
vt 0.8833710 0.4983230
vt 0.8843990 0.5009360
f 917/5547/917 933/5548/933 987/5549/987
vt 0.1505250 0.9037900
vt 0.1490440 0.9079100
vt 0.1469200 0.9056330
f 860/5550/860 963/5551/963 939/5552/939
vt 0.6342390 0.4494000
vt 0.6372990 0.4489840
vt 0.6352270 0.4513160
f 962/5553/962 905/5554/905 926/5555/926
vt 0.6858930 0.1597940
vt 0.6842940 0.1632680
vt 0.6828410 0.1622440
f 994/5556/994 996/5557/996 916/5558/916
vt 0.4551650 0.1556950
vt 0.4523720 0.1586120
vt 0.4511600 0.1568220
f 935/5559/935 967/5560/967 945/5561/945
vt 0.2172920 0.6050360
vt 0.2208520 0.5986490
vt 0.2226660 0.6013490
f 952/5562/952 932/5563/932 976/5564/976
vt 0.2080760 0.5848660
vt 0.2104670 0.5832100
vt 0.2093460 0.5865480
f 941/5565/941 901/5566/901 976/5567/976
vt 0.7807140 0.2301010
vt 0.7794980 0.2304580
vt 0.7813800 0.2284440
f 954/5568/954 920/5569/920 996/5570/996
vt 0.6434520 0.2159370
vt 0.6446540 0.2105440
vt 0.6506370 0.2137800
f 805/5571/805 1120/5572/1120 823/5573/823
vt 0.8920280 0.4851080
f 969/5531/969 984/5530/984 1070/5574/1070
vt 0.6420220 0.4526260
vt 0.6426740 0.4533880
vt 0.6413170 0.4534010
f 926/5575/926 960/5576/960 936/5577/936
vt 0.1607650 0.1364950
vt 0.1634530 0.1405380
vt 0.1594700 0.1393860
f 904/5578/904 965/5579/965 923/5580/923
vt 0.6319670 0.4501290
vt 0.6328650 0.4525610
f 962/5581/962 926/5555/926 977/5582/977
vt 0.2121270 0.5836880
f 901/5566/901 975/5583/975 976/5567/976
vt 0.4577060 0.1589880
vt 0.4590570 0.1608670
vt 0.4568010 0.1589910
f 935/5584/935 1039/5585/1039 967/5586/967
vt 0.9355910 0.9709750
vt 0.9369880 0.9732890
vt 0.9336150 0.9746030
f 947/5587/947 957/5588/957 979/5589/979
vt 0.4512050 0.1577610
f 967/5560/967 1001/5590/1001 945/5561/945
vt 0.7750770 0.2426400
vt 0.7775590 0.2416350
vt 0.7803370 0.2448260
f 955/5591/955 920/5592/920 961/5593/961
vt 0.9774050 0.5027550
vt 0.9774280 0.5051200
vt 0.9746040 0.5048240
f 949/5594/949 971/5595/971 950/5596/950
vt 0.7659150 0.7902140
vt 0.7686720 0.7893210
vt 0.7700140 0.7904040
f 958/5597/958 1068/5598/1068 983/5599/983
vt 0.2432870 0.5912450
vt 0.2382690 0.5934050
vt 0.2416400 0.5893610
f 952/5600/952 976/5601/976 942/5602/942
vt 0.2491140 0.0031640
vt 0.2500560 0.0029770
vt 0.2494980 0.0032680
f 1000/5603/1000 1010/5604/1010 958/5605/958
vt 0.7776170 0.2252200
vt 0.7799290 0.2248500
vt 0.7780390 0.2269300
f 916/5606/916 996/5607/996 920/5608/920
vt 0.6004720 0.1519490
vt 0.5997290 0.1539780
vt 0.5986740 0.1523070
f 1026/5609/1026 829/5610/829 981/5611/981
vt 0.8119420 0.9051320
vt 0.8135320 0.9080980
vt 0.8096080 0.9095470
f 940/5612/940 873/5613/873 1020/5614/1020
vt 0.6318590 0.4611010
vt 0.6336750 0.4595180
f 1008/5524/1008 1011/5615/1011 936/5616/936
vt 0.5896510 0.2176150
vt 0.5923530 0.2187880
vt 0.5871470 0.2215530
f 974/5617/974 973/5618/973 1014/5619/1014
vt 0.6937650 0.1756680
vt 0.6922050 0.1783560
vt 0.6888850 0.1759990
f 968/5620/968 979/5621/979 994/5622/994
vt 0.1511000 0.9389850
vt 0.1513800 0.9412300
vt 0.1495540 0.9422030
f 947/5623/947 979/5624/979 968/5625/968
vt 0.8831440 0.5118230
vt 0.8849780 0.5119490
vt 0.8847340 0.5132500
f 917/5626/917 987/5627/987 922/5628/922
vt 0.7883750 0.2291470
vt 0.7896480 0.2282830
vt 0.7912030 0.2294340
f 954/5629/954 979/5630/979 989/5631/989
vt 0.6384540 0.3503770
vt 0.6386970 0.3539440
vt 0.6355720 0.3517900
f 990/5632/990 991/5633/991 1009/5634/1009
vt 0.7538190 0.3124020
vt 0.7536790 0.3171320
vt 0.7475280 0.3152870
f 943/5635/943 1134/5636/1134 810/5637/810
vt 0.7862190 0.2290140
vt 0.7863910 0.2261790
f 954/5638/954 996/5639/996 979/5630/979
vt 0.7638920 0.7884170
vt 0.7640390 0.7872540
vt 0.7650990 0.7878790
f 958/5640/958 1010/5641/1010 1068/5642/1068
vt 0.3422130 0.7043630
vt 0.3459590 0.7067210
vt 0.3400640 0.7082690
f 775/5643/775 1122/5644/1122 1071/5645/1071
vt 0.9747160 0.5074780
vt 0.9780490 0.5097950
vt 0.9748270 0.5109960
f 950/5646/950 971/5647/971 970/5648/970
vt 0.8158530 0.3120200
vt 0.8163700 0.3079940
vt 0.8184250 0.3099350
f 825/5649/825 1101/5650/1101 986/5651/986
vt 0.5903020 0.1589170
vt 0.5882940 0.1595740
vt 0.5902410 0.1562770
f 981/5652/981 930/5653/930 1026/5654/1026
vt 0.2891090 0.0560950
vt 0.2875290 0.0576630
vt 0.2882850 0.0557360
f 946/5655/946 871/5656/871 992/5657/992
vt 0.3110040 0.2864580
vt 0.3090570 0.2878750
vt 0.3106440 0.2839920
f 875/5658/875 799/5659/799 972/5660/972
vt 0.8738210 0.9136250
vt 0.8745030 0.9138810
vt 0.8743690 0.9147860
f 959/5661/959 964/5662/964 918/5663/918
vt 0.8740750 0.9152820
vt 0.8746430 0.9155260
vt 0.8742770 0.9157870
f 918/5664/918 985/5665/985 930/5666/930
vt 0.5660980 0.2044160
vt 0.5679630 0.2079800
vt 0.5645810 0.2099270
f 991/5667/991 974/5668/974 1002/5669/1002
vt 0.3803800 0.0152960
vt 0.3764190 0.0138250
vt 0.3790880 0.0079660
f 956/5670/956 1006/5671/1006 1020/5672/1020
vt 0.9606290 0.6738470
vt 0.9599390 0.6737660
vt 0.9600090 0.6730530
f 946/5673/946 992/5674/992 951/5675/951
vt 0.8748710 0.9147160
f 964/5662/964 985/5676/985 918/5663/918
vt 0.8861540 0.5135250
vt 0.8878860 0.5126050
vt 0.8896250 0.5152790
f 922/5677/922 987/5678/987 1014/5679/1014
vt 0.1431050 0.9169190
vt 0.1414760 0.9175520
vt 0.1426890 0.9157450
f 944/5680/944 978/5681/978 982/5682/982
vt 0.1529350 0.1690040
vt 0.1577970 0.1652410
vt 0.1576270 0.1687350
f 903/5683/903 923/5684/923 1006/5685/1006
vt 0.8185630 0.9167940
vt 0.8178360 0.9185630
vt 0.8148450 0.9185080
f 873/5686/873 956/5687/956 1020/5688/1020
vt 0.6345060 0.4539670
vt 0.6338230 0.4554250
vt 0.6332810 0.4547870
f 926/5689/926 936/5690/936 977/5691/977
vt 0.5585470 0.5350080
vt 0.5545490 0.5347230
vt 0.5568570 0.5308680
f 799/5692/799 892/5693/892 972/5694/972
vt 0.9390580 0.9810240
vt 0.9351550 0.9800130
vt 0.9379680 0.9791160
f 989/5695/989 979/5696/979 957/5697/957
vt 0.3347460 0.2705960
vt 0.3309390 0.2701340
vt 0.3364520 0.2655920
f 875/5698/875 1053/5699/1053 984/5700/984
vt 0.1621430 0.1578670
vt 0.1612860 0.1620200
vt 0.1565750 0.1589450
f 965/5701/965 1006/5702/1006 923/5703/923
vt 0.9455840 0.9813630
vt 0.9471820 0.9820710
vt 0.9464420 0.9831610
f 957/5704/957 970/5705/970 989/5706/989
vt 0.1421020 0.6156960
vt 0.1383820 0.6194010
vt 0.1370460 0.6159490
f 1040/5707/1040 1102/5708/1102 988/5709/988
vt 0.6268000 0.4457680
vt 0.6205920 0.4467120
vt 0.6227120 0.4430210
f 962/5710/962 995/5711/995 993/5712/993
vt 0.9514600 0.9843090
vt 0.9521340 0.9861100
vt 0.9492400 0.9851740
f 970/5713/970 971/5714/971 1012/5715/1012
vt 0.3722740 0.1367850
vt 0.3718590 0.1324150
vt 0.3746060 0.1353970
f 827/5716/827 810/5717/810 1081/5718/1081
vt 0.6147520 0.1395190
vt 0.6116960 0.1394700
vt 0.6123700 0.1368810
f 1008/5719/1008 924/5720/924 1017/5721/1017
vt 0.3295940 0.2724790
vt 0.3277020 0.2713640
vt 0.3281430 0.2685820
f 875/5722/875 972/5723/972 1053/5724/1053
vt 0.6538160 0.7324610
vt 0.6502070 0.7342480
vt 0.6502890 0.7294910
f 948/5725/948 940/5726/940 1004/5727/1004
vt 0.8780460 0.9101110
vt 0.8809350 0.9117170
vt 0.8788700 0.9125460
f 964/5728/964 1009/5729/1009 1036/5730/1036
vt 0.7895770 0.8004330
vt 0.7954560 0.7977330
vt 0.7961930 0.8021390
f 1091/5731/1091 1186/5732/1186 825/5733/825
vt 0.6308860 0.4577530
vt 0.6301560 0.4578240
vt 0.6309540 0.4569900
f 936/5734/936 1011/5735/1011 977/5736/977
vt 0.7801590 0.2426210
vt 0.7822170 0.2421090
f 920/5737/920 1007/5738/1007 961/5593/961
vt 0.9777540 0.6947810
vt 0.9783000 0.6943310
vt 0.9784030 0.6952900
f 985/5739/985 964/5740/964 1036/5741/1036
vt 0.2858750 0.0566590
vt 0.2855020 0.0549700
vt 0.2867780 0.0549910
f 871/5742/871 1043/5743/1043 992/5744/992
vt 0.6210410 0.3384830
vt 0.6208070 0.3401530
vt 0.6199340 0.3390570
f 990/5745/990 1009/5746/1009 964/5747/964
vt 0.8910780 0.5119730
vt 0.8887650 0.5087260
vt 0.8919420 0.5094720
f 987/5748/987 1070/5749/1070 1014/5750/1014
vt 0.5317920 0.6517420
vt 0.5341870 0.6508110
vt 0.5336400 0.6527180
f 998/5751/998 997/5752/997 1003/5753/1003
vt 0.1977240 0.9838760
vt 0.2014210 0.9848420
vt 0.1991590 0.9858110
f 887/5754/887 1034/5755/1034 1060/5756/1060
vt 0.1417610 0.9024480
vt 0.1417210 0.9051630
vt 0.1384320 0.9032550
f 939/5757/939 963/5758/963 1013/5759/1013
vt 0.5795750 0.2152920
vt 0.5817080 0.2212990
vt 0.5759620 0.2205330
f 974/5760/974 1014/5761/1014 1002/5762/1002
vt 0.2787150 0.0605490
vt 0.2747790 0.0606250
vt 0.2787060 0.0576140
f 871/5763/871 966/5764/966 1043/5765/1043
vt 0.1372860 0.8956570
vt 0.1352440 0.8947140
vt 0.1359400 0.8928120
f 939/5766/939 1013/5767/1013 1031/5768/1031
vt 0.7445080 0.1934460
vt 0.7412820 0.1902960
vt 0.7460510 0.1900810
f 1088/5769/1088 980/5770/980 993/5771/993
vt 0.7818070 0.2403650
vt 0.7841220 0.2402900
vt 0.7825590 0.2411500
f 920/5772/920 954/5773/954 1007/5774/1007
vt 0.7018540 0.2834190
vt 0.6995610 0.2815450
vt 0.6998270 0.2800930
f 997/5775/997 1005/5776/1005 1003/5777/1003
vt 0.9565450 0.6688870
vt 0.9570830 0.6711320
vt 0.9561170 0.6705330
f 1040/5778/1040 951/5779/951 1051/5780/1051
vt 0.2891600 0.0528220
vt 0.2882220 0.0519220
vt 0.2887930 0.0517320
f 951/5781/951 992/5782/992 1051/5783/1051
vt 0.7940440 0.2177890
vt 0.7967630 0.2199290
vt 0.7927210 0.2204520
f 994/5784/994 979/5785/979 996/5786/996
vt 0.8893860 0.5057150
vt 0.8903450 0.5028770
vt 0.8905220 0.5056870
f 987/5787/987 969/5788/969 1070/5789/1070
vt 0.7637410 0.7765450
vt 0.7676100 0.7760470
vt 0.7662890 0.7786880
f 980/5790/980 1062/5791/1062 1000/5792/1000
vt 0.1769580 0.1633380
vt 0.1813100 0.1655550
vt 0.1775480 0.1699220
f 965/5793/965 999/5794/999 1006/5795/1006
vt 0.5368060 0.6542440
vt 0.5371830 0.6551570
vt 0.5349710 0.6544830
f 1003/5796/1003 1030/5797/1030 998/5798/998
vt 0.9464630 0.9846740
vt 0.9468110 0.9862380
vt 0.9444150 0.9849620
f 970/5799/970 1012/5800/1012 989/5801/989
vt 0.6533130 0.7033520
vt 0.6516110 0.7083340
vt 0.6488140 0.7031280
f 999/5802/999 1004/5803/1004 1020/5804/1020
vt 0.7926160 0.2553290
vt 0.7876820 0.2532020
vt 0.7917750 0.2506050
f 971/5805/971 961/5806/961 1007/5807/1007
vt 0.6284690 0.4571340
vt 0.6280200 0.4588320
vt 0.6264970 0.4583330
f 977/5808/977 1011/5809/1011 1033/5810/1033
vt 0.7924180 0.2369770
vt 0.7960250 0.2393320
vt 0.7934490 0.2414480
f 954/5811/954 989/5812/989 1007/5813/1007
vt 0.4418260 0.1664360
vt 0.4435420 0.1674030
vt 0.4405770 0.1688280
f 1022/5814/1022 1001/5815/1001 1046/5816/1046
vt 0.7752880 0.7858690
vt 0.7793800 0.7851890
vt 0.7780570 0.7881910
f 1068/5817/1068 1091/5818/1091 983/5819/983
vt 0.6919480 0.2792850
vt 0.6915020 0.2786620
vt 0.6932450 0.2791600
f 1005/5820/1005 1035/5821/1035 1003/5822/1003
vt 0.6248310 0.4529050
vt 0.6251610 0.4557810
vt 0.6231600 0.4536800
f 962/5823/962 977/5824/977 995/5825/995
vt 0.7684350 0.7804240
vt 0.7705230 0.7796620
vt 0.7698550 0.7808480
f 1000/5826/1000 1062/5827/1062 1010/5828/1010
vt 0.7966130 0.2425030
f 989/5812/989 1012/5829/1012 1007/5813/1007
vt 0.1844770 0.1689860
vt 0.1848050 0.1718350
vt 0.1818760 0.1706490
f 999/5830/999 1020/5831/1020 1006/5832/1006
vt 0.6943580 0.2783690
vt 0.6937860 0.2762750
vt 0.6966980 0.2783220
f 1035/5833/1035 1030/5834/1030 1003/5835/1003
vt 0.7419230 0.1774940
vt 0.7409730 0.1727590
vt 0.7443900 0.1758210
f 993/5836/993 995/5837/995 1117/5838/1117
vt 0.6322940 0.2096980
vt 0.6287150 0.2068670
vt 0.6323430 0.2026250
f 805/5839/805 986/5840/986 1120/5841/1120
vt 0.5348400 0.6597310
vt 0.5323930 0.6573510
f 998/5798/998 1030/5842/1030 1032/5843/1032
vt 0.1395540 0.9137410
vt 0.1391020 0.9119580
vt 0.1399700 0.9117180
f 978/5844/978 1024/5845/1024 982/5846/982
vt 0.9711950 0.6959310
vt 0.9726920 0.6959870
vt 0.9706420 0.6994280
f 930/5847/930 985/5848/985 1019/5849/1019
vt 0.9349900 0.1181740
vt 0.9342030 0.1148510
vt 0.9367920 0.1146090
f 940/5850/940 1020/5851/1020 1004/5852/1004
vt 0.3505610 0.2487350
vt 0.3474000 0.2474510
vt 0.3515470 0.2445610
f 984/5853/984 1075/5854/1075 1070/5855/1070
vt 0.5589030 0.2111940
vt 0.5546890 0.2095820
vt 0.5577690 0.2066240
f 1002/5856/1002 1009/5857/1009 991/5858/991
vt 0.5884300 0.8466250
vt 0.5858550 0.8442140
vt 0.5887880 0.8460010
f 887/5859/887 1060/5860/1060 943/5861/943
vt 0.2855820 0.0532550
vt 0.2853290 0.0526680
vt 0.2860020 0.0521360
f 1043/5862/1043 1015/5863/1015 992/5864/992
vt 0.6219120 0.4552540
f 977/5824/977 1033/5865/1033 995/5825/995
vt 0.7943350 0.2472660
vt 0.7953940 0.2508920
f 1007/5807/1007 1012/5866/1012 971/5867/971
vt 0.5863500 0.6082290
vt 0.5878550 0.6118030
vt 0.5855140 0.6118240
f 997/5868/997 1045/5869/1045 1005/5870/1005
vt 0.1410740 0.9088200
vt 0.1413800 0.9094780
vt 0.1402090 0.9091910
f 963/5871/963 982/5872/982 1024/5873/1024
vt 0.2857590 0.0515620
vt 0.2862260 0.0511150
f 992/5864/992 1015/5874/1015 1051/5875/1051
vt 0.9801960 0.6998580
vt 0.9798590 0.7020290
vt 0.9795550 0.7011240
f 1036/5876/1036 1028/5877/1028 985/5878/985
vt 0.5833520 0.1554150
vt 0.5820620 0.1529450
vt 0.5843820 0.1530040
f 930/5879/930 1019/5880/1019 1026/5881/1026
vt 0.6071320 0.1367860
vt 0.6049650 0.1378830
vt 0.6055350 0.1355930
f 924/5882/924 1026/5883/1026 1017/5884/1017
vt 0.0000360 0.3500610
vt 0.0016090 0.3466270
vt 0.0050430 0.3491320
f 998/5885/998 1021/5886/1021 997/5887/997
vt 0.9762560 0.6989880
vt 0.9765550 0.7002400
vt 0.9752270 0.7000960
f 985/5888/985 1028/5889/1028 1019/5890/1019
vt 0.6190750 0.4663030
vt 0.6207370 0.4647150
vt 0.6214520 0.4653550
f 1016/5891/1016 1011/5892/1011 1008/5893/1008
vt 0.5198570 0.5532700
vt 0.5181940 0.5534390
vt 0.5193110 0.5523560
f 1022/5894/1022 1046/5895/1046 1023/5896/1023
vt 0.7687900 0.7736580
vt 0.7652130 0.7727190
vt 0.7691220 0.7713040
f 1062/5897/1062 980/5898/980 1088/5899/1088
vt 0.5903650 0.6106130
vt 0.5911370 0.6135720
f 997/5900/997 1050/5901/1050 1045/5869/1045
vt 0.7397500 0.1492270
vt 0.7386370 0.1489060
vt 0.7392500 0.1473100
f 1016/5902/1016 1008/5903/1008 1027/5904/1027
vt 0.8097070 0.3070380
vt 0.8058620 0.3026530
vt 0.8119610 0.3028550
f 825/5905/825 1186/5906/1186 1101/5907/1101
vt 0.6132110 0.1303890
vt 0.6131210 0.1310630
vt 0.6123300 0.1303090
f 1008/5908/1008 1017/5909/1017 1027/5910/1027
vt 0.7726190 0.7794170
vt 0.7727000 0.7786830
vt 0.7741640 0.7792950
f 1010/5911/1010 1062/5912/1062 1077/5913/1077
vt 0.7438380 0.4233860
vt 0.7438840 0.4216160
vt 0.7448630 0.4225080
f 1013/5914/1013 963/5915/963 1059/5916/1059
vt 0.6222340 0.4617340
vt 0.6215790 0.4604750
vt 0.6219950 0.4601330
f 1011/5917/1011 1016/5918/1016 1033/5919/1033
vt 0.7730990 0.7801580
vt 0.7740800 0.7797480
vt 0.7735810 0.7810760
f 1010/5920/1010 1077/5921/1077 1068/5922/1068
vt 0.5699250 0.6208970
vt 0.5664300 0.6220440
vt 0.5689350 0.6183870
f 1025/5923/1025 1061/5924/1061 1037/5925/1037
vt 0.6106650 0.1311080
vt 0.6096060 0.1306260
vt 0.6107230 0.1303960
f 1017/5926/1017 1029/5927/1029 1027/5928/1027
vt 0.5783380 0.6108400
vt 0.5773090 0.6118650
vt 0.5774380 0.6106890
f 1005/5929/1005 1045/5930/1045 1018/5931/1018
vt 0.5232120 0.5508190
vt 0.5209660 0.5496270
vt 0.5229050 0.5484500
f 1022/5932/1022 1023/5933/1023 938/5934/938
vt 0.1220080 0.6177760
vt 0.1241550 0.6225990
vt 0.1203230 0.6217380
f 988/5935/988 1102/5936/1102 978/5937/978
vt 0.2380660 0.0707770
vt 0.2359580 0.0666500
vt 0.2409910 0.0657280
f 1071/5938/1071 1080/5939/1080 966/5940/966
vt 0.3385090 0.2523920
vt 0.3333460 0.2514340
vt 0.3354500 0.2476080
f 984/5941/984 1053/5942/1053 1075/5943/1075
vt 0.0097980 0.3460810
vt 0.0095490 0.3443760
vt 0.0104770 0.3446090
f 997/5944/997 1021/5945/1021 1050/5946/1050
vt 0.4610250 0.1705160
vt 0.4599410 0.1742130
vt 0.4574320 0.1692670
f 1039/5947/1039 1065/5948/1065 967/5949/967
vt 0.5872570 0.8411450
vt 0.5856250 0.8421290
vt 0.5852850 0.8403320
f 943/5950/943 1060/5951/1060 1134/5952/1134
vt 0.6005430 0.1370580
vt 0.5998630 0.1377710
vt 0.6006610 0.1361360
f 1017/5953/1017 1026/5954/1026 1029/5955/1029
vt 0.5802710 0.1536110
vt 0.5783180 0.1501160
vt 0.5813350 0.1518750
f 1019/5956/1019 1028/5957/1028 1026/5958/1026
vt 0.5808180 0.1489400
f 1026/5958/1026 1028/5957/1028 1038/5959/1038
vt 0.5716840 0.6183910
vt 0.5729730 0.6204540
vt 0.5722450 0.6207070
f 1037/5960/1037 1018/5961/1018 1025/5962/1025
vt 0.5247230 0.6558730
vt 0.5235950 0.6565670
vt 0.5228240 0.6561250
f 998/5963/998 1032/5964/1032 1021/5965/1021
vt 0.5988260 0.6655380
vt 0.5965710 0.6682530
vt 0.5963550 0.6655790
f 879/5966/879 823/5967/823 1034/5968/1034
vt 0.5729110 0.6215600
f 1025/5962/1025 1018/5961/1018 1045/5969/1045
vt 0.9489330 0.7343930
vt 0.9478040 0.7368370
vt 0.9441550 0.7375610
f 1028/5970/1028 1036/5971/1036 1042/5972/1042
vt 0.5646590 0.6213530
vt 0.5656020 0.6182800
f 1061/5924/1061 1078/5973/1078 1037/5974/1037
vt 0.3453430 0.7934430
vt 0.3468310 0.7941790
vt 0.3458260 0.7965340
f 1005/5975/1005 1018/5976/1018 1035/5977/1035
vt 0.5676060 0.6254220
vt 0.5687230 0.6267020
vt 0.5675900 0.6275000
f 1025/5978/1025 1074/5979/1074 1061/5980/1061
vt 0.5665990 0.6161860
vt 0.5661560 0.6164000
vt 0.5661670 0.6153210
f 1037/5981/1037 1078/5982/1078 1082/5983/1082
vt 0.5751920 0.2349580
vt 0.5721330 0.2383260
vt 0.5722470 0.2338570
f 1014/5984/1014 1075/5985/1075 1002/5986/1002
vt 0.7454750 0.4273010
vt 0.7465910 0.4273420
vt 0.7464500 0.4299810
f 1013/5987/1013 1059/5988/1059 1031/5989/1031
vt 0.5718340 0.6234290
vt 0.5733750 0.6235140
vt 0.5731450 0.6254740
f 1025/5990/1025 1045/5991/1045 1074/5992/1074
vt 0.5966190 0.1385140
vt 0.5938630 0.1386920
vt 0.5951390 0.1378540
f 1026/5993/1026 1038/5994/1038 1029/5995/1029
vt 0.4518470 0.1715020
vt 0.4525380 0.1726090
vt 0.4518010 0.1734720
f 1001/5996/1001 967/5997/967 1076/5998/1076
vt 0.5686040 0.6139960
vt 0.5679160 0.6136140
vt 0.5694980 0.6131640
f 1037/5999/1037 1082/6000/1082 1018/6001/1018
vt 0.5805120 0.1469800
vt 0.5789710 0.1482750
vt 0.5795400 0.1465740
f 1038/6002/1038 1028/6003/1028 1041/6004/1041
vt 0.7470120 0.4206740
vt 0.7483860 0.4206980
vt 0.7471560 0.4216510
f 963/6005/963 1024/6006/1024 1059/6007/1059
vt 0.5172540 0.5451200
vt 0.5160960 0.5453780
vt 0.5165400 0.5447900
f 1023/6008/1023 1057/6009/1057 1058/6010/1058
vt 0.6103310 0.3551980
vt 0.6138540 0.3557270
vt 0.6117330 0.3579380
f 1036/6011/1036 1009/6012/1009 1083/6013/1083
vt 0.5373660 0.6623820
vt 0.5368250 0.6667210
vt 0.5348990 0.6622990
f 1030/6014/1030 1054/6015/1054 1032/6016/1032
vt 0.5944360 0.1376160
vt 0.5950980 0.1371390
f 1029/5995/1029 1038/6017/1038 1044/6018/1044
vt 0.5164650 0.5487210
vt 0.5156350 0.5484000
vt 0.5159860 0.5478780
f 1023/6019/1023 1046/6020/1046 1057/6021/1057
vt 0.6986110 0.2701040
vt 0.6972530 0.2673000
vt 0.7017370 0.2670300
f 1030/6022/1030 1056/6023/1056 1054/6024/1054
vt 0.5241610 0.6600990
vt 0.5218150 0.6634830
vt 0.5206540 0.6607840
f 1032/6025/1032 1067/6026/1067 1021/6027/1021
vt 0.5794270 0.6309320
vt 0.5756940 0.6274810
vt 0.5761270 0.6259740
f 1049/6028/1049 1074/6029/1074 1045/6030/1045
vt 0.5298860 0.6650160
vt 0.5288160 0.6697310
vt 0.5262120 0.6652100
f 1032/6031/1032 1054/6032/1054 1067/6033/1067
vt 0.5191950 0.6671380
vt 0.5198490 0.6717280
vt 0.5155510 0.6712410
f 1067/6034/1067 1054/6035/1054 1087/6036/1087
vt 0.5834350 0.6271110
vt 0.5830340 0.6202530
vt 0.5898040 0.6234220
f 1049/6037/1049 1045/6038/1045 1047/6039/1047
vt 0.5905350 0.6172350
vt 0.5930920 0.6184230
vt 0.5880960 0.6194560
f 1045/6040/1045 1050/6041/1050 1047/6042/1047
vt 0.7841380 0.7828000
vt 0.7818860 0.7803510
vt 0.7834480 0.7800970
f 1091/6043/1091 1068/6044/1068 1145/6045/1145
vt 0.0081990 0.3414480
vt 0.0120860 0.3408100
vt 0.0101920 0.3427150
f 1021/6046/1021 1048/6047/1048 1050/6048/1050
vt 0.6888280 0.2704570
vt 0.6869130 0.2700230
vt 0.6863030 0.2694160
f 1030/6049/1030 1035/6050/1035 1052/6051/1052
vt 0.0068130 0.3376860
f 1021/6046/1021 1067/6052/1067 1048/6047/1048
vt 0.5873090 0.6349600
vt 0.5889190 0.6338950
vt 0.5885100 0.6366090
f 1049/6053/1049 1047/6054/1047 1084/6055/1084
vt 0.2026360 0.9921030
vt 0.2056200 0.9956450
vt 0.2019340 0.9947700
f 1034/6056/1034 1072/6057/1072 1060/6058/1060
vt 0.6909980 0.2667230
vt 0.6856750 0.2678960
vt 0.6850850 0.2647960
f 1030/6059/1030 1052/6060/1052 1056/6061/1056
vt 0.0189950 0.3400120
vt 0.0187020 0.3435820
vt 0.0171750 0.3428950
f 1048/6062/1048 1047/6063/1047 1050/6064/1050
vt 0.6219590 0.2015170
vt 0.6204540 0.1999790
vt 0.6237870 0.1977140
f 986/6065/986 1101/6066/1101 1120/6067/1120
vt 0.5780800 0.2447340
vt 0.5802350 0.2486680
vt 0.5744540 0.2475780
f 1014/6068/1014 1070/6069/1070 1075/6070/1075
vt 0.5987360 0.1337910
vt 0.5976260 0.1337470
vt 0.5980150 0.1330620
f 1029/6071/1029 1044/6072/1044 1027/6073/1027
vt 0.7484100 0.4436250
vt 0.7486320 0.4454920
vt 0.7476490 0.4451880
f 1031/6074/1031 1065/6075/1065 1039/6076/1039
vt 0.5784740 0.6331540
vt 0.5778140 0.6369360
vt 0.5736850 0.6345780
f 1049/6077/1049 1055/6078/1055 1074/6079/1074
vt 0.5390330 0.6772740
vt 0.5399750 0.6803690
vt 0.5371430 0.6794640
f 1056/6080/1056 1063/6081/1063 1054/6082/1054
vt 0.9674730 0.7077250
vt 0.9685870 0.7077700
vt 0.9676520 0.7084880
f 1041/6083/1041 1028/6084/1028 1066/6085/1066
vt 0.0216600 0.3409550
vt 0.0218290 0.3401760
vt 0.0232810 0.3401040
f 1047/6086/1047 1048/6087/1048 1069/6088/1069
vt 0.4563440 0.1739180
vt 0.4558950 0.1762910
vt 0.4536500 0.1759250
f 967/6089/967 1065/6090/1065 1076/6091/1076
vt 0.5293170 0.6803020
vt 0.5327110 0.6830060
vt 0.5277580 0.6823900
f 1054/6092/1054 1063/6093/1063 1087/6094/1087
vt 0.7512410 0.4317340
vt 0.7511870 0.4334670
vt 0.7501420 0.4328860
f 1064/6095/1064 1031/6096/1031 1059/6097/1059
vt 0.6836470 0.2698500
vt 0.6847700 0.2710200
vt 0.6832870 0.2713590
f 1052/6098/1052 1035/6099/1035 1096/6100/1096
vt 0.5889880 0.1391440
vt 0.5882720 0.1384290
vt 0.5889220 0.1383620
f 1038/6101/1038 1041/6102/1041 1044/6103/1044
vt 0.5145750 0.5483390
vt 0.5144970 0.5491870
vt 0.5133930 0.5486500
f 1057/6104/1057 1046/6105/1046 1076/6106/1076
vt 0.5136040 0.5466960
f 1057/6104/1057 1076/6106/1076 1094/6107/1094
vt 0.2596950 0.0584540
vt 0.2587750 0.0561250
vt 0.2621890 0.0547020
f 966/6108/966 1080/6109/1080 1043/6110/1043
vt 0.5866040 0.1345140
vt 0.5896700 0.1367400
vt 0.5864800 0.1382450
f 1027/6111/1027 1044/6112/1044 1041/6113/1041
vt 0.3495430 0.7997570
vt 0.3490880 0.8028800
vt 0.3462430 0.7999050
f 1018/6114/1018 1085/6115/1085 1035/6116/1035
vt 0.6094160 0.1246600
vt 0.6101940 0.1197940
vt 0.6139780 0.1204370
f 1027/6117/1027 1175/6118/1175 1016/6119/1016
vt 0.7496240 0.4224520
vt 0.7503560 0.4221460
vt 0.7504440 0.4226530
f 1059/6120/1059 1024/6121/1024 1064/6122/1064
vt 0.5078700 0.0513870
vt 0.5105460 0.0470560
vt 0.5118810 0.0524040
f 1048/6123/1048 1067/6124/1067 1105/6125/1105
vt 0.7526980 0.4325280
vt 0.7551650 0.4316030
vt 0.7534350 0.4351230
f 1064/6126/1064 1142/6127/1142 1169/6128/1169
vt 0.7519560 0.4342960
f 1064/6126/1064 1169/6128/1169 1031/6129/1031
vt 0.5831680 0.6379890
vt 0.5867460 0.6407780
vt 0.5833190 0.6412820
f 1049/6130/1049 1084/6131/1084 1055/6132/1055
vt 0.5196730 0.5429700
vt 0.5170820 0.5419210
vt 0.5194710 0.5405470
f 1023/6133/1023 1058/6134/1058 1089/6135/1089
vt 0.7473870 0.1590840
vt 0.7492060 0.1540650
vt 0.7505050 0.1567580
f 1033/6136/1033 1016/6137/1016 1110/6138/1110
vt 0.4444660 0.1753050
vt 0.4463650 0.1759920
vt 0.4450040 0.1771990
f 1046/6139/1046 1001/6140/1001 1076/6141/1076
vt 0.9413730 0.7491040
vt 0.9408110 0.7484470
vt 0.9412410 0.7478370
f 1079/6142/1079 1042/6143/1042 1036/6144/1036
vt 0.5063980 0.6690800
vt 0.5111530 0.6719880
vt 0.5046150 0.6745320
f 1067/6145/1067 1087/6146/1087 1137/6147/1137
vt 0.5736770 0.1374020
vt 0.5732700 0.1407620
vt 0.5707500 0.1386110
f 1027/6148/1027 1041/6149/1041 1099/6150/1099
vt 0.7557010 0.1913730
vt 0.7529100 0.1853750
vt 0.7572930 0.1838620
f 1088/6151/1088 993/6152/993 1117/6153/1117
vt 0.3594480 0.8051270
vt 0.3591190 0.8068550
vt 0.3564170 0.8049950
f 1082/6154/1082 1085/6155/1085 1018/6156/1018
vt 0.5922280 0.6350910
vt 0.5947840 0.6378300
vt 0.5925870 0.6373650
f 1047/6157/1047 1069/6158/1069 1084/6159/1084
vt 0.5100600 0.6769830
vt 0.5053680 0.6782080
f 1087/6160/1087 1128/6161/1128 1137/6147/1137
vt 0.2853620 0.0419220
vt 0.2858120 0.0404890
vt 0.2865590 0.0407430
f 1051/6162/1051 1114/6163/1114 1040/6164/1040
vt 0.5751880 0.1436240
vt 0.5745080 0.1452810
vt 0.5724550 0.1437070
f 1041/6165/1041 1066/6166/1066 1099/6167/1099
vt 0.5656650 0.6310390
vt 0.5649450 0.6330570
vt 0.5641930 0.6284660
f 1074/6168/1074 1119/6169/1119 1061/6170/1061
vt 0.9426830 0.7518690
vt 0.9435060 0.7521550
vt 0.9424230 0.7538890
f 1036/6171/1036 1083/6172/1083 1079/6173/1079
vt 0.3852850 0.1357480
vt 0.3830280 0.1339020
vt 0.3853480 0.1333040
f 827/6174/827 1081/6175/1081 1122/6176/1122
vt 0.7803130 0.7774070
vt 0.7808510 0.7758290
vt 0.7828300 0.7775320
f 1068/6177/1068 1077/6178/1077 1145/6179/1145
vt 0.5222630 0.5436260
vt 0.5244370 0.5441870
vt 0.5246960 0.5463100
f 1023/6180/1023 1089/6181/1089 938/6182/938
vt 0.7515720 0.4227180
vt 0.7514640 0.4217310
vt 0.7530530 0.4213460
f 1064/6183/1064 1024/6184/1024 1168/6185/1168
vt 0.0229290 0.3366030
vt 0.0240230 0.3364360
vt 0.0243140 0.3371330
f 1048/6186/1048 1103/6187/1103 1069/6188/1069
vt 0.6007750 0.6465300
vt 0.5996540 0.6472530
vt 0.5996090 0.6466240
f 1034/6189/1034 1073/6190/1073 1072/6191/1072
vt 0.5928620 0.6678330
vt 0.5909850 0.6668760
vt 0.5921940 0.6651780
f 823/6192/823 1112/6193/1112 1034/6194/1034
vt 0.7772010 0.7727040
vt 0.7784290 0.7710450
vt 0.7795700 0.7722290
f 1062/6195/1062 1109/6196/1109 1077/6197/1077
vt 0.2774940 0.0483140
vt 0.2762670 0.0480640
vt 0.2769620 0.0467650
f 1043/6198/1043 1093/6199/1093 1015/6200/1015
vt 0.6796490 0.2771060
vt 0.6778740 0.2780070
vt 0.6778530 0.2773840
f 1035/6201/1035 1085/6202/1085 1096/6203/1096
vt 0.7513040 0.4375900
vt 0.7551790 0.4367260
vt 0.7533250 0.4410060
f 1031/6204/1031 1169/6205/1169 1065/6206/1065
vt 0.5627630 0.6297440
vt 0.5625240 0.6320100
vt 0.5617200 0.6300580
f 1061/6207/1061 1119/6208/1119 1078/6209/1078
vt 0.7767220 0.7699000
vt 0.7758620 0.7683970
vt 0.7791210 0.7691850
f 1062/6210/1062 1088/6211/1088 1109/6212/1109
vt 0.9396660 0.7475460
vt 0.9391700 0.7481250
vt 0.9387870 0.7476070
f 1042/6213/1042 1079/6214/1079 1126/6215/1126
vt 0.9829140 0.7090640
vt 0.9827720 0.7105410
vt 0.9810890 0.7104680
f 1028/6216/1028 1042/6217/1042 1066/6218/1066
vt 0.9373760 0.7447060
vt 0.9373420 0.7452570
vt 0.9367100 0.7449620
f 1042/6219/1042 1126/6220/1126 1099/6221/1099
vt 0.5895370 0.6714770
vt 0.5886850 0.6684280
f 823/6192/823 1120/6222/1120 1112/6223/1112
vt 0.5304230 0.5453510
vt 0.5292260 0.5429490
vt 0.5307840 0.5424150
f 892/6224/892 938/6225/938 1107/6226/1107
vt 0.5459070 0.5065970
vt 0.5414390 0.5077670
vt 0.5417310 0.5043630
f 1053/6227/1053 972/6228/972 1075/6229/1075
vt 0.6026400 0.1243180
vt 0.5979570 0.1219880
vt 0.6024630 0.1198260
f 1027/6230/1027 1100/6231/1100 1175/6232/1175
vt 0.5097670 0.5329620
vt 0.5094480 0.5339270
vt 0.5089440 0.5334820
f 1058/6233/1058 1057/6234/1057 1090/6235/1090
vt 0.4523860 0.1774760
vt 0.4534080 0.1777360
vt 0.4518320 0.1790420
f 1076/6236/1076 1065/6237/1065 1086/6238/1086
vt 0.6874400 0.2480090
vt 0.6843780 0.2462040
vt 0.6890410 0.2453970
f 1052/6239/1052 1130/6240/1130 1056/6241/1056
vt 0.5279800 0.6853830
vt 0.5258710 0.6921390
vt 0.5214690 0.6886410
f 1063/6242/1063 1106/6243/1106 1087/6244/1087
vt 0.5688360 0.6359980
vt 0.5718500 0.6379450
vt 0.5679140 0.6408030
f 1119/6245/1119 1074/6246/1074 1055/6247/1055
vt 0.5722300 0.2819710
vt 0.5710210 0.2831920
vt 0.5693850 0.2802780
f 1048/6248/1048 1105/6249/1105 1097/6250/1097
vt 0.7525070 0.4160560
vt 0.7543770 0.4164050
vt 0.7534340 0.4174460
f 978/6251/978 1108/6252/1108 1024/6253/1024
vt 0.5661540 0.2751320
vt 0.5633710 0.2789230
vt 0.5630630 0.2761320
f 1048/6254/1048 1097/6255/1097 1103/6256/1103
vt 0.5973810 0.6343070
vt 0.5977500 0.6357680
vt 0.5972610 0.6354610
f 1069/6257/1069 1103/6258/1103 1113/6259/1113
vt 0.5939880 0.6604840
vt 0.5906320 0.6602410
vt 0.5930580 0.6570800
f 1034/6260/1034 1112/6261/1112 1073/6262/1073
vt 0.5953350 0.6390700
vt 0.5957420 0.6395240
vt 0.5951700 0.6400020
f 1084/6263/1084 1069/6264/1069 1113/6265/1113
vt 0.9779990 0.7203860
vt 0.9761160 0.7195140
vt 0.9791860 0.7178020
f 1099/6266/1099 1066/6267/1066 1042/6268/1042
vt 0.2662490 0.0513010
vt 0.2672030 0.0496710
vt 0.2694230 0.0492580
f 1043/6269/1043 1080/6270/1080 1093/6271/1093
vt 0.9358700 0.5358630
vt 0.9339330 0.5346120
vt 0.9364920 0.5342790
f 1092/6272/1092 1052/6273/1052 1115/6274/1115
vt 0.2809310 0.0438950
vt 0.2802820 0.0423070
vt 0.2822870 0.0417980
f 1051/6275/1051 1015/6276/1015 1114/6277/1114
vt 0.5093300 0.5306130
vt 0.5078720 0.5298420
vt 0.5080770 0.5289950
f 1058/6278/1058 1090/6279/1090 1098/6280/1098
vt 0.5990290 0.6444330
vt 0.5983280 0.6456530
vt 0.5978240 0.6443570
f 1072/6281/1072 1073/6282/1073 1113/6283/1113
vt 0.7512810 0.1654520
vt 0.7536510 0.1630610
vt 0.7531270 0.1649520
f 1033/6284/1033 1124/6285/1124 995/6286/995
vt 0.7541390 0.4067160
vt 0.7549180 0.4046770
vt 0.7572130 0.4084650
f 978/6287/978 1102/6288/1102 1108/6289/1108
vt 0.6788520 0.2685750
vt 0.6777680 0.2708250
vt 0.6762990 0.2692390
f 1052/6290/1052 1096/6291/1096 1115/6292/1115
vt 0.5791080 0.6416600
vt 0.5823960 0.6449730
vt 0.5803850 0.6473400
f 1055/6293/1055 1084/6294/1084 1125/6295/1125
vt 0.7836040 0.7760970
vt 0.7816010 0.7744090
vt 0.7849760 0.7756510
f 1145/6296/1145 1077/6297/1077 1141/6298/1141
vt 0.5775020 0.1318450
vt 0.5725790 0.1280610
vt 0.5786740 0.1262390
f 1027/6299/1027 1099/6300/1099 1100/6301/1100
vt 0.9416680 0.7588060
vt 0.9413450 0.7594190
vt 0.9413630 0.7587390
f 1083/6302/1083 1104/6303/1104 1079/6304/1079
vt 0.7575730 0.4234850
vt 0.7597440 0.4256450
vt 0.7574270 0.4262490
f 1064/6305/1064 1168/6306/1168 1142/6307/1142
vt 0.5381110 0.5364590
vt 0.5351470 0.5388590
vt 0.5356230 0.5352810
f 972/6308/972 892/6309/892 1107/6310/1107
vt 0.5102610 0.5277410
vt 0.5098330 0.5269550
vt 0.5110900 0.5272470
f 1058/6311/1058 1098/6312/1098 1089/6313/1089
vt 0.5293280 0.6909100
vt 0.5342610 0.6910690
vt 0.5314290 0.6943470
f 1106/6314/1106 1063/6315/1063 1111/6316/1111
vt 0.5990360 0.6383930
vt 0.5987840 0.6378200
vt 0.5992780 0.6378590
f 1072/6317/1072 1113/6318/1113 1103/6319/1103
vt 0.9495990 0.7560190
vt 0.9514760 0.7592230
vt 0.9488210 0.7594070
f 1083/6320/1083 1009/6321/1009 1098/6322/1098
vt 0.2825480 0.0409910
vt 0.2801610 0.0416660
f 1114/6323/1114 1015/6276/1015 1121/6324/1121
vt 0.5045030 0.5208640
vt 0.5051740 0.5209500
vt 0.5053930 0.5224710
f 1083/6325/1083 1098/6326/1098 1104/6327/1104
vt 0.1395180 0.6343460
vt 0.1399480 0.6345000
vt 0.1399040 0.6359240
f 1102/6328/1102 1040/6329/1040 1095/6330/1095
vt 0.6949000 0.2388410
vt 0.6916400 0.2348540
vt 0.6953150 0.2350440
f 1056/6331/1056 1130/6332/1130 1111/6333/1111
vt 0.6196740 0.3781310
vt 0.6230290 0.3847380
vt 0.6176920 0.3832800
f 1009/6334/1009 1002/6335/1002 1116/6336/1116
vt 0.7529120 0.1531880
vt 0.7561620 0.1553060
vt 0.7534170 0.1558660
f 1016/6337/1016 1175/6338/1175 1110/6339/1110
vt 0.5061320 0.5257630
vt 0.5055090 0.5261350
vt 0.5051400 0.5254990
f 1098/6340/1098 1090/6341/1090 1104/6342/1104
vt 0.5639330 0.6442170
vt 0.5642400 0.6390100
f 1055/6247/1055 1140/6343/1140 1119/6344/1119
vt 0.7524440 0.1610720
vt 0.7534600 0.1605300
vt 0.7541620 0.1615450
f 1033/6345/1033 1110/6346/1110 1124/6347/1124
vt 0.2952620 0.9035220
vt 0.2931450 0.9073070
vt 0.2933160 0.9036810
f 810/6348/810 1134/6349/1134 1156/6350/1156
vt 0.1491400 0.6387820
vt 0.1479580 0.6408220
vt 0.1466740 0.6403020
f 1040/6351/1040 1114/6352/1114 1095/6353/1095
vt 0.2882060 0.8961590
vt 0.2875030 0.9005430
vt 0.2853870 0.8960820
f 810/6354/810 1156/6355/1156 1081/6356/1081
vt 0.9368080 0.5426820
vt 0.9398300 0.5398200
vt 0.9417640 0.5457540
f 1052/6357/1052 1092/6358/1092 1130/6359/1130
vt 0.6022440 0.6368480
vt 0.6033120 0.6339840
vt 0.6045110 0.6358950
f 1103/6360/1103 1097/6361/1097 1072/6362/1072
vt 0.2799570 0.0401250
vt 0.2806480 0.0390070
vt 0.2813380 0.0396570
f 1121/6363/1121 1151/6364/1151 1114/6365/1114
vt 0.7845060 0.7730180
vt 0.7823260 0.7709640
vt 0.7845660 0.7699930
f 1077/6366/1077 1109/6367/1109 1141/6368/1141
vt 0.5540320 0.6934430
vt 0.5552130 0.6965470
vt 0.5518500 0.6962240
f 1056/6369/1056 1111/6370/1111 1063/6371/1063
vt 0.7557930 0.1687630
vt 0.7584820 0.1681730
vt 0.7560600 0.1699740
f 995/6372/995 1124/6373/1124 1117/6374/1117
vt 0.5271260 0.5383900
vt 0.5288630 0.5371560
vt 0.5280020 0.5400490
f 1089/6375/1089 1107/6376/1107 938/6377/938
vt 0.3662520 0.8165470
vt 0.3652670 0.8170370
vt 0.3655990 0.8163860
f 1078/6378/1078 1119/6379/1119 1082/6380/1082
vt 0.7565720 0.4169030
vt 0.7573750 0.4169500
vt 0.7573190 0.4175380
f 1108/6381/1108 1168/6382/1168 1024/6383/1024
vt 0.9401910 0.7600140
vt 0.9383450 0.7606360
vt 0.9392350 0.7580550
f 1104/6384/1104 1126/6385/1126 1079/6386/1079
vt 0.7592960 0.3364580
vt 0.7598000 0.3387830
vt 0.7582700 0.3389900
f 1060/6387/1060 1072/6388/1072 1135/6389/1135
vt 0.5073610 0.5378490
vt 0.5043140 0.5371980
vt 0.5071810 0.5351380
f 1057/6390/1057 1094/6391/1094 1090/6392/1090
vt 0.5205340 0.5339190
vt 0.5211960 0.5296840
vt 0.5232420 0.5324650
f 1089/6393/1089 1116/6394/1116 1107/6395/1107
vt 0.5600250 0.6427460
vt 0.5613080 0.6385700
f 1140/6343/1140 1147/6396/1147 1119/6397/1119
vt 0.7561680 0.3364370
vt 0.7574070 0.3379140
vt 0.7544900 0.3386490
f 1060/6398/1060 1135/6399/1135 1134/6400/1134
vt 0.5009380 0.6848820
vt 0.4975930 0.6851840
vt 0.4996650 0.6840120
f 1106/6401/1106 1128/6402/1128 1087/6403/1087
vt 0.9457040 0.7673870
vt 0.9470050 0.7680780
vt 0.9464850 0.7720630
f 1098/6404/1098 1009/6405/1009 1116/6406/1116
vt 0.5733280 0.6485040
vt 0.5743990 0.6512270
vt 0.5706050 0.6500760
f 1055/6407/1055 1125/6408/1125 1140/6409/1140
vt 0.5287400 0.5052320
vt 0.5285390 0.5106670
vt 0.5257120 0.5064970
f 972/6410/972 1116/6411/1116 1075/6412/1075
vt 0.4565640 0.1821030
vt 0.4613200 0.1859780
vt 0.4559830 0.1874410
f 1065/6413/1065 1169/6414/1169 1086/6415/1086
vt 0.5315810 0.5172640
vt 0.5313050 0.5204680
vt 0.5264040 0.5200660
f 972/6416/972 1107/6417/1107 1116/6418/1116
vt 0.8520740 0.4620840
vt 0.8524640 0.4568650
vt 0.8554550 0.4599640
f 1099/6419/1099 1126/6420/1126 1194/6421/1194
vt 0.9367650 0.5298390
vt 0.9377230 0.5296000
vt 0.9378270 0.5303310
f 1096/6422/1096 1085/6423/1085 1115/6424/1115
vt 0.5206620 0.0471200
vt 0.5207630 0.0428320
vt 0.5236930 0.0459920
f 1105/6425/1105 1067/6426/1067 1137/6427/1137
vt 0.6186970 0.3907200
vt 0.6207660 0.3964630
vt 0.6167190 0.3946740
f 1002/6428/1002 1075/6429/1075 1116/6430/1116
vt 0.7765730 0.7567640
vt 0.7775600 0.7570020
vt 0.7771070 0.7574050
f 1088/6431/1088 1153/6432/1153 1109/6433/1109
vt 0.1291560 0.6365080
vt 0.1269110 0.6373250
vt 0.1262660 0.6358890
f 1095/6434/1095 1129/6435/1129 1102/6436/1102
vt 0.1337580 0.6371160
vt 0.1342460 0.6385690
vt 0.1335970 0.6384820
f 1095/6437/1095 1127/6438/1127 1123/6439/1123
vt 0.5145180 0.5278680
vt 0.5138210 0.5221000
vt 0.5187820 0.5207700
f 1089/6440/1089 1098/6441/1098 1116/6442/1116
vt 0.1312090 0.6367190
vt 0.1309870 0.6384440
vt 0.1295910 0.6383290
f 1095/6443/1095 1123/6444/1123 1129/6445/1129
vt 0.7625050 0.3445530
vt 0.7599690 0.3424020
vt 0.7614840 0.3417740
f 1097/6446/1097 1135/6447/1135 1072/6448/1072
vt 0.2713800 0.0422440
vt 0.2693620 0.0418160
vt 0.2702640 0.0410150
f 1015/6449/1015 1093/6450/1093 1150/6451/1150
vt 0.1444290 0.6413620
vt 0.1440840 0.6418410
vt 0.1435910 0.6416780
f 1095/6452/1095 1114/6453/1114 1127/6454/1127
vt 0.5038690 0.5303790
vt 0.5031410 0.5350200
vt 0.5013690 0.5303290
f 1090/6455/1090 1094/6456/1094 1104/6457/1104
vt 0.5046450 0.5537950
vt 0.4995800 0.5562400
vt 0.5009500 0.5524680
f 1076/6458/1076 1086/6459/1086 1159/6460/1159
vt 0.5863990 0.6602870
vt 0.5856720 0.6585370
vt 0.5863110 0.6587190
f 1112/6461/1112 1132/6462/1132 1073/6463/1073
vt 0.1460910 0.6442960
vt 0.1479840 0.6462280
vt 0.1450630 0.6462930
f 1114/6464/1114 1151/6465/1151 1118/6466/1118
vt 0.7652000 0.1881060
vt 0.7645240 0.1861860
vt 0.7666510 0.1867860
f 1088/6467/1088 1117/6468/1117 1153/6469/1153
vt 0.7608500 0.4081730
vt 0.7593530 0.4050060
vt 0.7617610 0.4056560
f 1108/6470/1108 1102/6471/1102 1131/6472/1131
vt 0.7829530 0.2961820
vt 0.7794860 0.2974150
vt 0.7806100 0.2950940
f 1173/6473/1173 1186/6474/1186 1091/6475/1091
vt 0.7841690 0.7640510
vt 0.7845310 0.7601650
vt 0.7850370 0.7621230
f 1109/6476/1109 1133/6477/1133 1141/6478/1141
vt 0.7875090 0.7647970
vt 0.7884870 0.7629420
vt 0.7902040 0.7645110
f 1141/6479/1141 1133/6480/1133 1165/6481/1165
vt 0.7610290 0.1766140
vt 0.7630700 0.1755500
vt 0.7624000 0.1788290
f 1117/6482/1117 1124/6483/1124 1155/6484/1155
vt 0.3608640 0.8201030
vt 0.3607740 0.8252000
vt 0.3555890 0.8224470
f 1082/6485/1082 1119/6486/1119 1152/6487/1152
vt 0.7644130 0.1837600
vt 0.7657550 0.1824680
vt 0.7655710 0.1838520
f 1117/6488/1117 1155/6489/1155 1153/6490/1153
vt 0.1418840 0.6432750
vt 0.1419160 0.6450870
vt 0.1396150 0.6447510
f 1114/6491/1114 1118/6492/1118 1127/6493/1127
vt 0.1225070 0.6370210
vt 0.1226130 0.6376860
vt 0.1221020 0.6374590
f 1102/6494/1102 1129/6495/1129 1131/6496/1131
vt 0.5867130 0.6547940
vt 0.5853170 0.6560240
vt 0.5850010 0.6530530
f 1073/6497/1073 1132/6498/1132 1113/6499/1113
vt 0.5797810 0.6513560
vt 0.5818830 0.6517760
vt 0.5806190 0.6526380
f 1125/6500/1125 1084/6501/1084 1139/6502/1139
vt 0.7620290 0.4140010
vt 0.7623920 0.4134510
vt 0.7629160 0.4146470
f 1108/6503/1108 1131/6504/1131 1168/6505/1168
vt 0.6719410 0.1859270
vt 0.6738150 0.1831690
vt 0.6766230 0.1835240
f 1120/6506/1120 1171/6507/1171 1112/6508/1112
vt 0.1359450 0.6418960
vt 0.1379340 0.6428000
vt 0.1333960 0.6430870
f 1123/6509/1123 1127/6510/1127 1143/6511/1143
vt 0.7599500 0.1658040
vt 0.7614210 0.1649470
vt 0.7616980 0.1672850
f 1124/6512/1124 1110/6513/1110 1155/6514/1155
vt 0.5827200 0.6516630
vt 0.5821640 0.6524500
f 1084/6501/1084 1113/6515/1113 1139/6516/1139
vt 0.7576050 0.3445920
vt 0.7562110 0.3456090
vt 0.7554330 0.3438690
f 1097/6517/1097 1184/6518/1184 1135/6519/1135
vt 0.5003400 0.6907780
vt 0.4968820 0.6911210
vt 0.4982960 0.6900130
f 1106/6520/1106 1195/6521/1195 1128/6522/1128
vt 0.2713780 0.0386960
vt 0.2718850 0.0376860
vt 0.2720870 0.0384990
f 1150/6523/1150 1121/6524/1121 1015/6525/1015
vt 0.7847520 0.7522240
vt 0.7829730 0.7540500
vt 0.7827030 0.7502140
f 1133/6526/1133 1109/6527/1109 1160/6528/1160
vt 0.2948480 0.9136130
vt 0.2964380 0.9164530
vt 0.2939520 0.9166950
f 1134/6529/1134 1135/6530/1135 1136/6531/1136
vt 0.1417890 0.6469350
vt 0.1405270 0.6472720
f 1127/6493/1127 1118/6532/1118 1143/6533/1143
vt 0.7812290 0.7516530
f 1109/6527/1109 1153/6534/1153 1160/6528/1160
vt 0.2603000 0.8792420
vt 0.2593740 0.8830740
vt 0.2559130 0.8796790
f 1081/6535/1081 1207/6536/1207 1176/6537/1176
vt 0.5687140 0.2912010
vt 0.5673060 0.2941120
vt 0.5654780 0.2906860
f 1105/6538/1105 1184/6539/1184 1097/6540/1097
vt 0.4639000 0.9187290
vt 0.4680860 0.9192960
vt 0.4665490 0.9212170
f 1081/6541/1081 1176/6542/1176 1122/6543/1122
vt 0.2632310 0.0436210
vt 0.2593310 0.0428940
vt 0.2634060 0.0410660
f 1080/6544/1080 1188/6545/1188 1093/6546/1093
vt 0.7552330 0.3458080
vt 0.7539260 0.3436810
f 1135/6519/1135 1184/6547/1184 1136/6548/1136
vt 0.1296170 0.6410620
vt 0.1266240 0.6426410
vt 0.1267860 0.6398810
f 1123/6549/1123 1143/6550/1143 1129/6551/1129
vt 0.3441980 0.8203980
vt 0.3461450 0.8207680
vt 0.3446290 0.8219190
f 1085/6552/1085 1082/6553/1082 1158/6554/1158
vt 0.9435980 0.5279280
vt 0.9444540 0.5280200
vt 0.9433520 0.5302520
f 1085/6555/1085 1158/6556/1158 1115/6557/1115
vt 0.5014680 0.5485590
vt 0.4988920 0.5508280
vt 0.4992820 0.5498590
f 1094/6558/1094 1076/6559/1076 1159/6560/1159
vt 0.5834400 0.6539030
vt 0.5821970 0.6555460
vt 0.5824310 0.6546190
f 1113/6561/1113 1132/6562/1132 1139/6563/1139
vt 0.6778170 0.1808550
vt 0.6791580 0.1799860
f 1112/6508/1112 1163/6564/1163 1132/6565/1132
vt 0.1232450 0.6389450
vt 0.1207790 0.6424260
vt 0.1208820 0.6389100
f 1129/6566/1129 1143/6567/1143 1131/6568/1131
vt 0.3620140 0.8271960
vt 0.3612480 0.8274190
f 1119/6486/1119 1147/6569/1147 1152/6570/1152
vt 0.2373570 0.0531940
vt 0.2316540 0.0505340
vt 0.2389540 0.0473440
f 1080/6571/1080 1071/6572/1071 1188/6573/1188
vt 0.6757820 0.1816620
f 1112/6508/1112 1171/6574/1171 1163/6564/1163
vt 0.5067810 0.7000230
vt 0.5034030 0.7014030
vt 0.5039640 0.6989240
f 1106/6575/1106 1180/6576/1180 1195/6577/1195
vt 0.7632980 0.1665310
vt 0.7652880 0.1665350
vt 0.7652840 0.1691720
f 1110/6578/1110 1157/6579/1157 1155/6580/1155
vt 0.7647150 0.4045750
vt 0.7680910 0.4037990
vt 0.7656670 0.4059750
f 1131/6581/1131 1143/6582/1143 1146/6583/1146
vt 0.3501290 0.8229810
vt 0.3498860 0.8262530
vt 0.3480120 0.8241120
f 1082/6584/1082 1152/6585/1152 1158/6586/1158
vt 0.7650780 0.4105370
vt 0.7652970 0.4092480
vt 0.7663620 0.4109870
f 1168/6587/1168 1131/6588/1131 1146/6589/1146
vt 0.7972500 0.7743860
vt 0.7984440 0.7743370
vt 0.7989050 0.7747940
f 1141/6590/1141 1164/6591/1164 1145/6592/1145
vt 0.1337350 0.6465890
vt 0.1348050 0.6478680
vt 0.1319730 0.6486860
f 1143/6593/1143 1118/6594/1118 1273/6595/1273
vt 0.7693950 0.4305410
vt 0.7718260 0.4310910
vt 0.7699070 0.4332200
f 1142/6596/1142 1259/6597/1259 1169/6598/1169
vt 0.6961430 0.2255370
vt 0.6949130 0.2213050
vt 0.6986570 0.2223380
f 1130/6599/1130 1208/6600/1208 1111/6601/1111
vt 0.0188530 0.9722660
vt 0.0199270 0.9741160
vt 0.0169900 0.9742920
f 1140/6602/1140 1125/6603/1125 1172/6604/1172
vt 0.8556350 0.4464550
vt 0.8575890 0.4473170
vt 0.8566960 0.4497350
f 1126/6605/1126 1144/6606/1144 1194/6607/1194
vt 0.8514910 0.4343960
vt 0.8553740 0.4311940
vt 0.8562190 0.4362420
f 1126/6608/1126 1149/6609/1149 1144/6610/1144
vt 0.5886130 0.1128940
vt 0.5876950 0.1075330
vt 0.5917200 0.1107530
f 1100/6611/1100 1283/6612/1283 1175/6613/1175
vt 0.2674890 0.0357970
vt 0.2680280 0.0354290
vt 0.2687630 0.0357340
f 1150/6614/1150 1170/6615/1170 1121/6616/1121
vt 0.5799720 0.6596120
vt 0.5782520 0.6590600
vt 0.5785640 0.6579280
f 1132/6617/1132 1163/6618/1163 1139/6619/1139
vt 0.7978380 0.7729360
vt 0.7980670 0.7715520
vt 0.7987690 0.7732180
f 1141/6620/1141 1165/6621/1165 1164/6622/1164
vt 0.4948720 0.5225160
vt 0.4962320 0.5267720
vt 0.4918520 0.5249830
f 1126/6623/1126 1104/6624/1104 1149/6625/1149
vt 0.7733840 0.1833580
vt 0.7712710 0.1822320
vt 0.7731540 0.1798440
f 1160/6626/1160 1153/6627/1153 1155/6628/1155
vt 0.2695020 0.0348850
vt 0.2688570 0.0349640
vt 0.2690560 0.0340170
f 1121/6629/1121 1170/6630/1170 1151/6631/1151
vt 0.0182740 0.9771400
vt 0.0155610 0.9793870
vt 0.0167490 0.9761960
f 1125/6632/1125 1139/6633/1139 1172/6634/1172
vt 0.7668850 0.4144730
vt 0.7675250 0.4145050
vt 0.7673340 0.4152020
f 1146/6635/1146 1167/6636/1167 1168/6637/1168
vt 0.2625540 0.0388750
vt 0.2610100 0.0374850
vt 0.2636400 0.0363520
f 1093/6638/1093 1188/6639/1188 1150/6640/1150
vt 0.7710060 0.1723600
vt 0.7722370 0.1719460
vt 0.7722240 0.1739600
f 1157/6641/1157 1160/6642/1160 1155/6643/1155
vt 0.7791760 0.2912090
vt 0.7778310 0.2896700
vt 0.7800330 0.2888670
f 1091/6644/1091 1145/6645/1145 1173/6646/1173
vt 0.6436760 0.1836570
vt 0.6397170 0.1817750
vt 0.6426650 0.1771660
f 1120/6647/1120 1217/6648/1217 1196/6649/1196
vt 0.8611410 0.4663510
vt 0.8650240 0.4657560
vt 0.8633390 0.4705480
f 1099/6650/1099 1194/6651/1194 1138/6652/1138
vt 0.3489250 0.8269490
vt 0.3479520 0.8288010
vt 0.3473590 0.8270150
f 1152/6653/1152 1154/6654/1154 1158/6655/1158
vt 0.5176550 0.7088730
vt 0.5142750 0.7125510
vt 0.5133610 0.7063100
f 1111/6656/1111 1205/6657/1205 1106/6658/1106
vt 0.3465080 0.8268440
vt 0.3446640 0.8302110
f 1158/6659/1158 1154/6654/1154 1177/6660/1177
vt 0.4385100 0.9540720
vt 0.4435890 0.9506930
vt 0.4419330 0.9560590
f 1071/6661/1071 1122/6662/1122 1200/6663/1200
vt 0.2769320 0.9013070
vt 0.2778420 0.9046680
vt 0.2742630 0.9047310
f 1081/6664/1081 1156/6665/1156 1199/6666/1199
vt 0.7652720 0.1599380
vt 0.7662310 0.1591980
vt 0.7679810 0.1595600
f 1110/6667/1110 1185/6668/1185 1157/6669/1157
vt 0.7699840 0.4023190
vt 0.7712660 0.3987530
vt 0.7734330 0.4039230
f 1146/6670/1146 1143/6671/1143 1273/6672/1273
vt 0.5100050 0.7056960
vt 0.5105540 0.7098810
f 1180/6673/1180 1106/6658/1106 1205/6674/1205
vt 0.4946940 0.5466380
vt 0.4921460 0.5476750
vt 0.4938880 0.5437120
f 1094/6675/1094 1159/6676/1159 1149/6677/1149
vt 0.9375590 0.0351970
vt 0.9394010 0.0359820
vt 0.9381590 0.0375250
f 1145/6678/1145 1164/6679/1164 1173/6680/1173
vt 0.0228000 0.9562970
vt 0.0204560 0.9606790
vt 0.0191130 0.9556320
f 1147/6681/1147 1140/6682/1140 1179/6683/1179
vt 0.2720490 0.9003440
f 1081/6664/1081 1199/6666/1199 1207/6684/1207
vt 0.5766940 0.6596920
vt 0.5763440 0.6602400
vt 0.5761530 0.6596800
f 1163/6685/1163 1189/6686/1189 1139/6687/1139
vt 0.7719190 0.4252910
vt 0.7775370 0.4261200
vt 0.7745310 0.4290610
f 1142/6688/1142 1244/6689/1244 1259/6690/1259
vt 0.3610590 0.8315940
vt 0.3592030 0.8326200
vt 0.3592690 0.8313570
f 1147/6691/1147 1161/6692/1161 1152/6693/1152
vt 0.4946970 0.5393970
vt 0.4948360 0.5414630
vt 0.4903010 0.5430800
f 1104/6694/1104 1094/6695/1094 1149/6696/1149
vt 0.6306490 0.1808960
vt 0.6319870 0.1779970
vt 0.6328470 0.1818640
f 1101/6697/1101 1217/6698/1217 1120/6699/1120
vt 0.7707750 0.4214780
vt 0.7740100 0.4208820
f 1168/6700/1168 1244/6701/1244 1142/6688/1142
vt 0.6757730 0.1776050
vt 0.6730530 0.1755340
vt 0.6759970 0.1763420
f 1163/6702/1163 1171/6703/1171 1215/6704/1215
vt 0.7668180 0.1588210
vt 0.7700440 0.1583150
f 1157/6669/1157 1185/6705/1185 1202/6706/1202
vt 0.8456110 0.0877880
vt 0.8444690 0.0912460
vt 0.8416060 0.0876250
f 1137/6707/1137 1128/6708/1128 1181/6709/1181
vt 0.7759620 0.1703280
vt 0.7743920 0.1676670
vt 0.7781030 0.1691870
f 1160/6710/1160 1157/6711/1157 1202/6712/1202
vt 0.2867380 0.9162190
vt 0.2854570 0.9168840
vt 0.2836540 0.9157360
f 1134/6713/1134 1136/6714/1136 1228/6715/1228
vt 0.2850990 0.9120080
vt 0.2829290 0.9131070
vt 0.2840880 0.9111320
f 1134/6716/1134 1228/6717/1228 1156/6718/1156
vt 0.5764260 0.6630840
vt 0.5750010 0.6631300
vt 0.5762140 0.6618640
f 1163/6719/1163 1215/6720/1215 1189/6721/1189
vt 0.3700620 0.8369450
vt 0.3686520 0.8400030
vt 0.3676720 0.8369410
f 1147/6722/1147 1178/6723/1178 1161/6724/1161
vt 0.2597140 0.0348570
vt 0.2591820 0.0327880
vt 0.2609200 0.0339220
f 1188/6725/1188 1166/6726/1166 1150/6727/1150
vt 0.3576020 0.8315860
vt 0.3580040 0.8345380
vt 0.3561730 0.8343280
f 1152/6728/1152 1161/6729/1161 1154/6730/1154
vt 0.0140830 0.9744720
vt 0.0128670 0.9780820
vt 0.0115330 0.9752220
f 1172/6731/1172 1139/6732/1139 1189/6733/1189
vt 0.8427710 0.0639090
vt 0.8423800 0.0660570
vt 0.8412340 0.0642530
f 1184/6734/1184 1105/6735/1105 1225/6736/1225
vt 0.2677890 0.0288140
vt 0.2673750 0.0268470
vt 0.2693700 0.0268630
f 1151/6737/1151 1170/6738/1170 1258/6739/1258
vt 0.5654800 0.1158590
vt 0.5628240 0.1161560
vt 0.5624360 0.1136180
f 1100/6740/1100 1099/6741/1099 1138/6742/1138
vt 0.9419490 0.0272970
vt 0.9423210 0.0255070
vt 0.9437720 0.0258370
f 1164/6743/1164 1165/6744/1165 1174/6745/1174
vt 0.9647720 0.8162850
vt 0.9698770 0.8143590
vt 0.9684440 0.8174790
f 1160/6746/1160 1233/6747/1233 1133/6748/1133
vt 0.2604060 0.0326580
vt 0.2602790 0.0323040
vt 0.2606640 0.0317610
f 1150/6749/1150 1166/6750/1166 1170/6751/1170
vt 0.8005720 0.2831370
vt 0.8008140 0.2785120
vt 0.8062430 0.2782590
f 1101/6752/1101 1186/6753/1186 1212/6754/1212
vt 0.0125680 0.9624340
vt 0.0109410 0.9595370
vt 0.0132290 0.9605410
f 1140/6755/1140 1280/6756/1280 1179/6757/1179
vt 0.9432080 0.0462180
vt 0.9430160 0.0417810
vt 0.9449470 0.0431910
f 1186/6758/1186 1173/6759/1173 1203/6760/1203
vt 0.0114630 0.9661860
vt 0.0097830 0.9680320
vt 0.0098050 0.9660630
f 1140/6761/1140 1172/6762/1172 1280/6763/1280
vt 0.9529260 0.5283610
vt 0.9534190 0.5268830
vt 0.9542200 0.5277180
f 1115/6764/1115 1158/6765/1158 1191/6766/1191
vt 0.8424860 0.0771790
vt 0.8360870 0.0792100
vt 0.8389470 0.0753150
f 1137/6767/1137 1181/6768/1181 1105/6769/1105
vt 0.0085460 0.9664780
f 1280/6763/1280 1172/6762/1172 1204/6770/1204
vt 0.3657080 0.8390660
vt 0.3650380 0.8400150
vt 0.3648900 0.8392170
f 1161/6771/1161 1178/6772/1178 1154/6773/1154
vt 0.3715290 0.8422340
vt 0.3722730 0.8439530
vt 0.3711880 0.8439760
f 1147/6774/1147 1179/6775/1179 1183/6776/1183
vt 0.9428880 0.0340790
vt 0.9446600 0.0339100
vt 0.9452750 0.0363910
f 1164/6777/1164 1174/6778/1174 1173/6779/1173
vt 0.3448180 0.8325890
vt 0.3440130 0.8335140
vt 0.3435200 0.8319840
f 1177/6780/1177 1191/6781/1191 1158/6782/1158
vt 0.2711800 0.0257320
vt 0.2706410 0.0258660
vt 0.2708930 0.0238850
f 1151/6783/1151 1258/6784/1258 1118/6785/1118
vt 0.3696460 0.8424060
vt 0.3682640 0.8432120
vt 0.3681330 0.8421510
f 1147/6786/1147 1183/6787/1183 1178/6788/1178
vt 0.5562030 0.7113740
vt 0.5576150 0.7147590
vt 0.5551910 0.7152060
f 1111/6789/1111 1208/6790/1208 1205/6791/1205
vt 0.3536540 0.8362030
vt 0.3534500 0.8370890
vt 0.3522750 0.8361620
f 1154/6792/1154 1178/6793/1178 1177/6794/1177
vt 0.9427430 0.0142120
vt 0.9442880 0.0115940
vt 0.9470880 0.0134740
f 1165/6795/1165 1133/6796/1133 1213/6797/1213
vt 0.7699710 0.4593220
vt 0.7765760 0.4536510
vt 0.7775460 0.4607750
f 1169/6798/1169 1259/6799/1259 1198/6800/1198
vt 0.2812750 0.9132900
vt 0.2800790 0.9140300
vt 0.2782360 0.9131070
f 1156/6801/1156 1228/6802/1228 1199/6803/1199
vt 0.9251170 0.7656460
vt 0.9287690 0.7652160
vt 0.9271540 0.7703660
f 1195/6804/1195 1181/6805/1181 1128/6806/1128
vt 0.3516360 0.8368430
vt 0.3541540 0.8379160
vt 0.3521640 0.8398860
f 1177/6807/1177 1178/6808/1178 1192/6809/1192
vt 0.4035830 0.4493850
vt 0.3988390 0.4509620
vt 0.3979720 0.4466980
f 1071/6810/1071 1148/6811/1148 1188/6812/1188
vt 0.9550670 0.5350550
vt 0.9555330 0.5338550
vt 0.9582520 0.5351100
f 1092/6813/1092 1115/6814/1115 1210/6815/1210
vt 0.9550370 0.5291130
vt 0.9564870 0.5307390
vt 0.9552280 0.5308070
f 1191/6816/1191 1193/6817/1193 1115/6818/1115
vt 0.3580450 0.8408650
vt 0.3584230 0.8432790
vt 0.3558820 0.8415270
f 1178/6819/1178 1187/6820/1187 1192/6821/1192
vt 0.9571540 0.5337690
f 1115/6814/1115 1193/6822/1193 1210/6815/1210
vt 0.7692490 0.1546980
vt 0.7710630 0.1535190
vt 0.7710980 0.1545070
f 1110/6823/1110 1197/6824/1197 1185/6825/1185
vt 0.9561250 0.5526680
vt 0.9607550 0.5498940
vt 0.9608430 0.5542500
f 1130/6826/1130 1092/6827/1092 1162/6828/1162
vt 0.2817910 0.9195390
vt 0.2812780 0.9202210
vt 0.2801980 0.9191100
f 1136/6829/1136 1182/6830/1182 1228/6831/1228
vt 0.2827360 0.9237220
vt 0.2814510 0.9223140
vt 0.2827250 0.9216760
f 1184/6832/1184 1182/6833/1182 1136/6834/1136
vt 0.3445450 0.8374220
vt 0.3428760 0.8377790
vt 0.3435720 0.8370820
f 1177/6835/1177 1192/6836/1192 1191/6837/1191
vt 0.4027920 0.4693260
vt 0.3978570 0.4722720
vt 0.3979830 0.4689510
f 1071/6838/1071 1200/6839/1200 1148/6840/1148
vt 0.6180160 0.0932140
vt 0.6171190 0.0916700
vt 0.6183590 0.0919380
f 1110/6841/1110 1175/6842/1175 1197/6843/1197
vt 0.9563900 0.5426340
vt 0.9601540 0.5413100
vt 0.9604170 0.5457970
f 1092/6844/1092 1210/6845/1210 1162/6846/1162
vt 0.4853940 0.5631330
vt 0.4842570 0.5652220
vt 0.4812070 0.5650800
f 1159/6847/1159 1086/6848/1086 1287/6849/1287
vt 0.9457270 0.0393160
vt 0.9473500 0.0378320
vt 0.9476840 0.0396900
f 1173/6850/1173 1174/6851/1174 1203/6852/1203
vt 0.6611200 0.1730330
vt 0.6597450 0.1732500
vt 0.6610650 0.1712980
f 1171/6853/1171 1120/6854/1120 1196/6855/1196
vt 0.3595630 0.8443980
vt 0.3602660 0.8453020
vt 0.3593020 0.8459950
f 1178/6856/1178 1190/6857/1190 1187/6858/1187
vt 0.4603080 0.9431290
vt 0.4647410 0.9437530
vt 0.4624400 0.9456090
f 1122/6859/1122 1176/6860/1176 1200/6861/1200
vt 0.9484360 0.0295690
vt 0.9479930 0.0260660
vt 0.9503950 0.0252310
f 1174/6862/1174 1165/6863/1165 1219/6864/1219
vt 0.9502240 0.0287640
f 1174/6862/1174 1219/6864/1219 1206/6865/1206
vt 0.4549890 0.2028440
vt 0.4529270 0.2065320
vt 0.4521420 0.2033310
f 1169/6866/1169 1287/6867/1287 1086/6868/1086
vt 0.0072690 0.9742600
vt 0.0040020 0.9733050
vt 0.0057620 0.9711590
f 1189/6869/1189 1204/6870/1204 1172/6871/1172
vt 0.8191850 0.2706400
vt 0.8164700 0.2710180
vt 0.8166720 0.2689680
f 1217/6872/1217 1101/6873/1101 1212/6874/1212
vt 0.9619120 0.5215500
vt 0.9643640 0.5214520
vt 0.9632230 0.5238140
f 1192/6875/1192 1214/6876/1214 1191/6877/1191
vt 0.8358050 0.0761090
vt 0.8340480 0.0771420
f 1105/6878/1105 1181/6768/1181 1225/6879/1225
vt 0.6037620 0.0953030
vt 0.6038170 0.0908630
vt 0.6063290 0.0935960
f 1283/6880/1283 1209/6881/1209 1175/6882/1175
vt 0.0323260 0.1843630
vt 0.0333360 0.1841820
vt 0.0327180 0.1856830
f 1192/6883/1192 1187/6884/1187 1214/6885/1214
vt 0.9481150 0.0222800
vt 0.9512360 0.0216230
vt 0.9500710 0.0234750
f 1165/6886/1165 1213/6887/1213 1219/6888/1219
vt 0.6862680 0.2147380
vt 0.6843530 0.2142970
vt 0.6853290 0.2136340
f 1130/6889/1130 1162/6890/1162 1208/6891/1208
vt 0.8668390 0.4396600
vt 0.8689270 0.4348320
vt 0.8724880 0.4397180
f 1144/6892/1144 1149/6893/1149 1304/6894/1304
vt 0.3663190 0.8448770
vt 0.3661290 0.8471790
vt 0.3653320 0.8469750
f 1183/6895/1183 1190/6896/1190 1178/6897/1178
vt 0.4588110 0.2060040
vt 0.4655950 0.2093580
vt 0.4591120 0.2100230
f 1169/6898/1169 1198/6899/1198 1287/6900/1287
vt 0.2880580 0.0098150
vt 0.2845580 0.0111900
vt 0.2863970 0.0073950
f 1118/6901/1118 1312/6902/1312 1273/6903/1273
vt 0.5717110 0.6688900
vt 0.5704810 0.6697700
vt 0.5708470 0.6686540
f 1215/6904/1215 1223/6905/1223 1189/6906/1189
vt 0.7999540 0.2738260
vt 0.7984220 0.2730780
vt 0.8003260 0.2724780
f 1186/6907/1186 1203/6908/1203 1212/6909/1212
vt 0.0045630 0.9769600
vt 0.0012980 0.9803730
vt 0.0002580 0.9748500
f 1189/6910/1189 1223/6911/1223 1204/6912/1204
vt 0.0337230 0.1856060
vt 0.0353780 0.1851710
f 1214/6913/1214 1187/6884/1187 1267/6914/1267
vt 0.2532880 0.0255580
vt 0.2540590 0.0239590
vt 0.2553720 0.0262670
f 1166/6915/1166 1231/6916/1231 1170/6917/1170
vt 0.6659410 0.1682600
vt 0.6646710 0.1667620
vt 0.6660960 0.1662840
f 1171/6918/1171 1196/6919/1196 1215/6920/1215
vt 0.0332810 0.1798220
vt 0.0336060 0.1769770
vt 0.0356240 0.1779170
f 1187/6921/1187 1201/6922/1201 1267/6923/1267
vt 0.9619660 0.5290180
vt 0.9630830 0.5274350
vt 0.9638580 0.5286070
f 1193/6924/1193 1191/6925/1191 1214/6926/1214
vt 0.8325020 0.0750450
vt 0.8322620 0.0768620
vt 0.8301000 0.0743430
f 1225/6927/1225 1181/6928/1181 1211/6929/1211
vt 0.9617360 0.5371780
vt 0.9633360 0.5379360
vt 0.9626410 0.5394440
f 1210/6930/1210 1220/6931/1220 1162/6932/1162
vt 0.2646660 0.9087470
vt 0.2627300 0.9099920
vt 0.2634460 0.9076370
f 1199/6933/1199 1228/6934/1228 1207/6935/1207
vt 0.7810020 0.4163000
vt 0.7821530 0.4153110
vt 0.7828410 0.4161650
f 1168/6936/1168 1167/6937/1167 1244/6938/1244
vt 0.5132540 0.7200680
vt 0.5133780 0.7212100
vt 0.5098610 0.7199140
f 1205/6939/1205 1232/6940/1232 1180/6941/1180
vt 0.6845380 0.2129810
vt 0.6837600 0.2136050
vt 0.6842130 0.2122460
f 1208/6942/1208 1162/6943/1162 1248/6944/1248
vt 0.0345190 0.1869560
vt 0.0364140 0.1874070
f 1214/6945/1214 1267/6914/1267 1270/6946/1270
vt 0.7547740 0.6720630
vt 0.7576730 0.6719420
vt 0.7567480 0.6750980
f 1187/6947/1187 1289/6948/1289 1201/6949/1201
vt 0.3933460 0.4794120
vt 0.3885750 0.4800980
vt 0.3886280 0.4788260
f 1200/6950/1200 1218/6951/1218 1227/6952/1227
vt 0.7567270 0.6706110
f 1187/6947/1187 1190/6953/1190 1289/6948/1289
vt 0.9621770 0.5327370
vt 0.9623280 0.5320270
vt 0.9630390 0.5324830
f 1193/6954/1193 1214/6955/1214 1220/6956/1220
vt 0.2303630 0.0340740
vt 0.2278460 0.0330150
vt 0.2315720 0.0313080
f 1148/6957/1148 1227/6958/1227 1216/6959/1216
vt 0.2377850 0.0312250
vt 0.2362420 0.0291450
vt 0.2396650 0.0306860
f 1148/6960/1148 1216/6961/1216 1188/6962/1188
vt 0.2789530 0.4369770
vt 0.2794930 0.4388680
vt 0.2762850 0.4383290
f 1180/6963/1180 1232/6964/1232 1234/6965/1234
vt 0.7923820 0.5527220
vt 0.7928130 0.5566150
vt 0.7882750 0.5540560
f 1162/6966/1162 1220/6967/1220 1236/6968/1236
vt 0.2540410 0.8998290
vt 0.2549250 0.9012600
vt 0.2540070 0.9023540
f 1176/6969/1176 1207/6970/1207 1226/6971/1226
vt 0.5031350 0.7169400
vt 0.5026070 0.7183310
vt 0.5005720 0.7159120
f 1180/6972/1180 1234/6973/1234 1195/6974/1195
vt 0.2618420 0.9075730
vt 0.2598010 0.9087370
f 1207/6975/1207 1228/6934/1228 1226/6976/1226
vt 0.2521460 0.4403290
vt 0.2539620 0.4403170
vt 0.2533910 0.4424020
f 1181/6977/1181 1195/6978/1195 1221/6979/1221
vt 0.4659070 0.9454700
vt 0.4672110 0.9482550
vt 0.4645470 0.9483880
f 1176/6980/1176 1222/6981/1222 1200/6982/1200
vt 0.3941350 0.4688570
vt 0.3936010 0.4706920
vt 0.3911560 0.4672540
f 1148/6983/1148 1200/6984/1200 1227/6985/1227
vt 0.8160290 0.2670140
vt 0.8146910 0.2674070
vt 0.8148250 0.2659830
f 1217/6986/1217 1212/6987/1212 1230/6988/1230
vt 0.9522720 0.0374290
vt 0.9531190 0.0385320
vt 0.9520450 0.0389640
f 1174/6989/1174 1253/6990/1253 1203/6991/1203
vt 0.4664940 0.9495560
vt 0.4653500 0.9510450
f 1200/6982/1200 1222/6992/1222 1218/6993/1218
vt 0.4837290 0.5480140
vt 0.4788250 0.5521030
vt 0.4788930 0.5481210
f 1159/6994/1159 1307/6995/1307 1149/6996/1149
vt 0.7510370 0.6263820
vt 0.7522940 0.6253530
vt 0.7539290 0.6290110
f 1204/6997/1204 1279/6998/1279 1280/6999/1280
vt 0.2370970 0.0276970
f 1188/6962/1188 1216/6961/1216 1166/7000/1166
vt 0.3330390 0.4512110
vt 0.3315460 0.4526710
vt 0.3309050 0.4510090
f 1162/7001/1162 1236/7002/1236 1248/7003/1248
vt 0.8172300 0.5101080
vt 0.8163830 0.5107540
vt 0.8159620 0.5094370
f 1184/7004/1184 1225/7005/1225 1182/7006/1182
vt 0.2613750 0.4386660
vt 0.2613650 0.4408520
vt 0.2597980 0.4406670
f 1195/7007/1195 1234/7008/1234 1221/7009/1221
vt 0.8022290 0.2712900
vt 0.7971840 0.2713530
vt 0.8003490 0.2673260
f 1212/7010/1212 1203/7011/1203 1230/7012/1230
vt 0.6591620 0.1662520
vt 0.6599820 0.1636610
vt 0.6618150 0.1640800
f 1196/7013/1196 1224/7014/1224 1215/7015/1215
vt 0.8184840 0.5460010
vt 0.8180230 0.5489070
vt 0.8171440 0.5471760
f 1181/7016/1181 1221/7017/1221 1211/7018/1211
vt 0.3179880 0.4465130
vt 0.3162400 0.4475810
vt 0.3153520 0.4453490
f 1208/7019/1208 1248/7020/1248 1205/7021/1205
vt 0.7979030 0.5576080
vt 0.7986450 0.5585820
vt 0.7976170 0.5587570
f 1210/7022/1210 1193/7023/1193 1220/7024/1220
vt 0.0452500 0.0054220
vt 0.0468490 0.0046120
vt 0.0463960 0.0064260
f 1176/7025/1176 1226/7026/1226 1222/7027/1222
vt 0.6395530 0.1664530
vt 0.6378520 0.1651250
vt 0.6412310 0.1623990
f 1196/7028/1196 1217/7029/1217 1229/7030/1229
vt 0.7900210 0.2702260
vt 0.7876400 0.2691010
vt 0.7902430 0.2679550
f 1203/7031/1203 1253/7032/1253 1230/7033/1230
vt 0.9783300 0.8070810
vt 0.9783460 0.8029740
vt 0.9803730 0.8034640
f 1233/7034/1233 1160/7035/1160 1202/7036/1202
vt 0.3075280 0.4449440
vt 0.3055320 0.4446590
vt 0.3043970 0.4426830
f 1248/7037/1248 1232/7038/1232 1205/7039/1205
vt 0.9120910 0.0826560
vt 0.9122420 0.0815370
vt 0.9132520 0.0833450
f 1218/7040/1218 1222/7041/1222 1246/7042/1246
vt 0.1078630 0.1565500
vt 0.1128230 0.1574950
vt 0.1087770 0.1583600
f 1174/7043/1174 1206/7044/1206 1247/7045/1247
vt 0.4704160 0.8599270
vt 0.4688030 0.8574370
vt 0.4724500 0.8590300
f 1196/7046/1196 1229/7047/1229 1224/7048/1224
vt 0.0001510 0.0678580
vt 0.0014010 0.0698420
vt 0.0001510 0.0714270
f 1217/7049/1217 1252/7050/1252 1229/7051/1229
vt 0.8780950 0.4604620
vt 0.8823360 0.4615640
vt 0.8784770 0.4653840
f 1194/7052/1194 1255/7053/1255 1138/7054/1138
vt 0.8025050 0.5601780
vt 0.8008520 0.5623070
vt 0.8013890 0.5600150
f 1214/7055/1214 1271/7056/1271 1220/7057/1220
vt 0.4449760 0.8553430
vt 0.4457110 0.8544550
vt 0.4472100 0.8563840
f 1230/7058/1230 1252/7059/1252 1217/7060/1217
vt 0.5669180 0.1036050
vt 0.5618790 0.1023180
vt 0.5625630 0.0986470
f 1100/7061/1100 1138/7062/1138 1283/7063/1283
vt 0.1750690 0.3707000
vt 0.1743210 0.3723790
vt 0.1728390 0.3701470
f 1170/7064/1170 1231/7065/1231 1258/7066/1258
vt 0.8221170 0.4485050
vt 0.8239860 0.4487550
vt 0.8231100 0.4507880
f 1214/7067/1214 1270/7068/1270 1271/7069/1271
vt 0.7532690 0.6161090
vt 0.7576340 0.6119170
vt 0.7571950 0.6176230
f 1204/7070/1204 1223/7071/1223 1275/7072/1275
vt 0.5263320 0.1732210
vt 0.5275140 0.1695990
vt 0.5292640 0.1734280
f 1175/7073/1175 1209/7074/1209 1197/7075/1197
vt 0.4274390 0.8545190
vt 0.4267440 0.8545480
vt 0.4279880 0.8536320
f 1230/7076/1230 1253/7077/1253 1241/7078/1241
vt 0.9368790 0.1332140
vt 0.9356150 0.1335410
vt 0.9361440 0.1327250
f 1228/7079/1228 1250/7080/1250 1226/7081/1226
vt 0.1071240 0.1599040
vt 0.1079810 0.1612660
vt 0.1062600 0.1613040
f 1174/7082/1174 1247/7083/1247 1253/7084/1253
vt 0.9166790 0.0903920
vt 0.9188020 0.0896480
vt 0.9185470 0.0931380
f 1218/7085/1218 1254/7086/1254 1245/7087/1245
vt 0.4439390 0.8534660
vt 0.4438350 0.8526080
vt 0.4450450 0.8527940
f 1230/7088/1230 1241/7089/1241 1252/7090/1252
vt 0.9228980 0.1025910
vt 0.9241210 0.1027850
vt 0.9231180 0.1045610
f 1218/7091/1218 1245/7092/1245 1227/7093/1227
vt 0.9135730 0.0826100
vt 0.9140290 0.0814490
vt 0.9141430 0.0841500
f 1246/7094/1246 1254/7095/1254 1218/7096/1218
vt 0.7827710 0.4131680
vt 0.7856350 0.4125740
vt 0.7840500 0.4139230
f 1146/7097/1146 1328/7098/1328 1167/7099/1167
vt 0.9747550 0.3426640
vt 0.9767760 0.3446820
vt 0.9740900 0.3439720
f 1227/7100/1227 1235/7101/1235 1216/7102/1216
vt 0.1932210 0.3790590
vt 0.1909820 0.3811180
vt 0.1910840 0.3779630
f 1216/7103/1216 1235/7104/1235 1166/7105/1166
vt 0.8769650 0.4535630
vt 0.8779580 0.4461130
vt 0.8801150 0.4507810
f 1194/7106/1194 1144/7107/1144 1304/7108/1304
vt 0.4674290 0.8558010
vt 0.4667220 0.8550410
vt 0.4686310 0.8556840
f 1229/7109/1229 1249/7110/1249 1224/7111/1224
vt 0.1294020 0.1312480
vt 0.1335870 0.1302540
vt 0.1312140 0.1349730
f 1133/7112/1133 1233/7113/1233 1213/7114/1213
vt 0.9732560 0.8894300
vt 0.9721150 0.8889240
vt 0.9734420 0.8875590
f 1222/7115/1222 1250/7116/1250 1246/7117/1246
vt 0.9714940 0.8916520
vt 0.9710640 0.8930330
vt 0.9700810 0.8916770
f 1222/7118/1222 1226/7119/1226 1250/7120/1250
vt 0.4502070 0.8535240
vt 0.4515850 0.8530270
vt 0.4509270 0.8535480
f 1252/7121/1252 1249/7122/1249 1229/7123/1229
vt 0.2394400 0.4480790
vt 0.2393620 0.4494110
vt 0.2387230 0.4491290
f 1221/7124/1221 1239/7125/1239 1211/7126/1211
vt 0.8147570 0.5176120
vt 0.8147090 0.5184520
vt 0.8143840 0.5173830
f 1225/7127/1225 1211/7128/1211 1251/7129/1251
vt 0.9375720 0.1337370
vt 0.9368340 0.1353270
f 1228/7130/1228 1237/7131/1237 1250/7080/1250
vt 0.9545730 0.8000210
vt 0.9560490 0.7992440
vt 0.9555340 0.8002460
f 1224/7132/1224 1284/7133/1284 1215/7134/1215
vt 0.2800760 0.4416520
vt 0.2819710 0.4430660
vt 0.2799420 0.4429720
f 1234/7135/1234 1232/7136/1232 1240/7137/1240
vt 0.1891540 0.3774600
vt 0.1876970 0.3792670
f 1166/7138/1166 1235/7104/1235 1231/7139/1231
vt 0.5452730 0.9156330
vt 0.5457220 0.9224640
vt 0.5420990 0.9182000
f 1146/7140/1146 1273/7141/1273 1303/7142/1303
vt 0.8158750 0.5050570
vt 0.8152390 0.5042300
vt 0.8162790 0.5039470
f 1182/7143/1182 1237/7144/1237 1228/7145/1228
vt 0.7580850 0.6605080
vt 0.7578680 0.6584700
vt 0.7610050 0.6586560
f 1190/7146/1190 1183/7147/1183 1293/7148/1293
vt 0.2605400 0.4426550
vt 0.2613680 0.4425120
vt 0.2606330 0.4431260
f 1221/7149/1221 1234/7150/1234 1238/7151/1238
vt 0.2432110 0.4470800
vt 0.2443260 0.4472970
vt 0.2440800 0.4482260
f 1221/7152/1221 1238/7153/1238 1239/7154/1239
vt 0.2684810 0.4414500
vt 0.2699660 0.4421130
vt 0.2683200 0.4422640
f 1234/7155/1234 1240/7156/1240 1238/7157/1238
vt 0.9553130 0.7985750
f 1224/7132/1224 1242/7158/1242 1284/7133/1284
vt 0.8148590 0.5222770
vt 0.8138530 0.5229950
vt 0.8138300 0.5209100
f 1211/7159/1211 1239/7160/1239 1251/7161/1251
vt 0.8141260 0.5118970
vt 0.8135520 0.5136250
vt 0.8125080 0.5124240
f 1182/7162/1182 1225/7163/1225 1251/7164/1251
vt 0.5145350 0.3062420
vt 0.5171120 0.3052030
vt 0.5176100 0.3059790
f 1244/7165/1244 1167/7166/1167 1328/7167/1328
vt 0.7545820 0.6477650
vt 0.7558270 0.6424280
vt 0.7584360 0.6450410
f 1179/7168/1179 1280/7169/1280 1306/7170/1306
vt 0.1613080 0.3666680
vt 0.1685560 0.3693430
vt 0.1606620 0.3722120
f 1118/7171/1118 1258/7172/1258 1312/7173/1312
vt 0.8143630 0.5057000
vt 0.8140950 0.5041770
vt 0.8145540 0.5044310
f 1182/7174/1182 1260/7175/1260 1237/7176/1237
vt 0.2804620 0.4434130
f 1240/7137/1240 1232/7136/1232 1243/7177/1243
vt 0.1090080 0.5101240
vt 0.1070580 0.5123610
vt 0.1057050 0.5101950
f 1159/7178/1159 1287/7179/1287 1281/7180/1281
vt 0.7592870 0.6637800
vt 0.7608800 0.6645800
vt 0.7608810 0.6668900
f 1190/7181/1190 1295/7182/1295 1289/7183/1289
vt 0.3141430 0.8937040
vt 0.3133890 0.8893010
vt 0.3167140 0.8891870
f 1255/7184/1255 1194/7185/1194 1282/7186/1282
vt 0.8134170 0.5076300
vt 0.8123980 0.5081940
vt 0.8129930 0.5072430
f 1182/7187/1182 1251/7188/1251 1260/7189/1260
vt 0.9795490 0.3380460
vt 0.9807040 0.3359970
vt 0.9809890 0.3370800
f 1227/7190/1227 1245/7191/1245 1235/7192/1235
vt 0.4715870 0.8540010
vt 0.4701780 0.8529200
vt 0.4716090 0.8530600
f 1224/7193/1224 1249/7194/1249 1242/7195/1242
vt 0.6289780 0.7287970
vt 0.6257470 0.7266450
vt 0.6282320 0.7244880
f 1202/7196/1202 1316/7197/1316 1233/7198/1233
vt 0.3023330 0.4481550
vt 0.3019250 0.4517140
vt 0.2999290 0.4486300
f 1232/7199/1232 1257/7200/1257 1243/7201/1243
vt 0.3064360 0.4496410
vt 0.3056800 0.4517840
vt 0.3036640 0.4486020
f 1248/7202/1248 1257/7203/1257 1232/7204/1232
vt 0.7602130 0.6620910
vt 0.7609780 0.6607530
vt 0.7610590 0.6618330
f 1190/7205/1190 1293/7206/1293 1295/7207/1295
vt 0.8139290 0.5031180
vt 0.8144600 0.5031290
f 1260/7175/1260 1278/7208/1278 1237/7209/1237
vt 0.1142330 0.1587480
vt 0.1129820 0.1602220
f 1206/7044/1206 1299/7210/1299 1247/7211/1247
vt 0.3327260 0.4583470
vt 0.3347390 0.4605140
vt 0.3335470 0.4617770
f 1236/7212/1236 1220/7213/1220 1257/7214/1257
vt 0.8111250 0.5101500
vt 0.8112030 0.5076320
f 1251/7188/1251 1322/7215/1322 1260/7216/1260
vt 0.9642650 0.8060030
vt 0.9662070 0.8088250
vt 0.9640450 0.8096640
f 1215/7217/1215 1284/7218/1284 1223/7219/1223
vt 0.8123380 0.5232830
vt 0.8102350 0.5210380
vt 0.8127370 0.5210580
f 1239/7220/1239 1262/7221/1262 1251/7222/1251
vt 0.4596620 0.8517360
vt 0.4592120 0.8477610
vt 0.4634830 0.8495470
f 1249/7223/1249 1296/7224/1296 1291/7225/1291
vt 0.4668060 0.8525300
vt 0.4670960 0.8480830
vt 0.4690350 0.8497620
f 1249/7226/1249 1291/7227/1291 1242/7228/1242
vt 0.3322340 0.4616610
f 1236/7212/1236 1257/7214/1257 1248/7229/1248
vt 0.2863270 0.4447550
vt 0.2831080 0.4478150
vt 0.2841390 0.4448670
f 1243/7230/1243 1272/7231/1272 1240/7232/1240
vt 0.7898600 0.5613360
vt 0.7873800 0.5638360
vt 0.7847240 0.5598070
f 1271/7233/1271 1277/7234/1277 1220/7235/1220
vt 0.4809030 0.1418580
vt 0.4831430 0.1386430
vt 0.4846570 0.1436090
f 1138/7236/1138 1255/7237/1255 1283/7238/1283
vt 0.1357310 0.1323670
f 1233/7113/1233 1355/7239/1355 1213/7114/1213
vt 0.2453140 0.4490490
vt 0.2447470 0.4516840
vt 0.2425480 0.4513570
f 1238/7240/1238 1314/7241/1314 1239/7242/1239
vt 0.4399400 0.8467150
vt 0.4409440 0.8430020
vt 0.4416570 0.8468650
f 1241/7243/1241 1261/7244/1261 1252/7245/1252
vt 0.9549710 0.7947280
vt 0.9563650 0.7930320
vt 0.9572480 0.7955930
f 1242/7246/1242 1291/7247/1291 1284/7248/1284
vt 0.4287040 0.8492130
vt 0.4267130 0.8504190
vt 0.4257820 0.8453190
f 1241/7249/1241 1253/7250/1253 1266/7251/1266
vt 0.9818050 0.3372610
vt 0.9826820 0.3362070
vt 0.9826560 0.3376720
f 1235/7252/1235 1245/7253/1245 1274/7254/1274
vt 0.1055050 0.5038010
vt 0.1075100 0.5071760
vt 0.1044790 0.5057600
f 1307/7255/1307 1159/7256/1159 1281/7257/1281
vt 0.2631650 0.4447860
vt 0.2633960 0.4464180
vt 0.2613120 0.4454270
f 1238/7258/1238 1240/7259/1240 1314/7260/1314
vt 0.9326270 0.1352950
vt 0.9329540 0.1375410
vt 0.9307980 0.1371570
f 1250/7261/1250 1237/7262/1237 1263/7263/1263
vt 0.8082320 0.5276120
vt 0.8085800 0.5246100
f 1239/7220/1239 1256/7264/1256 1262/7265/1262
vt 0.2959540 0.4485300
vt 0.2964590 0.4505050
vt 0.2939610 0.4504630
f 1243/7266/1243 1257/7267/1257 1272/7268/1272
vt 0.9702480 0.8852350
vt 0.9696440 0.8872420
vt 0.9672760 0.8850880
f 1246/7269/1246 1250/7270/1250 1265/7271/1265
vt 0.1863680 0.3815660
vt 0.1836500 0.3822500
vt 0.1842130 0.3805540
f 1235/7272/1235 1264/7273/1264 1231/7274/1231
vt 0.8106130 0.5113660
vt 0.8103980 0.5122530
vt 0.8099190 0.5111550
f 1251/7275/1251 1262/7276/1262 1322/7277/1322
vt 0.9770730 0.8792500
vt 0.9767670 0.8807820
vt 0.9740920 0.8775920
f 1254/7278/1254 1246/7279/1246 1265/7280/1265
vt 0.4464090 0.8446190
vt 0.4478670 0.8443130
vt 0.4486810 0.8453860
f 1252/7281/1252 1261/7282/1261 1249/7283/1249
vt 0.1105460 0.1647120
vt 0.1112470 0.1662170
vt 0.1099920 0.1661090
f 1247/7284/1247 1269/7285/1269 1253/7286/1253
vt 0.4492330 0.8443840
f 1249/7283/1249 1261/7282/1261 1296/7287/1296
vt 0.9262550 0.1332520
vt 0.9252300 0.1342650
vt 0.9236310 0.1331910
f 1250/7288/1250 1263/7289/1263 1265/7290/1265
vt 0.1102010 0.1678500
f 1253/7286/1253 1269/7285/1269 1266/7291/1266
vt 0.9276220 0.1024380
vt 0.9277780 0.0990650
vt 0.9300260 0.1005340
f 1245/7292/1245 1254/7293/1254 1268/7294/1268
vt 0.9303640 0.1024560
f 1245/7292/1245 1268/7294/1268 1274/7295/1274
vt 0.4287970 0.8451690
vt 0.4259520 0.8441540
vt 0.4298590 0.8436320
f 1241/7296/1241 1266/7297/1266 1261/7298/1261
vt 0.9821800 0.3437720
vt 0.9846200 0.3414720
vt 0.9842200 0.3441580
f 1235/7299/1235 1274/7300/1274 1264/7301/1264
vt 0.5167680 0.3024780
vt 0.5212050 0.3026000
vt 0.5193860 0.3045610
f 1146/7302/1146 1303/7303/1303 1328/7304/1328
vt 0.1242490 0.1427600
vt 0.1271350 0.1445810
vt 0.1234890 0.1479520
f 1213/7305/1213 1330/7306/1330 1219/7307/1219
vt 0.1155090 0.1562790
vt 0.1174170 0.1537480
vt 0.1183240 0.1571730
f 1206/7308/1206 1219/7309/1219 1299/7310/1299
vt 0.2669080 0.4461670
vt 0.2692330 0.4460030
vt 0.2680920 0.4469830
f 1240/7311/1240 1272/7312/1272 1314/7313/1314
vt 0.7720040 0.5619830
vt 0.7713450 0.5634390
vt 0.7705270 0.5633330
f 1220/7314/1220 1277/7315/1277 1257/7316/1257
vt 0.1096150 0.4852510
vt 0.1060440 0.4864610
vt 0.1037350 0.4823480
f 1149/7317/1149 1315/7318/1315 1304/7319/1304
vt 0.8146810 0.4995960
vt 0.8145470 0.4978230
vt 0.8157090 0.4969420
f 1237/7320/1237 1278/7321/1278 1263/7322/1263
vt 0.7573580 0.6210140
vt 0.7616160 0.6196720
vt 0.7598610 0.6214480
f 1204/7323/1204 1275/7324/1275 1279/7325/1279
vt 0.8090070 0.5475370
vt 0.8084520 0.5486560
vt 0.8075430 0.5479400
f 1239/7326/1239 1314/7327/1314 1256/7328/1256
vt 0.1740240 0.1981560
vt 0.1712470 0.1982920
vt 0.1735030 0.1967060
f 1223/7329/1223 1284/7330/1284 1275/7331/1275
vt 0.9218070 0.0779700
vt 0.9222530 0.0760580
vt 0.9232850 0.0780740
f 1254/7332/1254 1265/7333/1265 1268/7334/1268
vt 0.1796370 0.3813920
vt 0.1807490 0.3835550
vt 0.1786600 0.3818420
f 1231/7335/1231 1264/7336/1264 1290/7337/1290
vt 0.3158060 0.8877210
vt 0.3184480 0.8832680
vt 0.3188950 0.8870920
f 1194/7338/1194 1304/7339/1304 1282/7340/1282
vt 0.8230010 0.4536330
vt 0.8264070 0.4536790
vt 0.8262940 0.4551040
f 1271/7341/1271 1270/7342/1270 1286/7343/1286
vt 0.8277140 0.4539630
f 1270/7342/1270 1300/7344/1300 1286/7343/1286
vt 0.2924060 0.4506030
vt 0.2937310 0.4550110
vt 0.2895470 0.4498200
f 1257/7345/1257 1388/7346/1388 1272/7347/1272
vt 0.1715360 0.3764840
vt 0.1715780 0.3796100
vt 0.1684070 0.3788890
f 1231/7348/1231 1290/7349/1290 1258/7350/1258
vt 0.7603050 0.6520540
vt 0.7656280 0.6537730
vt 0.7610700 0.6568570
f 1179/7351/1179 1293/7352/1293 1183/7353/1183
vt 0.4621410 0.8446280
vt 0.4629520 0.8413000
vt 0.4648340 0.8439860
f 1291/7354/1291 1296/7355/1296 1301/7356/1301
vt 0.4931670 0.1463290
vt 0.4871050 0.1398120
vt 0.4930700 0.1409380
f 1283/7357/1283 1255/7358/1255 1341/7359/1341
vt 0.2700860 0.4478920
vt 0.2688810 0.4500940
vt 0.2681100 0.4483530
f 1272/7360/1272 1388/7361/1388 1314/7362/1314
vt 0.9166480 0.1309330
vt 0.9158420 0.1334400
vt 0.9124540 0.1323620
f 1265/7363/1265 1263/7364/1263 1343/7365/1343
vt 0.7708760 0.5654480
vt 0.7721250 0.5647830
vt 0.7705630 0.5682310
f 1257/7366/1257 1277/7367/1277 1356/7368/1356
vt 0.8295600 0.4547470
vt 0.8296830 0.4534270
vt 0.8320780 0.4548180
f 1300/7369/1300 1270/7370/1270 1292/7371/1292
vt 0.1055280 0.4986750
vt 0.1027140 0.5004840
vt 0.0993150 0.4965660
f 1149/7372/1149 1307/7373/1307 1315/7374/1315
vt 0.9596290 0.7916140
vt 0.9610930 0.7897130
vt 0.9618000 0.7910760
f 1291/7375/1291 1301/7376/1301 1327/7377/1327
vt 0.5330910 0.1664770
vt 0.5296770 0.1665130
vt 0.5339700 0.1630750
f 1197/7378/1197 1209/7379/1209 1285/7380/1285
vt 0.9243950 0.0747080
vt 0.9271020 0.0718860
vt 0.9285720 0.0747800
f 1268/7381/1268 1265/7382/1265 1483/7383/1483
vt 0.7679530 0.6667110
vt 0.7689780 0.6656900
vt 0.7693370 0.6667160
f 1289/7384/1289 1295/7385/1295 1288/7386/1288
vt 0.4275390 0.8409010
vt 0.4258190 0.8351520
vt 0.4330150 0.8346720
f 1266/7387/1266 1302/7388/1302 1261/7389/1261
vt 0.1171900 0.1613660
vt 0.1189090 0.1611480
vt 0.1200340 0.1628520
f 1247/7390/1247 1299/7391/1299 1305/7392/1305
vt 0.1212830 0.1547760
vt 0.1230720 0.1564750
vt 0.1217730 0.1579290
f 1219/7393/1219 1330/7394/1330 1299/7395/1299
vt 0.1151840 0.1675180
vt 0.1174380 0.1648870
vt 0.1187110 0.1664370
f 1269/7396/1269 1247/7397/1247 1319/7398/1319
vt 0.3275800 0.4652700
vt 0.3282100 0.4739480
vt 0.3247950 0.4698270
f 1257/7399/1257 1356/7400/1356 1276/7401/1276
vt 0.2443780 0.4562940
vt 0.2440980 0.4623140
vt 0.2411620 0.4604640
f 1314/7402/1314 1357/7403/1357 1256/7404/1256
vt 0.1105370 0.1755210
vt 0.1134470 0.1735220
vt 0.1154380 0.1791710
f 1266/7405/1266 1269/7406/1269 1385/7407/1385
vt 0.8330250 0.4498340
vt 0.8346320 0.4512970
vt 0.8324930 0.4523510
f 1267/7408/1267 1292/7409/1292 1270/7410/1270
vt 0.5421620 0.8656750
vt 0.5404370 0.8697020
vt 0.5369660 0.8666440
f 1259/7411/1259 1308/7412/1308 1198/7413/1198
vt 0.1307880 0.1411690
vt 0.1372520 0.1422210
vt 0.1360650 0.1446960
f 1213/7414/1213 1355/7415/1355 1330/7416/1330
vt 0.8291180 0.4609640
vt 0.8293510 0.4628070
vt 0.8279460 0.4619560
f 1300/7417/1300 1310/7418/1310 1286/7419/1286
vt 0.1190930 0.1645370
f 1247/7397/1247 1305/7420/1305 1319/7398/1319
vt 0.7632700 0.6498530
vt 0.7655720 0.6475130
vt 0.7648720 0.6507840
f 1179/7421/1179 1306/7422/1306 1293/7423/1293
vt 0.5386840 0.1661220
vt 0.5392590 0.1650220
vt 0.5404570 0.1667450
f 1197/7424/1197 1285/7425/1285 1185/7426/1185
vt 0.1681460 0.1975670
vt 0.1688450 0.2002010
vt 0.1659560 0.1976850
f 1275/7427/1275 1284/7428/1284 1309/7429/1309
vt 0.1660250 0.2006720
f 1284/7428/1284 1311/7430/1311 1309/7429/1309
vt 0.5411840 0.1656940
f 1185/7426/1185 1285/7425/1285 1331/7431/1331
vt 0.8378490 0.4490370
vt 0.8366510 0.4508310
vt 0.8356690 0.4488820
f 1201/7432/1201 1292/7433/1292 1267/7434/1267
vt 0.7637620 0.6307400
vt 0.7655740 0.6303610
vt 0.7657390 0.6314720
f 1280/7435/1280 1279/7436/1279 1306/7437/1306
vt 0.7675560 0.6768120
vt 0.7672910 0.6753440
vt 0.7688740 0.6755280
f 1292/7438/1292 1201/7439/1201 1288/7440/1288
vt 0.7728420 0.6658040
vt 0.7729510 0.6645930
vt 0.7741170 0.6648250
f 1288/7441/1288 1295/7442/1295 1297/7443/1297
vt 0.7672440 0.6740850
vt 0.7689840 0.6737110
f 1289/7444/1289 1288/7445/1288 1201/7439/1201
vt 0.1186720 0.1742420
f 1269/7406/1269 1319/7446/1319 1385/7407/1385
vt 0.0997440 0.5124850
vt 0.0989350 0.5129250
vt 0.0981650 0.5113260
f 1281/7447/1281 1287/7448/1287 1294/7449/1294
vt 0.5424050 0.1668360
vt 0.5446270 0.1651020
vt 0.5444520 0.1670920
f 1185/7450/1185 1331/7451/1331 1202/7452/1202
vt 0.1745870 0.3882800
vt 0.1741510 0.3893540
vt 0.1735120 0.3887770
f 1264/7453/1264 1321/7454/1321 1441/7455/1441
vt 0.7749250 0.6675250
vt 0.7758190 0.6668540
vt 0.7758220 0.6675010
f 1288/7456/1288 1298/7457/1298 1300/7458/1300
vt 0.6317160 0.7123330
vt 0.6300740 0.7101460
vt 0.6340020 0.7078610
f 1316/7459/1316 1355/7460/1355 1233/7461/1233
vt 0.4846000 0.1344160
vt 0.4838630 0.1315890
vt 0.4857910 0.1313760
f 1255/7462/1255 1348/7463/1348 1341/7464/1341
vt 0.7351540 0.7851200
vt 0.7326640 0.7855830
vt 0.7336040 0.7833650
f 1284/7465/1284 1291/7466/1291 1311/7467/1311
vt 0.5405890 0.1638030
vt 0.5426190 0.1632380
vt 0.5419560 0.1643350
f 1285/7468/1285 1333/7469/1333 1331/7470/1331
vt 0.8409410 0.4572380
vt 0.8430850 0.4567970
vt 0.8438670 0.4576740
f 1300/7471/1300 1292/7472/1292 1288/7473/1288
vt 0.7749530 0.6656190
vt 0.7756070 0.6650090
vt 0.7756340 0.6657390
f 1288/7474/1288 1297/7475/1297 1298/7476/1298
vt 0.3214530 0.8795530
vt 0.3241690 0.8800790
vt 0.3227790 0.8833340
f 1304/7477/1304 1317/7478/1317 1282/7479/1282
vt 0.7967360 0.5737030
vt 0.7956540 0.5764690
vt 0.7949740 0.5743010
f 1271/7480/1271 1313/7481/1313 1277/7482/1277
vt 0.7657310 0.6507900
vt 0.7699200 0.6497750
f 1293/7483/1293 1306/7422/1306 1320/7484/1320
vt 0.4670490 0.9578950
vt 0.4706030 0.9584520
vt 0.4685050 0.9610150
f 1275/7485/1275 1369/7486/1369 1279/7487/1279
vt 0.5522240 0.1744010
vt 0.5519570 0.1679790
vt 0.5536150 0.1711370
f 1316/7488/1316 1202/7489/1202 1334/7490/1334
vt 0.1732260 0.3877690
vt 0.1705960 0.3884440
vt 0.1694300 0.3865850
f 1264/7491/1264 1441/7492/1441 1290/7493/1290
vt 0.4486690 0.8350270
vt 0.4524630 0.8334890
vt 0.4543570 0.8357510
f 1261/7494/1261 1302/7495/1302 1296/7496/1296
vt 0.1982820 0.4014310
vt 0.1935570 0.4066680
vt 0.1925690 0.4005520
f 1274/7497/1274 1336/7498/1336 1264/7499/1264
vt 0.3246210 0.8949040
vt 0.3303410 0.8936060
vt 0.3266140 0.8975390
f 1282/7500/1282 1348/7501/1348 1255/7502/1255
vt 0.8229900 0.4652390
vt 0.8248070 0.4663850
vt 0.8231070 0.4664390
f 1286/7503/1286 1310/7504/1310 1313/7505/1313
vt 0.8397070 0.4648430
vt 0.8421910 0.4640050
vt 0.8417080 0.4651390
f 1310/7506/1310 1300/7507/1300 1298/7508/1298
vt 0.7946250 0.5755950
vt 0.7943200 0.5751120
f 1277/7482/1277 1313/7509/1313 1324/7510/1324
vt 0.7998020 0.5043640
vt 0.7987060 0.5062810
vt 0.7986120 0.5040580
f 1260/7511/1260 1322/7512/1322 1332/7513/1332
vt 0.9061910 0.1324140
vt 0.9041620 0.1366550
vt 0.9006750 0.1334840
f 1265/7514/1265 1343/7515/1343 1483/7516/1483
vt 0.8212430 0.4651900
vt 0.8205790 0.4667280
vt 0.8195580 0.4634880
f 1286/7517/1286 1313/7518/1313 1271/7519/1271
vt 0.7717820 0.6561210
vt 0.7740510 0.6568570
vt 0.7735470 0.6579590
f 1293/7520/1293 1297/7521/1297 1295/7522/1295
vt 0.1560600 0.3781200
vt 0.1557180 0.3800750
vt 0.1537820 0.3798720
f 1258/7523/1258 1365/7524/1365 1312/7525/1312
vt 0.5708520 0.8801010
vt 0.5731830 0.8829600
vt 0.5702500 0.8851940
f 1259/7526/1259 1244/7527/1244 1338/7528/1338
vt 0.9264710 0.1480190
vt 0.9281400 0.1523320
vt 0.9250840 0.1516500
f 1263/7529/1263 1278/7530/1278 1343/7531/1343
vt 0.8399590 0.4658100
vt 0.8405800 0.4679300
vt 0.8376010 0.4680530
f 1310/7532/1310 1298/7533/1298 1326/7534/1326
vt 0.3116300 0.7806810
vt 0.3147190 0.7777560
vt 0.3163170 0.7820460
f 1274/7535/1274 1268/7536/1268 1336/7537/1336
vt 0.7737270 0.5740220
vt 0.7721240 0.5782740
vt 0.7713710 0.5747690
f 1277/7538/1277 1324/7539/1324 1356/7540/1356
vt 0.8425730 0.4661670
vt 0.8432970 0.4682320
vt 0.8414770 0.4701630
f 1298/7541/1298 1318/7542/1318 1326/7543/1326
vt 0.1122280 0.1854060
vt 0.1143380 0.1859550
vt 0.1104050 0.1877340
f 1266/7544/1266 1385/7545/1385 1302/7546/1302
vt 0.1625770 0.1939300
vt 0.1610160 0.1928200
vt 0.1634600 0.1930390
f 1309/7547/1309 1369/7548/1369 1275/7549/1275
vt 0.7303290 0.7851930
vt 0.7279550 0.7836560
vt 0.7300330 0.7821230
f 1291/7550/1291 1327/7551/1327 1311/7552/1311
vt 0.1292710 0.1593410
vt 0.1312800 0.1574780
vt 0.1322240 0.1593820
f 1299/7553/1299 1330/7554/1330 1339/7555/1339
vt 0.7727290 0.6540960
vt 0.7736580 0.6534020
vt 0.7735950 0.6551020
f 1293/7556/1293 1320/7557/1320 1297/7558/1297
vt 0.5483620 0.1667830
vt 0.5498160 0.1630040
vt 0.5512850 0.1651250
f 1202/7559/1202 1331/7560/1331 1334/7561/1334
vt 0.2603420 0.4595490
vt 0.2609900 0.4633570
vt 0.2576860 0.4633020
f 1388/7562/1388 1357/7563/1357 1314/7564/1314
vt 0.5299240 0.9198880
vt 0.5265190 0.9194850
vt 0.5270720 0.9173990
f 1273/7565/1273 1335/7566/1335 1303/7567/1303
vt 0.7958660 0.5195740
vt 0.7939990 0.5171930
vt 0.7958680 0.5165010
f 1256/7568/1256 1366/7569/1366 1262/7570/1262
vt 0.1258950 0.5234470
vt 0.1293510 0.5231610
vt 0.1269030 0.5265260
f 1287/7571/1287 1198/7572/1198 1404/7573/1404
vt 0.5315470 0.1553930
vt 0.5336650 0.1524490
vt 0.5352700 0.1563730
f 1209/7574/1209 1349/7575/1349 1285/7576/1285
vt 0.1281830 0.1626400
vt 0.1290250 0.1634580
vt 0.1286150 0.1638960
f 1299/7577/1299 1325/7578/1325 1305/7579/1305
vt 0.9789960 0.4560830
vt 0.9803240 0.4542280
vt 0.9804960 0.4563560
f 1297/7580/1297 1318/7581/1318 1298/7582/1298
vt 0.5745520 0.8852290
vt 0.5737270 0.8866790
vt 0.5730020 0.8862090
f 1244/7583/1244 1328/7584/1328 1338/7585/1338
vt 0.9324430 0.6134580
vt 0.9305300 0.6133340
vt 0.9321460 0.6116380
f 1337/7586/1337 1316/7587/1316 1334/7588/1334
vt 0.6247390 0.9632790
vt 0.6288740 0.9619670
vt 0.6283340 0.9652350
f 1256/7589/1256 1357/7590/1357 1366/7591/1366
vt 0.1164550 0.5251460
vt 0.1176770 0.5292880
vt 0.1152590 0.5279870
f 1287/7592/1287 1404/7593/1404 1294/7594/1294
vt 0.7978210 0.5007300
vt 0.7972910 0.4996580
vt 0.7983500 0.4985430
f 1260/7595/1260 1332/7596/1332 1278/7597/1278
vt 0.7734510 0.6290400
vt 0.7757020 0.6267010
vt 0.7748770 0.6295920
f 1306/7598/1306 1279/7599/1279 1360/7600/1360
vt 0.4655380 0.8314310
vt 0.4607470 0.8337150
vt 0.4638830 0.8284360
f 1301/7601/1301 1296/7602/1296 1302/7603/1302
vt 0.1551500 0.3810900
vt 0.1549950 0.3831120
vt 0.1540180 0.3817600
f 1258/7604/1258 1290/7605/1290 1365/7606/1365
vt 0.1303590 0.1619300
vt 0.1307140 0.1624180
vt 0.1303460 0.1630370
f 1299/7607/1299 1339/7608/1339 1325/7609/1325
vt 0.7722690 0.6444210
vt 0.7752610 0.6404210
vt 0.7758300 0.6459870
f 1306/7610/1306 1360/7611/1360 1320/7612/1320
vt 0.3127370 0.4703360
vt 0.3143850 0.4763340
vt 0.3106590 0.4753310
f 1257/7613/1257 1276/7614/1276 1388/7615/1388
vt 0.9375960 0.6132430
vt 0.9397250 0.6137540
vt 0.9352760 0.6157950
f 1337/7616/1337 1346/7617/1346 1316/7618/1316
vt 0.5391360 0.1572050
vt 0.5363640 0.1518650
vt 0.5408950 0.1539070
f 1285/7619/1285 1349/7620/1349 1333/7621/1333
vt 0.5168460 0.1441420
vt 0.5178900 0.1416280
vt 0.5199120 0.1430640
f 1283/7622/1283 1341/7623/1341 1349/7624/1349
vt 0.5283030 0.9408200
vt 0.5248720 0.9439510
vt 0.5254360 0.9421050
f 1273/7625/1273 1312/7626/1312 1335/7627/1335
vt 0.7960620 0.4973050
vt 0.7968710 0.4964640
f 1278/7597/1278 1332/7628/1332 1323/7629/1323
vt 0.9279710 0.1555270
vt 0.9276100 0.1586950
vt 0.9245870 0.1555270
f 1278/7630/1278 1323/7631/1323 1343/7632/1343
vt 0.8783730 0.4150590
vt 0.8797000 0.4141760
vt 0.8799110 0.4162780
f 1322/7633/1322 1353/7634/1353 1332/7635/1332
vt 0.5246360 0.1500050
vt 0.5242250 0.1451610
vt 0.5270950 0.1480090
f 1283/7636/1283 1349/7637/1349 1209/7638/1209
vt 0.9765740 0.4518470
vt 0.9768510 0.4506630
vt 0.9781290 0.4521480
f 1297/7639/1297 1320/7640/1320 1318/7641/1318
vt 0.8300260 0.4721130
vt 0.8303040 0.4738490
vt 0.8282840 0.4732100
f 1326/7642/1326 1391/7643/1391 1310/7644/1310
vt 0.1637040 0.3901710
vt 0.1627470 0.3917260
vt 0.1626600 0.3900800
f 1290/7645/1290 1441/7646/1441 1329/7647/1329
vt 0.1295320 0.1673790
vt 0.1313100 0.1693670
vt 0.1298240 0.1717830
f 1305/7648/1305 1325/7649/1325 1319/7650/1319
vt 0.5259340 0.9194920
vt 0.5237190 0.9177000
vt 0.5259860 0.9180570
f 1335/7651/1335 1344/7652/1344 1303/7653/1303
vt 0.5240940 0.9100040
vt 0.5239160 0.9110510
vt 0.5228570 0.9113200
f 1328/7654/1328 1303/7655/1303 1344/7656/1344
vt 0.8770800 0.4078370
vt 0.8804940 0.4053540
vt 0.8808050 0.4088070
f 1262/7657/1262 1366/7658/1366 1322/7659/1322
vt 0.7309160 0.7726780
vt 0.7291160 0.7734460
vt 0.7302650 0.7714990
f 1309/7660/1309 1371/7661/1371 1342/7662/1342
vt 0.0895950 0.5017420
vt 0.0882790 0.5022740
vt 0.0878420 0.5002570
f 1294/7663/1294 1307/7664/1307 1281/7665/1281
vt 0.7295460 0.7747090
vt 0.7290700 0.7755150
vt 0.7285910 0.7750410
f 1309/7666/1309 1311/7667/1311 1371/7668/1371
vt 0.5487820 0.1587810
vt 0.5517800 0.1600140
vt 0.5504360 0.1603640
f 1333/7669/1333 1334/7670/1334 1331/7671/1331
vt 0.8405860 0.4721180
vt 0.8419680 0.4736770
vt 0.8387180 0.4734410
f 1326/7672/1326 1318/7673/1318 1347/7674/1347
vt 0.3324420 0.8698190
vt 0.3368080 0.8706140
vt 0.3338730 0.8721850
f 1304/7675/1304 1393/7676/1393 1317/7677/1317
vt 0.9273110 0.6028050
vt 0.9260190 0.6016230
vt 0.9271670 0.6012150
f 1334/7678/1334 1333/7679/1333 1337/7680/1337
vt 0.7274570 0.7788830
vt 0.7249750 0.7785760
vt 0.7280540 0.7779420
f 1311/7681/1311 1327/7682/1327 1371/7683/1371
vt 0.8327280 0.4740780
vt 0.8321380 0.4757560
vt 0.8308300 0.4747320
f 1326/7684/1326 1347/7685/1347 1391/7686/1391
vt 0.5734670 0.8892180
vt 0.5734160 0.8911190
vt 0.5723510 0.8907620
f 1328/7687/1328 1373/7688/1373 1338/7689/1338
vt 0.5746890 0.8905660
f 1328/7687/1328 1344/7690/1344 1373/7688/1373
vt 0.4749200 0.9640720
vt 0.4762920 0.9650660
vt 0.4745300 0.9657000
f 1369/7691/1369 1360/7692/1360 1279/7693/1279
vt 0.9857860 0.4544610
vt 0.9850380 0.4516610
vt 0.9885070 0.4542090
f 1318/7694/1318 1345/7695/1345 1347/7696/1347
vt 0.1331340 0.1705830
vt 0.1316670 0.1716290
f 1325/7649/1325 1358/7697/1358 1319/7698/1319
vt 0.9242880 0.1592530
f 1323/7631/1323 1468/7699/1468 1343/7632/1343
vt 0.8806710 0.4196150
vt 0.8833750 0.4189200
vt 0.8813270 0.4198170
f 1332/7700/1332 1353/7701/1353 1363/7702/1363
vt 0.6261870 0.7028650
vt 0.6277560 0.6990540
vt 0.6277340 0.7011720
f 1316/7703/1316 1346/7704/1346 1355/7705/1355
vt 0.5225710 0.9331810
vt 0.5205800 0.9308910
vt 0.5217540 0.9310230
f 1335/7706/1335 1354/7707/1354 1344/7708/1344
vt 0.5229450 0.9440820
vt 0.5210010 0.9451600
vt 0.5219460 0.9426610
f 1312/7709/1312 1354/7710/1354 1335/7711/1335
vt 0.3364110 0.8663260
vt 0.3389390 0.8626920
vt 0.3385530 0.8661600
f 1304/7712/1304 1340/7713/1340 1393/7714/1393
vt 0.4849070 0.9570100
vt 0.4865060 0.9566830
vt 0.4859420 0.9589360
f 1309/7715/1309 1342/7716/1342 1369/7717/1369
vt 0.5552550 0.8821510
vt 0.5557860 0.8846340
vt 0.5529730 0.8840950
f 1259/7718/1259 1415/7719/1415 1308/7720/1308
vt 0.8935820 0.6626240
vt 0.8912270 0.6620700
vt 0.8913510 0.6596140
f 1332/7721/1332 1384/7722/1384 1323/7723/1323
vt 0.3321540 0.7667620
vt 0.3355700 0.7646240
vt 0.3334950 0.7694810
f 1268/7724/1268 1483/7725/1483 1336/7726/1336
vt 0.6362650 0.6884050
vt 0.6352200 0.6873760
vt 0.6366900 0.6863960
f 1330/7727/1330 1355/7728/1355 1339/7729/1339
vt 0.1534140 0.3875370
vt 0.1502090 0.3878870
vt 0.1519620 0.3865020
f 1329/7730/1329 1365/7731/1365 1290/7732/1290
vt 0.0883100 0.4800210
vt 0.0846430 0.4803440
vt 0.0863230 0.4753530
f 1304/7733/1304 1315/7734/1315 1340/7735/1340
vt 0.8842740 0.4128410
vt 0.8869570 0.4095650
vt 0.8866770 0.4132810
f 1322/7736/1322 1366/7737/1366 1353/7738/1353
vt 0.9788430 0.4471970
vt 0.9844570 0.4464930
vt 0.9823750 0.4492350
f 1320/7739/1320 1345/7740/1345 1318/7741/1318
vt 0.9438970 0.6101420
vt 0.9440520 0.6082440
vt 0.9444050 0.6098330
f 1337/7742/1337 1350/7743/1350 1346/7744/1346
vt 0.5215790 0.9495560
vt 0.5194070 0.9497320
vt 0.5198120 0.9480620
f 1312/7745/1312 1376/7746/1376 1354/7747/1354
vt 0.9361710 0.6033500
vt 0.9382950 0.6020120
vt 0.9389280 0.6032670
f 1337/7748/1337 1395/7749/1395 1350/7750/1350
vt 0.5219210 0.9508530
vt 0.5195620 0.9516170
f 1312/7745/1312 1365/7751/1365 1376/7752/1376
vt 0.5191860 0.9161690
vt 0.5171280 0.9149430
vt 0.5170260 0.9134520
f 1344/7753/1344 1378/7754/1378 1373/7755/1373
vt 0.1760810 0.4048490
vt 0.1809760 0.4046130
vt 0.1769960 0.4078250
f 1264/7756/1264 1336/7757/1336 1321/7758/1321
vt 0.6279480 0.6931340
vt 0.6273800 0.6884750
vt 0.6296360 0.6895470
f 1346/7759/1346 1351/7760/1351 1355/7761/1355
vt 0.5496840 0.1531210
vt 0.5496640 0.1523620
vt 0.5501960 0.1527000
f 1337/7762/1337 1333/7763/1333 1395/7764/1395
vt 0.5009810 0.1268230
vt 0.5066890 0.1226290
vt 0.5056500 0.1286450
f 1348/7765/1348 1364/7766/1364 1341/7767/1341
vt 0.8889430 0.4128810
vt 0.8870240 0.4144740
f 1353/7738/1353 1366/7768/1366 1359/7769/1359
vt 0.8887660 0.4218440
vt 0.8905040 0.4237530
vt 0.8876440 0.4243200
f 1353/7770/1353 1381/7771/1381 1363/7772/1363
vt 0.6378460 0.6803340
vt 0.6337990 0.6806610
vt 0.6351390 0.6800490
f 1339/7773/1339 1355/7774/1355 1351/7775/1351
vt 0.0659850 0.4507360
vt 0.0648710 0.4468750
vt 0.0691390 0.4462230
f 1370/7776/1370 1398/7777/1398 1352/7778/1352
vt 0.0818450 0.4793130
vt 0.0840410 0.4757390
f 1315/7734/1315 1383/7779/1383 1340/7780/1340
vt 0.8261020 0.4765130
vt 0.8261190 0.4786560
vt 0.8249020 0.4769380
f 1310/7781/1310 1391/7782/1391 1313/7783/1313
vt 0.9725830 0.4404830
vt 0.9758400 0.4396790
vt 0.9747770 0.4441780
f 1360/7784/1360 1345/7785/1345 1320/7786/1320
vt 0.0648730 0.4684310
vt 0.0670330 0.4719910
vt 0.0644900 0.4717200
f 1370/7787/1370 1352/7788/1352 1372/7789/1372
vt 0.7230400 0.7780210
vt 0.7209950 0.7756250
vt 0.7231190 0.7756420
f 1327/7790/1327 1447/7791/1447 1371/7792/1371
vt 0.5180660 0.1369740
vt 0.5202810 0.1324550
vt 0.5220070 0.1379560
f 1341/7793/1341 1413/7794/1413 1349/7795/1349
vt 0.5178030 0.9264240
vt 0.5167890 0.9276680
vt 0.5155310 0.9255000
f 1344/7796/1344 1354/7797/1354 1378/7798/1378
vt 0.4941940 0.9528500
vt 0.4929950 0.9509660
vt 0.4953220 0.9503770
f 1342/7799/1342 1371/7800/1371 1405/7801/1405
vt 0.6403920 0.6737630
vt 0.6389680 0.6740600
vt 0.6393350 0.6726890
f 1325/7802/1325 1339/7803/1339 1358/7804/1358
vt 0.0829820 0.5024050
vt 0.0794120 0.5008980
vt 0.0812520 0.4998410
f 1294/7805/1294 1430/7806/1430 1307/7807/1307
vt 0.3377350 0.8949950
vt 0.3389290 0.8927770
vt 0.3408270 0.8963520
f 1348/7808/1348 1282/7809/1282 1364/7810/1364
vt 0.0557750 0.4761330
vt 0.0569810 0.4766810
vt 0.0557840 0.4772300
f 1362/7811/1362 1370/7812/1370 1372/7813/1372
vt 0.6268650 0.5755240
vt 0.6279330 0.5783120
vt 0.6237110 0.5767000
f 1468/7814/1468 1483/7815/1483 1343/7816/1343
vt 0.5633970 0.8884630
vt 0.5619490 0.8900910
vt 0.5609410 0.8885460
f 1259/7817/1259 1338/7818/1338 1415/7819/1415
vt 0.7220160 0.7851770
vt 0.7210060 0.7874750
vt 0.7181410 0.7815550
f 1327/7820/1327 1301/7821/1301 1447/7822/1447
vt 0.4959630 0.9528600
vt 0.4970280 0.9517010
f 1342/7823/1342 1405/7801/1405 1380/7824/1380
vt 0.8881200 0.4259640
vt 0.8911500 0.4262480
vt 0.8890020 0.4278290
f 1363/7825/1363 1381/7826/1381 1387/7827/1387
vt 0.4507330 0.9785180
vt 0.4495450 0.9831970
vt 0.4472640 0.9808740
f 1404/7828/1404 1198/7829/1198 1390/7830/1390
vt 0.9291210 0.1641630
vt 0.9266480 0.1679240
vt 0.9268580 0.1657030
f 1323/7831/1323 1434/7832/1434 1468/7833/1468
vt 0.1514110 0.3914190
vt 0.1507370 0.3917540
vt 0.1498620 0.3918680
f 1329/7834/1329 1376/7835/1376 1365/7836/1365
vt 0.0808720 0.4893230
vt 0.0821670 0.4926760
vt 0.0785500 0.4910790
f 1315/7837/1315 1307/7838/1307 1383/7839/1383
vt 0.9390450 0.6012310
vt 0.9411230 0.5997300
vt 0.9410640 0.6023770
f 1395/7840/1395 1488/7841/1488 1350/7842/1350
vt 0.8934750 0.4197480
vt 0.8933830 0.4185220
vt 0.8943820 0.4197480
f 1353/7843/1353 1359/7844/1359 1381/7845/1381
vt 0.8789520 0.4247490
vt 0.8787200 0.4266960
vt 0.8766320 0.4250090
f 1363/7846/1363 1384/7847/1384 1332/7848/1332
vt 0.9437140 0.6055070
vt 0.9445820 0.6031330
vt 0.9470280 0.6055980
f 1350/7849/1350 1488/7850/1488 1379/7851/1379
vt 0.6168950 0.6948540
vt 0.6155680 0.6932250
vt 0.6182750 0.6922820
f 1346/7852/1346 1350/7853/1350 1379/7854/1379
vt 0.7953110 0.5884590
vt 0.7972230 0.5910170
vt 0.7934160 0.5912720
f 1324/7855/1324 1313/7856/1313 1421/7857/1421
vt 0.5339490 0.8865920
vt 0.5384640 0.8876960
vt 0.5341930 0.8893780
f 1198/7858/1198 1308/7859/1308 1390/7860/1390
vt 0.1522750 0.3929400
vt 0.1535990 0.3936990
vt 0.1525460 0.3944840
f 1376/7861/1376 1329/7862/1329 1397/7863/1397
vt 0.5148990 0.9475410
vt 0.5147550 0.9486620
vt 0.5131040 0.9451480
f 1354/7864/1354 1376/7865/1376 1374/7866/1374
vt 0.8339230 0.4827270
vt 0.8346590 0.4858670
vt 0.8294950 0.4827600
f 1347/7867/1347 1382/7868/1382 1391/7869/1391
vt 0.1560320 0.3941220
vt 0.1562290 0.3962950
vt 0.1546930 0.3951770
f 1329/7870/1329 1441/7871/1441 1397/7872/1397
vt 0.8430070 0.4846840
vt 0.8438540 0.4873840
vt 0.8427360 0.4883730
f 1347/7873/1347 1345/7874/1345 1368/7875/1368
vt 0.8875130 0.6628080
vt 0.8884920 0.6644720
vt 0.8861260 0.6654350
f 1323/7876/1323 1384/7877/1384 1434/7878/1434
vt 0.7993480 0.5928310
vt 0.7967680 0.5938220
vt 0.7987360 0.5913020
f 1367/7879/1367 1421/7880/1421 1313/7881/1313
vt 0.5420010 0.8866920
vt 0.5452740 0.8894650
vt 0.5416750 0.8908830
f 1308/7882/1308 1415/7883/1415 1390/7884/1390
vt 0.2388940 0.4892550
vt 0.2426030 0.4880640
vt 0.2446120 0.4923480
f 1366/7885/1366 1357/7886/1357 1361/7887/1361
vt 0.3398870 0.8877500
vt 0.3423220 0.8862430
vt 0.3427050 0.8888960
f 1282/7888/1282 1317/7889/1317 1364/7890/1364
vt 0.1291200 0.1858210
vt 0.1313570 0.1809660
vt 0.1322650 0.1838450
f 1385/7891/1385 1319/7892/1319 1358/7893/1358
vt 0.4799390 0.9774670
vt 0.4842140 0.9748720
vt 0.4861640 0.9783710
f 1345/7894/1345 1360/7895/1360 1386/7896/1386
vt 0.8213960 0.4798410
vt 0.8227010 0.4805870
vt 0.8228200 0.4820960
f 1367/7897/1367 1313/7898/1313 1391/7899/1391
vt 0.9866150 0.4421240
vt 0.9872270 0.4412120
vt 0.9874660 0.4416950
f 1345/7900/1345 1396/7901/1396 1368/7902/1368
vt 0.6003450 0.7806510
vt 0.6012850 0.7795470
vt 0.6014210 0.7815150
f 1352/7903/1352 1422/7904/1422 1393/7905/1393
vt 0.5117120 0.1234010
vt 0.5102540 0.1272510
f 1364/7766/1364 1413/7906/1413 1341/7907/1341
vt 0.5139220 0.9376710
vt 0.5116890 0.9389560
vt 0.5117670 0.9370100
f 1354/7908/1354 1374/7909/1374 1378/7910/1378
vt 0.4928390 0.9592480
vt 0.4936350 0.9585730
vt 0.4936760 0.9593660
f 1369/7911/1369 1342/7912/1342 1392/7913/1392
vt 0.8194050 0.4817130
vt 0.8203920 0.4843050
vt 0.8184070 0.4838430
f 1367/7914/1367 1391/7915/1391 1474/7916/1474
vt 0.6234140 0.6840180
vt 0.6225790 0.6860530
vt 0.6219510 0.6844480
f 1351/7917/1351 1346/7918/1346 1379/7919/1379
vt 0.4098930 0.1429240
vt 0.4081210 0.1375160
vt 0.4113080 0.1369280
f 1398/7920/1398 1370/7921/1370 1479/7922/1479
vt 0.0800790 0.4675000
vt 0.0812430 0.4672050
vt 0.0796720 0.4691440
f 1352/7923/1352 1393/7924/1393 1403/7925/1403
vt 0.4985760 0.9556560
vt 0.4997450 0.9567620
vt 0.4983070 0.9575110
f 1342/7926/1342 1380/7927/1380 1392/7928/1392
vt 0.0691890 0.4766110
vt 0.0714120 0.4749580
vt 0.0697080 0.4786030
f 1372/7929/1372 1352/7930/1352 1403/7931/1403
vt 0.8960930 0.4205850
vt 0.8960540 0.4174050
vt 0.8983050 0.4202120
f 1381/7932/1381 1359/7933/1359 1389/7934/1389
vt 0.4924590 0.9599570
vt 0.4934340 0.9602750
vt 0.4926280 0.9621190
f 1369/7935/1369 1392/7936/1392 1399/7937/1399
vt 0.9816090 0.4375390
vt 0.9809750 0.4365760
vt 0.9819980 0.4362160
f 1345/7938/1345 1386/7939/1386 1396/7940/1396
vt 0.0818100 0.4753770
vt 0.0811120 0.4747030
vt 0.0824290 0.4738230
f 1383/7941/1383 1403/7942/1403 1340/7943/1340
vt 0.8363670 0.4861580
vt 0.8377340 0.4872430
vt 0.8354250 0.4885000
f 1347/7944/1347 1368/7945/1368 1382/7946/1382
vt 0.0511880 0.4548450
vt 0.0490380 0.4582650
vt 0.0456340 0.4562790
f 1370/7947/1370 1362/7948/1362 1479/7949/1479
vt 0.6214820 0.6831260
vt 0.6229470 0.6819960
f 1351/7917/1351 1379/7950/1379 1401/7951/1401
vt 0.9269340 0.5879590
vt 0.9267460 0.5871110
vt 0.9274260 0.5871720
f 1333/7952/1333 1375/7953/1375 1395/7954/1395
vt 0.3421780 0.8710880
vt 0.3438750 0.8737230
vt 0.3422440 0.8762080
f 1393/7955/1393 1364/7956/1364 1317/7957/1317
vt 0.2592210 0.4762870
vt 0.2635500 0.4788990
vt 0.2607880 0.4788280
f 1357/7958/1357 1388/7959/1388 1414/7960/1414
vt 0.5469920 0.1456830
vt 0.5467460 0.1429880
vt 0.5491380 0.1460220
f 1333/7961/1333 1349/7962/1349 1375/7963/1375
vt 0.8875620 0.4312950
vt 0.8862550 0.4342000
vt 0.8845020 0.4316300
f 1387/7964/1387 1420/7965/1420 1363/7966/1363
vt 0.5461230 0.8931700
vt 0.5437910 0.8941040
f 1415/7883/1415 1438/7967/1438 1390/7968/1390
vt 0.9552270 0.6165720
vt 0.9556930 0.6152650
vt 0.9557690 0.6163170
f 1394/7969/1394 1463/7970/1463 1377/7971/1377
vt 0.8962270 0.4324490
vt 0.8958440 0.4349510
vt 0.8952030 0.4346450
f 1381/7972/1381 1380/7973/1380 1387/7974/1387
vt 0.4881560 0.9660530
vt 0.4914790 0.9641030
vt 0.4903490 0.9669960
f 1369/7975/1369 1399/7976/1399 1400/7977/1400
vt 0.8991650 0.4320780
vt 0.9001790 0.4318300
vt 0.8994350 0.4334430
f 1381/7978/1381 1389/7979/1389 1380/7980/1380
vt 0.6386950 0.6711920
vt 0.6359610 0.6719930
vt 0.6363990 0.6694780
f 1358/7981/1358 1339/7982/1339 1402/7983/1402
vt 0.4866840 0.9740900
vt 0.4882720 0.9716730
vt 0.4901230 0.9738600
f 1386/7984/1386 1360/7985/1360 1400/7986/1400
vt 0.5119830 0.9491160
vt 0.5121590 0.9526950
vt 0.5086460 0.9510300
f 1374/7987/1374 1376/7988/1376 1406/7989/1406
vt 0.4893980 0.9679020
vt 0.4879430 0.9683280
f 1369/7975/1369 1400/7990/1400 1360/7991/1360
vt 0.7662580 0.5917840
vt 0.7674540 0.5943530
vt 0.7655540 0.5938080
f 1356/7992/1356 1416/7993/1416 1276/7994/1276
vt 0.4873350 0.9776250
vt 0.4897290 0.9753430
vt 0.4899540 0.9789420
f 1386/7995/1386 1400/7996/1400 1435/7997/1435
vt 0.5910630 0.7817920
vt 0.5849530 0.7788270
vt 0.5889910 0.7761220
f 1352/7998/1352 1437/7999/1437 1422/8000/1422
vt 0.6279670 0.6764920
vt 0.6282810 0.6738170
vt 0.6295190 0.6751560
f 1351/8001/1351 1407/8002/1407 1339/8003/1339
vt 0.0825340 0.4695570
vt 0.0818390 0.4695660
vt 0.0825380 0.4686490
f 1340/8004/1340 1403/8005/1403 1393/8006/1393
vt 0.5680700 0.8998430
vt 0.5688210 0.8998700
vt 0.5682020 0.9004750
f 1338/8007/1338 1373/8008/1373 1417/8009/1417
vt 0.7208250 0.7635690
vt 0.7201350 0.7618990
vt 0.7223070 0.7613920
f 1447/8010/1447 1405/8011/1405 1371/8012/1371
vt 0.9000280 0.4329900
f 1380/7980/1380 1389/7979/1389 1392/8013/1392
vt 0.9683900 0.6176250
vt 0.9696320 0.6169120
vt 0.9695070 0.6201410
f 1377/8014/1377 1408/8015/1408 1364/8016/1364
vt 0.8007820 0.5990640
vt 0.7999640 0.6004230
vt 0.7984300 0.5993820
f 1367/8017/1367 1432/8018/1432 1421/8019/1421
vt 0.4441010 0.9626230
vt 0.4428230 0.9649150
vt 0.4430080 0.9633710
f 1294/8020/1294 1404/8021/1404 1430/8022/1430
vt 0.3078220 0.4884620
vt 0.3042030 0.4924760
vt 0.3024910 0.4868740
f 1276/8023/1276 1416/8024/1416 1388/8025/1388
vt 0.8162600 0.4874420
vt 0.8169240 0.4870640
vt 0.8164700 0.4879820
f 1367/8026/1367 1474/8027/1474 1432/8028/1432
vt 0.8971390 0.4155860
vt 0.8997100 0.4136920
vt 0.8996790 0.4167920
f 1359/8029/1359 1411/8030/1411 1389/8031/1389
vt 0.0763820 0.4967660
vt 0.0738660 0.4974540
vt 0.0737010 0.4948930
f 1307/8032/1307 1430/8033/1430 1383/8034/1383
vt 0.8966050 0.4372510
vt 0.8961130 0.4382890
vt 0.8959310 0.4375650
f 1380/8035/1380 1405/8036/1405 1387/8037/1387
vt 0.3447200 0.8672480
vt 0.3459450 0.8674740
vt 0.3459870 0.8687130
f 1393/8038/1393 1394/8039/1394 1364/8040/1364
vt 0.0686180 0.4814070
vt 0.0710010 0.4813160
vt 0.0688670 0.4843900
f 1372/8041/1372 1403/8042/1403 1423/8043/1423
vt 0.4151150 0.1367070
vt 0.4139480 0.1320190
vt 0.4197020 0.1328720
f 1398/8044/1398 1479/8045/1479 1467/8046/1467
vt 0.2967940 0.4885110
vt 0.2944640 0.4897350
vt 0.2918440 0.4878820
f 1388/8047/1388 1416/8048/1416 1414/8049/1414
vt 0.7818480 0.5931300
vt 0.7801860 0.5980050
vt 0.7780680 0.5954540
f 1324/8050/1324 1421/8051/1421 1356/8052/1356
vt 0.6061470 0.7750100
vt 0.6067040 0.7727970
vt 0.6094550 0.7755180
f 1393/8053/1393 1422/8054/1422 1445/8055/1445
vt 0.8282430 0.4876590
vt 0.8286420 0.4890320
vt 0.8258660 0.4894990
f 1391/8056/1391 1382/8057/1382 1427/8058/1427
vt 0.3499120 0.8764580
vt 0.3481300 0.8745940
vt 0.3499040 0.8729470
f 1377/8059/1377 1364/8060/1364 1394/8061/1394
vt 0.4893970 0.9824090
vt 0.4911900 0.9847840
vt 0.4898100 0.9852010
f 1386/8062/1386 1450/8063/1450 1396/8064/1396
vt 0.1428160 0.3921200
vt 0.1415630 0.3916890
vt 0.1413880 0.3909090
f 1376/8065/1376 1397/8066/1397 1406/8067/1406
vt 0.9004520 0.4339350
vt 0.9007560 0.4322770
vt 0.9015740 0.4332670
f 1392/8068/1392 1389/8069/1389 1399/8070/1399
vt 0.8824180 0.4339090
vt 0.8823790 0.4371810
vt 0.8809450 0.4339950
f 1363/8071/1363 1420/8072/1420 1384/8073/1384
vt 0.4902930 0.9813740
vt 0.4914250 0.9830390
f 1386/8062/1386 1435/8074/1435 1450/8075/1450
vt 0.4422150 0.9644160
vt 0.4417740 0.9649390
vt 0.4415300 0.9641800
f 1430/8076/1430 1404/8077/1404 1409/8078/1409
vt 0.5310260 0.1347750
vt 0.5348590 0.1338310
vt 0.5372190 0.1389300
f 1413/8079/1413 1446/8080/1446 1349/8081/1349
vt 0.6326140 0.6722510
vt 0.6315100 0.6700330
vt 0.6337160 0.6692340
f 1339/8082/1339 1407/8083/1407 1402/8084/1402
vt 0.5644160 0.9003540
vt 0.5636140 0.9005710
vt 0.5624790 0.9000260
f 1338/8085/1338 1417/8086/1417 1415/8087/1415
vt 0.8944250 0.4099360
vt 0.8960150 0.4083100
vt 0.8965650 0.4106560
f 1366/8088/1366 1411/8089/1411 1359/8090/1359
vt 0.8438480 0.4926470
vt 0.8427580 0.4942250
vt 0.8421070 0.4932600
f 1396/8091/1396 1436/8092/1436 1368/8093/1368
vt 0.8937170 0.4058440
vt 0.8943550 0.4029820
vt 0.8957410 0.4065020
f 1366/8094/1366 1361/8095/1361 1411/8096/1411
vt 0.2561050 0.4848850
vt 0.2621860 0.4874700
vt 0.2607080 0.4894620
f 1357/8097/1357 1414/8098/1414 1361/8099/1361
vt 0.6245040 0.6760760
vt 0.6240970 0.6754420
vt 0.6248160 0.6754940
f 1401/8100/1401 1505/8101/1505 1351/8102/1351
vt 0.0513970 0.4888460
vt 0.0524380 0.4920620
vt 0.0504050 0.4914920
f 1362/8103/1362 1372/8104/1372 1471/8105/1471
vt 0.9664510 0.6142520
vt 0.9675750 0.6117940
vt 0.9683570 0.6138040
f 1377/8106/1377 1410/8107/1410 1408/8108/1408
vt 0.9655350 0.6113890
f 1377/8106/1377 1463/8109/1463 1410/8107/1410
vt 0.4927810 0.9683490
vt 0.4955380 0.9686900
vt 0.4934910 0.9725020
f 1400/8110/1400 1399/8111/1399 1435/8112/1435
vt 0.7319670 0.2748360
vt 0.7313610 0.2728930
vt 0.7344680 0.2743930
f 1302/8113/1302 1385/8114/1385 1575/8115/1575
vt 0.8207180 0.4892730
vt 0.8214240 0.4920870
vt 0.8183230 0.4898380
f 1391/8116/1391 1427/8117/1427 1474/8118/1474
vt 0.1664390 0.4096660
vt 0.1646070 0.4118540
vt 0.1628590 0.4101190
f 1321/8119/1321 1683/8120/1683 1460/8121/1460
vt 0.7751570 0.5953870
vt 0.7775210 0.5981670
vt 0.7750530 0.5982960
f 1356/8122/1356 1421/8123/1421 1416/8124/1416
vt 0.2429260 0.5094310
vt 0.2449960 0.5085770
vt 0.2453670 0.5117290
f 1396/8125/1396 1450/8126/1450 1436/8127/1436
vt 0.0754890 0.4809250
vt 0.0747210 0.4816330
vt 0.0747680 0.4804060
f 1383/8128/1383 1423/8129/1423 1403/8130/1403
vt 0.4196670 0.1398410
vt 0.4253970 0.1382990
f 1398/8131/1398 1467/8046/1467 1449/8132/1449
vt 0.1624100 0.4068100
vt 0.1586190 0.4090240
vt 0.1574940 0.4066240
f 1321/8133/1321 1460/8134/1460 1441/8135/1441
vt 0.8675860 0.5046170
vt 0.8644870 0.5020630
vt 0.8652870 0.5002540
f 1389/8136/1389 1431/8137/1431 1399/8138/1399
vt 0.5712020 0.7801780
vt 0.5683600 0.7769180
vt 0.5717690 0.7756690
f 1352/8139/1352 1398/8140/1398 1437/8141/1437
vt 0.5497980 0.8960750
vt 0.5512220 0.8966410
vt 0.5508830 0.8971010
f 1438/8142/1438 1415/8143/1415 1418/8144/1418
vt 0.6172980 0.7807970
vt 0.6165830 0.7805460
vt 0.6165020 0.7791000
f 1394/8145/1394 1393/8146/1393 1445/8147/1445
vt 0.4381130 0.9647500
vt 0.4370750 0.9668210
vt 0.4367270 0.9652560
f 1409/8148/1409 1404/8149/1404 1426/8150/1426
vt 0.5121360 0.1157040
vt 0.5146120 0.1150560
vt 0.5146120 0.1174810
f 1364/8151/1364 1408/8152/1408 1413/8153/1413
vt 0.5168260 0.1147800
vt 0.5180980 0.1177150
f 1412/8154/1412 1413/8155/1413 1408/8152/1408
vt 0.5500040 0.1420320
vt 0.5468460 0.1400580
vt 0.5487260 0.1385020
f 1375/8156/1375 1349/8157/1349 1446/8158/1446
vt 0.2439800 0.5211390
vt 0.2448630 0.5207030
vt 0.2445710 0.5214370
f 1368/8159/1368 1436/8160/1436 1382/8161/1382
vt 0.5159460 0.1128980
vt 0.5155270 0.1116430
vt 0.5165790 0.1124000
f 1408/8162/1408 1410/8163/1410 1412/8164/1412
vt 0.4552630 0.8150390
vt 0.4569920 0.8112840
vt 0.4601250 0.8143830
f 1302/8165/1302 1672/8166/1672 1301/8167/1301
vt 0.8936420 0.4397640
vt 0.8927610 0.4417630
vt 0.8909270 0.4395910
f 1387/8168/1387 1405/8169/1405 1420/8170/1420
vt 0.0408550 0.4639820
vt 0.0365630 0.4650700
vt 0.0374310 0.4617830
f 1362/8171/1362 1471/8172/1471 1479/8173/1479
vt 0.5592110 0.9007040
vt 0.5567470 0.8997320
vt 0.5591260 0.8994900
f 1417/8174/1417 1418/8175/1418 1415/8176/1415
vt 0.4243840 0.1320270
vt 0.4301480 0.1342440
f 1449/8132/1449 1467/8177/1467 1461/8178/1461
vt 0.9298290 0.5838490
vt 0.9313550 0.5825410
vt 0.9326610 0.5844740
f 1395/8179/1395 1375/8180/1375 1496/8181/1496
vt 0.5224980 0.1230160
vt 0.5241560 0.1211410
vt 0.5245600 0.1217390
f 1413/8182/1413 1412/8183/1412 1424/8184/1424
vt 0.2918630 0.4944650
vt 0.2964660 0.4959360
vt 0.2920500 0.4972390
f 1414/8185/1414 1416/8186/1416 1425/8187/1425
vt 0.5871210 0.7680820
vt 0.5870730 0.7658560
vt 0.5903740 0.7675070
f 1437/8188/1437 1636/8189/1636 1422/8190/1422
vt 0.8686040 0.5092010
vt 0.8657110 0.5077590
vt 0.8664210 0.5075210
f 1411/8191/1411 1431/8192/1431 1389/8193/1389
vt 0.7744530 0.6002660
vt 0.7752750 0.6036500
vt 0.7700470 0.6005220
f 1421/8194/1421 1432/8195/1432 1416/8196/1416
vt 0.6182430 0.7785140
vt 0.6171910 0.7775680
vt 0.6188380 0.7768220
f 1394/8197/1394 1445/8198/1445 1463/8199/1463
vt 0.7735050 0.6057470
f 1416/8196/1416 1432/8195/1432 1425/8200/1425
vt 0.6236370 0.6729480
vt 0.6228560 0.6717550
vt 0.6236380 0.6715210
f 1351/8201/1351 1505/8202/1505 1407/8203/1407
vt 0.4373170 0.9594950
vt 0.4366120 0.9607710
vt 0.4343780 0.9598180
f 1430/8204/1430 1409/8205/1409 1426/8206/1426
vt 0.8958790 0.1731800
vt 0.8935590 0.1735780
vt 0.8944940 0.1718340
f 1373/8207/1373 1489/8208/1489 1417/8209/1417
vt 0.9005840 0.4053480
vt 0.9033440 0.4057340
vt 0.9020720 0.4099780
f 1361/8210/1361 1428/8211/1428 1411/8212/1411
vt 0.5244080 0.1186540
vt 0.5240860 0.1180460
vt 0.5249770 0.1178180
f 1412/8213/1412 1442/8214/1442 1424/8215/1424
vt 0.5180600 0.1123520
vt 0.5188750 0.1122040
vt 0.5196330 0.1130100
f 1412/8216/1412 1410/8217/1410 1442/8218/1442
vt 0.8719690 0.5152020
vt 0.8713320 0.5192690
vt 0.8685940 0.5171680
f 1411/8219/1411 1428/8220/1428 1431/8221/1431
vt 0.8470570 0.5016320
vt 0.8520030 0.4989330
vt 0.8530010 0.5021560
f 1427/8222/1427 1435/8223/1435 1431/8224/1431
vt 0.8646800 0.5314270
vt 0.8633530 0.5359130
vt 0.8626350 0.5333180
f 1428/8225/1428 1361/8226/1361 1429/8227/1429
vt 0.8921500 0.4443160
vt 0.8902320 0.4421450
f 1405/8169/1405 1447/8228/1447 1420/8229/1420
vt 0.8557480 0.4966580
vt 0.8547400 0.4938090
vt 0.8602470 0.4941740
f 1431/8230/1431 1435/8231/1435 1399/8232/1399
vt 0.2594030 0.5023040
vt 0.2638440 0.5004460
vt 0.2656240 0.5051600
f 1361/8233/1361 1425/8234/1425 1429/8235/1429
vt 0.2629640 0.4899240
vt 0.2672290 0.4906260
vt 0.2620710 0.4919800
f 1414/8236/1414 1425/8237/1425 1361/8238/1361
vt 0.2689310 0.5048160
vt 0.2707560 0.5046190
vt 0.2696800 0.5053290
f 1429/8239/1429 1425/8240/1425 1433/8241/1433
vt 0.0694420 0.4957270
vt 0.0688180 0.4956920
vt 0.0690100 0.4948730
f 1430/8242/1430 1423/8243/1423 1383/8244/1383
vt 0.9358840 0.5852200
vt 0.9361360 0.5834230
vt 0.9433440 0.5870920
f 1395/8245/1395 1496/8246/1496 1488/8247/1488
vt 0.2554970 0.5180400
vt 0.2535530 0.5202760
vt 0.2547040 0.5178100
f 1435/8248/1435 1427/8249/1427 1439/8250/1439
vt 0.8350280 0.5378790
vt 0.8322590 0.5348730
vt 0.8352750 0.5375070
f 1425/8251/1425 1432/8252/1432 1476/8253/1476
vt 0.2501370 0.5224230
vt 0.2494420 0.5223050
vt 0.2505350 0.5215020
f 1427/8254/1427 1382/8255/1382 1439/8256/1439
vt 0.1555340 0.2227000
vt 0.1556530 0.2274980
vt 0.1520420 0.2259020
f 1398/8257/1398 1449/8258/1449 1448/8259/1448
vt 0.1720980 0.2376820
vt 0.1668760 0.2398370
vt 0.1683910 0.2363370
f 1419/8260/1419 1451/8261/1451 1449/8262/1449
vt 0.8501830 0.5419620
vt 0.8493020 0.5419110
vt 0.8503570 0.5413470
f 1425/8263/1425 1476/8264/1476 1433/8265/1433
vt 0.5192540 0.1105510
vt 0.5204040 0.1088830
vt 0.5215340 0.1107000
f 1410/8266/1410 1485/8267/1485 1442/8268/1442
vt 0.4360560 0.1471410
vt 0.4330810 0.1428070
vt 0.4386770 0.1417480
f 1449/8269/1449 1461/8270/1461 1419/8271/1419
vt 0.9673820 0.6101220
vt 0.9664000 0.6090270
vt 0.9674350 0.6091510
f 1410/8272/1410 1463/8273/1463 1456/8274/1456
vt 0.2481120 0.5214190
vt 0.2496340 0.5209360
f 1382/8255/1382 1436/8275/1436 1439/8276/1439
vt 0.5519170 0.9004170
vt 0.5534650 0.9023430
vt 0.5512480 0.9015530
f 1438/8277/1438 1418/8278/1418 1452/8279/1452
vt 0.6310830 0.5819780
vt 0.6371330 0.5840720
vt 0.6314540 0.5887910
f 1483/8280/1483 1468/8281/1468 1674/8282/1674
vt 0.8516800 0.5061320
vt 0.8502380 0.5073580
vt 0.8496950 0.5062780
f 1431/8283/1431 1459/8284/1459 1427/8285/1427
vt 0.8645640 0.5212780
vt 0.8645790 0.5221860
vt 0.8637350 0.5226880
f 1431/8286/1431 1428/8287/1428 1480/8288/1480
vt 0.4390520 0.9797830
vt 0.4354670 0.9818870
vt 0.4362760 0.9795980
f 1390/8289/1390 1440/8290/1440 1404/8291/1404
vt 0.4393590 0.9832540
vt 0.4355150 0.9844000
f 1390/8292/1390 1492/8293/1492 1440/8290/1440
vt 0.5316370 0.1253260
vt 0.5326650 0.1259220
vt 0.5312050 0.1262250
f 1424/8294/1424 1443/8295/1443 1413/8296/1413
vt 0.5184910 0.1068520
vt 0.5192820 0.1063740
vt 0.5199630 0.1075840
f 1410/8297/1410 1456/8298/1456 1485/8299/1485
vt 0.8932200 0.1691310
vt 0.8924100 0.1696200
vt 0.8926610 0.1688760
f 1418/8300/1418 1417/8301/1417 1472/8302/1472
vt 0.8567030 0.5384390
vt 0.8567290 0.5361810
vt 0.8580160 0.5363980
f 1433/8303/1433 1487/8304/1487 1429/8305/1429
vt 0.8538740 0.5075590
vt 0.8519480 0.5092150
f 1431/8306/1431 1480/8307/1480 1459/8284/1459
vt 0.8907690 0.0788720
vt 0.8914210 0.0823040
vt 0.8889280 0.0799260
f 1397/8308/1397 1453/8309/1453 1406/8310/1406
vt 0.4351550 0.9672630
vt 0.4327230 0.9691460
vt 0.4345670 0.9659640
f 1404/8311/1404 1440/8312/1440 1426/8313/1426
vt 0.2470300 0.5148770
vt 0.2487730 0.5147640
vt 0.2467910 0.5177880
f 1450/8314/1450 1439/8315/1439 1436/8316/1436
vt 0.5341140 0.1266310
vt 0.5350750 0.1282830
vt 0.5329080 0.1275710
f 1443/8317/1443 1446/8318/1446 1413/8319/1413
vt 0.7223550 0.2519490
vt 0.7270380 0.2463040
vt 0.7250110 0.2547330
f 1358/8320/1358 1402/8321/1402 1385/8322/1385
vt 0.9630800 0.6074730
vt 0.9629190 0.6068910
vt 0.9631690 0.6070140
f 1463/8323/1463 1455/8324/1455 1456/8325/1456
vt 0.8306120 0.5272010
vt 0.8309630 0.5249090
vt 0.8315320 0.5278510
f 1432/8326/1432 1474/8327/1474 1476/8328/1476
vt 0.7087810 0.7908560
vt 0.7035060 0.7887110
vt 0.7100540 0.7865430
f 1301/8329/1301 1477/8330/1477 1447/8331/1447
vt 0.4353400 0.9561900
vt 0.4316970 0.9589400
vt 0.4336110 0.9554800
f 1430/8332/1430 1426/8333/1426 1464/8334/1464
vt 0.0680980 0.4963980
vt 0.0662020 0.4965100
vt 0.0668970 0.4960970
f 1430/8335/1430 1464/8336/1464 1423/8337/1423
vt 0.1424750 0.2152150
vt 0.1457250 0.2176650
vt 0.1415930 0.2190570
f 1437/8338/1437 1398/8339/1398 1448/8340/1448
vt 0.2534720 0.5123590
vt 0.2526430 0.5147590
vt 0.2519550 0.5139740
f 1435/8341/1435 1439/8342/1439 1450/8343/1450
vt 0.5334690 0.1237230
vt 0.5328690 0.1233270
vt 0.5332110 0.1225920
f 1443/8344/1443 1424/8345/1424 1442/8346/1442
vt 0.6150040 0.7645030
vt 0.6170300 0.7655500
vt 0.6155680 0.7677650
f 1572/8347/1572 1445/8348/1445 1422/8349/1422
vt 0.8633860 0.5299160
vt 0.8590900 0.5303100
vt 0.8602660 0.5263860
f 1429/8350/1429 1487/8351/1487 1480/8352/1480
vt 0.8625170 0.5245520
f 1429/8350/1429 1480/8352/1480 1428/8353/1428
vt 0.0472850 0.7088890
vt 0.0489830 0.7083990
vt 0.0472930 0.7102160
f 1375/8354/1375 1446/8355/1446 1466/8356/1466
vt 0.3276170 0.7965690
vt 0.3306820 0.7983870
vt 0.3272730 0.7988430
f 1336/8357/1336 1519/8358/1519 1444/8359/1444
vt 0.5345140 0.8997430
vt 0.5363370 0.9007490
vt 0.5335320 0.9023810
f 1390/8360/1390 1438/8361/1438 1492/8362/1492
vt 0.6085480 0.7602720
vt 0.6105140 0.7573140
vt 0.6117160 0.7600760
f 1422/8363/1422 1605/8364/1605 1572/8365/1572
vt 0.6164530 0.7621490
vt 0.6191030 0.7643740
f 1445/8348/1445 1572/8366/1572 1463/8367/1463
vt 0.6213850 0.6683200
vt 0.6204300 0.6680140
vt 0.6209090 0.6674460
f 1407/8368/1407 1505/8369/1505 1478/8370/1478
vt 0.6367110 0.5921680
f 1674/8282/1674 1468/8281/1468 1547/8371/1547
vt 0.5430830 0.1295480
vt 0.5427130 0.1302870
vt 0.5423850 0.1296220
f 1458/8372/1458 1446/8373/1446 1443/8374/1443
vt 0.5466160 0.1318780
vt 0.5457040 0.1310060
vt 0.5466340 0.1307970
f 1446/8375/1446 1458/8376/1458 1466/8377/1466
vt 0.9321390 0.5780020
vt 0.9327430 0.5770620
vt 0.9341170 0.5788210
f 1375/8378/1375 1469/8379/1469 1496/8380/1496
vt 0.0974220 0.9825550
vt 0.0939140 0.9807230
vt 0.0973580 0.9797010
f 1420/8381/1420 1447/8382/1447 1612/8383/1612
vt 0.0498070 0.4987710
vt 0.0518490 0.4996050
vt 0.0481960 0.5004030
f 1471/8384/1471 1372/8385/1372 1462/8386/1462
vt 0.7051640 0.8025230
vt 0.6991020 0.8013360
vt 0.7022320 0.7989300
f 1301/8387/1301 1719/8388/1719 1477/8389/1477
vt 0.0579100 0.4993760
vt 0.0620530 0.4985360
vt 0.0600940 0.4996730
f 1372/8390/1372 1423/8391/1423 1464/8392/1464
vt 0.7162980 0.6571850
vt 0.7156690 0.6582680
vt 0.7151800 0.6554320
f 1457/8393/1457 1490/8394/1490 1470/8395/1470
vt 0.5394510 0.1256460
vt 0.5390700 0.1251740
vt 0.5397010 0.1253930
f 1443/8396/1443 1442/8397/1442 1458/8398/1458
vt 0.8906860 0.1666240
vt 0.8894610 0.1637200
vt 0.8941190 0.1639730
f 1472/8399/1472 1543/8400/1543 1418/8401/1418
vt 0.1501250 0.2352940
vt 0.1539470 0.2361060
vt 0.1492460 0.2391590
f 1448/8402/1448 1449/8403/1449 1451/8404/1451
vt 0.8885910 0.1691930
vt 0.8885010 0.1700210
vt 0.8878150 0.1700110
f 1472/8405/1472 1417/8406/1417 1512/8407/1512
vt 0.5899770 0.7609840
vt 0.5908260 0.7550410
vt 0.5948300 0.7594570
f 1636/8408/1636 1605/8409/1605 1422/8410/1422
vt 0.0443130 0.7095630
vt 0.0431620 0.7116620
vt 0.0418080 0.7108860
f 1375/8411/1375 1466/8412/1466 1469/8413/1469
vt 0.1431790 0.4028680
vt 0.1423050 0.4054470
vt 0.1421560 0.4037770
f 1441/8414/1441 1460/8415/1460 1397/8416/1397
vt 0.8941740 0.0830360
vt 0.8942440 0.0844840
vt 0.8915410 0.0843100
f 1453/8417/1453 1486/8418/1486 1406/8419/1406
vt 0.9183210 0.8534830
vt 0.9198170 0.8489840
vt 0.9225770 0.8543220
f 1419/8420/1419 1498/8421/1498 1451/8422/1451
vt 0.9018590 0.8503610
vt 0.9032430 0.8483490
vt 0.9041200 0.8511340
f 1461/8423/1461 1527/8424/1527 1419/8425/1419
vt 0.8892580 0.1718650
vt 0.8896390 0.1742820
vt 0.8881970 0.1715330
f 1417/8426/1417 1489/8427/1489 1512/8428/1512
vt 0.6230510 0.6649610
vt 0.6215170 0.6656210
vt 0.6216770 0.6632440
f 1407/8429/1407 1478/8430/1478 1402/8431/1402
vt 0.5338810 0.1203980
vt 0.5316530 0.1185670
vt 0.5368350 0.1185440
f 1442/8432/1442 1485/8433/1485 1518/8434/1518
vt 0.5376240 0.1225860
vt 0.5377030 0.1205600
vt 0.5403300 0.1226640
f 1442/8435/1442 1518/8436/1518 1458/8437/1458
vt 0.0416260 0.6681900
vt 0.0429880 0.6697280
vt 0.0403070 0.6717460
f 1454/8438/1454 1465/8439/1465 1542/8440/1542
vt 0.1405530 0.4046920
f 1397/8416/1397 1460/8415/1460 1453/8441/1453
vt 0.7162210 0.6520390
vt 0.7141210 0.6520810
vt 0.7156320 0.6505910
f 1457/8442/1457 1470/8443/1470 1482/8444/1482
vt 0.8395950 0.5117460
vt 0.8395990 0.5135290
vt 0.8381820 0.5148950
f 1427/8445/1427 1459/8446/1459 1474/8447/1474
vt 0.1429380 0.5066180
vt 0.1410440 0.5081380
vt 0.1401280 0.5040870
f 1372/8448/1372 1464/8449/1464 1462/8450/1462
vt 0.1388770 0.2221720
vt 0.1354770 0.2226370
vt 0.1361080 0.2175630
f 1448/8451/1448 1636/8452/1636 1437/8453/1437
vt 0.0460990 0.6516750
vt 0.0521500 0.6503530
vt 0.0500750 0.6553400
f 1454/8454/1454 1481/8455/1481 1465/8456/1465
vt 0.9249870 0.8124070
vt 0.9289860 0.8121110
vt 0.9244440 0.8160620
f 1490/8457/1490 1499/8458/1499 1470/8459/1470
vt 0.8900540 0.1613270
f 1418/8401/1418 1543/8400/1543 1452/8460/1452
vt 0.6199420 0.7613710
vt 0.6189710 0.7592180
vt 0.6222330 0.7606830
f 1463/8461/1463 1572/8462/1572 1455/8463/1455
vt 0.0313320 0.4740250
vt 0.0318830 0.4781190
vt 0.0290190 0.4772210
f 1479/8464/1479 1471/8465/1471 1484/8466/1484
vt 0.7166450 0.6501790
vt 0.7179600 0.6482220
vt 0.7201920 0.6497790
f 1457/8467/1457 1482/8468/1482 1475/8469/1475
vt 0.5360240 0.1163990
f 1485/8433/1485 1637/8470/1637 1518/8434/1518
vt 0.5260230 0.1050400
vt 0.5219320 0.1024450
vt 0.5254440 0.1020200
f 1485/8471/1485 1456/8472/1456 1493/8473/1493
vt 0.7341130 0.2467840
vt 0.7299490 0.2519920
f 1402/8321/1402 1658/8474/1658 1385/8475/1385
vt 0.7234680 0.6502480
vt 0.7218830 0.6473400
vt 0.7259350 0.6469880
f 1475/8476/1475 1482/8477/1482 1502/8478/1502
vt 0.7085630 0.7779790
vt 0.7009680 0.7805050
vt 0.7053460 0.7729390
f 1447/8479/1447 1477/8480/1477 1580/8481/1580
vt 0.3416030 0.5917290
vt 0.3399870 0.5968350
vt 0.3360210 0.5944620
f 1336/8482/1336 1483/8483/1483 1519/8484/1519
vt 0.5202230 0.9834000
vt 0.5195280 0.9837440
vt 0.5198880 0.9819700
f 1379/8485/1379 1520/8486/1520 1401/8487/1401
vt 0.7208120 0.6640900
vt 0.7238220 0.6623900
vt 0.7242890 0.6670940
f 1490/8488/1490 1457/8489/1457 1503/8490/1503
vt 0.0474250 0.7127530
vt 0.0454470 0.7143630
vt 0.0447210 0.7123010
f 1458/8491/1458 1518/8492/1518 1466/8493/1466
vt 0.4286140 0.9642070
vt 0.4271000 0.9630850
vt 0.4280840 0.9619590
f 1426/8494/1426 1530/8495/1530 1464/8496/1464
vt 0.8355490 0.5223710
vt 0.8370820 0.5200630
vt 0.8359050 0.5235040
f 1474/8497/1474 1459/8498/1459 1476/8499/1476
vt 0.9055520 0.8478620
vt 0.9048840 0.8448230
vt 0.9074460 0.8453670
f 1419/8500/1419 1527/8501/1527 1498/8502/1498
vt 0.8967740 0.1537290
vt 0.8934080 0.1555490
vt 0.8941920 0.1533550
f 1438/8503/1438 1452/8504/1452 1543/8505/1543
vt 0.5169000 0.9900920
vt 0.5088010 0.9912760
vt 0.5120180 0.9880500
f 1379/8506/1379 1488/8507/1488 1520/8508/1520
vt 0.7285150 0.6606420
vt 0.7275170 0.6653740
f 1457/8489/1457 1475/8509/1475 1503/8510/1503
vt 0.5235570 0.0989930
f 1456/8472/1456 1455/8511/1455 1493/8473/1493
vt 0.0405820 0.7117170
vt 0.0408840 0.7127610
vt 0.0400180 0.7125220
f 1469/8512/1469 1466/8513/1466 1497/8514/1497
vt 0.9253010 0.8523530
vt 0.9234210 0.8476490
f 1451/8515/1451 1498/8421/1498 1521/8516/1521
vt 0.0585380 0.6466320
vt 0.0589110 0.6521030
f 1481/8455/1481 1500/8517/1500 1465/8518/1465
vt 0.8975160 0.1489520
vt 0.8937170 0.1500590
vt 0.8954710 0.1474510
f 1438/8519/1438 1543/8520/1543 1492/8521/1492
vt 0.7196110 0.6355920
vt 0.7181490 0.6393600
vt 0.7175680 0.6373330
f 1473/8522/1473 1482/8523/1482 1494/8524/1494
vt 0.8463640 0.5177030
vt 0.8483880 0.5138060
vt 0.8502270 0.5175400
f 1476/8525/1476 1459/8526/1459 1480/8527/1480
vt 0.1473160 0.2412460
vt 0.1453300 0.2427910
vt 0.1458130 0.2404710
f 1451/8528/1451 1491/8529/1491 1448/8530/1448
vt 0.8461270 0.5352140
vt 0.8452730 0.5326740
vt 0.8477710 0.5332520
f 1433/8531/1433 1476/8532/1476 1487/8533/1487
vt 0.7230590 0.6360250
vt 0.7242880 0.6393060
vt 0.7213050 0.6395480
f 1473/8534/1473 1502/8535/1502 1482/8536/1482
vt 0.8942670 0.0876030
vt 0.8965000 0.0884120
vt 0.8959580 0.0902920
f 1406/8537/1406 1486/8538/1486 1374/8539/1374
vt 0.8932300 0.1012380
vt 0.8967990 0.1013540
vt 0.8946480 0.1038960
f 1374/8540/1374 1486/8541/1486 1378/8542/1378
vt 0.8478440 0.5284830
vt 0.8519690 0.5278390
vt 0.8521790 0.5319470
f 1476/8543/1476 1480/8544/1480 1487/8545/1487
vt 0.0418950 0.7137630
vt 0.0420150 0.7153620
vt 0.0409270 0.7141970
f 1466/8546/1466 1518/8547/1518 1497/8548/1497
vt 0.1724570 0.4266060
vt 0.1669050 0.4295500
vt 0.1661730 0.4244000
f 1336/8549/1336 1444/8550/1444 1321/8551/1321
vt 0.4078600 0.1030610
vt 0.4058140 0.1006950
vt 0.4108500 0.0994390
f 1467/8552/1467 1479/8553/1479 1484/8554/1484
vt 0.6111230 0.5578940
vt 0.6078800 0.5619150
vt 0.6062020 0.5563740
f 1481/8555/1481 1454/8556/1454 1495/8557/1495
vt 0.8867150 0.1655080
vt 0.8846240 0.1628470
vt 0.8877450 0.1622810
f 1472/8558/1472 1562/8559/1562 1543/8560/1543
vt 0.9130860 0.8214610
vt 0.9147260 0.8216920
vt 0.9129050 0.8224910
f 1494/8561/1494 1482/8562/1482 1507/8563/1507
vt 0.8789690 0.6816380
vt 0.8751480 0.6840530
vt 0.8757110 0.6785420
f 1384/8564/1384 1420/8565/1420 1434/8566/1434
vt 0.6086360 0.5510360
vt 0.6118040 0.5528460
f 1481/8555/1481 1495/8567/1495 1508/8568/1508
vt 0.3757080 0.5432520
vt 0.3772230 0.5423770
vt 0.3768840 0.5460690
f 1514/8569/1514 1540/8570/1540 1533/8571/1533
vt 0.1949160 0.8580850
vt 0.1918710 0.8565690
vt 0.1934280 0.8530400
f 1461/8572/1461 1538/8573/1538 1527/8574/1527
vt 0.8815740 0.1699870
vt 0.8806010 0.1703290
vt 0.8803940 0.1696330
f 1512/8575/1512 1553/8576/1553 1472/8577/1472
vt 0.9286380 0.8534490
vt 0.9304510 0.8495820
vt 0.9341550 0.8536060
f 1451/8578/1451 1521/8579/1521 1491/8580/1491
vt 0.7525950 0.1006800
vt 0.7528030 0.0980650
vt 0.7553960 0.0994480
f 1481/8581/1481 1508/8582/1508 1515/8583/1515
vt 0.8901230 0.1843890
vt 0.8882720 0.1862710
vt 0.8872800 0.1824960
f 1373/8584/1373 1378/8585/1378 1522/8586/1522
vt 0.7376170 0.6400430
vt 0.7389430 0.6395810
vt 0.7383350 0.6415270
f 1473/8587/1473 1523/8588/1523 1502/8589/1502
vt 0.8820220 0.6881660
vt 0.8816340 0.6907420
vt 0.8794350 0.6898360
f 1420/8590/1420 1612/8591/1612 1536/8592/1536
vt 0.3756840 0.5397140
vt 0.3719920 0.5392730
vt 0.3745940 0.5356030
f 1540/8593/1540 1514/8594/1514 1535/8595/1535
vt 0.3752840 0.5488500
vt 0.3769110 0.5483520
vt 0.3764790 0.5505720
f 1514/8596/1514 1533/8597/1533 1546/8598/1546
vt 0.7785270 0.9765920
vt 0.7765880 0.9781580
vt 0.7758490 0.9753880
f 1464/8599/1464 1530/8600/1530 1462/8601/1462
vt 0.9182550 0.8216940
vt 0.9186940 0.8231850
vt 0.9180150 0.8225920
f 1470/8602/1470 1506/8603/1506 1482/8604/1482
vt 0.6221870 0.6600400
vt 0.6191720 0.6604640
vt 0.6207840 0.6587560
f 1402/8605/1402 1478/8606/1478 1501/8607/1501
vt 0.2681920 0.9527220
vt 0.2689970 0.9531220
vt 0.2681910 0.9536790
f 1626/8608/1626 1517/8609/1517 1455/8610/1455
vt 0.6090920 0.6046790
vt 0.6081400 0.6104960
vt 0.6034120 0.6057960
f 1674/8611/1674 1519/8612/1519 1483/8613/1483
vt 0.8884850 0.1804360
vt 0.8864910 0.1809530
f 1373/8614/1373 1522/8586/1522 1489/8615/1489
vt 0.5328160 0.1092520
vt 0.5346490 0.1052670
vt 0.5372000 0.1078380
f 1485/8616/1485 1493/8617/1493 1637/8618/1637
vt 0.1261740 0.5404360
vt 0.1278820 0.5345430
vt 0.1291550 0.5410350
f 1473/8619/1473 1494/8620/1494 1557/8621/1557
vt 0.9282160 0.8198350
vt 0.9292840 0.8205830
vt 0.9283120 0.8209940
f 1470/8622/1470 1499/8623/1499 1506/8624/1506
vt 0.9194910 0.8418750
vt 0.9193570 0.8384990
vt 0.9215160 0.8367070
f 1498/8625/1498 1507/8626/1507 1566/8627/1566
vt 0.9220640 0.8408270
f 1498/8625/1498 1566/8627/1566 1521/8628/1521
vt 0.3677850 0.5492960
vt 0.3688700 0.5515560
vt 0.3657310 0.5504360
f 1514/8629/1514 1546/8630/1546 1592/8631/1592
vt 0.0838790 0.9746460
vt 0.0835330 0.9690790
vt 0.0873610 0.9726300
f 1447/8632/1447 1580/8633/1580 1612/8634/1612
vt 0.4868600 0.2733050
vt 0.4880110 0.2779560
vt 0.4842840 0.2788610
f 1468/8635/1468 1434/8636/1434 1547/8637/1547
vt 0.9168260 0.8243030
vt 0.9175190 0.8243050
vt 0.9165440 0.8250110
f 1482/8638/1482 1506/8639/1506 1507/8640/1507
vt 0.1313460 0.2253440
vt 0.1311510 0.2288980
vt 0.1252150 0.2244490
f 1636/8641/1636 1448/8642/1448 1513/8643/1513
vt 0.7519860 0.0892900
vt 0.7562260 0.0842200
vt 0.7574510 0.0886030
f 1508/8644/1508 1516/8645/1516 1515/8646/1515
vt 0.8798590 0.1673450
vt 0.8785580 0.1673310
vt 0.8788640 0.1660630
f 1472/8647/1472 1553/8648/1553 1562/8649/1562
vt 0.0296230 0.7159240
vt 0.0287650 0.7167390
vt 0.0290390 0.7154040
f 1469/8650/1469 1497/8651/1497 1510/8652/1510
vt 0.0957840 0.5726200
vt 0.0986320 0.5686960
vt 0.1004450 0.5715400
f 1495/8653/1495 1454/8654/1454 1542/8655/1542
vt 0.0306200 0.7130840
vt 0.0298790 0.7134050
vt 0.0287950 0.7111570
f 1469/8656/1469 1510/8657/1510 1496/8658/1496
vt 0.1325110 0.5324760
vt 0.1353590 0.5328660
vt 0.1318810 0.5379050
f 1494/8659/1494 1511/8660/1511 1557/8661/1557
vt 0.4371470 0.1103800
vt 0.4393480 0.1073590
vt 0.4421300 0.1131670
f 1467/8662/1467 1484/8663/1484 1461/8664/1461
vt 0.9092980 0.8375800
vt 0.9094240 0.8359440
vt 0.9107440 0.8362000
f 1527/8665/1527 1507/8666/1507 1498/8667/1498
vt 0.0285030 0.7177910
vt 0.0273660 0.7177920
f 1497/8651/1497 1525/8668/1525 1510/8669/1510
vt 0.5270500 0.0988520
vt 0.5313750 0.0973970
vt 0.5279590 0.1006670
f 1455/8670/1455 1625/8671/1625 1493/8672/1493
vt 0.4431070 0.1091670
f 1461/8664/1461 1484/8663/1484 1574/8673/1574
vt 0.7364750 0.6612460
vt 0.7389530 0.6592070
vt 0.7398340 0.6607610
f 1503/8674/1503 1475/8675/1475 1504/8676/1504
vt 0.1223290 0.5441140
vt 0.1229960 0.5484900
vt 0.1199470 0.5477760
f 1473/8677/1473 1557/8678/1557 1571/8679/1571
vt 0.2704420 0.9548680
vt 0.2711910 0.9552990
vt 0.2707730 0.9557300
f 1455/8680/1455 1517/8681/1517 1625/8682/1625
vt 0.9542270 0.2894780
vt 0.9521820 0.2874830
vt 0.9564300 0.2881840
f 1512/8683/1512 1489/8684/1489 1552/8685/1552
vt 0.5582070 0.4939200
vt 0.5605220 0.4918770
vt 0.5612160 0.4951350
f 1491/8686/1491 1513/8687/1513 1448/8688/1448
vt 0.2689910 0.9474420
vt 0.2683370 0.9444000
vt 0.2703830 0.9446130
f 1455/8689/1455 1572/8690/1572 1626/8691/1626
vt 0.7432370 0.6287330
vt 0.7457240 0.6307370
vt 0.7431270 0.6328540
f 1571/8692/1571 1523/8693/1523 1473/8694/1473
vt 0.1957210 0.8346980
vt 0.1948950 0.8385570
vt 0.1930590 0.8364250
f 1494/8695/1494 1528/8696/1528 1511/8697/1511
vt 0.8700810 0.6846110
vt 0.8697770 0.6797930
f 1420/8565/1420 1536/8698/1536 1434/8699/1434
vt 0.6140190 0.5441480
vt 0.6112520 0.5420370
vt 0.6155470 0.5412100
f 1495/8700/1495 1654/8701/1654 1508/8702/1508
vt 0.1603640 0.4248760
vt 0.1631360 0.4285230
vt 0.1577840 0.4289990
f 1683/8703/1683 1321/8704/1321 1444/8705/1444
vt 0.1976390 0.8367420
vt 0.1991000 0.8394860
vt 0.1963910 0.8392770
f 1494/8706/1494 1507/8707/1507 1528/8708/1528
vt 0.7402360 0.2557920
vt 0.7418120 0.2544160
vt 0.7441350 0.2564740
f 1385/8709/1385 1658/8710/1658 1575/8711/1575
vt 0.0391920 0.7187540
vt 0.0402390 0.7202980
vt 0.0375260 0.7210880
f 1497/8712/1497 1518/8713/1518 1544/8714/1544
vt 0.5175680 0.9647780
vt 0.5171760 0.9661520
vt 0.5160570 0.9644720
f 1505/8715/1505 1401/8716/1401 1529/8717/1529
vt 0.3642100 0.5367140
vt 0.3602430 0.5422860
vt 0.3592950 0.5371600
f 1535/8718/1535 1514/8719/1514 1556/8720/1556
vt 0.9052360 0.8363540
vt 0.9057120 0.8348690
vt 0.9077140 0.8350770
f 1527/8721/1527 1528/8722/1528 1507/8723/1507
vt 0.8971530 0.1144830
vt 0.9014120 0.1090990
vt 0.9014100 0.1135000
f 1378/8724/1378 1486/8725/1486 1522/8726/1522
vt 0.9550830 0.2853910
vt 0.9563910 0.2841140
vt 0.9563340 0.2868370
f 1489/8727/1489 1522/8728/1522 1552/8729/1552
vt 0.2728290 0.9515430
vt 0.2739510 0.9506670
vt 0.2749340 0.9513280
f 1517/8730/1517 1626/8731/1626 1610/8732/1610
vt 0.7385120 0.6510940
vt 0.7398600 0.6542770
vt 0.7394820 0.6567010
f 1502/8733/1502 1504/8734/1504 1475/8735/1475
vt 0.3836190 0.5546680
vt 0.3833460 0.5570990
vt 0.3817410 0.5563450
f 1533/8736/1533 1563/8737/1563 1546/8738/1546
vt 0.5149410 0.9658170
f 1401/8716/1401 1570/8739/1570 1529/8717/1529
vt 0.0291990 0.7198560
vt 0.0284420 0.7223520
vt 0.0285310 0.7199520
f 1497/8740/1497 1544/8741/1544 1525/8742/1525
vt 0.4295430 0.1614100
vt 0.4230380 0.1675740
vt 0.4223390 0.1587910
f 1301/8743/1301 1672/8744/1672 1719/8745/1719
vt 0.9587520 0.2958660
vt 0.9604300 0.2971380
vt 0.9597560 0.2975450
f 1512/8746/1512 1526/8747/1526 1553/8748/1553
vt 0.5322590 0.4618140
vt 0.5339250 0.4631830
vt 0.5334090 0.4636940
f 1490/8749/1490 1531/8750/1531 1499/8751/1499
vt 0.8061370 0.4365640
vt 0.8058100 0.4401110
vt 0.8033320 0.4369580
f 1492/8752/1492 1611/8753/1611 1440/8754/1440
vt 0.7672600 0.9842400
vt 0.7651570 0.9841370
vt 0.7653330 0.9827780
f 1426/8755/1426 1576/8756/1576 1530/8757/1530
vt 0.9177140 0.8287970
vt 0.9186760 0.8290110
vt 0.9181350 0.8298180
f 1507/8758/1507 1506/8759/1506 1524/8760/1524
vt 0.3964090 0.0856430
vt 0.3976270 0.0817430
vt 0.4002750 0.0850870
f 1471/8761/1471 1601/8762/1601 1484/8763/1484
vt 0.5344700 0.7901580
vt 0.5366730 0.7846760
vt 0.5391890 0.7899910
f 1515/8764/1515 1559/8765/1559 1481/8766/1481
vt 0.3569910 0.5487890
vt 0.3556060 0.5508660
vt 0.3543930 0.5490910
f 1514/8767/1514 1592/8768/1592 1646/8769/1646
vt 0.7208240 0.2195730
vt 0.7234370 0.2202210
vt 0.7229280 0.2219470
f 1478/8770/1478 1532/8771/1532 1501/8772/1501
vt 0.0491990 0.6839280
vt 0.0528650 0.6831630
vt 0.0514510 0.6883590
f 1465/8773/1465 1551/8774/1551 1542/8775/1542
vt 0.7315050 0.6762590
vt 0.7350930 0.6774710
vt 0.7317380 0.6791460
f 1503/8776/1503 1550/8777/1550 1531/8778/1531
vt 0.7922040 0.4386120
vt 0.7938190 0.4386850
vt 0.7925020 0.4391700
f 1426/8779/1426 1440/8780/1440 1576/8781/1576
vt 0.7297870 0.6799470
vt 0.7258350 0.6775480
f 1503/8776/1503 1531/8782/1531 1490/8783/1490
vt 0.5150340 0.9618150
vt 0.5146150 0.9616280
vt 0.5148540 0.9607240
f 1505/8784/1505 1529/8785/1529 1532/8786/1532
vt 0.5154510 0.9612910
f 1505/8784/1505 1532/8786/1532 1478/8787/1478
vt 0.1282260 0.5497850
vt 0.1267950 0.5527710
vt 0.1263310 0.5503270
f 1557/8788/1557 1602/8789/1602 1571/8790/1571
vt 0.0339410 0.5190280
vt 0.0360680 0.5183950
vt 0.0372750 0.5208330
f 1453/8791/1453 1460/8792/1460 1641/8793/1641
vt 0.3555290 0.5427250
vt 0.3523110 0.5462330
vt 0.3516110 0.5424970
f 1514/8794/1514 1646/8795/1646 1556/8796/1556
vt 0.7365410 0.6736950
vt 0.7379960 0.6734110
vt 0.7382580 0.6748280
f 1503/8797/1503 1504/8798/1504 1550/8799/1550
vt 0.9634910 0.2999850
vt 0.9638090 0.2984130
vt 0.9654090 0.2994930
f 1526/8800/1526 1512/8801/1512 1560/8802/1560
vt 0.0196970 0.7217300
vt 0.0186160 0.7225840
vt 0.0187920 0.7216150
f 1525/8803/1525 1541/8804/1541 1510/8805/1510
vt 0.9745370 0.2034180
vt 0.9771340 0.2052560
vt 0.9741280 0.2071400
f 1515/8806/1515 1516/8807/1516 1556/8808/1556
vt 0.6142730 0.6098870
vt 0.6124460 0.6156610
f 1519/8612/1519 1674/8809/1674 1660/8810/1660
vt 0.9704690 0.0907870
vt 0.9717070 0.0914940
vt 0.9701420 0.0941670
f 1540/8811/1540 1535/8812/1535 1590/8813/1590
vt 0.1049150 0.5722240
vt 0.1063930 0.5707840
vt 0.1064450 0.5715620
f 1495/8814/1495 1542/8815/1542 1549/8816/1549
vt 0.5027860 0.9863140
vt 0.5003580 0.9855290
vt 0.5019270 0.9826500
f 1520/8817/1520 1488/8818/1488 1567/8819/1567
vt 0.9609610 0.3006680
vt 0.9619220 0.3020300
vt 0.9608840 0.3034330
f 1553/8820/1553 1526/8821/1526 1577/8822/1577
vt 0.7415330 0.6488460
vt 0.7435290 0.6490650
vt 0.7422930 0.6501100
f 1502/8823/1502 1523/8824/1523 1545/8825/1545
vt 0.7521980 0.2649270
vt 0.7549530 0.2631150
vt 0.7559940 0.2676510
f 1302/8826/1302 1575/8827/1575 1672/8828/1672
vt 0.1906580 0.8465700
vt 0.1881560 0.8473170
vt 0.1888160 0.8451720
f 1528/8829/1528 1527/8830/1527 1583/8831/1583
vt 0.1763320 0.8643270
vt 0.1729530 0.8658350
vt 0.1753060 0.8623710
f 1461/8832/1461 1574/8833/1574 1538/8834/1538
vt 0.2780680 0.9524830
vt 0.2784220 0.9511500
vt 0.2793930 0.9527770
f 1517/8835/1517 1610/8836/1610 1616/8837/1616
vt 0.9658750 0.2980620
vt 0.9675750 0.2962620
vt 0.9674630 0.2988130
f 1512/8838/1512 1552/8839/1552 1560/8840/1560
vt 0.5582510 0.4867510
vt 0.5552590 0.4862250
vt 0.5571870 0.4848990
f 1491/8841/1491 1521/8842/1521 1597/8843/1597
vt 0.4011370 0.5472200
vt 0.4040690 0.5461480
vt 0.4056070 0.5497700
f 1533/8844/1533 1540/8845/1540 1645/8846/1645
vt 0.5118450 0.9702200
vt 0.5086560 0.9698590
vt 0.5112220 0.9675070
f 1401/8847/1401 1520/8848/1520 1570/8849/1570
vt 0.1871530 0.8470630
vt 0.1877060 0.8460140
f 1527/8830/1527 1538/8850/1538 1583/8851/1583
vt 0.9599430 0.0947000
vt 0.9625560 0.0963410
vt 0.9593740 0.0993350
f 1540/8852/1540 1590/8853/1590 1587/8854/1587
vt 0.1474250 0.4222940
vt 0.1461810 0.4282110
vt 0.1434230 0.4240430
f 1460/8855/1460 1683/8856/1683 1641/8857/1641
vt 0.5588720 0.4891900
vt 0.5609910 0.4857130
vt 0.5611660 0.4899660
f 1491/8858/1491 1597/8859/1597 1513/8860/1513
vt 0.7474260 0.6343500
vt 0.7478850 0.6340010
vt 0.7478850 0.6349440
f 1523/8861/1523 1571/8862/1571 1534/8863/1534
vt 0.7418560 0.6531170
vt 0.7419350 0.6515240
vt 0.7445740 0.6533120
f 1504/8864/1504 1502/8865/1502 1545/8866/1545
vt 0.1363140 0.5433250
vt 0.1400360 0.5476670
vt 0.1369030 0.5476780
f 1557/8867/1557 1511/8868/1511 1578/8869/1578
vt 0.4404380 0.1039570
vt 0.4383080 0.1003180
vt 0.4418200 0.1028810
f 1484/8870/1484 1537/8871/1537 1574/8872/1574
vt 0.9242750 0.8347960
vt 0.9236730 0.8338850
vt 0.9255500 0.8343050
f 1566/8873/1566 1507/8874/1507 1524/8875/1524
vt 0.5260740 0.7737670
vt 0.5281940 0.7692730
vt 0.5302720 0.7745640
f 1515/8876/1515 1604/8877/1604 1559/8878/1559
vt 0.7544340 0.1282910
vt 0.7590890 0.1315890
vt 0.7524340 0.1332090
f 1481/8879/1481 1559/8880/1559 1500/8881/1500
vt 0.1508130 0.3069060
vt 0.1499490 0.3033880
vt 0.1559500 0.3074070
f 1465/8882/1465 1500/8883/1500 1589/8884/1589
vt 0.2134670 0.0198050
vt 0.2173290 0.0200730
vt 0.2142840 0.0242020
f 1516/8885/1516 1508/8886/1508 1554/8887/1554
vt 0.2797380 0.9550490
vt 0.2801510 0.9543850
vt 0.2802630 0.9554360
f 1517/8888/1517 1616/8889/1616 1625/8890/1625
vt 0.1072590 0.5619640
vt 0.1095170 0.5617180
vt 0.1089590 0.5628990
f 1542/8891/1542 1548/8892/1548 1569/8893/1569
vt 0.5150770 0.7622090
vt 0.5164750 0.7628010
vt 0.5169370 0.7651710
f 1556/8894/1556 1604/8895/1604 1515/8896/1515
vt 0.0195620 0.7249330
vt 0.0207010 0.7240890
vt 0.0192320 0.7270220
f 1541/8897/1541 1525/8898/1525 1544/8899/1544
vt 0.0278190 0.6898210
vt 0.0270400 0.6895330
vt 0.0275300 0.6881140
f 1534/8900/1534 1571/8901/1571 1548/8902/1548
vt 0.9876600 0.2234560
vt 0.9846630 0.2237940
vt 0.9847040 0.2208290
f 1590/8903/1590 1535/8904/1535 1568/8905/1568
vt 0.0113810 0.0162750
vt 0.0115250 0.0186950
vt 0.0085850 0.0201640
f 1495/8906/1495 1509/8907/1509 1654/8908/1654
vt 0.0149220 0.7211040
vt 0.0143830 0.7173550
vt 0.0168880 0.7183510
f 1510/8909/1510 1565/8910/1565 1496/8911/1496
vt 0.0455590 0.6881230
vt 0.0471430 0.6925360
vt 0.0450890 0.6920470
f 1542/8912/1542 1622/8913/1622 1548/8914/1548
vt 0.8876650 0.1386850
vt 0.8845480 0.1431430
vt 0.8842530 0.1389950
f 1492/8915/1492 1543/8916/1543 1611/8917/1611
vt 0.0357260 0.5221730
vt 0.0383260 0.5229820
vt 0.0370040 0.5249080
f 1453/8918/1453 1641/8919/1641 1581/8920/1581
vt 0.0351460 0.6960260
vt 0.0365100 0.6961850
vt 0.0367360 0.6973690
f 1523/8921/1523 1534/8922/1534 1545/8923/1545
vt 0.4089270 0.5216000
vt 0.4100200 0.5207910
vt 0.4108790 0.5214450
f 1540/8924/1540 1587/8925/1587 1645/8926/1645
vt 0.1297190 0.5536980
vt 0.1297020 0.5562490
vt 0.1283670 0.5546150
f 1557/8927/1557 1578/8928/1578 1602/8929/1602
vt 0.0391570 0.7248540
vt 0.0413390 0.7256420
vt 0.0376820 0.7289160
f 1544/8930/1544 1518/8931/1518 1637/8932/1637
vt 0.5395200 0.4754630
vt 0.5404400 0.4773960
vt 0.5396570 0.4771520
f 1499/8933/1499 1564/8934/1564 1506/8935/1506
vt 0.3305280 0.5918950
vt 0.3257450 0.5906810
vt 0.3292620 0.5870600
f 1519/8936/1519 1660/8937/1660 1681/8938/1681
vt 0.0171380 0.7145500
vt 0.0159830 0.7158110
vt 0.0146310 0.7135020
f 1496/8939/1496 1565/8940/1565 1555/8941/1555
vt 0.0507180 0.6892300
vt 0.0517910 0.6892990
vt 0.0521000 0.6911750
f 1542/8942/1542 1551/8943/1551 1622/8944/1622
vt 0.0171670 0.7093300
vt 0.0145580 0.7100300
vt 0.0168000 0.7074270
f 1496/8945/1496 1555/8946/1555 1488/8947/1488
vt 0.0049370 0.7308440
vt 0.0058520 0.7303500
vt 0.0051810 0.7313260
f 1560/8948/1560 1541/8949/1541 1526/8950/1526
vt 0.2785390 0.9472860
vt 0.2795590 0.9471720
vt 0.2791100 0.9478830
f 1626/8951/1626 1651/8952/1651 1610/8953/1610
vt 0.1033910 0.5754590
vt 0.1074800 0.5764630
vt 0.1051560 0.5785340
f 1495/8954/1495 1549/8955/1549 1509/8956/1509
vt 0.5370230 0.4789550
vt 0.5374340 0.4794340
vt 0.5369600 0.4796930
f 1506/8957/1506 1561/8958/1561 1524/8959/1524
vt 0.0177220 0.7054210
vt 0.0148490 0.7055630
vt 0.0151770 0.7010460
f 1488/8960/1488 1555/8961/1555 1567/8962/1567
vt 0.7670260 0.9711830
vt 0.7650510 0.9702940
vt 0.7656590 0.9676910
f 1462/8963/1462 1596/8964/1596 1471/8965/1471
vt 0.9600380 0.1183830
vt 0.9585950 0.1235960
vt 0.9568360 0.1204720
f 1590/8966/1590 1516/8967/1516 1587/8968/1587
vt 0.2238380 0.0217750
vt 0.2242870 0.0241360
vt 0.2229950 0.0247660
f 1508/8969/1508 1654/8970/1654 1554/8971/1554
vt 0.5385050 0.4821750
vt 0.5391350 0.4808100
vt 0.5395240 0.4822650
f 1524/8972/1524 1561/8973/1561 1566/8974/1566
vt 0.1703690 0.8644970
vt 0.1698150 0.8590820
vt 0.1732360 0.8614030
f 1574/8975/1574 1593/8976/1593 1538/8977/1538
vt 0.1108130 0.5576110
vt 0.1116210 0.5569030
vt 0.1112780 0.5587020
f 1548/8978/1548 1571/8979/1571 1569/8980/1569
vt 0.7400140 0.6757670
vt 0.7422570 0.6751840
vt 0.7422450 0.6790290
f 1550/8981/1550 1504/8982/1504 1573/8983/1573
vt 0.0370110 0.6929120
vt 0.0395580 0.6928360
vt 0.0376380 0.6946950
f 1534/8984/1534 1548/8985/1548 1545/8986/1545
vt 0.8013750 0.4434450
vt 0.8030450 0.4459560
vt 0.7982850 0.4470980
f 1440/8987/1440 1611/8988/1611 1615/8989/1615
vt 0.0073720 0.7282780
vt 0.0056860 0.7279460
vt 0.0068230 0.7270470
f 1541/8990/1541 1560/8991/1560 1510/8992/1510
vt 0.0312440 0.5291200
vt 0.0332470 0.5297540
vt 0.0325040 0.5311350
f 1453/8993/1453 1581/8994/1581 1486/8995/1486
vt 0.7455590 0.6716160
vt 0.7466860 0.6708530
vt 0.7459140 0.6727260
f 1504/8996/1504 1619/8997/1619 1573/8998/1573
vt 0.5404610 0.4782110
vt 0.5400160 0.4778880
f 1564/8934/1564 1561/8999/1561 1506/9000/1506
vt 0.5346200 0.7735500
vt 0.5324940 0.7691250
vt 0.5376180 0.7690940
f 1559/9001/1559 1604/9002/1604 1665/9003/1665
vt 0.9775420 0.2137930
vt 0.9809990 0.2131940
vt 0.9794350 0.2166280
f 1556/9004/1556 1516/9005/1516 1568/9006/1568
vt 0.1113250 0.5667260
vt 0.1128770 0.5691370
vt 0.1092220 0.5694680
f 1569/9007/1569 1549/9008/1549 1542/9009/1542
vt 0.7957100 0.4434330
vt 0.7958850 0.4442890
vt 0.7926800 0.4439870
f 1440/9010/1440 1615/9011/1615 1576/9012/1576
vt 0.7391510 0.6788010
vt 0.7409050 0.6827230
f 1550/9013/1550 1573/8983/1573 1586/9014/1586
vt 0.7358150 0.6825270
f 1550/9013/1550 1586/9014/1586 1531/9015/1531
vt 0.5079530 0.9619180
vt 0.5077090 0.9637390
vt 0.5051460 0.9619130
f 1529/9016/1529 1570/9017/1570 1585/9018/1585
vt 0.5427670 0.4563150
vt 0.5397050 0.4500620
vt 0.5438370 0.4522760
f 1499/9019/1499 1531/9020/1531 1558/9021/1558
vt 0.5487810 0.4816160
vt 0.5490330 0.4800550
vt 0.5503940 0.4798080
f 1521/9022/1521 1566/9023/1566 1539/9024/1539
vt 0.9783870 0.2222740
vt 0.9781600 0.2206530
vt 0.9795680 0.2211610
f 1535/9025/1535 1556/9026/1556 1568/9027/1568
vt 0.5479690 0.4665830
vt 0.5505540 0.4639820
vt 0.5527750 0.4674600
f 1499/9028/1499 1558/9029/1558 1624/9030/1624
vt 0.9686590 0.3089070
vt 0.9686090 0.3123190
vt 0.9658410 0.3086480
f 1526/9031/1526 1579/9032/1579 1577/9033/1577
vt 0.7518360 0.1409460
vt 0.7542510 0.1391700
vt 0.7537600 0.1430570
f 1500/9034/1500 1559/9035/1559 1584/9036/1584
vt 0.1531240 0.2963610
vt 0.1524110 0.2931680
vt 0.1571660 0.2938410
f 1500/9037/1500 1584/9038/1584 1589/9039/1589
vt 0.0095700 0.6881880
vt 0.0079910 0.6878090
vt 0.0086350 0.6864480
f 1567/9040/1567 1570/9041/1570 1520/9042/1520
vt 0.0059970 0.7322370
vt 0.0065130 0.7330040
vt 0.0046850 0.7342750
f 1526/9043/1526 1541/9044/1541 1579/9045/1579
vt 0.1845590 0.8401090
vt 0.1863790 0.8414770
vt 0.1836000 0.8412790
f 1511/9046/1511 1528/9047/1528 1583/9048/1583
vt 0.5482760 0.4702460
vt 0.5516720 0.4700050
vt 0.5516760 0.4722240
f 1499/9049/1499 1624/9050/1624 1564/9051/1564
vt 0.8815840 0.1495300
vt 0.8768130 0.1452030
vt 0.8805880 0.1428360
f 1543/9052/1543 1562/9053/1562 1611/9054/1611
vt 0.9548820 0.1254830
vt 0.9522810 0.1266850
vt 0.9534990 0.1252930
f 1516/9055/1516 1554/9056/1554 1587/9057/1587
vt 0.7452440 0.6654750
vt 0.7474800 0.6623380
vt 0.7484860 0.6662090
f 1504/9058/1504 1545/9059/1545 1619/9060/1619
vt 0.5554100 0.4823790
vt 0.5569610 0.4797530
vt 0.5578870 0.4824980
f 1521/9061/1521 1539/9062/1539 1597/9063/1597
vt 0.9708620 0.2955250
vt 0.9720420 0.2937730
vt 0.9725700 0.2959040
f 1552/9064/1552 1522/9065/1522 1565/9066/1565
vt 0.1833470 0.8392670
vt 0.1820170 0.8400960
vt 0.1823700 0.8383860
f 1511/9067/1511 1583/9068/1583 1599/9069/1599
vt 0.4378220 0.1824950
vt 0.4387250 0.1886400
vt 0.4348520 0.1863790
f 1672/9070/1672 1575/9071/1575 1658/9072/1658
vt 0.1563200 0.3142790
vt 0.1590250 0.3166870
vt 0.1545150 0.3182890
f 1589/9073/1589 1638/9074/1638 1465/9075/1465
vt 0.0121310 0.7036770
vt 0.0124220 0.6994020
f 1567/8962/1567 1555/9076/1555 1588/9077/1588
vt 0.1027740 0.8603290
vt 0.1062390 0.8634230
vt 0.1000630 0.8629720
f 1556/9078/1556 1646/9079/1646 1705/9080/1705
vt 0.4591750 0.0493490
vt 0.4600720 0.0493170
vt 0.4593020 0.0502510
f 1532/9081/1532 1529/9082/1529 1582/9083/1582
vt 0.7316170 0.2245200
vt 0.7333140 0.2211240
vt 0.7361890 0.2253280
f 1402/9084/1402 1501/9085/1501 1658/9086/1658
vt 0.0066380 0.7254610
vt 0.0044590 0.7246770
vt 0.0064110 0.7218900
f 1510/9087/1510 1560/9088/1560 1565/9089/1565
vt 0.5412190 0.4432490
vt 0.5433240 0.4481410
f 1531/9020/1531 1586/9090/1586 1558/9091/1558
vt 0.1874830 0.8257850
vt 0.1842980 0.8282480
vt 0.1854450 0.8240020
f 1511/9092/1511 1599/9093/1599 1578/9094/1578
vt 0.0150010 0.7305680
vt 0.0129640 0.7330340
vt 0.0113700 0.7315750
f 1544/9095/1544 1579/9096/1579 1541/9097/1541
vt 0.8621450 0.1624800
vt 0.8613070 0.1602450
vt 0.8646380 0.1610390
f 1553/9098/1553 1577/9099/1577 1562/9100/1562
vt 0.8549990 0.6736070
vt 0.8546960 0.6771290
vt 0.8534080 0.6746570
f 1434/9101/1434 1536/9102/1536 1688/9103/1688
vt 0.5467450 0.4763080
vt 0.5475930 0.4765760
vt 0.5471720 0.4770080
f 1564/9104/1564 1539/9105/1539 1561/9106/1561
vt 0.9682630 0.1059510
vt 0.9684350 0.1034770
vt 0.9696390 0.1040760
f 1516/9107/1516 1590/9108/1590 1568/9109/1568
vt 0.5469000 0.4793290
vt 0.5467730 0.4784310
vt 0.5476330 0.4786960
f 1566/9110/1566 1561/9111/1561 1539/9112/1539
vt 0.5511110 0.1063950
vt 0.5468520 0.1065030
vt 0.5511660 0.1017280
f 1637/9113/1637 1493/9114/1493 1653/9115/1653
vt 0.0061140 0.6880230
vt 0.0045360 0.6928520
vt 0.0029170 0.6906740
f 1570/9116/1570 1567/9117/1567 1588/9118/1588
vt 0.9279790 0.5573360
vt 0.9286140 0.5591080
vt 0.9272690 0.5569910
f 1530/9119/1530 1576/9120/1576 1594/9121/1594
vt 0.1567260 0.3213060
vt 0.1600940 0.3193800
vt 0.1599260 0.3221560
f 1465/9122/1465 1638/9123/1638 1551/9124/1551
vt 0.0425100 0.6949390
vt 0.0450040 0.6954140
vt 0.0424760 0.6972830
f 1548/9125/1548 1622/9126/1622 1545/9127/1545
vt 0.4963600 0.2862870
vt 0.4979310 0.2905130
vt 0.4924210 0.2876190
f 1434/9128/1434 1688/9129/1688 1547/9130/1547
vt 0.7625130 0.9746460
vt 0.7606950 0.9750550
vt 0.7612720 0.9740250
f 1462/9131/1462 1530/9132/1530 1596/9133/1596
vt 0.8632550 0.1592130
vt 0.8652110 0.1584350
f 1562/9100/1562 1577/9134/1577 1603/9135/1603
vt 0.4668480 0.0473350
vt 0.4674100 0.0485780
vt 0.4665500 0.0486910
f 1595/9136/1595 1582/9137/1582 1529/9138/1529
vt 0.0343830 0.5383750
vt 0.0319710 0.5423480
vt 0.0328790 0.5379560
f 1581/9139/1581 1598/9140/1598 1486/9141/1486
vt 0.4593340 0.0520480
vt 0.4603030 0.0537900
vt 0.4592440 0.0541280
f 1582/9142/1582 1632/9143/1632 1532/9144/1532
vt 0.4948440 0.0128960
vt 0.4960430 0.0137680
vt 0.4933400 0.0144740
f 1560/9145/1560 1552/9146/1552 1565/9147/1565
vt 0.1216230 0.5624300
vt 0.1221010 0.5640290
vt 0.1212120 0.5639830
f 1571/9148/1571 1602/9149/1602 1693/9150/1693
vt 0.9313540 0.6361880
vt 0.9330050 0.6395510
vt 0.9298470 0.6382660
f 1587/9151/1587 1816/9152/1816 1645/9153/1645
vt 0.7599630 0.9748200
vt 0.7592670 0.9739770
f 1530/9132/1530 1594/9154/1594 1596/9155/1596
vt 0.0019320 0.6851250
vt 0.0030770 0.6869850
vt 0.0015050 0.6866570
f 1570/9156/1570 1588/9157/1588 1585/9158/1585
vt 0.4674070 0.0454120
vt 0.4675270 0.0442510
vt 0.4688840 0.0450160
f 1529/9159/1529 1585/9160/1585 1595/9161/1595
vt 0.0362850 0.5439340
vt 0.0368360 0.5432630
vt 0.0376190 0.5447170
f 1598/9162/1598 1581/9163/1581 1609/9164/1609
vt 0.1667710 0.8714350
vt 0.1589090 0.8691250
vt 0.1616800 0.8657710
f 1574/9165/1574 1537/9166/1537 1593/9167/1593
vt 0.9266960 0.5611390
vt 0.9260830 0.5625900
vt 0.9254270 0.5618470
f 1594/9168/1594 1576/9169/1576 1635/9170/1635
vt 0.9302140 0.5645510
vt 0.9301730 0.5663520
vt 0.9288650 0.5663130
f 1576/9171/1576 1615/9172/1615 1635/9173/1635
vt 0.4721580 0.0464860
vt 0.4727560 0.0477650
vt 0.4710990 0.0476190
f 1595/9174/1595 1606/9175/1606 1582/9176/1582
vt 0.0076110 0.7062820
vt 0.0054640 0.7063750
vt 0.0065340 0.7027890
f 1555/9177/1555 1621/9178/1621 1588/9179/1588
vt 0.4157790 0.5377940
vt 0.4206620 0.5330050
vt 0.4204100 0.5398430
f 1645/9180/1645 1885/9181/1885 1533/9182/1533
vt 0.5595000 0.4800890
vt 0.5583430 0.4785400
vt 0.5600140 0.4763530
f 1597/9183/1597 1539/9184/1539 1630/9185/1630
vt 0.6810800 0.0572930
vt 0.6806060 0.0569540
vt 0.6815360 0.0569730
f 1616/9186/1616 1610/9187/1610 1642/9188/1642
vt 0.5544990 0.4729320
vt 0.5553600 0.4740970
vt 0.5540360 0.4745270
f 1564/9189/1564 1630/9190/1630 1539/9191/1539
vt 0.1188980 0.5659080
vt 0.1198170 0.5669420
vt 0.1182860 0.5669560
f 1571/9192/1571 1693/9193/1693 1569/9194/1569
vt 0.1148690 0.5723540
vt 0.1179290 0.5716980
vt 0.1175700 0.5739170
f 1549/9195/1549 1569/9196/1569 1700/9197/1700
vt 0.4769940 0.0458310
vt 0.4788960 0.0453300
vt 0.4777230 0.0465250
f 1595/9198/1595 1617/9199/1617 1606/9200/1606
vt 0.9699550 0.2228740
vt 0.9692830 0.2237460
vt 0.9668150 0.2234120
f 1604/9201/1604 1556/9202/1556 1664/9203/1664
vt 0.0182010 0.5540500
vt 0.0233950 0.5555420
vt 0.0190360 0.5579240
f 1522/9204/1522 1486/9205/1486 1621/9206/1621
vt 0.0367440 0.5512170
vt 0.0379530 0.5509910
vt 0.0374460 0.5525350
f 1598/9207/1598 1609/9208/1609 1620/9209/1620
vt 0.0038650 0.7159780
vt 0.0028710 0.7190930
vt 0.0008880 0.7177520
f 1555/9210/1555 1565/9211/1565 1621/9212/1621
vt 0.8698710 0.1523510
vt 0.8662760 0.1544010
vt 0.8662100 0.1506500
f 1562/9213/1562 1603/9214/1603 1623/9215/1623
vt 0.5556270 0.4725080
f 1564/9189/1564 1624/9216/1624 1630/9190/1630
vt 0.4783850 0.0441430
vt 0.4784690 0.0425830
vt 0.4795860 0.0437470
f 1595/9217/1595 1585/9218/1585 1617/9219/1617
vt 0.0558450 0.6963870
vt 0.0555240 0.6980220
vt 0.0535510 0.6961200
f 1551/9220/1551 1614/9221/1614 1622/9222/1622
vt 0.9241930 0.5593220
vt 0.9217260 0.5609930
vt 0.9216600 0.5588190
f 1594/9223/1594 1635/9224/1635 1607/9225/1607
vt 0.4975230 0.0196460
vt 0.4986680 0.0225610
vt 0.4958520 0.0230280
f 1565/9226/1565 1522/9227/1522 1621/9228/1621
vt 0.0338750 0.5503170
vt 0.0309020 0.5521790
vt 0.0316230 0.5491560
f 1608/9229/1608 1486/9230/1486 1598/9231/1598
vt 0.0403120 0.5338900
vt 0.0429540 0.5341950
vt 0.0423390 0.5372900
f 1581/9232/1581 1641/9233/1641 1609/9234/1609
vt 0.9657970 0.2248970
f 1556/9202/1556 1705/9235/1705 1664/9203/1664
vt 0.4601310 0.0546740
vt 0.4615870 0.0541310
vt 0.4599300 0.0570010
f 1532/9236/1532 1632/9237/1632 1501/9238/1501
vt 0.1745870 0.8478150
vt 0.1730030 0.8479120
vt 0.1738980 0.8467110
f 1538/9239/1538 1631/9240/1631 1583/9241/1583
vt 0.0751730 0.6212790
vt 0.0724950 0.6213210
vt 0.0743820 0.6149460
f 1591/9242/1591 1618/9243/1618 1655/9244/1655
vt 0.0781250 0.6253240
vt 0.0739090 0.6239020
f 1600/9245/1600 1618/9246/1618 1591/9242/1591
vt 0.5185140 0.0279410
vt 0.5219510 0.0258630
vt 0.5211270 0.0296660
f 1573/9247/1573 1806/9248/1806 1586/9249/1586
vt 0.8534800 0.1597540
vt 0.8537800 0.1573280
vt 0.8552240 0.1575570
f 1579/9250/1579 1603/9251/1603 1577/9252/1577
vt 0.3663990 0.8912650
vt 0.3719570 0.8912250
vt 0.3676220 0.8948650
f 1559/9253/1559 1673/9254/1673 1584/9255/1584
vt 0.6190220 0.7351120
vt 0.6179240 0.7306680
vt 0.6237200 0.7315370
f 1572/9256/1572 1605/9257/1605 1733/9258/1733
vt 0.1617210 0.3123220
vt 0.1632630 0.3133730
vt 0.1624060 0.3144860
f 1589/9259/1589 1613/9260/1613 1638/9261/1638
vt 0.1630360 0.3212010
vt 0.1628570 0.3204410
vt 0.1635730 0.3209810
f 1551/9262/1551 1638/9263/1638 1627/9264/1627
vt 0.3598900 0.1855940
vt 0.3565780 0.1802850
vt 0.3614500 0.1822660
f 1589/9265/1589 1584/9266/1584 1703/9267/1703
vt 0.1015200 0.6037820
vt 0.1042760 0.6044410
vt 0.1023130 0.6067870
f 1591/9268/1591 1685/9269/1685 1600/9270/1600
vt 0.4715700 0.0397410
vt 0.4769560 0.0358220
vt 0.4754570 0.0392900
f 1585/9271/1585 1588/9272/1588 1621/9273/1621
vt 0.4962830 0.0429910
vt 0.4956720 0.0440590
vt 0.4956910 0.0431540
f 1598/9274/1598 1620/9275/1620 1617/9276/1617
vt 0.4824460 0.0432680
vt 0.4815640 0.0426850
vt 0.4828660 0.0421040
f 1617/9277/1617 1585/9278/1585 1608/9279/1608
vt 0.1622390 0.3077190
vt 0.1632620 0.3061070
vt 0.1636910 0.3099740
f 1589/9280/1589 1703/9281/1703 1613/9282/1613
vt 0.7611900 0.9643200
vt 0.7580250 0.9680170
vt 0.7582260 0.9621010
f 1471/9283/1471 1596/9284/1596 1601/9285/1601
vt 0.4941320 0.0431170
vt 0.4946070 0.0419960
vt 0.4955350 0.0425810
f 1617/9286/1617 1608/9287/1608 1598/9288/1598
vt 0.1784210 0.8375520
vt 0.1752790 0.8383100
vt 0.1761670 0.8347820
f 1583/9289/1583 1649/9290/1649 1599/9291/1599
vt 0.4749050 0.0501190
vt 0.4761210 0.0514940
vt 0.4737180 0.0516000
f 1606/9292/1606 1632/9293/1632 1582/9294/1582
vt 0.6827060 0.7768510
vt 0.6797990 0.7744170
vt 0.6825050 0.7739730
f 1477/9295/1477 1729/9296/1729 1580/9297/1580
vt 0.5571050 0.4708910
vt 0.5610380 0.4706120
vt 0.5605240 0.4717130
f 1624/9298/1624 1686/9299/1686 1630/9300/1630
vt 0.5477600 0.0944030
vt 0.5476330 0.0910790
vt 0.5484420 0.0934020
f 1493/9301/1493 1625/9302/1625 1653/9303/1653
vt 0.8725520 0.1433330
vt 0.8693510 0.1444940
vt 0.8698140 0.1419710
f 1562/9304/1562 1623/9305/1623 1611/9306/1611
vt 0.9419170 0.6338110
vt 0.9427480 0.6337540
vt 0.9430190 0.6350310
f 1587/9307/1587 1678/9308/1678 1816/9309/1816
vt 0.4899020 0.0455970
vt 0.4901810 0.0463700
vt 0.4893890 0.0462190
f 1617/9310/1617 1620/9311/1620 1606/9312/1606
vt 0.5089610 0.0197750
vt 0.5102560 0.0192390
vt 0.5105870 0.0198730
f 1619/9313/1619 1633/9314/1633 1573/9315/1573
vt 0.4805620 0.0415290
vt 0.4820520 0.0388570
vt 0.4820920 0.0415310
f 1585/9316/1585 1621/9317/1621 1608/9318/1608
vt 0.0960620 0.6408700
vt 0.0956450 0.6431800
vt 0.0942110 0.6413300
f 1600/9319/1600 1671/9320/1671 1618/9321/1618
vt 0.0584410 0.6982340
vt 0.0586980 0.6988280
vt 0.0581140 0.6988660
f 1551/9322/1551 1619/9323/1619 1614/9324/1614
vt 0.5443080 0.4411070
vt 0.5442320 0.4376570
vt 0.5475800 0.4388080
f 1558/9325/1558 1586/9326/1586 1706/9327/1706
vt 0.0498750 0.7925380
vt 0.0479350 0.7973120
vt 0.0445310 0.7924080
f 1591/9328/1591 1655/9329/1655 1639/9330/1639
vt 0.1207790 0.5700720
vt 0.1217410 0.5688120
vt 0.1221550 0.5711770
f 1569/9331/1569 1693/9332/1693 1694/9333/1694
vt 0.3523250 0.5642770
vt 0.3496130 0.5697160
vt 0.3468760 0.5631860
f 1546/9334/1546 1939/9335/1939 1592/9336/1592
vt 0.0984700 0.6415770
f 1600/9319/1600 1657/9337/1657 1671/9320/1671
vt 0.1714930 0.8536620
vt 0.1655410 0.8521480
vt 0.1687220 0.8497770
f 1593/9338/1593 1631/9339/1631 1538/9340/1538
vt 0.5631690 0.4794830
vt 0.5643790 0.4773680
vt 0.5660240 0.4780390
f 1597/9341/1597 1630/9342/1630 1686/9343/1686
vt 0.0974170 0.9554620
vt 0.0945480 0.9548850
vt 0.0962720 0.9513490
f 1536/9344/1536 1612/9345/1612 1718/9346/1718
vt 0.9223970 0.5521620
vt 0.9211100 0.5539730
vt 0.9205400 0.5519750
f 1594/9347/1594 1607/9348/1607 1629/9349/1629
vt 0.2046370 0.9682360
vt 0.2030330 0.9660610
vt 0.2043760 0.9651190
f 1700/9350/1700 1569/9351/1569 1694/9352/1694
vt 0.2848380 0.9385760
vt 0.2832120 0.9365100
vt 0.2860020 0.9365940
f 1626/9353/1626 1572/9354/1572 1733/9355/1733
vt 0.3665390 0.8832000
vt 0.3714690 0.8783780
vt 0.3716700 0.8833620
f 1665/9356/1665 1682/9357/1682 1559/9358/1559
vt 0.0591660 0.6986150
vt 0.0590310 0.6992640
f 1619/9323/1619 1551/9359/1551 1627/9360/1627
vt 0.0508070 0.7039090
vt 0.0519610 0.7037440
vt 0.0516880 0.7054230
f 1545/9361/1545 1628/9362/1628 1619/9363/1619
vt 0.9218480 0.5513470
f 1594/9347/1594 1629/9349/1629 1596/9364/1596
vt 0.1424260 0.5560000
vt 0.1465060 0.5627520
vt 0.1431690 0.5624120
f 1599/9365/1599 1744/9366/1744 1578/9367/1578
vt 0.0507420 0.7009790
vt 0.0515040 0.7011170
vt 0.0510090 0.7014090
f 1545/9368/1545 1622/9369/1622 1628/9370/1628
vt 0.1727050 0.8449340
vt 0.1701410 0.8443500
vt 0.1725370 0.8436250
f 1583/9371/1583 1631/9372/1631 1649/9373/1649
vt 0.0415330 0.7759080
vt 0.0403220 0.7812980
vt 0.0388760 0.7794280
f 1591/9374/1591 1639/9375/1639 1634/9376/1634
vt 0.9296430 0.5706740
vt 0.9285380 0.5749560
vt 0.9266670 0.5713920
f 1615/9377/1615 1611/9378/1611 1635/9379/1635
vt 0.0559250 0.6992790
vt 0.0570320 0.7002010
vt 0.0551790 0.7003670
f 1614/9380/1614 1627/9381/1627 1622/9382/1622
vt 0.2590120 0.2045390
vt 0.2601830 0.2050380
vt 0.2596200 0.2051570
f 1627/9383/1627 1633/9384/1633 1619/9385/1619
vt 0.2569660 0.2039060
vt 0.2564630 0.2032460
vt 0.2575350 0.2035400
f 1614/9386/1614 1633/9387/1633 1627/9388/1627
vt 0.3719130 0.8862180
vt 0.3752950 0.8845540
vt 0.3740880 0.8860810
f 1559/9389/1559 1682/9390/1682 1673/9391/1673
vt 0.6760900 0.0525940
vt 0.6720330 0.0537820
vt 0.6726020 0.0499670
f 1651/9392/1651 1626/9393/1626 1733/9394/1733
vt 0.4758520 0.2967400
vt 0.4790000 0.3000700
vt 0.4736070 0.3001680
f 1547/9395/1547 1715/9396/1715 1674/9397/1674
vt 0.0528780 0.7047770
vt 0.0522030 0.7071780
f 1619/9363/1619 1628/9398/1628 1614/9399/1614
vt 0.4902660 0.2932320
vt 0.4955440 0.2975240
vt 0.4904500 0.2998240
f 1547/9400/1547 1688/9401/1688 1715/9402/1715
vt 0.0219100 0.7380240
vt 0.0201550 0.7405090
vt 0.0190760 0.7375810
f 1637/9403/1637 1643/9404/1643 1544/9405/1544
vt 0.3341850 0.1178030
vt 0.3358060 0.1168520
vt 0.3350610 0.1191650
f 1640/9406/1640 1650/9407/1650 1705/9408/1705
vt 0.6935260 0.0542230
vt 0.6945470 0.0561710
vt 0.6932970 0.0548560
f 1642/9409/1642 1625/9410/1625 1616/9411/1616
vt 0.5662990 0.4819590
vt 0.5692520 0.4801810
f 1597/9412/1597 1686/9343/1686 1513/9413/1513
vt 0.6896610 0.0508240
vt 0.6885120 0.0489740
vt 0.6891370 0.0484650
f 1642/9414/1642 1610/9415/1610 1663/9416/1663
vt 0.3373010 0.1203990
vt 0.3375370 0.1186770
vt 0.3389290 0.1197310
f 1705/9417/1705 1650/9418/1650 1664/9419/1664
vt 0.2158960 0.9712290
vt 0.2139940 0.9675570
vt 0.2177900 0.9690540
f 1549/9420/1549 1700/9421/1700 1509/9422/1509
vt 0.1028140 0.5942130
vt 0.1054220 0.5938380
vt 0.1021280 0.5970340
f 1634/9423/1634 1685/9424/1685 1591/9425/1591
vt 0.0152240 0.7387860
vt 0.0169180 0.7414890
vt 0.0141680 0.7410600
f 1544/9426/1544 1643/9427/1643 1579/9428/1579
vt 0.4701240 0.0533450
vt 0.4721030 0.0574120
vt 0.4688810 0.0578790
f 1632/9429/1632 1704/9430/1704 1501/9431/1501
vt 0.5294930 0.7497580
vt 0.5275810 0.7474900
vt 0.5300580 0.7484440
f 1604/9432/1604 1664/9433/1664 1665/9434/1665
vt 0.9265280 0.5462090
vt 0.9234450 0.5431320
vt 0.9263510 0.5421240
f 1596/9435/1596 1629/9436/1629 1601/9437/1601
vt 0.1330210 0.5673050
vt 0.1361500 0.5677740
vt 0.1372380 0.5702970
f 1602/9438/1602 1578/9439/1578 1679/9440/1679
vt 0.4885920 0.0478810
vt 0.4925430 0.0493880
vt 0.4888230 0.0499110
f 1606/9441/1606 1620/9442/1620 1632/9443/1632
vt 0.4917740 0.0359650
vt 0.4907890 0.0335600
vt 0.4922410 0.0339500
f 1608/9444/1608 1621/9445/1621 1486/9446/1486
vt 0.1725260 0.4503990
vt 0.1721800 0.4552040
vt 0.1681250 0.4534760
f 1444/9447/1444 1519/9448/1519 1768/9449/1768
vt 0.6833100 0.0502610
vt 0.6821110 0.0477670
vt 0.6839870 0.0478320
f 1610/9450/1610 1651/9451/1651 1663/9452/1663
vt 0.2370260 0.8426310
vt 0.2374700 0.8428410
vt 0.2369950 0.8433720
f 1635/9453/1635 1662/9454/1662 1607/9455/1607
vt 0.3593150 0.5693450
vt 0.3620030 0.5758400
vt 0.3543290 0.5726920
f 1546/9456/1546 1563/9457/1563 1939/9458/1939
vt 0.0531870 0.7014850
vt 0.0535250 0.7019780
vt 0.0531560 0.7024800
f 1622/9459/1622 1627/9460/1627 1628/9461/1628
vt 0.9281860 0.7267940
vt 0.9251950 0.7253040
vt 0.9284630 0.7231580
f 1580/9462/1580 1729/9463/1729 1612/9464/1612
vt 0.5119260 0.0179730
vt 0.5135940 0.0157760
vt 0.5143850 0.0176900
f 1633/9465/1633 1753/9466/1753 1573/9467/1573
vt 0.1933030 0.5283690
vt 0.1966140 0.5279020
vt 0.1950470 0.5315460
f 1652/9468/1652 1667/9469/1667 1648/9470/1648
vt 0.3299630 0.1108100
vt 0.3313020 0.1103600
vt 0.3306320 0.1111540
f 1647/9471/1647 1650/9472/1650 1640/9473/1640
vt 0.3296860 0.1118510
vt 0.3289250 0.1119790
vt 0.3288640 0.1107670
f 1640/9474/1640 1661/9475/1661 1647/9476/1647
vt 0.1896270 0.5314090
vt 0.1883460 0.5316080
vt 0.1880440 0.5294750
f 1648/9477/1648 1657/9478/1657 1652/9479/1652
vt 0.1812180 0.5309330
vt 0.1830250 0.5295030
vt 0.1831490 0.5300170
f 1600/9480/1600 1668/9481/1668 1657/9482/1657
vt 0.1044930 0.5925590
f 1634/9423/1634 1687/9483/1687 1685/9424/1685
vt 0.2551740 0.8414800
vt 0.2546080 0.8405160
vt 0.2568070 0.8401460
f 1642/9484/1642 1662/9485/1662 1625/9486/1625
vt 0.1674560 0.3180270
vt 0.1682960 0.3161970
vt 0.1703480 0.3168000
f 1627/9487/1627 1638/9488/1638 1613/9489/1613
vt 0.0153890 0.0311230
vt 0.0168200 0.0362400
vt 0.0116140 0.0339060
f 1509/9490/1509 1710/9491/1710 1654/9492/1654
vt 0.1941840 0.5253190
vt 0.1932510 0.5231540
vt 0.1954380 0.5236350
f 1652/9493/1652 1644/9494/1644 1667/9495/1667
vt 0.2413220 0.7953880
vt 0.2404470 0.7989920
vt 0.2393360 0.7986850
f 1579/9496/1579 1643/9497/1643 1603/9498/1603
vt 0.1105680 0.6123750
vt 0.1119080 0.6102730
vt 0.1122170 0.6128920
f 1600/9499/1600 1685/9500/1685 1668/9501/1668
vt 0.3286300 0.1078140
vt 0.3293950 0.1072110
vt 0.3299120 0.1076790
f 1647/9502/1647 1659/9503/1659 1650/9504/1650
vt 0.1390340 0.5651190
vt 0.1448510 0.5653730
vt 0.1431970 0.5693600
f 1578/9505/1578 1744/9506/1744 1679/9507/1679
vt 0.1033260 0.6465380
vt 0.1010140 0.6468590
vt 0.1024750 0.6452920
f 1648/9508/1648 1671/9509/1671 1657/9510/1657
vt 0.2332320 0.8050520
vt 0.2364100 0.8031050
vt 0.2375400 0.8070640
f 1603/9511/1603 1643/9512/1643 1623/9513/1623
vt 0.1849690 0.5273240
vt 0.1843700 0.5268290
vt 0.1855350 0.5264710
f 1652/9514/1652 1668/9515/1668 1644/9516/1644
vt 0.3303710 0.1072930
f 1659/9503/1659 1677/9517/1677 1650/9504/1650
vt 0.5212890 0.7416320
vt 0.5216830 0.7407640
vt 0.5220530 0.7414110
f 1650/9518/1650 1661/9519/1661 1664/9520/1664
vt 0.5371900 0.7376280
vt 0.5405080 0.7391380
vt 0.5384720 0.7397900
f 1655/9521/1655 1675/9522/1675 1639/9523/1639
vt 0.1844290 0.5278760
vt 0.1845580 0.5285970
vt 0.1835060 0.5278560
f 1652/9524/1652 1657/9525/1657 1668/9526/1668
vt 0.5061970 0.0117990
vt 0.5096840 0.0099820
vt 0.5085820 0.0127740
f 1614/9527/1614 1698/9528/1698 1633/9529/1633
vt 0.1127470 0.6505780
vt 0.1122300 0.6551740
vt 0.1067900 0.6537020
f 1648/9530/1648 1667/9531/1667 1669/9532/1669
vt 0.0438110 0.5550920
vt 0.0466390 0.5554700
vt 0.0470650 0.5569510
f 1609/9533/1609 1641/9534/1641 1704/9535/1704
vt 0.0660250 0.6316500
vt 0.0660150 0.6353850
vt 0.0623590 0.6346480
f 1655/9536/1655 1618/9537/1618 1656/9538/1656
vt 0.1783180 0.5288360
vt 0.1756190 0.5281380
vt 0.1782820 0.5265570
f 1668/9539/1668 1685/9540/1685 1690/9541/1690
vt 0.3269990 0.1020040
vt 0.3278610 0.1013450
vt 0.3277100 0.1027500
f 1666/9542/1666 1677/9543/1677 1659/9544/1659
vt 0.9234080 0.7214480
f 1612/9464/1612 1729/9463/1729 1718/9545/1718
vt 0.3331380 0.1105850
vt 0.3328310 0.1098870
vt 0.3338130 0.1103360
f 1650/9546/1650 1677/9547/1677 1661/9548/1661
vt 0.2525160 0.8424750
vt 0.2521880 0.8437740
vt 0.2509860 0.8428630
f 1642/9549/1642 1695/9550/1695 1662/9551/1662
vt 0.2550960 0.8455560
vt 0.2546770 0.8467330
vt 0.2527050 0.8452250
f 1642/9552/1642 1663/9553/1663 1695/9554/1695
vt 0.3337030 0.1097030
f 1677/9547/1677 1647/9555/1647 1661/9548/1661
vt 0.1688850 0.3213270
vt 0.1713490 0.3196350
vt 0.1710030 0.3213650
f 1627/9556/1627 1613/9557/1613 1699/9558/1699
vt 0.0069430 0.8733440
vt 0.0106210 0.8775540
vt 0.0063830 0.8787620
f 1477/9559/1477 1738/9560/1738 1729/9561/1729
vt 0.5231350 0.7407430
vt 0.5241340 0.7418370
f 1664/9520/1664 1661/9562/1661 1676/9563/1676
vt 0.1307420 0.5719610
vt 0.1346520 0.5741310
vt 0.1312670 0.5738530
f 1602/9564/1602 1679/9565/1679 1693/9566/1693
vt 0.5637770 0.4574370
vt 0.5684140 0.4582870
vt 0.5649850 0.4614140
f 1558/9567/1558 1706/9568/1706 1624/9569/1624
vt 0.3139070 0.5677500
vt 0.3110920 0.5705440
vt 0.3106860 0.5665310
f 1519/9570/1519 1681/9571/1681 1768/9572/1768
vt 0.2607230 0.8362270
vt 0.2582620 0.8328690
vt 0.2619000 0.8324450
f 1625/9573/1625 1662/9574/1662 1623/9575/1623
vt 0.4856330 0.0511140
vt 0.4896210 0.0516490
vt 0.4881330 0.0568700
f 1632/9576/1632 1620/9577/1620 1704/9578/1704
vt 0.6948780 0.0704310
vt 0.6968590 0.0693350
vt 0.6969400 0.0743040
f 1625/9579/1625 1623/9580/1623 1653/9581/1653
vt 0.5328040 0.7482460
vt 0.5330990 0.7464200
vt 0.5343910 0.7468320
f 1665/9582/1665 1664/9583/1664 1680/9584/1680
vt 0.3341190 0.1011240
vt 0.3332810 0.1013810
vt 0.3341710 0.1004290
f 1659/9585/1659 1708/9586/1708 1666/9587/1666
vt 0.3339770 0.1046750
vt 0.3332870 0.1039030
vt 0.3339320 0.1038330
f 1647/9588/1647 1708/9589/1708 1659/9590/1659
vt 0.1706740 0.8388370
vt 0.1693420 0.8389660
vt 0.1699120 0.8359430
f 1649/9591/1649 1732/9592/1732 1599/9593/1599
vt 0.5009700 0.0507710
vt 0.5004360 0.0545100
vt 0.4972850 0.0528530
f 1609/9594/1609 1704/9595/1704 1620/9596/1620
vt 0.6842710 0.0451950
vt 0.6816990 0.0443750
vt 0.6836250 0.0426100
f 1663/9597/1663 1651/9598/1651 1692/9599/1692
vt 0.0555200 0.5203810
vt 0.0564940 0.5173500
vt 0.0600360 0.5200230
f 1691/9600/1691 1641/9601/1641 1683/9602/1683
vt 0.7975360 0.4711220
vt 0.7997120 0.4727660
vt 0.7983410 0.4744200
f 1635/9603/1635 1611/9604/1611 1623/9605/1623
vt 0.2430980 0.8419290
vt 0.2442350 0.8436140
vt 0.2430280 0.8435470
f 1662/9606/1662 1695/9607/1695 1607/9608/1607
vt 0.7488460 0.2245870
vt 0.7539770 0.2252190
vt 0.7520160 0.2281230
f 1658/9609/1658 1501/9610/1501 1670/9611/1670
vt 0.2403660 0.8374510
vt 0.2383910 0.8347060
vt 0.2426340 0.8341460
f 1662/9612/1662 1635/9613/1635 1623/9614/1623
vt 0.1831370 0.5252720
vt 0.1823920 0.5239770
vt 0.1849150 0.5238570
f 1668/9615/1668 1711/9616/1711 1644/9617/1644
vt 0.0928810 0.2124520
vt 0.0986670 0.2159620
vt 0.0931270 0.2185110
f 1733/9618/1733 1605/9619/1605 1780/9620/1780
vt 0.0973430 0.2225770
f 1605/9619/1605 1636/9621/1636 1780/9620/1780
vt 0.3284050 0.0995180
vt 0.3273470 0.0986550
vt 0.3281820 0.0987390
f 1677/9622/1677 1666/9623/1666 1709/9624/1709
vt 0.1019210 0.6566780
vt 0.0995360 0.6579180
vt 0.0978650 0.6549110
f 1669/9625/1669 1701/9626/1701 1648/9627/1648
vt 0.5666390 0.4677050
vt 0.5688040 0.4669710
vt 0.5670600 0.4700100
f 1624/9628/1624 1728/9629/1728 1686/9630/1686
vt 0.0562990 0.7052110
vt 0.0574800 0.7071450
vt 0.0560570 0.7067390
f 1627/9631/1627 1699/9632/1699 1628/9633/1628
vt 0.1794620 0.5253860
vt 0.1804670 0.5244650
vt 0.1804690 0.5250840
f 1690/9634/1690 1711/9635/1711 1668/9636/1668
vt 0.3325890 0.1038690
vt 0.3318210 0.1038830
vt 0.3319120 0.1032280
f 1647/9637/1647 1677/9638/1677 1708/9639/1708
vt 0.2527680 0.8098000
vt 0.2515380 0.8152610
vt 0.2486040 0.8092700
f 1643/9640/1643 1637/9641/1637 1623/9642/1623
vt 0.3259210 0.1198990
vt 0.3248750 0.1214910
vt 0.3247170 0.1208130
f 1640/9643/1640 1705/9644/1705 1661/9645/1661
vt 0.6785330 0.0448370
vt 0.6747910 0.0457540
vt 0.6782050 0.0428480
f 1651/9646/1651 1733/9647/1733 1781/9648/1781
vt 0.2146100 0.5186270
vt 0.2145120 0.5163210
vt 0.2156270 0.5199650
f 1667/9649/1667 1725/9650/1725 1669/9651/1669
vt 0.3288770 0.0989210
vt 0.3294290 0.0994900
f 1677/9622/1677 1709/9652/1709 1708/9653/1708
vt 0.0941710 0.6514290
vt 0.0931780 0.6531660
vt 0.0914940 0.6526720
f 1671/9654/1671 1701/9655/1701 1618/9656/1618
vt 0.8236180 0.9451220
vt 0.8230590 0.9451810
vt 0.8230080 0.9441740
f 1666/9657/1666 1678/9658/1678 1709/9659/1709
vt 0.7006250 0.0276500
vt 0.7002380 0.0273920
vt 0.7005760 0.0272100
f 1695/9660/1695 1707/9661/1707 1607/9662/1607
vt 0.6793460 0.0434860
f 1651/9646/1651 1781/9648/1781 1692/9663/1692
vt 0.0393510 0.0274670
vt 0.0393640 0.0279860
vt 0.0385880 0.0279770
f 1509/9664/1509 1700/9665/1700 1710/9666/1710
vt 0.0876650 0.6534540
vt 0.0887650 0.6564980
vt 0.0843640 0.6555000
f 1618/9667/1618 1701/9668/1701 1697/9669/1697
vt 0.0958280 0.6521920
vt 0.0948600 0.6525020
vt 0.0949600 0.6518580
f 1648/9670/1648 1701/9671/1701 1671/9672/1671
vt 0.9249760 0.6843770
vt 0.9200400 0.6876590
vt 0.9192400 0.6830320
f 1536/9673/1536 1718/9674/1718 1688/9675/1688
vt 0.1925870 0.0412760
vt 0.1948810 0.0444960
vt 0.1934000 0.0453910
f 1587/9676/1587 1554/9677/1554 1750/9678/1750
vt 0.1586820 0.4524200
vt 0.1590170 0.4553050
vt 0.1573550 0.4538510
f 1444/9679/1444 1768/9680/1768 1683/9681/1683
vt 0.5187390 0.7341970
vt 0.5184820 0.7330730
vt 0.5190500 0.7339770
f 1661/9682/1661 1705/9683/1705 1684/9684/1684
vt 0.1622670 0.8513960
vt 0.1559800 0.8514150
vt 0.1592240 0.8474410
f 1631/9685/1631 1593/9686/1593 1841/9687/1841
vt 0.5396240 0.7420790
vt 0.5413080 0.7413640
vt 0.5400540 0.7426490
f 1676/9688/1676 1639/9689/1639 1675/9690/1675
vt 0.5676960 0.4615400
vt 0.5713090 0.4598180
vt 0.5702990 0.4632510
f 1624/9691/1624 1706/9692/1706 1728/9693/1728
vt 0.5369520 0.7423970
vt 0.5373230 0.7432460
vt 0.5363100 0.7434810
f 1676/9694/1676 1680/9695/1680 1664/9696/1664
vt 0.2108040 0.5145080
vt 0.2097170 0.5130660
vt 0.2111380 0.5134290
f 1667/9697/1667 1758/9698/1758 1725/9699/1725
vt 0.5046930 0.0081050
vt 0.5061240 0.0054210
vt 0.5081030 0.0075430
f 1628/9700/1628 1742/9701/1742 1614/9702/1614
vt 0.7016470 0.0253940
vt 0.7014280 0.0235690
vt 0.7023870 0.0229340
f 1607/9703/1607 1707/9704/1707 1629/9705/1629
vt 0.5177160 0.0155990
vt 0.5152170 0.0139910
vt 0.5213490 0.0146900
f 1573/9706/1573 1753/9707/1753 1806/9708/1806
vt 0.6376570 0.6229020
vt 0.6395660 0.6279150
vt 0.6370700 0.6274400
f 1674/9709/1674 1715/9710/1715 1723/9711/1723
vt 0.0613710 0.7020610
vt 0.0627880 0.6998530
vt 0.0634630 0.7024840
f 1618/9712/1618 1697/9713/1697 1656/9714/1656
vt 0.0482410 0.5584260
vt 0.0479210 0.5567250
vt 0.0520010 0.5577520
f 1704/9715/1704 1641/9716/1641 1724/9717/1724
vt 0.6235020 0.6300070
vt 0.6281110 0.6284470
vt 0.6261860 0.6304390
f 1660/9718/1660 1674/9719/1674 1723/9720/1723
vt 0.0507930 0.5539450
f 1641/9716/1641 1691/9721/1691 1724/9717/1724
vt 0.1988110 0.5170620
vt 0.1992710 0.5143950
vt 0.2006390 0.5145940
f 1667/9722/1667 1644/9723/1644 1758/9724/1758
vt 0.0651240 0.7190840
vt 0.0717450 0.7156150
vt 0.0724570 0.7174950
f 1655/9725/1655 1656/9726/1656 1675/9727/1675
vt 0.5385500 0.7428180
vt 0.5394450 0.7428070
vt 0.5387410 0.7437040
f 1676/9728/1676 1675/9729/1675 1680/9730/1680
vt 0.6054110 0.5174450
vt 0.6048770 0.5122990
vt 0.6081690 0.5133610
f 1654/9731/1654 1710/9732/1710 1739/9733/1739
vt 0.1632600 0.8423910
vt 0.1625670 0.8400270
vt 0.1637160 0.8402580
f 1631/9734/1631 1732/9735/1732 1649/9736/1649
vt 0.0098710 0.8661840
vt 0.0141170 0.8653300
vt 0.0132340 0.8680980
f 1477/9737/1477 1719/9738/1719 1738/9739/1738
vt 0.9205460 0.5388150
vt 0.9169590 0.5399490
vt 0.9176270 0.5375150
f 1629/9740/1629 1741/9741/1741 1601/9742/1601
vt 0.5440130 0.7490820
vt 0.5442360 0.7478160
vt 0.5453350 0.7484620
f 1665/9743/1665 1680/9744/1680 1689/9745/1689
vt 0.7039200 0.0758870
vt 0.7027590 0.0742510
vt 0.7046760 0.0753110
f 1653/9746/1653 1623/9747/1623 1637/9748/1637
vt 0.1040350 0.6623960
vt 0.1039410 0.6646870
vt 0.1013980 0.6636530
f 1669/9749/1669 1702/9750/1702 1701/9751/1701
vt 0.9559420 0.6352290
vt 0.9575170 0.6339420
vt 0.9585680 0.6353420
f 1678/9752/1678 1666/9753/1666 1708/9754/1708
vt 0.5298120 0.7387340
vt 0.5292190 0.7378520
vt 0.5296860 0.7379110
f 1676/9755/1676 1736/9756/1736 1639/9757/1639
vt 0.0382870 0.0290200
vt 0.0395130 0.0312000
vt 0.0385610 0.0320750
f 1710/9758/1710 1700/9759/1700 1696/9760/1696
vt 0.5116120 0.0108720
vt 0.5134830 0.0073900
vt 0.5148800 0.0100520
f 1633/9761/1633 1698/9762/1698 1753/9763/1753
vt 0.8209810 0.9727230
vt 0.8176540 0.9764500
vt 0.8162600 0.9733040
f 1587/9764/1587 1750/9765/1750 1756/9766/1756
vt 0.6958710 0.0321620
vt 0.6944900 0.0315210
vt 0.6961020 0.0312550
f 1663/9767/1663 1692/9768/1692 1695/9769/1695
vt 0.4211480 0.0720290
vt 0.4268210 0.0699160
vt 0.4272120 0.0721710
f 1601/9770/1601 1537/9771/1537 1484/9772/1484
vt 0.3085300 0.5941920
vt 0.3070280 0.5961380
vt 0.3065330 0.5941620
f 1681/9773/1681 1660/9774/1660 1770/9775/1770
vt 0.1613720 0.8423900
vt 0.1609580 0.8397030
f 1631/9734/1631 1841/9776/1841 1732/9777/1732
vt 0.3583230 0.9620280
vt 0.3589610 0.9599890
vt 0.3601170 0.9633250
f 1628/9778/1628 1699/9779/1699 1742/9780/1742
vt 0.3081550 0.5709540
vt 0.3069940 0.5742910
vt 0.3044330 0.5719250
f 1768/9781/1768 1681/9782/1681 1721/9783/1721
vt 0.8209530 0.9497270
vt 0.8188810 0.9504610
vt 0.8189010 0.9485250
f 1678/9784/1678 1769/9785/1769 1709/9786/1709
vt 0.3548240 0.1741080
vt 0.3536420 0.1695450
vt 0.3566750 0.1709440
f 1584/9787/1584 1747/9788/1747 1703/9789/1703
vt 0.9551940 0.6360200
vt 0.9587630 0.6368670
vt 0.9578160 0.6386740
f 1678/9790/1678 1708/9791/1708 1713/9792/1713
vt 0.6955200 0.0297890
vt 0.6962570 0.0296080
f 1692/9768/1692 1707/9793/1707 1695/9794/1695
vt 0.5691910 0.4686570
vt 0.5704790 0.4683720
vt 0.5705140 0.4689610
f 1728/9795/1728 1754/9796/1754 1686/9797/1686
vt 0.4192170 0.5679690
vt 0.4244860 0.5622670
vt 0.4243940 0.5674480
f 1533/9798/1533 1885/9799/1885 1811/9800/1811
vt 0.8203350 0.9541500
vt 0.8184910 0.9568250
vt 0.8176980 0.9538420
f 1678/9801/1678 1587/9802/1587 1769/9803/1769
vt 0.1797110 0.5190780
vt 0.1805110 0.5176170
vt 0.1823950 0.5181950
f 1711/9804/1711 1898/9805/1898 1644/9806/1644
vt 0.3606160 0.9614530
f 1699/9779/1699 1766/9807/1766 1742/9780/1742
vt 0.4703770 0.0661330
vt 0.4756090 0.0682310
vt 0.4708730 0.0715610
f 1704/9808/1704 1670/9809/1670 1501/9810/1501
vt 0.4748860 0.0640580
vt 0.4809710 0.0685010
f 1704/9811/1704 1724/9812/1724 1670/9809/1670
vt 0.5467430 0.7475010
vt 0.5462190 0.7472030
vt 0.5466590 0.7465990
f 1689/9813/1689 1680/9814/1680 1675/9815/1675
vt 0.5298310 0.7372230
vt 0.5290650 0.7365250
vt 0.5290890 0.7351910
f 1639/9816/1639 1736/9817/1736 1819/9818/1819
vt 0.2113710 0.9565790
vt 0.2123110 0.9562550
vt 0.2120720 0.9574290
f 1694/9819/1694 1714/9820/1714 1700/9821/1700
vt 0.0265160 0.0347470
vt 0.0275240 0.0370830
vt 0.0248640 0.0373710
f 1710/9822/1710 1696/9823/1696 1731/9824/1731
vt 0.0286340 0.7604390
vt 0.0266470 0.7612470
vt 0.0272490 0.7603530
f 1687/9825/1687 1634/9826/1634 1854/9827/1854
vt 0.5280860 0.7375230
vt 0.5266230 0.7386260
vt 0.5278440 0.7355990
f 1676/9828/1676 1661/9829/1661 1736/9830/1736
vt 0.1513680 0.4536790
vt 0.1531470 0.4559850
vt 0.1503510 0.4565510
f 1683/9831/1683 1768/9832/1768 1691/9833/1691
vt 0.5095240 0.0054100
vt 0.5125220 0.0014690
vt 0.5126430 0.0045320
f 1614/9834/1614 1742/9835/1742 1698/9836/1698
vt 0.0407840 0.0324510
vt 0.0420220 0.0315970
vt 0.0420480 0.0329620
f 1696/9837/1696 1700/9838/1700 1714/9839/1714
vt 0.1224600 0.8769550
vt 0.1236840 0.8783090
vt 0.1210780 0.8786210
f 1592/9840/1592 1939/9841/1939 1646/9842/1646
vt 0.5478340 0.7473010
vt 0.5477200 0.7464360
vt 0.5489410 0.7460100
f 1689/9843/1689 1675/9844/1675 1717/9845/1717
vt 0.0758550 0.7185130
vt 0.0779260 0.7194960
vt 0.0760530 0.7197040
f 1656/9846/1656 1717/9847/1717 1675/9848/1675
vt 0.4129090 0.5765140
vt 0.4156420 0.5754550
vt 0.4150240 0.5786450
f 1563/9849/1563 1533/9850/1533 1811/9851/1811
vt 0.1368880 0.5779630
vt 0.1412030 0.5780950
vt 0.1393510 0.5796570
f 1693/9852/1693 1679/9853/1679 1803/9854/1803
vt 0.1766310 0.3044850
vt 0.1774830 0.3046840
vt 0.1767920 0.3054800
f 1703/9855/1703 1712/9856/1712 1613/9857/1613
vt 0.7006240 0.0213220
vt 0.6986960 0.0218980
vt 0.7008520 0.0184830
f 1629/9858/1629 1707/9859/1707 1726/9860/1726
vt 0.2099230 0.0485820
vt 0.2149880 0.0495790
vt 0.2126480 0.0512830
f 1554/9861/1554 1654/9862/1654 1739/9863/1739
vt 0.8155940 0.9579390
f 1769/9803/1769 1587/9802/1587 1756/9864/1756
vt 0.3532700 0.6028940
vt 0.3575490 0.6003480
vt 0.3585580 0.6068230
f 1584/9865/1584 1673/9866/1673 1743/9867/1743
vt 0.1776170 0.3132410
vt 0.1787490 0.3131130
vt 0.1788010 0.3150750
f 1613/9868/1613 1712/9869/1712 1699/9870/1699
vt 0.3945120 0.0485490
vt 0.3994650 0.0482080
vt 0.3991520 0.0523210
f 1741/9871/1741 1785/9872/1785 1601/9873/1601
vt 0.0327620 0.0368380
vt 0.0335560 0.0374060
vt 0.0320880 0.0378960
f 1714/9874/1714 1727/9875/1727 1696/9876/1696
vt 0.3021560 0.6040670
vt 0.2993810 0.6045380
vt 0.3018280 0.6018130
f 1660/9877/1660 1723/9878/1723 1770/9879/1770
vt 0.2020850 0.9529140
vt 0.2019060 0.9515260
vt 0.2037230 0.9517850
f 1693/9880/1693 1803/9881/1803 1694/9882/1694
vt 0.5223310 0.7347060
vt 0.5217080 0.7299130
vt 0.5242650 0.7301140
f 1661/9883/1661 1684/9884/1684 1736/9885/1736
vt 0.5494610 0.4244460
vt 0.5545650 0.4223140
vt 0.5539620 0.4262430
f 1586/9886/1586 1806/9887/1806 1706/9888/1706
vt 0.6963490 0.0272420
vt 0.6926420 0.0295180
vt 0.6940110 0.0249410
f 1707/9889/1707 1692/9890/1692 1726/9891/1726
vt 0.2157700 0.9553250
vt 0.2157690 0.9538300
vt 0.2170530 0.9528700
f 1714/9892/1714 1694/9893/1694 1716/9894/1716
vt 0.3043020 0.5896650
vt 0.3036500 0.5934230
vt 0.3022090 0.5911430
f 1681/9895/1681 1770/9896/1770 1721/9897/1721
vt 0.7160800 0.4576370
vt 0.7139920 0.4624130
vt 0.7119330 0.4608000
f 1599/9898/1599 1839/9899/1839 1744/9900/1744
vt 0.2028910 0.0500630
vt 0.2058730 0.0529350
vt 0.2026130 0.0539830
f 1554/9901/1554 1739/9902/1739 1750/9903/1750
vt 0.0264610 0.0401770
vt 0.0273890 0.0399790
vt 0.0264640 0.0408430
f 1731/9904/1731 1696/9905/1696 1727/9906/1727
vt 0.0876600 0.7252150
vt 0.0861540 0.7245960
vt 0.0880780 0.7240920
f 1682/9907/1682 1665/9908/1665 1734/9909/1734
vt 0.3568710 0.1684050
vt 0.3552010 0.1683810
vt 0.3578300 0.1670690
f 1703/9910/1703 1747/9911/1747 1760/9912/1760
vt 0.0442610 0.0353440
vt 0.0435660 0.0372670
vt 0.0423190 0.0356960
f 1716/9913/1716 1746/9914/1746 1714/9915/1714
vt 0.3270160 0.1703600
vt 0.3239790 0.1709650
vt 0.3270230 0.1663930
f 1584/9916/1584 1743/9917/1743 1747/9918/1747
vt 0.1761270 0.5178840
vt 0.1761930 0.5162730
vt 0.1767460 0.5175150
f 1690/9919/1690 1762/9920/1762 1711/9921/1711
vt 0.0165860 0.8680970
vt 0.0204860 0.8669250
vt 0.0177700 0.8703020
f 1719/9922/1719 1740/9923/1740 1738/9924/1738
vt 0.1783860 0.5171260
vt 0.1787960 0.5134040
f 1898/9805/1898 1711/9925/1711 1762/9926/1762
vt 0.1793750 0.2988980
vt 0.1801400 0.3000090
vt 0.1794350 0.3005260
f 1703/9927/1703 1760/9928/1760 1712/9929/1712
vt 0.2167420 0.9520090
vt 0.2144540 0.9499740
vt 0.2166450 0.9503900
f 1694/9930/1694 1774/9931/1774 1716/9932/1716
vt 0.0090850 0.0462240
vt 0.0122590 0.0474610
vt 0.0099120 0.0484890
f 1710/9933/1710 1731/9934/1731 1735/9935/1735
vt 0.1811440 0.3155080
vt 0.1817910 0.3165190
vt 0.1808800 0.3174060
f 1712/9936/1712 1720/9937/1720 1699/9938/1699
vt 0.9603240 0.6391290
vt 0.9610730 0.6390430
vt 0.9605400 0.6397740
f 1708/9939/1708 1709/9940/1709 1713/9941/1713
vt 0.7859820 0.8185520
vt 0.7841140 0.8208270
vt 0.7826190 0.8176700
f 1672/9942/1672 1740/9943/1740 1719/9944/1719
vt 0.4160860 0.2746580
vt 0.4189640 0.2735880
vt 0.4215550 0.2783730
f 1636/9945/1636 1513/9946/1513 1780/9947/1780
vt 0.0756290 0.0755200
vt 0.0702430 0.0770290
vt 0.0702430 0.0701740
f 1685/9948/1685 1687/9949/1687 2048/9950/2048
vt 0.1662540 0.5233970
vt 0.1605890 0.5240260
vt 0.1619320 0.5188350
f 1800/9951/1800 1690/9952/1690 1685/9953/1685
vt 0.0837340 0.7215480
vt 0.0832190 0.7202760
vt 0.0846380 0.7206130
f 1665/9954/1665 1689/9955/1689 1734/9956/1734
vt 0.0058350 0.0474770
vt 0.0044840 0.0497130
vt 0.0043060 0.0477410
f 1710/9957/1710 1735/9958/1735 1739/9959/1739
vt 0.4294730 0.2648750
vt 0.4337820 0.2682880
vt 0.4291040 0.2692880
f 1513/9960/1513 1686/9961/1686 1780/9962/1780
vt 0.0347380 0.0394180
vt 0.0381630 0.0392240
vt 0.0354450 0.0416160
f 1727/9963/1727 1714/9964/1714 1746/9965/1746
vt 0.2025440 0.9495090
vt 0.2052050 0.9483770
f 1694/9882/1694 1803/9966/1803 1774/9967/1774
vt 0.4181090 0.0635570
vt 0.4211090 0.0592220
vt 0.4233160 0.0622570
f 1601/9968/1601 1785/9969/1785 1537/9970/1537
vt 0.0278580 0.7551140
vt 0.0217700 0.7550480
vt 0.0235990 0.7499630
f 1687/9971/1687 1854/9972/1854 2048/9973/2048
vt 0.6472380 0.6317290
vt 0.6467620 0.6326660
vt 0.6456070 0.6319390
f 1715/9974/1715 1730/9975/1730 1723/9976/1723
vt 0.4202800 0.2017760
vt 0.4233060 0.2082610
vt 0.4172210 0.2065190
f 1672/9977/1672 1658/9978/1658 1778/9979/1778
vt 0.4967620 0.3135620
vt 0.5003910 0.3143460
vt 0.4977300 0.3173760
f 1715/9980/1715 1688/9981/1688 1745/9982/1745
vt 0.0846940 0.8855080
vt 0.0854730 0.8907650
vt 0.0824520 0.8904050
f 1705/9983/1705 1751/9984/1751 1832/9985/1832
vt 0.0974540 0.7322420
vt 0.0967490 0.7285700
vt 0.1010030 0.7318000
f 1673/9986/1673 1682/9987/1682 1722/9988/1722
vt 0.3505150 0.9422640
vt 0.3476860 0.9419450
vt 0.3499470 0.9403110
f 1732/9989/1732 1841/9990/1841 1809/9991/1809
vt 0.0728280 0.1183910
vt 0.0695600 0.1217310
vt 0.0695600 0.1160860
f 1701/9992/1701 1702/9993/1702 1912/9994/1912
vt 0.0836360 0.7195600
vt 0.0849670 0.7198470
f 1734/9956/1734 1689/9995/1689 1802/9996/1802
vt 0.5043780 0.3132750
vt 0.5066320 0.3162430
vt 0.5041670 0.3156110
f 1688/9997/1688 1767/9998/1767 1745/9999/1745
vt 0.1812710 0.3013390
vt 0.1846640 0.3023610
vt 0.1824140 0.3042770
f 1760/10000/1760 1748/10001/1748 1712/10002/1712
vt 0.0198110 0.0453670
vt 0.0203780 0.0456470
vt 0.0201670 0.0463830
f 1731/10003/1731 1727/10004/1727 1749/10005/1749
vt 0.9144940 0.7170410
vt 0.9138550 0.7187480
vt 0.9130210 0.7180640
f 1718/10006/1718 1729/10007/1729 1752/10008/1752
vt 0.7136970 0.4646260
vt 0.7139510 0.4678850
vt 0.7110610 0.4693580
f 1839/10009/1839 1599/10010/1599 1732/10011/1732
vt 0.9560190 0.6444440
vt 0.9592760 0.6433570
vt 0.9585970 0.6464560
f 1678/10012/1678 1713/10013/1713 1763/10014/1763
vt 0.3703150 0.6057310
vt 0.3727250 0.6093050
vt 0.3664230 0.6090860
f 1673/10015/1673 1722/10016/1722 1743/10017/1743
vt 0.0482300 0.0390150
vt 0.0508540 0.0416490
vt 0.0478810 0.0426830
f 1746/10018/1746 1716/10019/1716 1913/10020/1913
vt 0.1839790 0.3048880
vt 0.1857820 0.3053810
vt 0.1858060 0.3077570
f 1712/10021/1712 1748/10022/1748 1720/10023/1720
vt 0.3646600 0.5841650
vt 0.3692210 0.5889670
vt 0.3616040 0.5904450
f 1939/10024/1939 1563/10025/1563 2031/10026/2031
vt 0.0111770 0.0493600
vt 0.0123450 0.0489710
vt 0.0115820 0.0501060
f 1735/10027/1735 1731/10028/1731 1749/10029/1749
vt 0.1242790 0.8820450
vt 0.1231300 0.8840260
vt 0.1226620 0.8819040
f 1939/10030/1939 1751/10031/1751 1646/10032/1646
vt 0.1840340 0.2975620
vt 0.1859690 0.2962880
vt 0.1859790 0.2993480
f 1760/10033/1760 1789/10034/1789 1748/10035/1748
vt 0.1833840 0.3192320
vt 0.1859810 0.3189760
vt 0.1864130 0.3224100
f 1699/10036/1699 1720/10037/1720 1766/10038/1766
vt 0.2954470 0.5625780
vt 0.2919170 0.5627650
vt 0.2911580 0.5593440
f 1768/10039/1768 1801/10040/1801 1691/10041/1691
vt 0.3429010 0.1648900
vt 0.3414550 0.1622520
vt 0.3442770 0.1625500
f 1747/10042/1747 1755/10043/1755 1760/10044/1760
vt 0.8116680 0.9505290
vt 0.8114370 0.9510230
vt 0.8114380 0.9501400
f 1709/10045/1709 1769/10046/1769 1713/10047/1713
vt 0.9086890 0.6882150
vt 0.9093820 0.6898510
vt 0.9050700 0.6887780
f 1688/10048/1688 1718/10049/1718 1767/10050/1767
vt 0.0213090 0.0461860
vt 0.0234450 0.0475590
vt 0.0206410 0.0500770
f 1749/10051/1749 1727/10052/1727 1746/10053/1746
vt 0.9527820 0.6501280
vt 0.9552390 0.6478190
vt 0.9569410 0.6523050
f 1816/10054/1816 1678/10055/1678 1763/10056/1763
vt 0.2029610 0.0552060
vt 0.2048490 0.0546530
vt 0.2041090 0.0562430
f 1750/10057/1750 1739/10058/1739 1759/10059/1759
vt 0.4419160 0.6355450
vt 0.4411490 0.6335000
vt 0.4434840 0.6327460
f 1702/10060/1702 1669/10061/1669 1912/10062/1912
vt 0.9392250 0.6598060
vt 0.9444890 0.6604560
vt 0.9394600 0.6650960
f 1645/10063/1645 1816/10064/1816 1885/10065/1885
vt 0.1747550 0.5155530
vt 0.1739910 0.5135320
vt 0.1741010 0.5127450
f 1690/10066/1690 1800/10067/1800 1762/10068/1762
vt 0.9024350 0.5466020
vt 0.8991810 0.5449480
vt 0.9003280 0.5428260
f 1629/10069/1629 1726/10070/1726 1741/10071/1741
vt 0.0816120 0.8903900
vt 0.0805460 0.8921600
vt 0.0806380 0.8897100
f 1832/10072/1832 1684/10073/1684 1705/10074/1705
vt 0.9072670 0.6930370
vt 0.9051210 0.6913430
f 1718/10049/1718 1773/10075/1773 1767/10076/1767
vt 0.4491300 0.2626050
vt 0.4500700 0.2618790
vt 0.4501010 0.2635650
f 1686/10077/1686 1754/10078/1754 1761/10079/1761
vt 0.0166600 0.0495900
vt 0.0168090 0.0518850
f 1749/10080/1749 1746/10053/1746 1775/10081/1775
vt 0.1157660 0.8832020
vt 0.1149300 0.8886060
vt 0.1103550 0.8839340
f 1646/10082/1646 1751/10083/1751 1705/10084/1705
vt 0.6206000 0.4953620
vt 0.6184970 0.4962110
vt 0.6194120 0.4950420
f 1739/10085/1739 1735/10086/1735 1759/10087/1759
vt 0.4852240 0.3202100
vt 0.4847940 0.3233940
vt 0.4827720 0.3216050
f 1715/10088/1715 1745/10089/1745 1772/10090/1772
vt 0.9094340 0.7136520
vt 0.9077060 0.7112310
vt 0.9108800 0.7094160
f 1752/10091/1752 1773/10092/1773 1718/10093/1718
vt 0.6175920 0.4959650
vt 0.6177040 0.4949540
vt 0.6186240 0.4952090
f 1735/10094/1735 1764/10095/1764 1759/10096/1759
vt 0.0851920 0.7175460
vt 0.0853580 0.7167680
vt 0.0859650 0.7170960
f 1689/10097/1689 1717/10098/1717 1802/10099/1802
vt 0.4279650 0.2182490
vt 0.4270600 0.2239230
vt 0.4213860 0.2222390
f 1658/10100/1658 1670/10101/1670 1778/10102/1778
vt 0.9099470 0.7212750
vt 0.9099330 0.7234330
vt 0.9088850 0.7228600
f 1752/10103/1752 1729/10104/1729 1790/10105/1790
vt 0.0208850 0.8931260
vt 0.0211700 0.8906100
vt 0.0227570 0.8922170
f 1729/10106/1729 1738/10107/1738 1790/10108/1790
vt 0.5241120 0.0052060
vt 0.5233790 0.0036020
vt 0.5258410 0.0039550
f 1806/10109/1806 1753/10110/1753 1793/10111/1793
vt 0.4468380 0.2642420
vt 0.4491940 0.2660710
vt 0.4470860 0.2656990
f 1686/10112/1686 1761/10113/1761 1737/10114/1737
vt 0.0049860 0.2183930
vt 0.0064460 0.2219000
vt 0.0034340 0.2215690
f 1771/10115/1771 1826/10116/1826 1765/10117/1765
vt 0.0091770 0.2117800
vt 0.0109790 0.2101380
vt 0.0107570 0.2139790
f 1765/10118/1765 1795/10119/1795 1771/10120/1771
vt 0.6339230 0.6426160
vt 0.6379560 0.6442140
vt 0.6337070 0.6456520
f 1723/10121/1723 1730/10122/1730 1770/10123/1770
vt 0.0872730 0.1629210
vt 0.0894460 0.1637640
vt 0.0863960 0.1658730
f 1756/10124/1756 1750/10125/1750 1791/10126/1791
vt 0.4793650 0.3222090
vt 0.4795430 0.3245520
vt 0.4772430 0.3255670
f 1715/10127/1715 1772/10128/1772 1730/10129/1730
vt 0.6200840 0.4937230
vt 0.6196050 0.4933180
vt 0.6209100 0.4925070
f 1759/10130/1759 1764/10131/1764 1783/10132/1783
vt 0.0936700 0.1655450
vt 0.0929320 0.1669320
vt 0.0919650 0.1666400
f 1750/10133/1750 1759/10134/1759 1791/10135/1791
vt 0.6876250 0.0246370
vt 0.6849130 0.0190210
vt 0.6897630 0.0211260
f 1692/10136/1692 1781/10137/1781 1726/10138/1726
vt 0.5877540 0.9387830
vt 0.5946850 0.9399230
vt 0.5882030 0.9440100
f 1792/10139/1792 1795/10140/1795 1765/10141/1765
vt 0.6085660 0.4985000
vt 0.6078730 0.4978480
vt 0.6085860 0.4978450
f 1735/10142/1735 1749/10143/1749 1764/10144/1764
vt 0.0266400 0.8713390
vt 0.0264590 0.8680380
vt 0.0298900 0.8702960
f 1738/10145/1738 1740/10146/1740 1810/10147/1810
vt 0.3324170 0.1638270
vt 0.3301250 0.1609660
vt 0.3323130 0.1601140
f 1747/10148/1747 1815/10149/1815 1755/10150/1755
vt 0.0226590 0.8774980
vt 0.0264070 0.8778790
vt 0.0233060 0.8809420
f 1738/10151/1738 1810/10152/1810 1790/10153/1790
vt 0.8088020 0.9620330
vt 0.8071370 0.9625640
vt 0.8079620 0.9609310
f 1756/10154/1756 1791/10155/1791 1769/10156/1769
vt 0.9413210 0.7893720
vt 0.9387760 0.7929690
vt 0.9364850 0.7890760
f 1537/10157/1537 1785/10158/1785 1593/10159/1593
vt 0.4804110 0.3300370
vt 0.4793160 0.3310170
vt 0.4795070 0.3285690
f 1772/10160/1772 1779/10161/1779 1730/10162/1730
vt 0.0183510 0.7628350
vt 0.0175620 0.7599130
vt 0.0187540 0.7597610
f 1634/10163/1634 1820/10164/1820 1854/10165/1854
vt 0.4864940 0.0768550
vt 0.4900620 0.0794590
vt 0.4863210 0.0811420
f 1670/10166/1670 1724/10167/1724 1757/10168/1757
vt 0.4785740 0.3323860
vt 0.4797450 0.3316160
vt 0.4790120 0.3326090
f 1779/10169/1779 1772/10170/1772 1782/10171/1782
vt 0.0067310 0.0572080
vt 0.0086260 0.0587000
vt 0.0058420 0.0593400
f 1749/10172/1749 1775/10173/1775 1764/10174/1764
vt 0.6955040 0.4396660
vt 0.6920810 0.4402180
vt 0.6924780 0.4377350
f 1744/10175/1744 1824/10176/1824 1679/10177/1679
vt 0.3478640 0.1586210
vt 0.3465520 0.1591100
vt 0.3465710 0.1569800
f 1760/10178/1760 1755/10179/1755 1789/10180/1789
vt 0.5642620 0.4266550
vt 0.5661790 0.4225870
vt 0.5708050 0.4256570
f 1706/10181/1706 1806/10182/1806 1829/10183/1829
vt 0.4488360 0.2681030
f 1737/10114/1737 1761/10113/1761 1856/10184/1856
vt 0.4324010 0.2723590
vt 0.4369100 0.2708520
vt 0.4350230 0.2739650
f 1780/10185/1780 1686/10186/1686 1737/10187/1737
vt 0.0920320 0.6673040
vt 0.0895560 0.6679450
vt 0.0899280 0.6661770
f 1912/10188/1912 1865/10189/1865 1701/10190/1701
vt 0.0783720 0.2134760
vt 0.0750230 0.2183140
vt 0.0733470 0.2145150
f 1780/10191/1780 1834/10192/1834 1733/10193/1733
vt 0.0951170 0.1688430
vt 0.0961780 0.1695100
vt 0.0942110 0.1699450
f 1759/10194/1759 1783/10195/1783 1791/10196/1791
vt 0.4540120 0.2642840
vt 0.4565820 0.2647090
vt 0.4554080 0.2654440
f 1761/10197/1761 1754/10198/1754 1812/10199/1812
vt 0.4774680 0.3305990
vt 0.4756400 0.3312850
vt 0.4764920 0.3298470
f 1779/10200/1779 1777/10201/1777 1730/10202/1730
vt 0.5835990 0.9075650
vt 0.5826360 0.9097120
vt 0.5813720 0.9083890
f 1776/10203/1776 1752/10204/1752 1790/10205/1790
vt 0.6413740 0.6481760
vt 0.6403870 0.6503960
vt 0.6380650 0.6504920
f 1730/10206/1730 1777/10207/1777 1770/10208/1770
vt 0.0197380 0.7796500
vt 0.0125530 0.7816820
vt 0.0134390 0.7757130
f 1634/10209/1634 1639/10210/1639 1820/10211/1820
vt 0.4756160 0.3356730
vt 0.4745350 0.3365620
vt 0.4737410 0.3344070
f 1779/10212/1779 1788/10213/1788 1777/10214/1777
vt 0.3386130 0.9375910
vt 0.3373500 0.9356020
vt 0.3405190 0.9363360
f 1593/10215/1593 1866/10216/1866 1841/10217/1841
vt 0.0878290 0.6656580
vt 0.0873040 0.6674460
vt 0.0860320 0.6673920
f 1701/10218/1701 1865/10219/1865 1697/10220/1697
vt 0.0989540 0.7274370
vt 0.0969260 0.7253290
vt 0.0997720 0.7254260
f 1682/10221/1682 1734/10222/1734 1722/10223/1722
vt 0.4137440 0.0456520
vt 0.4111900 0.0421600
vt 0.4156450 0.0444890
f 1785/10224/1785 1741/10225/1741 1726/10226/1726
vt 0.7858220 0.8308600
vt 0.7866730 0.8359060
vt 0.7830650 0.8343200
f 1672/10227/1672 1778/10228/1778 1740/10229/1740
vt 0.6053370 0.4934490
vt 0.6045760 0.4927800
vt 0.6055250 0.4924960
f 1764/10230/1764 1775/10231/1775 1797/10232/1797
vt 0.0752540 0.5312700
vt 0.0793700 0.5351140
vt 0.0762420 0.5347960
f 1691/10233/1691 1801/10234/1801 1757/10235/1757
vt 0.6802130 0.3206290
vt 0.6838660 0.3195020
vt 0.6826210 0.3216750
f 1563/10236/1563 1811/10237/1811 1817/10238/1817
vt 0.4759690 0.3365630
vt 0.4771700 0.3366550
vt 0.4753160 0.3380640
f 1779/10239/1779 1782/10240/1782 1788/10241/1788
vt 0.4987910 0.3243690
vt 0.4980440 0.3257910
vt 0.4963480 0.3246110
f 1767/10242/1767 1787/10243/1787 1745/10244/1745
vt 0.1919410 0.3125020
vt 0.1915330 0.3101240
vt 0.1933940 0.3079000
f 1903/10245/1903 1720/10246/1720 1748/10247/1748
vt 0.9005910 0.6980320
vt 0.8997030 0.6973180
vt 0.9014940 0.6969820
f 1773/10248/1773 1784/10249/1784 1767/10250/1767
vt 0.3635550 0.9754320
vt 0.3667150 0.9774600
vt 0.3643250 0.9777540
f 1742/10251/1742 1838/10252/1838 1698/10253/1698
vt 0.9351030 0.7926150
vt 0.9333750 0.7911890
f 1593/10159/1593 1785/10254/1785 1866/10255/1866
vt 0.0714620 0.5513460
vt 0.0736880 0.5484400
vt 0.0742030 0.5527890
f 1724/10256/1724 1691/10257/1691 1757/10258/1757
vt 0.8074790 0.9546820
vt 0.8050520 0.9549990
vt 0.8053980 0.9523620
f 1769/10259/1769 1808/10260/1808 1713/10261/1713
vt 0.6205500 0.4892330
vt 0.6189730 0.4897230
vt 0.6204880 0.4870190
f 1783/10262/1783 1764/10263/1764 1797/10264/1797
vt 0.8974420 0.6932570
vt 0.8983260 0.6929670
vt 0.8984510 0.6936750
f 1765/10265/1765 1767/10266/1767 1784/10267/1784
vt 0.8949210 0.6971320
vt 0.8965580 0.6987590
vt 0.8953030 0.7010740
f 1765/10268/1765 1784/10269/1784 1792/10270/1792
vt 0.0339320 0.8912150
vt 0.0354510 0.8893480
vt 0.0369700 0.8906520
f 1776/10271/1776 1790/10272/1790 1796/10273/1796
vt 0.4901520 0.3269480
vt 0.4918250 0.3258050
vt 0.4921480 0.3288010
f 1772/10274/1772 1745/10275/1745 1835/10276/1835
vt 0.4958400 0.3252880
vt 0.4969950 0.3259270
vt 0.4961440 0.3267310
f 1745/10277/1745 1787/10278/1787 1835/10279/1835
vt 0.2866860 0.5929600
vt 0.2846670 0.5899870
vt 0.2867700 0.5900220
f 1770/10280/1770 1821/10281/1821 1721/10282/1721
vt 0.0733910 0.0635880
vt 0.0747020 0.0642030
vt 0.0743100 0.0643640
f 1765/10283/1765 1787/10284/1787 1767/10285/1767
vt 0.4570290 0.2669600
vt 0.4576180 0.2682180
vt 0.4568840 0.2679460
f 1812/10286/1812 1822/10287/1822 1761/10288/1761
vt 0.1895180 0.3195120
vt 0.1930770 0.3199160
vt 0.1933900 0.3220720
f 1720/10289/1720 1903/10290/1903 1766/10291/1766
vt 0.6025760 0.9285520
vt 0.6029030 0.9272820
vt 0.6060690 0.9284110
f 1792/10292/1792 1842/10293/1842 1795/10294/1795
vt 0.6045140 0.9873290
vt 0.6053670 0.9899830
vt 0.6017380 0.9885710
f 1826/10295/1826 1787/10296/1787 1765/10297/1765
vt 0.0906810 0.7163360
vt 0.0913860 0.7160540
vt 0.0918480 0.7167790
f 1802/10298/1802 1844/10299/1844 1734/10300/1734
vt 0.2783710 0.6065860
vt 0.2774410 0.6051110
vt 0.2805110 0.6045430
f 1770/10301/1770 1777/10302/1777 1821/10303/1821
vt 0.8048560 0.9600260
vt 0.8044710 0.9611410
vt 0.8041900 0.9601530
f 1769/10304/1769 1791/10305/1791 1808/10306/1808
vt 0.5862840 0.9178240
vt 0.5885710 0.9191980
vt 0.5859510 0.9186690
f 1752/10307/1752 1833/10308/1833 1773/10309/1773
vt 0.2249200 0.0526160
vt 0.2282870 0.0527630
vt 0.2254120 0.0548780
f 1747/10310/1747 1743/10311/1743 1815/10312/1815
vt 0.4825900 0.3313930
vt 0.4830860 0.3326050
vt 0.4810890 0.3342330
f 1772/10313/1772 1864/10314/1864 1782/10315/1782
vt 0.6842050 0.4382630
vt 0.6818450 0.4409330
vt 0.6808390 0.4385610
f 1824/10316/1824 1863/10317/1863 1803/10318/1803
vt 0.5865680 0.9148810
vt 0.5890500 0.9134180
vt 0.5889030 0.9157400
f 1752/10319/1752 1776/10320/1776 1833/10321/1833
vt 0.4552300 0.2578300
vt 0.4554860 0.2565210
vt 0.4568280 0.2567950
f 1754/10322/1754 1728/10323/1728 1807/10324/1807
vt 0.7540150 0.8512650
vt 0.7550850 0.8507600
vt 0.7548550 0.8518140
f 1796/10325/1796 1810/10326/1810 1798/10327/1798
vt 0.6883720 0.4374490
vt 0.6875740 0.4386860
vt 0.6868810 0.4380500
f 1679/10328/1679 1824/10329/1824 1803/10330/1803
vt 0.6107090 0.9810590
vt 0.6133380 0.9753340
vt 0.6155890 0.9772950
f 1826/10331/1826 1771/10332/1771 1799/10333/1799
vt 0.5901860 0.9009220
vt 0.5915410 0.9002360
vt 0.5912930 0.9017340
f 1776/10334/1776 1796/10335/1796 1857/10336/1857
vt 0.3349530 0.1553910
vt 0.3334450 0.1540770
vt 0.3380690 0.1534870
f 1755/10337/1755 1815/10338/1815 1789/10339/1789
vt 0.5536150 0.4073030
vt 0.5565620 0.4032530
vt 0.5592780 0.4070950
f 1806/10340/1806 1793/10341/1793 1829/10342/1829
vt 0.0379490 0.8888390
vt 0.0374060 0.8863220
vt 0.0396030 0.8874860
f 1796/10343/1796 1790/10344/1790 1810/10345/1810
vt 0.3616490 0.9807940
vt 0.3644200 0.9821810
vt 0.3624970 0.9834220
f 1698/10346/1698 1838/10347/1838 1793/10348/1793
vt 0.2746090 0.6035200
vt 0.2744300 0.6021140
vt 0.2754510 0.6019240
f 1788/10349/1788 1846/10350/1846 1777/10351/1777
vt 0.2861840 0.5834070
vt 0.2851000 0.5811800
vt 0.2875160 0.5803050
f 1721/10352/1721 1801/10353/1801 1768/10354/1768
vt 0.4579650 0.2608360
vt 0.4579200 0.2578460
vt 0.4586850 0.2598800
f 1754/10355/1754 1807/10356/1807 1812/10357/1812
vt 0.5881680 0.9199240
f 1773/10309/1773 1833/10308/1833 1784/10358/1784
vt 0.5879400 0.9075630
vt 0.5914880 0.9062860
vt 0.5885050 0.9100670
f 1776/10359/1776 1857/10360/1857 1833/10361/1833
vt 0.3614450 0.9825620
vt 0.3618930 0.9837460
vt 0.3604890 0.9827250
f 1698/10362/1698 1793/10363/1793 1753/10364/1753
vt 0.4732400 0.4305640
vt 0.4703260 0.4337380
vt 0.4709320 0.4309130
f 1771/10365/1771 1902/10366/1902 1799/10367/1799
vt 0.6077530 0.9900010
vt 0.6078450 0.9918940
vt 0.6072440 0.9919450
f 1826/10368/1826 1835/10369/1835 1787/10370/1787
vt 0.2015290 0.0652540
vt 0.2006750 0.0681690
vt 0.1995390 0.0669480
f 1783/10371/1783 1794/10372/1794 1791/10373/1791
vt 0.2032930 0.0676450
vt 0.2017910 0.0684690
f 1797/10374/1797 1794/10375/1794 1783/10371/1783
vt 0.3714800 0.6150730
vt 0.3707040 0.6162400
vt 0.3701210 0.6154060
f 1722/10376/1722 1823/10377/1823 1743/10378/1743
vt 0.3774320 0.6151550
vt 0.3762160 0.6171330
vt 0.3757600 0.6159550
f 1722/10379/1722 1734/10380/1734 1823/10381/1823
vt 0.4559220 0.2690870
vt 0.4577740 0.2698020
vt 0.4560290 0.2721890
f 1761/10382/1761 1822/10383/1822 1856/10384/1856
vt 0.2724780 0.6041280
vt 0.2699050 0.6046150
vt 0.2715700 0.6021200
f 1788/10385/1788 1782/10386/1782 1846/10387/1846
vt 0.7734720 0.8356010
vt 0.7732140 0.8422910
vt 0.7693500 0.8400640
f 1740/10388/1740 1778/10389/1778 1810/10390/1810
vt 0.4202530 0.2924250
vt 0.4232720 0.2946330
vt 0.4210520 0.2977630
f 1780/10391/1780 1813/10392/1813 1834/10393/1834
vt 0.2734420 0.5976050
vt 0.2734110 0.5969300
vt 0.2749040 0.5971160
f 1846/10394/1846 1828/10395/1828 1821/10396/1821
vt 0.4859760 0.3293340
vt 0.4892310 0.3299800
vt 0.4863770 0.3341490
f 1772/10397/1772 1835/10398/1835 1864/10399/1864
vt 0.1996880 0.0683600
vt 0.1987800 0.0681510
f 1791/10373/1791 1794/10400/1794 1804/10401/1804
vt 0.5897720 0.9241050
vt 0.5898120 0.9219660
vt 0.5906020 0.9213530
f 1792/10402/1792 1784/10403/1784 1833/10404/1833
vt 0.2754240 0.5984720
vt 0.2763850 0.5968320
vt 0.2764700 0.5983470
f 1846/10405/1846 1821/10406/1821 1777/10407/1777
vt 0.8012820 0.9603060
vt 0.8002170 0.9592350
vt 0.8011690 0.9592720
f 1791/10408/1791 1804/10409/1804 1808/10410/1808
vt 0.7592650 0.8519720
vt 0.7585780 0.8482390
vt 0.7610820 0.8500250
f 1798/10411/1798 1810/10412/1810 1814/10413/1814
vt 0.2828380 0.5837830
vt 0.2802550 0.5795780
vt 0.2830940 0.5812910
f 1721/10414/1721 1821/10415/1821 1801/10416/1801
vt 0.1781750 0.5024310
vt 0.1753860 0.5036570
vt 0.1757390 0.5009650
f 1898/10417/1898 1762/10418/1762 1848/10419/1848
vt 0.6008990 0.3031600
vt 0.5997150 0.2991610
vt 0.6012520 0.2998400
f 1826/10420/1826 1799/10421/1799 1843/10422/1843
vt 0.4697020 0.8996410
vt 0.4668800 0.9006570
vt 0.4687770 0.8954870
f 1795/10423/1795 1842/10424/1842 1907/10425/1907
vt 0.3748900 0.9722410
vt 0.3761010 0.9708410
vt 0.3765020 0.9726120
f 1742/10426/1742 1766/10427/1766 1852/10428/1852
vt 0.3791420 0.6187030
vt 0.3769970 0.6199340
f 1734/10380/1734 1844/10429/1844 1823/10430/1823
vt 0.0910280 0.7125820
vt 0.0918320 0.7119730
vt 0.0915360 0.7129950
f 1802/10431/1802 1827/10432/1827 1844/10433/1844
vt 0.8379620 0.8035990
vt 0.8375090 0.8046260
vt 0.8371360 0.8040000
f 1798/10434/1798 1814/10435/1814 1805/10436/1805
vt 0.4946280 0.4442730
vt 0.4976150 0.4450660
vt 0.4956470 0.4471430
f 1771/10437/1771 1795/10438/1795 1875/10439/1875
vt 0.0901170 0.7100910
vt 0.0899090 0.7068630
vt 0.0918470 0.7091360
f 1717/10440/1717 1656/10441/1656 1827/10442/1827
vt 0.8013440 0.9520130
vt 0.8011610 0.9528230
vt 0.8008450 0.9517630
f 1713/10443/1713 1808/10444/1808 1763/10445/1763
vt 0.2003670 0.4982430
vt 0.1937210 0.4986720
vt 0.1991260 0.4931760
f 1758/10446/1758 1644/10447/1644 1898/10448/1898
vt 0.3645030 0.6171290
vt 0.3635580 0.6201110
vt 0.3626840 0.6194470
f 1743/10449/1743 1823/10450/1823 1815/10451/1815
vt 0.0704870 0.2140410
vt 0.0680180 0.2169020
vt 0.0677200 0.2148700
f 1733/10452/1733 1834/10453/1834 1781/10454/1781
vt 0.7055990 0.4768940
vt 0.7030250 0.4791310
vt 0.7017870 0.4769720
f 1732/10455/1732 1809/10456/1809 1859/10457/1859
vt 0.8401270 0.7987200
vt 0.8394280 0.7990050
vt 0.8398090 0.7975070
f 1796/10458/1796 1798/10459/1798 1818/10460/1818
vt 0.6868290 0.3192610
vt 0.6885230 0.3200390
vt 0.6865960 0.3212790
f 1811/10461/1811 1929/10462/1929 1817/10463/1817
vt 0.0910350 0.7115610
vt 0.0903380 0.7109550
vt 0.0918890 0.7108830
f 1802/10464/1802 1717/10465/1717 1827/10466/1827
vt 0.0344900 0.0552200
vt 0.0390380 0.0595010
vt 0.0346460 0.0628660
f 1746/10467/1746 1913/10468/1913 1775/10469/1775
vt 0.2025880 0.4942770
f 1758/10446/1758 1898/10448/1898 1786/10470/1786
vt 0.0105540 0.7908960
vt 0.0072270 0.7904070
vt 0.0099420 0.7852950
f 1819/10471/1819 1820/10472/1820 1639/10473/1639
vt 0.2710530 0.5978170
vt 0.2689140 0.5998470
vt 0.2677560 0.5953950
f 1846/10474/1846 1882/10475/1882 1828/10476/1828
vt 0.4222270 0.2487710
vt 0.4170600 0.2467410
vt 0.4211260 0.2413210
f 1670/10477/1670 1869/10478/1869 1778/10479/1778
vt 0.5964980 0.9210750
vt 0.5957230 0.9181980
vt 0.6004920 0.9193070
f 1792/10480/1792 1833/10481/1833 1842/10482/1842
vt 0.0518280 0.1979620
vt 0.0500550 0.2047690
vt 0.0438410 0.1982320
f 1781/10483/1781 1834/10484/1834 1726/10485/1726
vt 0.2081580 0.9376440
vt 0.2048910 0.9357250
vt 0.2082540 0.9342380
f 1774/10486/1774 1904/10487/1904 1716/10488/1716
vt 0.3531710 0.9300730
vt 0.3519050 0.9283950
vt 0.3526860 0.9275640
f 1809/10489/1809 1841/10490/1841 1870/10491/1870
vt 0.6987420 0.4994170
vt 0.6982480 0.4979950
vt 0.6988870 0.4974240
f 1812/10492/1812 1878/10493/1878 1822/10494/1822
vt 0.3747660 0.9752660
vt 0.3755870 0.9777990
vt 0.3728990 0.9776090
f 1742/10495/1742 1852/10496/1852 1838/10497/1838
vt 0.6831270 0.3246480
vt 0.6877090 0.3291380
vt 0.6855540 0.3309660
f 1563/10498/1563 1817/10499/1817 2031/10500/2031
vt 0.1957040 0.3140840
vt 0.1999840 0.3138780
vt 0.1985080 0.3169320
f 1748/10501/1748 1943/10502/1943 1903/10503/1903
vt 0.4468630 0.2742540
vt 0.4464640 0.2765510
vt 0.4437570 0.2753740
f 1856/10504/1856 1813/10505/1813 1737/10506/1737
vt 0.6126300 0.3258250
vt 0.6150560 0.3225960
vt 0.6165310 0.3258160
f 1782/10507/1782 1864/10508/1864 1867/10509/1867
vt 0.8367870 0.8010750
vt 0.8359750 0.7993940
vt 0.8376670 0.7991810
f 1805/10510/1805 1818/10511/1818 1798/10512/1798
vt 0.6016370 0.2958890
vt 0.6034980 0.2949980
vt 0.6026800 0.2964680
f 1799/10513/1799 1825/10514/1825 1843/10515/1843
vt 0.4600220 0.8987370
vt 0.4581490 0.8962120
vt 0.4623670 0.8939880
f 1842/10516/1842 1914/10517/1914 1907/10518/1907
vt 0.3506430 0.6212130
vt 0.3506910 0.6244510
vt 0.3482370 0.6231780
f 1815/10519/1815 1862/10520/1862 1789/10521/1789
vt 0.0098310 0.7977600
vt 0.0061340 0.7972800
vt 0.0064890 0.7934550
f 1819/10522/1819 1906/10523/1906 1820/10524/1820
vt 0.1614010 0.5106640
vt 0.1573960 0.5056710
vt 0.1636430 0.5040600
f 1685/10525/1685 2048/10526/2048 1800/10527/1800
vt 0.4749000 0.8898570
vt 0.4726960 0.8877290
vt 0.4763890 0.8877800
f 1795/10528/1795 1907/10529/1907 1875/10530/1875
vt 0.0569940 0.0481070
vt 0.0601900 0.0500000
vt 0.0568220 0.0514450
f 1716/10531/1716 1904/10532/1904 1913/10533/1913
vt 0.7045170 0.4887430
vt 0.7056920 0.4895350
vt 0.7037800 0.4899150
f 1809/10534/1809 1870/10535/1870 1878/10536/1878
vt 0.7986600 0.1413790
vt 0.7965210 0.1394810
vt 0.8006290 0.1376870
f 1793/10537/1793 1899/10538/1899 1829/10539/1829
vt 0.4566690 0.2475550
vt 0.4588170 0.2454370
vt 0.4590910 0.2477760
f 1728/10540/1728 1706/10541/1706 1877/10542/1877
vt 0.4904100 0.4443400
vt 0.4926450 0.4481410
vt 0.4902190 0.4489020
f 1771/10543/1771 1875/10544/1875 1893/10545/1893
vt 0.8466330 0.9769600
vt 0.8457180 0.9761460
vt 0.8468400 0.9753760
f 1774/10546/1774 1803/10547/1803 1874/10548/1874
vt 0.4670070 0.6394040
vt 0.4675860 0.6345850
vt 0.4690330 0.6382500
f 1697/10549/1697 1865/10550/1865 1931/10551/1931
vt 0.4356330 0.6126440
vt 0.4365090 0.6048110
vt 0.4407750 0.6099740
f 1725/10552/1725 1888/10553/1888 1900/10554/1900
vt 0.4307260 0.6004640
vt 0.4303350 0.5968790
vt 0.4345900 0.5996710
f 1725/10555/1725 1758/10556/1758 1888/10557/1888
vt 0.4571050 0.2504640
vt 0.4597060 0.2512270
f 1728/10558/1728 1877/10542/1877 1807/10559/1807
vt 0.0863940 0.5515660
vt 0.0885570 0.5473170
vt 0.0915420 0.5508210
f 1757/10560/1757 1801/10561/1801 1869/10562/1869
vt 0.7714400 0.8507020
vt 0.7760410 0.8538670
vt 0.7714810 0.8526840
f 1810/10563/1810 1778/10564/1778 1814/10565/1814
vt 0.8308620 0.8087160
vt 0.8335800 0.8100400
vt 0.8307230 0.8113800
f 1805/10566/1805 1814/10567/1814 1860/10568/1860
vt 0.2648070 0.5828260
vt 0.2647240 0.5810450
vt 0.2662430 0.5819610
f 1828/10569/1828 1836/10570/1836 1821/10571/1821
vt 0.6060550 0.3101540
vt 0.6102330 0.3101460
vt 0.6076140 0.3125270
f 1826/10572/1826 1845/10573/1845 1835/10574/1835
vt 0.6960820 0.4992330
vt 0.6935060 0.4977970
vt 0.6950210 0.4966250
f 1812/10575/1812 1871/10576/1871 1878/10577/1878
vt 0.2734310 0.5772360
vt 0.2718530 0.5763170
vt 0.2759530 0.5745260
f 1821/10578/1821 1836/10579/1836 1801/10580/1801
vt 0.1333210 0.7873540
vt 0.1301300 0.7819580
vt 0.1336200 0.7803400
f 1885/10581/1885 1816/10582/1816 1977/10583/1977
vt 0.4376440 0.2791340
vt 0.4394010 0.2817350
vt 0.4369010 0.2822660
f 1737/10584/1737 1813/10585/1813 1780/10586/1780
vt 0.1706790 0.5028730
vt 0.1690970 0.5023870
vt 0.1701210 0.5009200
f 1762/10587/1762 1800/10588/1800 1848/10589/1848
vt 0.8262950 0.8089170
vt 0.8275350 0.8121400
vt 0.8253760 0.8100790
f 1805/10590/1805 1860/10591/1860 1840/10592/1840
vt 0.2634240 0.5814190
vt 0.2633360 0.5809970
f 1828/10593/1828 1837/10594/1837 1836/10570/1836
vt 0.4989460 0.0946280
vt 0.5005190 0.1005250
vt 0.4957010 0.0998830
f 1757/10595/1757 1869/10596/1869 1670/10597/1670
vt 0.8444300 0.9752170
vt 0.8414570 0.9736470
vt 0.8442640 0.9737140
f 1803/10598/1803 1863/10599/1863 1874/10600/1874
vt 0.6100930 0.3052710
vt 0.6130610 0.3037520
vt 0.6115850 0.3065240
f 1826/10601/1826 1843/10602/1843 1845/10603/1845
vt 0.1035790 0.7855180
vt 0.1040370 0.7837670
vt 0.1045880 0.7846210
f 1808/10604/1808 1933/10605/1933 1763/10606/1763
vt 0.7008710 0.4678390
vt 0.6994240 0.4694030
vt 0.6969450 0.4668570
f 1744/10607/1744 1839/10608/1839 1859/10609/1859
vt 0.4708370 0.2626810
vt 0.4692360 0.2609470
vt 0.4710400 0.2614500
f 1812/10610/1812 1807/10611/1807 1871/10612/1871
vt 0.4340950 0.5959530
f 1758/10556/1758 1786/10613/1786 1888/10557/1888
vt 0.0061990 0.8033190
vt 0.0035140 0.8026540
vt 0.0064050 0.8019330
f 1736/10614/1736 1906/10615/1906 1819/10616/1819
vt 0.3583150 0.6244170
vt 0.3610710 0.6222360
vt 0.3610890 0.6254040
f 1815/10617/1815 1823/10618/1823 1862/10619/1862
vt 0.8517060 0.9810510
vt 0.8522630 0.9804690
vt 0.8526920 0.9834910
f 1774/10620/1774 1831/10621/1831 1904/10622/1904
vt 0.4795570 0.4406260
vt 0.4764720 0.4452220
vt 0.4754960 0.4418360
f 1771/10623/1771 1893/10624/1893 1902/10625/1902
vt 0.6016450 0.9156110
vt 0.5980200 0.9126450
vt 0.6005610 0.9118250
f 1842/10626/1842 1833/10627/1833 1857/10628/1857
vt 0.7027620 0.4916330
vt 0.7038280 0.4942700
vt 0.7023360 0.4926570
f 1878/10629/1878 1870/10630/1870 1822/10631/1822
vt 0.3808660 0.9730340
vt 0.3806950 0.9722360
vt 0.3815080 0.9723200
f 1852/10632/1852 1766/10633/1766 1851/10634/1851
vt 0.9836240 0.1078580
vt 0.9829620 0.1078810
vt 0.9837340 0.1072510
f 1837/10635/1837 1850/10636/1850 1836/10637/1836
vt 0.7534870 0.4650320
vt 0.7521420 0.4668990
vt 0.7519120 0.4665550
f 1782/10638/1782 1867/10639/1867 1880/10640/1880
vt 0.2677420 0.6061480
vt 0.2661300 0.6064150
vt 0.2688650 0.6035230
f 1782/10641/1782 1880/10642/1880 1846/10643/1846
vt 0.7003800 0.4735950
vt 0.6985960 0.4734830
vt 0.6993310 0.4720670
f 1732/10644/1732 1859/10645/1859 1839/10646/1839
vt 0.0101970 0.1287260
vt 0.0112040 0.1316750
vt 0.0069110 0.1326120
f 1804/10647/1804 1794/10648/1794 1969/10649/1969
vt 0.2626600 0.5854330
vt 0.2612280 0.5877310
vt 0.2603960 0.5842420
f 1828/10650/1828 1882/10651/1882 1837/10652/1837
vt 0.8514080 0.9754830
vt 0.8505210 0.9739580
vt 0.8524210 0.9741980
f 1774/10653/1774 1874/10654/1874 1831/10655/1831
vt 0.6845510 0.4483410
vt 0.6819070 0.4499080
vt 0.6821780 0.4481120
f 1824/10656/1824 1744/10657/1744 1863/10658/1863
vt 0.6898450 0.3325870
f 2031/10500/2031 1817/10499/1817 1897/10659/1897
vt 0.7009600 0.4825560
vt 0.6951050 0.4830370
vt 0.6983740 0.4801740
f 1809/10660/1809 1905/10661/1905 1859/10662/1859
vt 0.3817650 0.9686860
vt 0.3817620 0.9672220
vt 0.3839100 0.9667680
f 1851/10663/1851 1766/10664/1766 1903/10665/1903
vt 0.7506280 0.8587060
vt 0.7485140 0.8608420
vt 0.7476880 0.8590360
f 1818/10666/1818 1857/10667/1857 1796/10668/1796
vt 0.1031670 0.7839130
vt 0.1033890 0.7828760
f 1933/10605/1933 1808/10669/1808 1944/10670/1944
vt 0.8154120 0.8107710
vt 0.8170540 0.8103540
vt 0.8141710 0.8120330
f 1847/10671/1847 1840/10672/1840 1860/10673/1860
vt 0.7883010 0.0844400
vt 0.7879930 0.0858180
vt 0.7843590 0.0843240
f 1807/10674/1807 1879/10675/1879 1871/10676/1871
vt 0.8365210 0.8185190
vt 0.8327010 0.8172080
vt 0.8338840 0.8154250
f 1778/10677/1778 1860/10678/1860 1814/10679/1814
vt 0.8410690 0.8325990
vt 0.8376530 0.8328950
vt 0.8382250 0.8291000
f 1778/10680/1778 1869/10681/1869 1860/10682/1860
vt 0.7906820 0.0844330
vt 0.7918110 0.0871390
f 1807/10683/1807 1877/10684/1877 1879/10675/1879
vt 0.3723300 0.6240740
vt 0.3738570 0.6259940
vt 0.3709520 0.6259100
f 1823/10685/1823 1844/10686/1844 1862/10687/1862
vt 0.0476670 0.2210300
vt 0.0430670 0.2270500
vt 0.0413960 0.2219600
f 1834/10688/1834 1883/10689/1883 1726/10690/1726
vt 0.9689560 0.0360760
vt 0.9662820 0.0358130
vt 0.9683980 0.0324730
f 1850/10691/1850 1837/10692/1837 1894/10693/1894
vt 0.7516900 0.4654630
vt 0.7513940 0.4660530
vt 0.7508960 0.4661500
f 1846/10694/1846 1880/10695/1880 1882/10696/1882
vt 0.8041360 0.8099630
vt 0.8049190 0.8107500
vt 0.8027000 0.8106980
f 1847/10697/1847 1849/10698/1849 1850/10699/1850
vt 0.8058660 0.8083800
vt 0.8051100 0.8079960
vt 0.8075570 0.8069820
f 1850/10700/1850 1894/10701/1894 1847/10702/1847
vt 0.6101220 0.3133910
vt 0.6130590 0.3149130
vt 0.6109970 0.3154960
f 1835/10703/1835 1845/10704/1845 1864/10705/1864
vt 0.3293710 0.0594090
vt 0.3292880 0.0605030
vt 0.3286780 0.0592300
f 1852/10706/1852 1851/10707/1851 1858/10708/1858
vt 0.1134430 0.0084030
vt 0.1075530 0.0061510
vt 0.1134430 0.0020580
f 1785/10709/1785 1883/10710/1883 1866/10711/1866
vt 0.4486390 0.8963840
vt 0.4461700 0.8955470
vt 0.4486100 0.8953060
f 1853/10712/1853 1914/10713/1914 1842/10714/1842
vt 0.9590250 0.0350400
vt 0.9589080 0.0335390
vt 0.9601990 0.0343910
f 1837/10715/1837 1882/10716/1882 1895/10717/1895
vt 0.3883120 0.6260270
vt 0.3881380 0.6266480
vt 0.3876130 0.6258610
f 1827/10718/1827 1861/10719/1861 1844/10720/1844
vt 0.3887660 0.1337680
vt 0.3899340 0.1332680
vt 0.3891160 0.1343340
f 1808/10721/1808 1804/10722/1804 1944/10723/1944
vt 0.3299330 0.1440370
vt 0.3273640 0.1432510
vt 0.3278780 0.1406700
f 1789/10724/1789 1862/10725/1862 1830/10726/1830
vt 0.4520850 0.9013540
vt 0.4514180 0.9026920
vt 0.4506960 0.9020410
f 1842/10727/1842 1857/10728/1857 1853/10729/1853
vt 0.8189230 0.8064390
vt 0.8180000 0.8054340
vt 0.8200850 0.8047850
f 1840/10730/1840 1847/10731/1847 1887/10732/1887
vt 0.0780050 0.6759590
vt 0.0825100 0.6722730
vt 0.0814990 0.6796110
f 1697/10733/1697 1931/10734/1931 1656/10735/1656
vt 0.9776050 0.1036160
vt 0.9751780 0.1009770
vt 0.9783900 0.1014420
f 1850/10736/1850 1849/10737/1849 1836/10738/1836
vt 0.4721040 0.7184540
vt 0.4683580 0.7185550
vt 0.4725450 0.7168470
f 1914/10739/1914 1853/10740/1853 1855/10741/1855
vt 0.7103430 0.4923080
vt 0.7115330 0.4955350
vt 0.7098090 0.4956060
f 1841/10742/1841 1889/10743/1889 1870/10744/1870
vt 0.3946010 0.6252550
vt 0.3959030 0.6251450
vt 0.3943970 0.6266620
f 1656/10745/1656 1940/10746/1940 1827/10747/1827
vt 0.8235610 0.8046290
vt 0.8210640 0.8055770
vt 0.8209170 0.8035960
f 1805/10748/1805 1840/10749/1840 1887/10750/1887
vt 0.6941550 0.4958290
vt 0.6905260 0.4964450
vt 0.6917650 0.4946270
f 1878/10751/1878 1871/10752/1871 1905/10753/1905
vt 0.8111580 0.8119270
vt 0.8135860 0.8139910
vt 0.8107520 0.8146290
f 1847/10754/1847 1860/10755/1860 1849/10756/1849
vt 0.3778600 0.6256550
vt 0.3760670 0.6286370
f 1861/10757/1861 1862/10758/1862 1844/10686/1844
vt 0.6199440 0.3058500
vt 0.6215030 0.3051060
vt 0.6223100 0.3076740
f 1845/10759/1845 1843/10760/1843 1935/10761/1935
vt 0.4686490 0.2288180
vt 0.4717660 0.2256040
vt 0.4717840 0.2325090
f 1706/10762/1706 1829/10763/1829 1892/10764/1892
vt 0.0335850 0.2310430
vt 0.0361500 0.2312210
vt 0.0336840 0.2345920
f 1726/10765/1726 1883/10766/1883 1785/10767/1785
vt 0.4466070 0.6187800
vt 0.4479320 0.6133350
vt 0.4508870 0.6142780
f 1669/10768/1669 1725/10769/1725 1900/10770/1900
vt 0.6248430 0.3148730
vt 0.6260370 0.3146440
vt 0.6274390 0.3171810
f 1845/10771/1845 1935/10772/1935 1886/10773/1886
vt 0.3257470 0.0620300
vt 0.3249460 0.0633410
vt 0.3238050 0.0609220
f 1851/10774/1851 1881/10775/1881 1858/10776/1858
vt 0.8322140 0.7951500
vt 0.8311600 0.7971950
vt 0.8315430 0.7956840
f 1818/10777/1818 1805/10778/1805 1876/10779/1876
vt 0.7038140 0.4994380
vt 0.7042080 0.4978250
vt 0.7045080 0.4994240
f 1822/10780/1822 1870/10781/1870 1856/10782/1856
vt 0.3428700 0.9186680
vt 0.3432340 0.9160110
vt 0.3457400 0.9185000
f 1841/10783/1841 1866/10784/1866 1889/10785/1889
vt 0.5686160 0.3035070
vt 0.5675640 0.3054960
vt 0.5645930 0.3035700
f 1855/10786/1855 1853/10787/1853 1857/10788/1857
vt 0.4795920 0.7112120
vt 0.4777470 0.7092840
vt 0.4833410 0.7093060
f 1855/10789/1855 1818/10790/1818 1876/10791/1876
vt 0.8550770 0.9712290
vt 0.8543940 0.9693190
vt 0.8556230 0.9702600
f 1831/10792/1831 1874/10793/1874 1881/10794/1881
vt 0.6238300 0.3165540
vt 0.6213890 0.3191570
vt 0.6189750 0.3180450
f 1845/10795/1845 1880/10796/1880 1867/10797/1867
vt 0.7716540 0.1325720
vt 0.7737090 0.1311560
vt 0.7748400 0.1326680
f 1852/10798/1852 1884/10799/1884 1838/10800/1838
vt 0.4712920 0.7113730
vt 0.4684530 0.7132330
vt 0.4687230 0.7086520
f 1818/10801/1818 1855/10802/1855 1857/10803/1857
vt 0.6138840 0.3145500
vt 0.6147240 0.3163380
vt 0.6136880 0.3166240
f 1845/10804/1845 1867/10805/1867 1864/10806/1864
vt 0.9420670 0.1894510
vt 0.9447710 0.1858200
vt 0.9468150 0.1913330
f 1736/10807/1736 1684/10808/1684 1906/10809/1906
vt 0.8484180 0.9691120
vt 0.8442890 0.9688090
vt 0.8464810 0.9666030
f 1874/10810/1874 1863/10811/1863 1901/10812/1901
vt 0.4421260 0.3128150
vt 0.4499470 0.3106510
vt 0.4492100 0.3160080
f 1834/10813/1834 1872/10814/1872 1883/10815/1883
vt 0.7504840 0.4711770
vt 0.7498890 0.4703000
vt 0.7516610 0.4699480
f 1886/10816/1886 1880/10817/1880 1845/10818/1845
vt 0.7104950 0.0671770
vt 0.7098580 0.0636710
vt 0.7121560 0.0661860
f 1843/10819/1843 1947/10820/1947 1935/10821/1935
vt 0.4535760 0.6230760
vt 0.4542510 0.6195650
vt 0.4569860 0.6209650
f 1912/10822/1912 1669/10823/1669 1900/10824/1900
vt 0.9803010 0.0996010
vt 0.9780780 0.0981630
vt 0.9800220 0.0977610
f 1836/10825/1836 1849/10826/1849 1801/10827/1801
vt 0.4424710 0.3063630
vt 0.4468920 0.2991760
vt 0.4504150 0.3038500
f 1834/10828/1834 1813/10829/1813 1872/10830/1872
vt 0.6871570 0.4562930
vt 0.6879780 0.4594350
vt 0.6860210 0.4568330
f 1744/10831/1744 1859/10832/1859 1868/10833/1868
vt 0.4648180 0.2429280
vt 0.4678870 0.2423710
vt 0.4662450 0.2455720
f 1706/10834/1706 1892/10835/1892 1877/10836/1877
vt 0.7873800 0.1401620
vt 0.7854480 0.1376350
vt 0.7886670 0.1387380
f 1793/10837/1793 1838/10838/1838 1899/10839/1899
vt 0.6909070 0.3277120
vt 0.6924470 0.3261920
vt 0.6947570 0.3280770
f 1897/10840/1897 1817/10841/1817 1929/10842/1929
vt 0.9791220 0.0950580
f 1801/10827/1801 1849/10826/1849 1869/10843/1869
vt 0.9651020 0.0326540
vt 0.9674400 0.0287170
f 1837/10844/1837 1895/10845/1895 1894/10693/1894
vt 0.3641390 0.1412370
vt 0.3579300 0.1396880
vt 0.3624080 0.1328260
f 1748/10846/1748 1789/10847/1789 1943/10848/1943
vt 0.7675340 0.1274760
vt 0.7672820 0.1262260
vt 0.7701160 0.1273900
f 1852/10849/1852 1858/10850/1858 1884/10851/1884
vt 0.7952660 0.0784020
vt 0.7986800 0.0803440
vt 0.7978850 0.0828160
f 1847/10852/1847 1894/10853/1894 1887/10854/1887
vt 0.8097060 0.8199150
vt 0.8085240 0.8229790
vt 0.8047190 0.8204820
f 1860/10855/1860 1869/10856/1869 1849/10857/1849
vt 0.8237150 0.8004670
vt 0.8230210 0.7996680
vt 0.8242690 0.7989690
f 1805/10858/1805 1887/10859/1887 1876/10860/1876
vt 0.1117090 0.7817110
vt 0.1084480 0.7801880
vt 0.1114990 0.7776260
f 1763/10861/1763 1933/10862/1933 1816/10863/1816
vt 0.8012460 0.0991660
vt 0.7998680 0.1019090
vt 0.7998020 0.0999510
f 1877/10864/1877 1892/10865/1892 1879/10866/1879
vt 0.8284700 0.7883560
vt 0.8271940 0.7903710
vt 0.8268870 0.7891030
f 1855/10867/1855 1876/10868/1876 1910/10869/1910
vt 0.4598690 0.2882470
vt 0.4609990 0.2911760
vt 0.4585280 0.2930950
f 1856/10870/1856 1872/10871/1872 1813/10872/1813
vt 0.7061300 0.5064180
vt 0.7057950 0.5033360
vt 0.7082650 0.5064640
f 1872/10873/1872 1856/10874/1856 1870/10875/1870
vt 0.0096040 0.1715460
vt 0.0084470 0.1681930
vt 0.0124540 0.1680160
f 1875/10876/1875 1907/10877/1907 1919/10878/1919
vt 0.6833640 0.4558840
vt 0.6828640 0.4578500
vt 0.6800980 0.4561050
f 1744/10879/1744 1868/10880/1868 1863/10881/1863
vt 0.8565170 0.9652030
vt 0.8554150 0.9631840
vt 0.8572360 0.9640180
f 1874/10882/1874 1858/10883/1858 1881/10884/1881
vt 0.4631450 0.8835920
vt 0.4601460 0.8844010
vt 0.4622020 0.8807380
f 1907/10885/1907 1914/10886/1914 1949/10887/1949
vt 0.7998560 0.1236240
vt 0.7973430 0.1265540
vt 0.7956520 0.1219370
f 1829/10888/1829 1899/10889/1899 1873/10890/1873
vt 0.6158440 0.2910840
vt 0.6166190 0.2844240
vt 0.6205430 0.2871170
f 1843/10891/1843 1825/10892/1825 1947/10893/1947
vt 0.8007450 0.1183540
vt 0.7967430 0.1187660
f 1829/10894/1829 1873/10890/1873 1892/10895/1892
vt 0.0012060 0.0774600
vt 0.0065330 0.0759480
vt 0.0049750 0.0820270
f 1797/10896/1797 1775/10897/1775 1932/10898/1932
vt 0.6931630 0.4882780
vt 0.6911260 0.4891670
vt 0.6897380 0.4864200
f 1809/10899/1809 1878/10900/1878 1905/10901/1905
vt 0.7751270 0.1322460
vt 0.7748260 0.1304410
vt 0.7778210 0.1323280
f 1838/10902/1838 1884/10903/1884 1896/10904/1896
vt 0.1090250 0.7755040
f 1933/10862/1933 1958/10905/1958 1816/10863/1816
vt 0.7412820 0.4743660
vt 0.7384820 0.4717350
vt 0.7428210 0.4708630
f 1886/10906/1886 1916/10907/1916 1880/10908/1880
vt 0.3941970 0.6292960
vt 0.3965920 0.6299280
vt 0.3948600 0.6308440
f 1827/10909/1827 1940/10910/1940 1891/10911/1891
vt 0.6888470 0.4729190
vt 0.6902820 0.4766170
vt 0.6851510 0.4751710
f 1868/10912/1868 1859/10913/1859 1905/10914/1905
vt 0.8594370 0.9707290
vt 0.8606890 0.9706570
vt 0.8615060 0.9721470
f 1831/10915/1831 1881/10916/1881 1890/10917/1890
vt 0.1211650 0.7781930
vt 0.1179400 0.7781250
vt 0.1203250 0.7729620
f 1977/10918/1977 1816/10919/1816 1958/10920/1958
vt 0.7843200 0.1344340
vt 0.7820520 0.1317880
vt 0.7844070 0.1309740
f 1838/10921/1838 1896/10922/1896 1899/10923/1899
vt 0.7850510 0.0875280
vt 0.7825060 0.0889080
vt 0.7802430 0.0874680
f 1879/10924/1879 1930/10925/1930 1871/10926/1871
vt 0.8241890 0.7900010
vt 0.8242300 0.7918530
vt 0.8218460 0.7920090
f 1910/10927/1910 1876/10928/1876 1887/10929/1887
vt 0.7413390 0.4699680
f 1880/10908/1880 1916/10907/1916 1882/10930/1882
vt 0.3404890 0.9028720
vt 0.3434250 0.9020300
vt 0.3444910 0.9041400
f 1866/10931/1866 1883/10932/1883 1889/10933/1889
vt 0.3950120 0.1342920
vt 0.3967070 0.1367670
vt 0.3936740 0.1389280
f 1804/10934/1804 1982/10935/1982 1944/10936/1944
vt 0.2053930 0.0827870
vt 0.2058680 0.0877060
vt 0.2019250 0.0877100
f 1794/10937/1794 1797/10938/1797 1969/10939/1969
vt 0.7977610 0.1016040
vt 0.7974550 0.1040540
vt 0.7960760 0.1029180
f 1879/10940/1879 1892/10941/1892 1917/10942/1917
vt 0.3554790 0.9064790
vt 0.3531150 0.9075600
vt 0.3541430 0.9036190
f 1870/10943/1870 1889/10944/1889 1872/10945/1872
vt 0.4644120 0.3071300
vt 0.4673630 0.3060630
vt 0.4665600 0.3084470
f 1872/10946/1872 1889/10947/1889 1883/10948/1883
vt 0.3912690 0.6326920
vt 0.3916850 0.6340630
vt 0.3899170 0.6343580
f 1827/10949/1827 1891/10950/1891 1861/10951/1861
vt 0.8555660 0.9599260
vt 0.8538270 0.9594940
vt 0.8547780 0.9588740
f 1858/10952/1858 1901/10953/1901 1884/10954/1884
vt 0.8526060 0.9627040
vt 0.8522280 0.9618680
vt 0.8534540 0.9616000
f 1874/10955/1874 1901/10956/1901 1858/10957/1858
vt 0.1722940 0.4920940
vt 0.1727990 0.4905160
vt 0.1743500 0.4909690
f 1848/10958/1848 1909/10959/1909 1898/10960/1898
vt 0.3808960 0.6341330
vt 0.3824090 0.6364930
vt 0.3801200 0.6379730
f 1861/10961/1861 1960/10962/1960 1862/10963/1862
vt 0.8597170 0.9743610
vt 0.8634020 0.9741210
vt 0.8614380 0.9762580
f 1831/10964/1831 1890/10965/1890 1904/10966/1904
vt 0.7917600 0.1263950
vt 0.7882900 0.1271270
vt 0.7900700 0.1247180
f 1873/10967/1873 1899/10968/1899 1896/10969/1896
vt 0.4844880 0.6426810
vt 0.4833120 0.6387930
vt 0.4855510 0.6393500
f 1656/10970/1656 1931/10971/1931 1940/10972/1940
vt 0.7372350 0.4686040
vt 0.7380150 0.4662640
vt 0.7394010 0.4667390
f 1916/10973/1916 1895/10974/1895 1882/10975/1882
vt 0.8023090 0.0892720
vt 0.8066020 0.0895150
vt 0.8055560 0.0926050
f 1887/10976/1887 1921/10977/1921 1910/10978/1910
vt 0.6808050 0.4914100
vt 0.6805850 0.4885600
vt 0.6816790 0.4916170
f 1871/10979/1871 1911/10980/1911 1905/10981/1905
vt 0.4788770 0.7233010
vt 0.4847340 0.7216600
vt 0.4841160 0.7281650
f 1914/10982/1914 1855/10983/1855 2021/10984/2021
vt 0.3295150 0.0688390
vt 0.3325260 0.0699290
vt 0.3297360 0.0732580
f 1881/10985/1881 1851/10986/1851 1923/10987/1923
vt 0.3363460 0.0712680
vt 0.3336180 0.0737150
f 1903/10988/1903 1923/10989/1923 1851/10986/1851
vt 0.7429310 0.4888150
vt 0.7444370 0.4913560
vt 0.7421150 0.4912570
f 1886/10990/1886 1935/10991/1935 1936/10992/1936
vt 0.3920940 0.6371510
f 1891/10950/1891 1960/10993/1960 1861/10951/1861
vt 0.4685850 0.6220940
vt 0.4661010 0.6204810
vt 0.4691700 0.6187900
f 1865/10994/1865 1912/10995/1912 1918/10996/1918
vt 0.7756850 0.0886730
vt 0.7760630 0.0895080
vt 0.7724350 0.0898910
f 1871/10997/1871 1930/10998/1930 1911/10999/1911
vt 0.3578780 0.1332610
vt 0.3608630 0.1275980
f 1943/10848/1943 1789/11000/1789 1830/11001/1830
vt 0.8058130 0.1067410
vt 0.8080890 0.1078110
vt 0.8067890 0.1084580
f 1910/11002/1910 1953/11003/1953 1855/11004/1855
vt 0.7092520 0.3116950
vt 0.7151620 0.3077250
vt 0.7137040 0.3148450
f 1885/11005/1885 1997/11006/1997 1811/11007/1811
vt 0.8054770 0.0853020
vt 0.8056860 0.0824100
vt 0.8077070 0.0841650
f 1887/11008/1887 1894/11009/1894 1921/11010/1921
vt 0.7290640 0.4729900
vt 0.7266560 0.4724170
vt 0.7259480 0.4700880
f 1886/11011/1886 1942/11012/1942 1916/11013/1916
vt 0.7955300 0.1042090
vt 0.7962450 0.1087170
vt 0.7927960 0.1072350
f 1917/11014/1917 1892/11015/1892 1925/11016/1925
vt 0.7683380 0.1195070
vt 0.7661580 0.1178950
vt 0.7671050 0.1173040
f 1896/11017/1896 1884/11018/1884 1915/11019/1915
vt 0.5880670 0.3979950
vt 0.5895310 0.4011040
vt 0.5859870 0.4012920
f 1804/11020/1804 1969/11021/1969 1982/11022/1982
vt 0.7949340 0.1122400
vt 0.7923750 0.1136050
vt 0.7915660 0.1109680
f 1892/11023/1892 1873/11024/1873 1925/11025/1925
vt 0.7881520 0.0920990
vt 0.7875900 0.0955990
vt 0.7838160 0.0945760
f 1879/11026/1879 1917/11027/1917 1930/11028/1930
vt 0.0181230 0.4905040
vt 0.0158050 0.4904110
vt 0.0168920 0.4882370
f 1868/11029/1868 1928/11030/1928 1863/11031/1863
vt 0.4445020 0.5741950
vt 0.4457530 0.5748860
vt 0.4444130 0.5764670
f 1909/11032/1909 1920/11033/1920 1898/11034/1898
vt 0.9686200 0.0237700
vt 0.9679520 0.0236030
vt 0.9692710 0.0228130
f 1894/11035/1894 1895/11036/1895 1921/11037/1921
vt 0.0039060 0.4825980
vt 0.0064240 0.4815850
vt 0.0045040 0.4840340
f 1884/11038/1884 1901/11039/1901 1928/11040/1928
vt 0.0169540 0.4863560
vt 0.0134400 0.4863960
vt 0.0135890 0.4847030
f 1863/11041/1863 1928/11042/1928 1901/11043/1901
vt 0.4457790 0.5790010
vt 0.4484830 0.5791580
vt 0.4473950 0.5817780
f 1898/11044/1898 1920/11045/1920 1786/11046/1786
vt 0.7645130 0.1143290
vt 0.7642800 0.1125220
vt 0.7651040 0.1147230
f 1884/11047/1884 1908/11048/1908 1915/11049/1915
vt 0.8646470 0.9856550
vt 0.8650460 0.9838460
vt 0.8657140 0.9876060
f 1904/11050/1904 1890/11051/1890 1946/11052/1946
vt 0.4556640 0.6090940
vt 0.4574640 0.6052040
vt 0.4603470 0.6088580
f 1900/11053/1900 1888/11054/1888 1927/11055/1927
vt 0.0022220 0.4849850
vt 0.0030930 0.4854680
vt 0.0022470 0.4855450
f 1884/11056/1884 1928/11057/1928 1908/11058/1908
vt 0.9687240 0.0199940
vt 0.9653540 0.0207900
vt 0.9675700 0.0174510
f 1921/11059/1921 1895/11060/1895 1937/11061/1937
vt 0.9649630 0.0168110
f 1895/11060/1895 1916/11062/1916 1937/11061/1937
vt 0.4477060 0.5927150
vt 0.4501880 0.5926310
vt 0.4488060 0.5939240
f 1786/11063/1786 1934/11064/1934 1888/11065/1888
vt 0.4720580 0.6221050
vt 0.4724650 0.6217700
vt 0.4737910 0.6224010
f 1865/11066/1865 1918/11067/1918 1931/11068/1931
vt 0.7231430 0.4722780
vt 0.7251140 0.4745180
vt 0.7221370 0.4735570
f 1942/11069/1942 1886/11070/1886 1936/11071/1936
vt 0.4622830 0.6130180
vt 0.4590960 0.6122360
vt 0.4610840 0.6113220
f 1912/11072/1912 1900/11073/1900 1927/11074/1927
vt 0.6789790 0.4863840
vt 0.6777390 0.4841920
vt 0.6784070 0.4843620
f 1911/11075/1911 1928/11076/1928 1905/11077/1905
vt 0.7846160 0.1229940
vt 0.7842980 0.1211800
vt 0.7859280 0.1212290
f 1896/11078/1896 1925/11079/1925 1873/11080/1873
vt 0.8149240 0.0933980
vt 0.8170940 0.0929890
vt 0.8175020 0.0969680
f 1910/11081/1910 1921/11082/1921 1953/11083/1953
vt 0.0026430 0.4917800
vt 0.0020580 0.4895890
vt 0.0050800 0.4890160
f 1911/11084/1911 1908/11085/1908 1928/11086/1928
vt 0.3238640 0.0743090
vt 0.3268930 0.0740040
vt 0.3248120 0.0759500
f 1881/11087/1881 1923/11088/1923 1890/11089/1890
vt 0.4482980 0.5882820
vt 0.4500040 0.5874570
vt 0.4515670 0.5886420
f 1786/11090/1786 1920/11091/1920 1934/11092/1934
vt 0.8684440 0.9838620
vt 0.8688170 0.9873130
f 1890/11051/1890 1995/11093/1995 1946/11094/1946
vt 0.9624170 0.0110330
vt 0.9591730 0.0098110
vt 0.9614860 0.0087790
f 1916/11095/1916 1942/11096/1942 1937/11097/1937
vt 0.9802890 0.1308030
vt 0.9837890 0.1320600
vt 0.9816030 0.1337360
f 1904/11098/1904 1946/11099/1946 1913/11100/1913
vt 0.0288100 0.3884220
vt 0.0292010 0.3877110
vt 0.0298380 0.3879250
f 1832/11101/1832 1968/11102/1968 1684/11103/1684
vt 0.0085790 0.1561510
vt 0.0122150 0.1555110
vt 0.0111270 0.1587790
f 1949/11104/1949 1919/11105/1919 1907/11106/1907
vt 0.3989550 0.6348690
vt 0.4008320 0.6344210
vt 0.4005580 0.6358030
f 1891/11107/1891 1940/11108/1940 1926/11109/1926
vt 0.0317740 0.0767360
vt 0.0364430 0.0775910
vt 0.0360480 0.0786540
f 1775/11110/1775 1913/11111/1913 1932/11112/1932
vt 0.4673500 0.4536580
vt 0.4703800 0.4545670
vt 0.4672890 0.4564020
f 1902/11113/1902 1893/11114/1893 1922/11115/1922
vt 0.6779510 0.4780880
vt 0.6754540 0.4802880
vt 0.6749180 0.4784240
f 1905/11116/1905 1928/11117/1928 1868/11118/1868
vt 0.3408910 0.0772670
vt 0.3396220 0.0794570
vt 0.3370400 0.0792550
f 1903/11119/1903 1943/11120/1943 1923/11121/1923
vt 0.4435360 0.5644340
vt 0.4454290 0.5636000
vt 0.4450000 0.5653580
f 1848/11122/1848 1924/11123/1924 1909/11124/1909
vt 0.4663890 0.6129610
vt 0.4662290 0.6113780
vt 0.4668290 0.6120310
f 1912/11125/1912 1927/11126/1927 1918/11127/1918
vt 0.4551890 0.5987460
vt 0.4588090 0.6002850
vt 0.4578000 0.6020780
f 1934/11128/1934 1927/11129/1927 1888/11130/1888
vt 0.3972970 0.6404210
vt 0.3971640 0.6409110
vt 0.3964250 0.6409540
f 1891/11131/1891 1941/11132/1941 1960/11133/1960
vt 0.4483890 0.5757440
vt 0.4482480 0.5740120
vt 0.4498110 0.5762340
f 1920/11134/1920 1909/11135/1909 1951/11136/1951
vt 0.7892360 0.1031090
vt 0.7891050 0.1062570
vt 0.7866290 0.1063100
f 1917/11137/1917 1925/11138/1925 1915/11139/1915
vt 0.7769550 0.1205340
vt 0.7777240 0.1155640
vt 0.7805890 0.1188750
f 1896/11140/1896 1915/11141/1915 1925/11142/1925
vt 0.4762320 0.6220610
vt 0.4755230 0.6209130
vt 0.4762000 0.6206210
f 1931/11143/1931 1918/11144/1918 1993/11145/1993
vt 0.4714760 0.6161260
vt 0.4710340 0.6143810
vt 0.4742180 0.6151120
f 1918/11146/1918 1927/11147/1927 1993/11148/1993
vt 0.4521730 0.5839730
vt 0.4520850 0.5828690
vt 0.4532810 0.5841080
f 1934/11149/1934 1920/11150/1920 1951/11151/1951
vt 0.7208010 0.3168310
vt 0.7166680 0.3222690
f 1811/11007/1811 1997/11152/1997 1929/11153/1929
vt 0.7714200 0.0979600
vt 0.7738770 0.1006930
vt 0.7699380 0.1017090
f 1930/11154/1930 1915/11155/1915 1911/11156/1911
vt 0.4483020 0.5720570
vt 0.4481980 0.5701440
vt 0.4493160 0.5725810
f 1909/11157/1909 1924/11158/1924 1951/11159/1951
vt 0.7664020 0.1045720
vt 0.7689640 0.1041950
vt 0.7672230 0.1066010
f 1911/11160/1911 1915/11161/1915 1908/11162/1908
vt 0.7826810 0.0986960
vt 0.7794520 0.1016640
vt 0.7782020 0.0980090
f 1917/11163/1917 1915/11164/1915 1930/11165/1930
vt 0.7199450 0.3090470
vt 0.7235050 0.3059070
vt 0.7254760 0.3123690
f 1997/11166/1997 1885/11167/1885 1977/11168/1977
vt 0.1038600 0.7671050
vt 0.1028240 0.7666460
vt 0.1027630 0.7651440
f 1958/11169/1958 1933/11170/1933 1948/11171/1948
vt 0.4678510 0.6103460
vt 0.4702500 0.6100120
vt 0.4713060 0.6114930
f 1927/11172/1927 1950/11173/1950 1993/11174/1993
vt 0.0404880 0.0764890
vt 0.0429010 0.0815360
vt 0.0393360 0.0799810
f 1913/11175/1913 1946/11176/1946 1932/11177/1932
vt 0.3387620 0.0830220
vt 0.3375940 0.0811980
f 1943/11120/1943 1991/11178/1991 1923/11179/1923
vt 0.6994380 0.6714240
vt 0.7017810 0.6752490
vt 0.6966840 0.6754020
f 2048/11180/2048 1990/11181/1990 1800/11182/1800
vt 0.0330650 0.3888450
vt 0.0369150 0.3843600
vt 0.0391990 0.3860210
f 1684/11183/1684 1968/11184/1968 1952/11185/1952
vt 0.9538040 0.1934320
vt 0.9561490 0.1920810
vt 0.9568120 0.1935520
f 1906/11186/1906 1684/11187/1684 1952/11188/1952
vt 0.9419380 0.3298340
vt 0.9405280 0.3331160
vt 0.9381950 0.3308180
f 1890/11189/1890 1923/11190/1923 1995/11191/1995
vt 0.4493070 0.8764700
vt 0.4500500 0.8712880
vt 0.4532630 0.8725620
f 1914/11192/1914 1965/11193/1965 1949/11194/1949
vt 0.5965980 0.2700750
vt 0.5930470 0.2688700
vt 0.5956500 0.2673580
f 1799/11195/1799 1902/11196/1902 1922/11197/1922
vt 0.8211560 0.6045320
vt 0.8183380 0.6033450
vt 0.8210140 0.6033600
f 1937/11198/1937 1957/11199/1957 1938/11200/1938
vt 0.4932020 0.4693400
vt 0.4953220 0.4739330
vt 0.4932430 0.4742890
f 1893/11201/1893 1875/11202/1875 1987/11203/1987
vt 0.3696880 0.6458390
vt 0.3717060 0.6478690
vt 0.3675120 0.6483820
f 1862/11204/1862 1979/11205/1979 1830/11206/1830
vt 0.8124360 0.6035280
vt 0.8108150 0.6019330
vt 0.8122150 0.6018500
f 1942/11207/1942 1957/11208/1957 1937/11209/1937
vt 0.6943500 0.6793750
vt 0.6949980 0.6795230
vt 0.6944320 0.6806820
f 1848/11210/1848 1945/11211/1945 1924/11212/1924
vt 0.9557280 0.1997060
vt 0.9587520 0.1983550
vt 0.9579280 0.2034090
f 1906/11213/1906 1952/11214/1952 1820/11215/1820
vt 0.4585300 0.5933050
vt 0.4587880 0.5907300
vt 0.4619420 0.5931800
f 1934/11216/1934 1959/11217/1959 1927/11218/1927
vt 0.4484570 0.5660290
vt 0.4488460 0.5628250
vt 0.4508520 0.5677530
f 1924/11219/1924 2028/11220/2028 1992/11221/1992
vt 0.4048820 0.6350640
vt 0.4070470 0.6354520
vt 0.4048270 0.6371760
f 1940/11222/1940 2032/11223/2032 1926/11224/1926
vt 0.8341270 0.6025180
vt 0.8308180 0.6010570
vt 0.8345770 0.5987710
f 1921/11225/1921 1937/11226/1937 1938/11227/1938
vt 0.7183530 0.4818320
vt 0.7145720 0.4848720
vt 0.7143330 0.4814480
f 1936/11228/1936 1955/11229/1955 1942/11230/1942
vt 0.6976900 0.6771950
vt 0.6975290 0.6782980
vt 0.6965260 0.6781760
f 1800/11231/1800 1945/11232/1945 1848/11233/1848
vt 0.4501400 0.5714240
vt 0.4519900 0.5708730
vt 0.4518330 0.5737200
f 1924/11234/1924 1992/11235/1992 1951/11236/1951
vt 0.4719150 0.4614010
vt 0.4741750 0.4641410
vt 0.4687070 0.4652130
f 1893/11237/1893 1972/11238/1972 1922/11239/1922
vt 0.3660240 0.2692020
vt 0.3666860 0.2702090
vt 0.3661420 0.2706000
f 1933/11240/1933 1944/11241/1944 1948/11242/1948
vt 0.2234620 0.2976410
vt 0.2235080 0.2958160
vt 0.2265680 0.2978870
f 1943/11243/1943 1830/11244/1830 1991/11245/1991
vt 0.6998780 0.6783760
vt 0.6986610 0.6787810
f 1800/11231/1800 1990/11246/1990 1945/11247/1945
vt 0.7357010 0.5014840
vt 0.7385750 0.5018100
vt 0.7356450 0.5040740
f 1936/11248/1936 1935/11249/1935 1980/11250/1980
vt 0.4606690 0.5888340
vt 0.4630090 0.5916780
f 1927/11218/1927 1959/11251/1959 1950/11252/1950
vt 0.5497520 0.5839860
vt 0.5491280 0.5860930
vt 0.5481650 0.5833030
f 1921/11253/1921 1938/11254/1938 1953/11255/1953
vt 0.5992650 0.2679820
vt 0.5980490 0.2642380
vt 0.6010430 0.2661830
f 1799/11256/1799 1922/11257/1922 1825/11258/1825
vt 0.8307040 0.3165710
vt 0.8315580 0.3177000
vt 0.8298330 0.3181610
f 1942/11259/1942 1955/11260/1955 1957/11261/1957
vt 0.6921310 0.6816080
vt 0.6951630 0.6832890
vt 0.6933390 0.6841700
f 1924/11262/1924 1945/11263/1945 2028/11264/2028
vt 0.3746770 0.6468800
vt 0.3802370 0.6456160
vt 0.3759450 0.6507530
f 1862/11265/1862 1960/11266/1960 1979/11267/1979
vt 0.4867770 0.4698120
vt 0.4877320 0.4745390
vt 0.4833680 0.4735170
f 1893/11268/1893 1987/11269/1987 1972/11270/1972
vt 0.3670010 0.2719820
vt 0.3671530 0.2710910
vt 0.3674250 0.2726140
f 1948/11271/1948 1944/11272/1944 1956/11273/1956
vt 0.4571140 0.5850350
vt 0.4574190 0.5838870
vt 0.4583210 0.5848480
f 1934/11274/1934 1951/11275/1951 1959/11276/1959
vt 0.2368340 0.7078070
vt 0.2392540 0.7091590
vt 0.2360340 0.7107950
f 1939/11277/1939 1985/11278/1985 1975/11279/1975
vt 0.2343070 0.7088450
f 1939/11277/1939 1975/11279/1975 1751/11280/1751
vt 0.0253650 0.3821820
vt 0.0311410 0.3760560
vt 0.0312310 0.3796670
f 1751/11281/1751 2019/11282/2019 1832/11283/1832
vt 0.6004840 0.2636720
f 1922/11257/1922 2034/11284/2034 1825/11258/1825
vt 0.2147400 0.0993940
vt 0.2139100 0.1009320
vt 0.2122670 0.1009750
f 1797/11285/1797 1932/11286/1932 1969/11287/1969
vt 0.6036010 0.2666420
vt 0.6035370 0.2641580
vt 0.6075950 0.2644420
f 1825/11288/1825 2034/11289/2034 1947/11290/1947
vt 0.8211680 0.5994690
vt 0.8188890 0.5973750
vt 0.8209760 0.5972790
f 1938/11291/1938 1957/11292/1957 1966/11293/1966
vt 0.3360730 0.0876470
vt 0.3380380 0.0901250
vt 0.3358780 0.0905010
f 1923/11294/1923 1991/11295/1991 1995/11296/1995
vt 0.3699350 0.2709560
vt 0.3718500 0.2730630
vt 0.3700670 0.2744560
f 1944/11297/1944 1982/11298/1982 1956/11299/1956
vt 0.7434910 0.5099640
vt 0.7448270 0.5124490
vt 0.7414250 0.5104760
f 1935/11300/1935 1947/11301/1947 1980/11302/1980
vt 0.8290850 0.5971490
vt 0.8305410 0.5958350
vt 0.8316240 0.5972880
f 1966/11303/1966 1971/11304/1971 1938/11305/1938
vt 0.0378510 0.1659010
vt 0.0406150 0.1638570
vt 0.0401830 0.1664210
f 1919/11306/1919 1987/11307/1987 1875/11308/1875
vt 0.8356430 0.5771500
vt 0.8351050 0.5813340
vt 0.8318050 0.5784420
f 1954/11309/1954 1964/11310/1964 1962/11311/1962
vt 0.8318570 0.3207240
vt 0.8307300 0.3214800
vt 0.8297060 0.3207150
f 1955/11312/1955 1963/11313/1963 1957/11314/1957
vt 0.8229200 0.5763620
vt 0.8197940 0.5733120
vt 0.8248010 0.5733260
f 1954/11315/1954 1962/11316/1962 2007/11317/2007
vt 0.4583310 0.5828320
vt 0.4598760 0.5810030
vt 0.4589450 0.5837400
f 1951/11318/1951 1992/11319/1992 1959/11320/1959
vt 0.7200310 0.4940580
vt 0.7147650 0.4955320
vt 0.7143970 0.4929530
f 1936/11321/1936 2010/11322/2010 1955/11323/1955
vt 0.4532530 0.5628780
vt 0.4553210 0.5686710
f 1992/11221/1992 2028/11324/2028 2045/11325/2045
vt 0.0202020 0.3792790
vt 0.0178310 0.3724000
vt 0.0255280 0.3763960
f 1751/11326/1751 1975/11327/1975 2019/11328/2019
vt 0.2174460 0.1015030
vt 0.2181550 0.1050220
vt 0.2154800 0.1021530
f 1932/11329/1932 2000/11330/2000 1969/11331/1969
vt 0.4677340 0.5964130
vt 0.4703900 0.5944290
vt 0.4728830 0.5980480
f 1950/11332/1950 1959/11333/1959 2061/11334/2061
vt 0.4023220 0.6528160
vt 0.4029170 0.6537770
vt 0.4025570 0.6554370
f 1941/11335/1941 1961/11336/1961 1973/11337/1973
vt 0.8197150 0.5945050
vt 0.8192830 0.5937190
vt 0.8218760 0.5933580
f 1957/11338/1957 1963/11339/1963 1966/11340/1966
vt 0.5038010 0.7309850
vt 0.5059250 0.7330740
vt 0.5023620 0.7342100
f 1855/11341/1855 1953/11342/1953 2021/11343/2021
vt 0.8359000 0.5843770
vt 0.8363060 0.5858090
vt 0.8339130 0.5853680
f 1954/11344/1954 1967/11345/1967 1964/11346/1964
vt 0.4057370 0.6501440
vt 0.4094320 0.6491370
vt 0.4073850 0.6519240
f 1891/11347/1891 1926/11348/1926 1941/11349/1941
vt 0.8330490 0.5920470
vt 0.8319600 0.5909950
vt 0.8347590 0.5912830
f 1971/11350/1971 1966/11351/1966 1967/11352/1967
vt 0.3657600 0.2786570
vt 0.3665520 0.2790650
vt 0.3634110 0.2803880
f 1948/11353/1948 1956/11354/1956 1998/11355/1998
vt 0.8166700 0.3485280
vt 0.8154570 0.3516560
vt 0.8133880 0.3472950
f 1962/11356/1962 1999/11357/1999 2007/11358/2007
vt 0.0458160 0.3684080
vt 0.0465240 0.3688350
vt 0.0456910 0.3691880
f 1968/11359/1968 1956/11360/1956 1981/11361/1981
vt 0.8316360 0.5890470
f 1966/11351/1966 1970/11362/1970 1967/11352/1967
vt 0.0435160 0.3795880
vt 0.0453860 0.3800140
vt 0.0449760 0.3818000
f 1968/11363/1968 1981/11364/1981 1952/11365/1952
vt 0.0139680 0.1430420
vt 0.0171600 0.1384570
vt 0.0177290 0.1432450
f 1949/11366/1949 2005/11367/2005 1919/11368/1919
vt 0.8236280 0.5918800
vt 0.8242700 0.5900820
vt 0.8268960 0.5915360
f 1963/11369/1963 1970/11370/1970 1966/11371/1966
vt 0.0271160 0.0950980
vt 0.0261100 0.0973510
vt 0.0243440 0.0955830
f 1932/11372/1932 1946/11373/1946 2000/11374/2000
vt 0.4833300 0.6119450
vt 0.4847200 0.6099860
vt 0.4858110 0.6111390
f 1993/11375/1993 1950/11376/1950 2036/11377/2036
vt 0.8321640 0.5862080
vt 0.8333440 0.5867590
vt 0.8323190 0.5874390
f 1964/11378/1964 1967/11379/1967 1970/11380/1970
vt 0.4838410 0.7444170
vt 0.4871420 0.7454230
vt 0.4834060 0.7476520
f 1914/11381/1914 2021/11382/2021 1965/11383/1965
vt 0.4011260 0.6536710
vt 0.3998140 0.6546130
f 1941/11384/1941 1973/11337/1973 1960/11385/1960
vt 0.9537630 0.1623000
vt 0.9522700 0.1628110
vt 0.9518650 0.1596790
f 1952/11386/1952 1976/11387/1976 2051/11388/2051
vt 0.0384590 0.3758570
vt 0.0383420 0.3736980
vt 0.0401360 0.3750550
f 1832/11389/1832 2019/11390/2019 1968/11391/1968
vt 0.8342200 0.3226830
vt 0.8347510 0.3214660
vt 0.8350510 0.3231740
f 1963/11392/1963 1955/11393/1955 1989/11394/1989
vt 0.4044020 0.6559470
vt 0.4036320 0.6580460
f 1961/11395/1961 1978/11396/1978 1973/11337/1973
vt 0.9509380 0.1684880
vt 0.9506260 0.1676890
vt 0.9512840 0.1679330
f 1961/11397/1961 1952/11398/1952 1978/11399/1978
vt 0.4080440 0.6531030
vt 0.4103180 0.6514320
vt 0.4099970 0.6536580
f 1941/11400/1941 1926/11401/1926 1961/11402/1961
vt 0.3629670 0.2780070
vt 0.3612890 0.2817660
vt 0.3605700 0.2813510
f 1948/11403/1948 1998/11404/1998 1958/11405/1958
vt 0.3579030 0.1118360
vt 0.3594730 0.1086110
vt 0.3607590 0.1107750
f 1830/11406/1830 1994/11407/1994 1991/11408/1991
vt 0.0481910 0.3837540
vt 0.0490800 0.3835920
vt 0.0492410 0.3845900
f 1952/11409/1952 1981/11410/1981 1978/11411/1978
vt 0.4745140 0.5917960
f 1959/11333/1959 2003/11412/2003 2061/11334/2061
vt 0.5876880 0.4163510
vt 0.5896450 0.4161800
vt 0.5890760 0.4178390
f 1982/11413/1982 1969/11414/1969 2004/11415/2004
vt 0.8305210 0.3338180
vt 0.8316660 0.3322730
vt 0.8347230 0.3342310
f 1962/11416/1962 1964/11417/1964 1974/11418/1974
vt 0.9537630 0.1566900
vt 0.9495930 0.1563280
vt 0.9528160 0.1517330
f 1952/11419/1952 2051/11420/2051 1820/11421/1820
vt 0.5463530 0.5930440
vt 0.5455350 0.5940120
vt 0.5441820 0.5920200
f 1971/11422/1971 1984/11423/1984 1938/11424/1938
vt 0.3219110 0.3671680
vt 0.3226270 0.3723740
vt 0.3185350 0.3712310
f 1949/11425/1949 1965/11426/1965 2005/11427/2005
vt 0.0445730 0.3646630
vt 0.0427060 0.3660950
vt 0.0428220 0.3627940
f 1956/11428/1956 1968/11429/1968 1998/11430/1998
vt 0.8270960 0.3466790
vt 0.8286010 0.3433600
vt 0.8294410 0.3470790
f 1999/11431/1999 1962/11432/1962 1988/11433/1988
vt 0.4124370 0.6539940
f 1961/11402/1961 1926/11401/1926 1976/11434/1976
vt 0.7024370 0.6845620
vt 0.7042740 0.6837860
vt 0.7058340 0.6846840
f 2028/11435/2028 1945/11436/1945 1996/11437/1996
vt 0.7324590 0.0475190
vt 0.7334810 0.0414410
vt 0.7355040 0.0472870
f 1947/11438/1947 2069/11439/2069 1980/11440/1980
vt 0.0607900 0.3094950
vt 0.0623560 0.3045560
vt 0.0644930 0.3092790
f 2048/11441/2048 1854/11442/1854 2040/11443/2040
vt 0.0501180 0.3663650
vt 0.0511600 0.3657610
vt 0.0520040 0.3676260
f 1956/11444/1956 1982/11445/1982 2011/11446/2011
vt 0.8288450 0.3262720
vt 0.8300440 0.3256360
vt 0.8298520 0.3266550
f 1970/11447/1970 1963/11448/1963 1986/11449/1986
vt 0.8300520 0.3283790
vt 0.8313430 0.3285820
vt 0.8311410 0.3295550
f 1970/11450/1970 1986/11451/1986 1964/11452/1964
vt 0.5509190 0.6118980
vt 0.5507460 0.6130540
vt 0.5499390 0.6117690
f 1954/11453/1954 2037/11454/2037 2009/11455/2009
vt 0.2129350 0.1068620
vt 0.2150080 0.1074480
vt 0.2125070 0.1113420
f 1969/11456/1969 2000/11457/2000 2004/11458/2004
vt 0.4831940 0.6063680
vt 0.4864990 0.6057910
vt 0.4854070 0.6080310
f 1950/11459/1950 2061/11460/2061 2036/11461/2036
vt 0.3487580 0.6633980
vt 0.3489500 0.6676600
vt 0.3450990 0.6652320
f 1830/11462/1830 1979/11463/1979 1994/11464/1994
vt 0.8318900 0.3395140
vt 0.8357410 0.3373960
vt 0.8342210 0.3406760
f 1962/11465/1962 1974/11466/1974 1988/11467/1988
vt 0.5493540 0.6033210
vt 0.5487730 0.6049520
vt 0.5466630 0.6020790
f 1967/11468/1967 1954/11469/1954 2015/11470/2015
vt 0.8356720 0.3248340
vt 0.8364850 0.3251780
vt 0.8354440 0.3254930
f 1963/11471/1963 1989/11472/1989 1986/11473/1986
vt 0.9484670 0.1682250
vt 0.9465960 0.1670860
vt 0.9487840 0.1654970
f 1961/11474/1961 1976/11475/1976 1952/11476/1952
vt 0.8396610 0.5917150
vt 0.8410260 0.5907270
vt 0.8405510 0.5916720
f 1971/11477/1971 1967/11478/1967 1984/11479/1984
vt 0.5487590 0.6072930
vt 0.5488520 0.6105260
vt 0.5464880 0.6068250
f 1954/11480/1954 2009/11481/2009 2015/11482/2015
vt 0.3043800 0.9388420
vt 0.3044240 0.9441440
vt 0.3026000 0.9413500
f 1820/11483/1820 2051/11484/2051 1854/11485/1854
vt 0.3907370 0.6555240
vt 0.3914630 0.6582210
vt 0.3889800 0.6591800
f 1960/11486/1960 1973/11487/1973 1979/11488/1979
vt 0.0366400 0.0986420
vt 0.0404600 0.1050290
vt 0.0339070 0.1052320
f 1946/11489/1946 1995/11490/1995 2000/11491/2000
vt 0.8453700 0.3107880
vt 0.8477010 0.3129820
vt 0.8463910 0.3149310
f 1955/11492/1955 2010/11493/2010 2035/11494/2035
vt 0.8326210 0.3302470
vt 0.8339090 0.3298630
vt 0.8351110 0.3309900
f 1964/11495/1964 1986/11496/1986 1974/11497/1974
vt 0.7080220 0.6832750
vt 0.7081070 0.6842500
vt 0.7076500 0.6838070
f 1990/11498/1990 1996/11499/1996 1945/11500/1945
vt 0.7258540 0.5056150
vt 0.7246630 0.5086070
vt 0.7232930 0.5065700
f 1936/11501/1936 1980/11502/1980 2010/11503/2010
vt 0.8397950 0.3218780
vt 0.8418570 0.3210130
vt 0.8415540 0.3248710
f 1989/11504/1989 1955/11505/1955 2071/11506/2071
vt 0.5531370 0.6190240
vt 0.5554310 0.6237350
vt 0.5508560 0.6221480
f 1954/11507/1954 2007/11508/2007 2037/11509/2037
vt 0.0498980 0.3710520
vt 0.0541870 0.3724510
vt 0.0520260 0.3734580
f 1956/11510/1956 2011/11511/2011 1981/11512/1981
vt 0.5424430 0.5850840
vt 0.5386720 0.5887700
vt 0.5379090 0.5853280
f 1953/11513/1953 1938/11514/1938 1983/11515/1983
vt 0.1170280 0.7497970
vt 0.1189630 0.7487440
vt 0.1209700 0.7504540
f 1998/11516/1998 2025/11517/2025 1958/11518/1958
vt 0.0381110 0.3677000
vt 0.0364430 0.3656690
vt 0.0374110 0.3643750
f 1968/11519/1968 2019/11520/2019 1998/11521/1998
vt 0.1210330 0.7482570
f 1958/11518/1958 2025/11517/2025 1977/11522/1977
vt 0.5040850 0.4964790
vt 0.5016330 0.5015670
vt 0.4993430 0.4975300
f 1919/11523/1919 2005/11524/2005 1987/11525/1987
vt 0.5416980 0.5922880
vt 0.5394000 0.5953340
vt 0.5386510 0.5941440
f 1938/11526/1938 1984/11527/1984 1983/11528/1983
vt 0.0570950 0.3860740
vt 0.0580960 0.3848810
vt 0.0599590 0.3864800
f 1978/11529/1978 1981/11530/1981 2002/11531/2002
vt 0.8367500 0.3301920
vt 0.8367890 0.3293670
vt 0.8376150 0.3297740
f 1974/11532/1974 1986/11533/1986 2020/11534/2020
vt 0.4002770 0.6609770
vt 0.3980070 0.6630620
vt 0.3977110 0.6608860
f 1978/11535/1978 2002/11536/2002 1973/11537/1973
vt 0.8365740 0.3398290
vt 0.8375970 0.3362360
vt 0.8396170 0.3381370
f 1988/11538/1988 1974/11539/1974 2014/11540/2014
vt 0.3890980 0.6602980
vt 0.3870700 0.6636420
vt 0.3861120 0.6616140
f 1973/11541/1973 2006/11542/2006 1979/11543/1979
vt 0.3840750 0.2792340
vt 0.3898640 0.2810510
vt 0.3853680 0.2811470
f 1982/11544/1982 2004/11545/2004 2011/11546/2011
vt 0.0609190 0.1255440
vt 0.0533960 0.1266390
vt 0.0587690 0.1197270
f 1991/11547/1991 1994/11548/1994 1995/11549/1995
vt 0.4690880 0.5806900
vt 0.4678160 0.5776750
vt 0.4707610 0.5795370
f 1959/11550/1959 1992/11551/1992 2003/11552/2003
vt 0.5414840 0.5977950
vt 0.5418950 0.5993410
vt 0.5393960 0.5987880
f 1984/11553/1984 1967/11554/1967 2015/11555/2015
vt 0.3906040 0.6624050
vt 0.3937960 0.6660600
vt 0.3905640 0.6654250
f 1973/11556/1973 2002/11557/2002 2006/11558/2006
vt 0.0432920 0.1109750
vt 0.0394050 0.1144600
vt 0.0364700 0.1107080
f 1995/11559/1995 2001/11560/2001 2000/11561/2000
vt 0.0515090 0.1212750
f 1995/11549/1995 1994/11548/1994 2001/11562/2001
vt 0.8392600 0.3293090
vt 0.8400400 0.3290430
vt 0.8398980 0.3297760
f 1986/11563/1986 1989/11564/1989 2020/11565/2020
vt 0.8463820 0.3172280
vt 0.8478690 0.3164150
vt 0.8481210 0.3190490
f 1955/11566/1955 2035/11567/2035 2071/11568/2071
vt 0.9540460 0.7496040
vt 0.9543300 0.7503570
vt 0.9535190 0.7509950
f 1993/11569/1993 2013/11570/2013 1931/11571/1931
vt 0.9552730 0.7476060
vt 0.9568180 0.7468300
vt 0.9560590 0.7495820
f 1993/11572/1993 2036/11573/2036 2013/11574/2013
vt 0.2555310 0.7260820
vt 0.2509990 0.7294270
vt 0.2505340 0.7251260
f 2031/11575/2031 1985/11576/1985 1939/11577/1939
vt 0.3571840 0.6689270
vt 0.3583130 0.6718450
vt 0.3561870 0.6713780
f 1979/11578/1979 2006/11579/2006 1994/11580/1994
vt 0.5900550 0.4306220
vt 0.5895160 0.4348090
vt 0.5854710 0.4314420
f 2004/11581/2004 2018/11582/2018 2011/11583/2011
vt 0.0557080 0.3812930
vt 0.0588130 0.3814930
vt 0.0595160 0.3835780
f 1981/11584/1981 2011/11585/2011 2002/11586/2002
vt 0.8407750 0.3307060
vt 0.8413850 0.3312110
vt 0.8411500 0.3318560
f 2020/11587/2020 2014/11588/2014 1974/11589/1974
vt 0.2235610 0.7251830
vt 0.2250540 0.7296720
vt 0.2198560 0.7301870
f 1975/11590/1975 2024/11591/2024 2019/11592/2019
vt 0.7141660 0.6852260
vt 0.7156000 0.6860180
vt 0.7144360 0.6870870
f 1990/11593/1990 2044/11594/2044 1996/11595/1996
vt 0.1312850 0.7435080
vt 0.1279340 0.7450350
vt 0.1260770 0.7421320
f 1997/11596/1997 1977/11597/1977 2025/11598/2025
vt 0.5369580 0.5924220
vt 0.5354580 0.5934800
vt 0.5353780 0.5904790
f 1984/11599/1984 2012/11600/2012 1983/11601/1983
vt 0.7081260 0.0303970
vt 0.7090320 0.0284520
vt 0.7098150 0.0296430
f 1947/11602/1947 2034/11603/2034 2069/11604/2069
vt 0.8337100 0.3574590
vt 0.8345190 0.3586370
vt 0.8328730 0.3598170
f 1988/11605/1988 2062/11606/2062 1999/11607/1999
vt 0.3003250 0.9460500
vt 0.3014520 0.9472340
vt 0.2995990 0.9474550
f 1854/11608/1854 2051/11609/2051 2040/11610/2040
vt 0.5364630 0.5965620
vt 0.5359460 0.5971870
vt 0.5355760 0.5963350
f 1984/11611/1984 2015/11612/2015 2012/11613/2012
vt 0.7204810 0.3464700
vt 0.7226290 0.3474610
vt 0.7214770 0.3495470
f 1897/11614/1897 1929/11615/1929 2053/11616/2053
vt 0.1280860 0.3151440
vt 0.1281530 0.3163210
vt 0.1268830 0.3152840
f 1976/11617/1976 1926/11618/1926 2008/11619/2008
vt 0.1230960 0.3074600
vt 0.1222620 0.3097590
vt 0.1207890 0.3076130
f 1976/11620/1976 2008/11621/2008 2033/11622/2033
vt 0.0611630 0.3477150
vt 0.0653810 0.3471440
vt 0.0649670 0.3489580
f 1990/11623/1990 2048/11624/2048 2044/11625/2044
vt 0.9548930 0.7522440
vt 0.9539600 0.7543820
vt 0.9530180 0.7523340
f 2013/11626/2013 2032/11627/2032 1931/11628/1931
vt 0.2749760 0.7459980
vt 0.2729080 0.7475960
vt 0.2733370 0.7457160
f 1897/11629/1897 2053/11630/2053 2031/11631/2031
vt 0.8448650 0.3268770
vt 0.8452070 0.3277900
vt 0.8444680 0.3278390
f 2071/11632/2071 2027/11633/2027 1989/11634/1989
vt 0.8440620 0.3283480
vt 0.8450990 0.3284450
vt 0.8443370 0.3289960
f 1989/11635/1989 2027/11636/2027 2020/11637/2020
vt 0.0785840 0.3938530
vt 0.0719440 0.3922350
vt 0.0746120 0.3902280
f 2006/11638/2006 2002/11639/2002 2011/11640/2011
vt 0.3600450 0.6810470
vt 0.3654870 0.6790070
vt 0.3664760 0.6858110
f 1994/11641/1994 2006/11642/2006 2001/11643/2001
vt 0.1535280 0.7289020
vt 0.1494160 0.7256490
vt 0.1537950 0.7266550
f 1929/11644/1929 1997/11645/1997 2053/11646/2053
vt 0.3721560 0.6844120
f 2006/11642/2006 2018/11647/2018 2001/11643/2001
vt 0.9570330 0.6888690
vt 0.9527190 0.6900260
vt 0.9540830 0.6865930
f 1940/11648/1940 1931/11649/1931 2032/11650/2032
vt 0.6701680 0.5613760
vt 0.6715580 0.5576390
vt 0.6734090 0.5615430
f 1999/11651/1999 2042/11652/2042 2007/11653/2007
vt 0.0800100 0.3878040
vt 0.0869620 0.3923970
f 2006/11638/2006 2011/11654/2011 2018/11655/2018
vt 0.6785250 0.5613250
vt 0.6769710 0.5585300
vt 0.6788470 0.5576830
f 2007/11656/2007 2042/11657/2042 2038/11658/2038
vt 0.6120460 0.4433140
vt 0.6095330 0.4488290
vt 0.6078280 0.4442370
f 2000/11659/2000 2001/11660/2001 2004/11661/2004
vt 0.9436530 0.1450610
vt 0.9416140 0.1471390
vt 0.9403060 0.1418540
f 2051/11662/2051 1976/11663/1976 2033/11664/2033
vt 0.4817080 0.4909310
vt 0.4775090 0.4944700
vt 0.4788310 0.4889170
f 1987/11665/1987 2084/11666/2084 1972/11667/1972
vt 0.2323440 0.7247120
vt 0.2290560 0.7288210
vt 0.2268880 0.7281280
f 1975/11668/1975 2026/11669/2026 2024/11670/2024
vt 0.4880450 0.7568280
vt 0.4905280 0.7565530
vt 0.4897280 0.7590470
f 1965/11671/1965 2021/11672/2021 2030/11673/2030
vt 0.2171090 0.7602590
vt 0.2188850 0.7585640
vt 0.2197110 0.7609370
f 1998/11674/1998 2019/11675/2019 2025/11676/2025
vt 0.4453830 0.4732610
vt 0.4475610 0.4796100
vt 0.4430370 0.4782360
f 2034/11677/2034 1922/11678/1922 2089/11679/2089
vt 0.5067420 0.7484330
vt 0.5082830 0.7504990
vt 0.5061770 0.7498620
f 1953/11680/1953 2078/11681/2078 2021/11682/2021
vt 0.6013800 0.4402970
vt 0.6034980 0.4464750
vt 0.5992650 0.4470500
f 2004/11683/2004 2001/11684/2001 2018/11685/2018
vt 0.6851060 0.5424510
vt 0.6819660 0.5437910
vt 0.6830220 0.5411300
f 2016/11686/2016 2029/11687/2029 2049/11688/2049
vt 0.7884780 0.3452690
vt 0.7881380 0.3436470
vt 0.7896220 0.3439460
f 2016/11689/2016 2057/11690/2057 2029/11691/2029
vt 0.7993480 0.3521110
vt 0.8020090 0.3542500
vt 0.8004260 0.3570420
f 2081/11692/2081 2016/11693/2016 2058/11694/2058
vt 0.5285430 0.5773040
vt 0.5303060 0.5815350
vt 0.5263280 0.5815920
f 1953/11695/1953 1983/11696/1983 2078/11697/2078
vt 0.1286300 0.3360010
vt 0.1271280 0.3400190
vt 0.1266370 0.3366950
f 1926/11698/1926 2032/11699/2032 2008/11700/2008
vt 0.9388800 0.6851090
vt 0.9391470 0.6848430
vt 0.9396760 0.6855050
f 2013/11701/2013 2022/11702/2022 2032/11703/2032
vt 0.8465160 0.3325960
vt 0.8468840 0.3316180
vt 0.8486270 0.3331770
f 2014/11704/2014 2020/11705/2020 2039/11706/2039
vt 0.2367650 0.7263360
vt 0.2365200 0.7269200
vt 0.2353850 0.7268690
f 1985/11707/1985 2026/11708/2026 1975/11709/1975
vt 0.6829320 0.5358410
vt 0.6807300 0.5349660
vt 0.6853910 0.5342060
f 2016/11710/2016 2023/11711/2023 2058/11712/2058
vt 0.7853300 0.3476570
vt 0.7836730 0.3461890
vt 0.7863050 0.3464960
f 2047/11713/2047 2057/11714/2057 2016/11715/2016
vt 0.7243050 0.5187340
vt 0.7246540 0.5215400
vt 0.7227080 0.5219400
f 2010/11716/2010 1980/11717/1980 2096/11718/2096
vt 0.7885250 0.3533040
vt 0.7905100 0.3580810
vt 0.7860660 0.3568940
f 2016/11719/2016 2081/11720/2081 2047/11721/2047
vt 0.5366320 0.6126570
vt 0.5335900 0.6126860
vt 0.5375140 0.6091220
f 2009/11722/2009 2017/11723/2017 2015/11724/2015
vt 0.7112540 0.6935390
vt 0.7124660 0.6941610
vt 0.7116170 0.6954360
f 2028/11725/2028 1996/11726/1996 2054/11727/2054
vt 0.5414750 0.6175660
vt 0.5390350 0.6228980
vt 0.5370780 0.6165510
f 2009/11728/2009 2037/11729/2037 2017/11730/2017
vt 0.9368600 0.6845190
vt 0.9350900 0.6844620
vt 0.9356670 0.6830850
f 2013/11731/2013 2036/11732/2036 2022/11733/2022
vt 0.4640830 0.4823960
vt 0.4670060 0.4860080
vt 0.4595350 0.4876200
f 1922/11734/1922 1972/11735/1972 2084/11736/2084
vt 0.5058570 0.7512950
vt 0.5089260 0.7525220
vt 0.5064420 0.7554820
f 2021/11737/2021 2078/11738/2078 2088/11739/2088
vt 0.6816480 0.5393290
vt 0.6796000 0.5417860
vt 0.6779220 0.5397890
f 2016/11740/2016 2049/11741/2049 2023/11742/2023
vt 0.7883480 0.3620130
vt 0.7849990 0.3608910
f 2081/11720/2081 2052/11743/2052 2047/11744/2047
vt 0.5297130 0.5978220
vt 0.5296080 0.6015460
vt 0.5273400 0.6017510
f 2012/11745/2012 2015/11746/2015 2112/11747/2112
vt 0.9343010 0.6823110
vt 0.9347620 0.6823300
f 2036/11732/2036 2043/11748/2043 2022/11749/2022
vt 0.6874570 0.7132090
vt 0.6909020 0.7162840
vt 0.6878750 0.7182600
f 1992/11750/1992 2045/11751/2045 2003/11752/2003
vt 0.8484320 0.3309840
vt 0.8496690 0.3309520
vt 0.8496770 0.3317670
f 2020/11753/2020 2027/11754/2027 2039/11755/2039
vt 0.4774060 0.7661630
vt 0.4796290 0.7664070
vt 0.4760520 0.7703870
f 1965/11756/1965 2030/11757/2030 2068/11758/2068
vt 0.2235780 0.7466300
vt 0.2305400 0.7477580
vt 0.2304440 0.7519240
f 2024/11759/2024 2026/11760/2026 2025/11761/2025
vt 0.2221140 0.7524100
f 2024/11759/2024 2025/11761/2025 2019/11762/2019
vt 0.7870530 0.3410700
vt 0.7866660 0.3418920
vt 0.7855300 0.3383510
f 2029/11763/2029 2057/11764/2057 2038/11765/2038
vt 0.7712260 0.3221330
vt 0.7728890 0.3253860
vt 0.7692220 0.3234420
f 2007/11766/2007 2070/11767/2070 2037/11768/2037
vt 0.7072460 0.6982460
vt 0.7072530 0.7006960
vt 0.7060410 0.6999160
f 2028/11769/2028 2054/11770/2054 2045/11771/2045
vt 0.2504680 0.7347280
vt 0.2500930 0.7377340
vt 0.2480530 0.7344780
f 1985/11772/1985 2031/11773/2031 2026/11774/2026
vt 0.5014840 0.7548800
vt 0.4986190 0.7599630
vt 0.4979180 0.7572380
f 2088/11775/2088 2041/11776/2041 2021/11777/2021
vt 0.4931060 0.7599070
vt 0.4960950 0.7594300
vt 0.4949230 0.7619680
f 2030/11778/2030 2021/11779/2021 2041/11780/2041
vt 0.7203950 0.6914320
vt 0.7212410 0.6911730
vt 0.7218490 0.6926200
f 1996/11781/1996 2044/11782/2044 2046/11783/2046
vt 0.6814990 0.5456290
vt 0.6809670 0.5502260
vt 0.6776810 0.5478590
f 2029/11784/2029 2042/11785/2042 2049/11786/2049
vt 0.6850240 0.5503520
vt 0.6834280 0.5539740
f 2029/11787/2029 2038/11788/2038 2042/11785/2042
vt 0.6910430 0.7192770
f 2003/11752/2003 2045/11751/2045 2059/11789/2059
vt 0.7791050 0.3278060
vt 0.7789980 0.3303100
vt 0.7775060 0.3299270
f 2007/11790/2007 2038/11791/2038 2070/11792/2070
vt 0.7146750 0.6948460
vt 0.7157770 0.6975100
vt 0.7138130 0.6962160
f 1996/11793/1996 2046/11794/2046 2054/11795/2054
vt 0.7843720 0.3372930
vt 0.7829970 0.3386990
vt 0.7826780 0.3365600
f 2038/11796/2038 2057/11797/2057 2070/11798/2070
vt 0.0732690 0.3196760
vt 0.0746990 0.3187460
vt 0.0754630 0.3213230
f 2048/11799/2048 2040/11800/2040 2056/11801/2056
vt 0.6902240 0.7293290
vt 0.6950420 0.7293970
vt 0.6943700 0.7321830
f 2003/11802/2003 2059/11803/2059 2061/11804/2061
vt 0.2518760 0.7404520
vt 0.2495570 0.7391610
f 2031/11773/2031 2053/11805/2053 2026/11806/2026
vt 0.2547910 0.7590610
vt 0.2512420 0.7572790
vt 0.2545090 0.7545930
f 1997/11807/1997 2025/11808/2025 2053/11809/2053
vt 0.7762840 0.3526660
vt 0.7739960 0.3512630
vt 0.7739650 0.3485820
f 2047/11810/2047 2093/11811/2093 2057/11812/2057
vt 0.6816160 0.5206180
vt 0.6788870 0.5196110
vt 0.6822620 0.5167970
f 2058/11813/2058 2023/11814/2023 2122/11815/2122
vt 0.9389950 0.6806170
vt 0.9390090 0.6789690
vt 0.9409580 0.6803560
f 2022/11816/2022 2075/11817/2075 2032/11818/2032
vt 0.6768910 0.5378610
vt 0.6744100 0.5393730
vt 0.6740740 0.5378780
f 2023/11819/2023 2049/11820/2049 2050/11821/2050
vt 0.7039220 0.7046780
vt 0.7060670 0.7036680
vt 0.7052860 0.7052160
f 2045/11822/2045 2054/11823/2054 2063/11824/2063
vt 0.0786400 0.3120500
vt 0.0792900 0.3114770
vt 0.0792930 0.3124990
f 2040/11825/2040 2051/11826/2051 2056/11827/2056
vt 0.1187030 0.3209330
vt 0.1169510 0.3249670
vt 0.1157830 0.3225670
f 2008/11828/2008 2032/11829/2032 2033/11830/2033
vt 0.9327820 0.6784720
vt 0.9318220 0.6768320
vt 0.9332450 0.6775560
f 2043/11831/2043 2065/11832/2065 2022/11833/2022
vt 0.3144000 0.3853990
vt 0.3166570 0.3884210
vt 0.3109180 0.3897730
f 2005/11834/2005 1965/11835/1965 2068/11836/2068
vt 0.0724500 0.3320710
vt 0.0744150 0.3335660
vt 0.0729440 0.3340880
f 2048/11837/2048 2056/11838/2056 2044/11839/2044
vt 0.7131460 0.6990510
vt 0.7127000 0.7018530
vt 0.7101770 0.7005850
f 2046/11840/2046 2077/11841/2077 2054/11842/2054
vt 0.8425740 0.3614720
vt 0.8504430 0.3600780
vt 0.8459930 0.3652200
f 2062/11843/2062 1988/11844/1988 2121/11845/2121
vt 0.2452890 0.7542030
vt 0.2482190 0.7557580
vt 0.2454810 0.7577180
f 2026/11846/2026 2053/11847/2053 2025/11848/2025
vt 0.6645580 0.5544360
vt 0.6631160 0.5547910
vt 0.6638010 0.5535590
f 1999/11849/1999 2062/11850/2062 2042/11851/2042
vt 0.0497690 0.1651380
vt 0.0525070 0.1655750
vt 0.0501480 0.1670360
f 2022/11852/2022 2065/11853/2065 2075/11854/2075
vt 0.6662750 0.5533280
vt 0.6648000 0.5527660
vt 0.6656090 0.5523500
f 2042/11855/2042 2062/11856/2062 2067/11857/2067
vt 0.0783790 0.3332800
vt 0.0767360 0.3372830
f 2056/11838/2056 2055/11858/2055 2044/11859/2044
vt 0.7710020 0.3269080
vt 0.7685690 0.3274670
vt 0.7678840 0.3252300
f 2070/11860/2070 2108/11861/2108 2037/11862/2037
vt 0.6696400 0.5509400
vt 0.6687260 0.5505210
vt 0.6685820 0.5496630
f 2042/11863/2042 2067/11864/2067 2049/11865/2049
vt 0.9727450 0.7492530
vt 0.9733380 0.7509800
vt 0.9717560 0.7501450
f 2073/11866/2073 2043/11867/2043 2036/11868/2036
vt 0.9746300 0.7450150
vt 0.9763040 0.7443200
vt 0.9764910 0.7458620
f 2036/11869/2036 2061/11870/2061 2073/11871/2073
vt 0.7097970 0.0178030
vt 0.7067520 0.0146990
vt 0.7088710 0.0140020
f 2069/11872/2069 2034/11873/2034 2060/11874/2060
vt 0.5282650 0.6069850
vt 0.5279710 0.6099030
vt 0.5250730 0.6062000
f 2015/11875/2015 2017/11876/2017 2112/11877/2112
vt 0.5230390 0.5853550
vt 0.5228480 0.5881750
vt 0.5206200 0.5868280
f 2078/11878/2078 1983/11879/1983 2104/11880/2104
vt 0.5229820 0.5894090
vt 0.5220410 0.5908750
vt 0.5215720 0.5890170
f 1983/11881/1983 2012/11882/2012 2104/11883/2104
vt 0.4848720 0.5050810
vt 0.4828960 0.5095460
vt 0.4803700 0.5070910
f 1987/11884/1987 2005/11885/2005 2084/11886/2084
vt 0.0853280 0.3130080
vt 0.0859970 0.3172600
vt 0.0821390 0.3166650
f 2051/11887/2051 2033/11888/2033 2056/11889/2056
vt 0.6667280 0.5496170
vt 0.6688460 0.5480050
f 2049/11865/2049 2067/11890/2067 2050/11891/2050
vt 0.6676510 0.5244400
vt 0.6633950 0.5255650
vt 0.6665750 0.5220490
f 2023/11892/2023 2074/11893/2074 2072/11894/2072
vt 0.6946870 0.7176040
vt 0.6963250 0.7172680
vt 0.6955090 0.7183770
f 2059/11895/2059 2045/11896/2045 2063/11897/2063
vt 0.7296770 0.0259080
vt 0.7299610 0.0211010
vt 0.7332290 0.0233430
f 1980/11898/1980 2069/11899/2069 2096/11900/2096
vt 0.7659090 0.3689030
vt 0.7633320 0.3723160
vt 0.7618740 0.3707210
f 2052/11901/2052 2094/11902/2094 2047/11903/2047
vt 0.6675750 0.5180420
vt 0.6660990 0.5155510
vt 0.6687470 0.5141030
f 2023/11904/2023 2072/11905/2072 2122/11906/2122
vt 0.7280170 0.6939240
vt 0.7273000 0.6951490
vt 0.7267480 0.6938010
f 2044/11907/2044 2066/11908/2066 2046/11909/2046
vt 0.8910420 0.8408210
vt 0.8887860 0.8426940
vt 0.8871100 0.8408740
f 2094/11910/2094 2052/11911/2052 2083/11912/2083
vt 0.1148890 0.3529340
vt 0.1128560 0.3505600
vt 0.1146850 0.3504980
f 2032/11913/2032 2075/11914/2075 2064/11915/2064
vt 0.4291400 0.4773790
vt 0.4294540 0.4827210
vt 0.4266110 0.4817270
f 2034/11916/2034 2089/11917/2089 2060/11918/2060
vt 0.1153220 0.3277000
vt 0.1142980 0.3300030
vt 0.1134510 0.3278610
f 2032/11919/2032 2064/11920/2064 2033/11921/2033
vt 0.7008570 0.7324050
vt 0.7020570 0.7293510
vt 0.7031530 0.7318120
f 2061/11922/2061 2059/11923/2059 2073/11924/2073
vt 0.6544880 0.5582210
vt 0.6518140 0.5597610
vt 0.6539890 0.5560300
f 2062/11925/2062 2121/11926/2121 2101/11927/2101
vt 0.9746550 0.7525680
vt 0.9750290 0.7522960
vt 0.9748090 0.7536510
f 2043/11928/2043 2073/11929/2073 2065/11930/2065
vt 0.3990680 0.9283390
vt 0.3991460 0.9294110
vt 0.3980490 0.9290020
f 2070/11931/2070 2057/11932/2057 2079/11933/2079
vt 0.6660260 0.5284750
vt 0.6640830 0.5302310
vt 0.6636440 0.5279330
f 2023/11934/2023 2050/11935/2050 2074/11936/2074
vt 0.0525500 0.1699040
vt 0.0481340 0.1716060
vt 0.0482250 0.1694470
f 2065/11937/2065 2097/11938/2097 2075/11939/2075
vt 0.7060960 0.7073890
vt 0.7079410 0.7094710
vt 0.7056470 0.7107480
f 2054/11940/2054 2077/11941/2077 2063/11942/2063
vt 0.3302700 0.8435590
vt 0.3286780 0.8429440
vt 0.3300150 0.8390850
f 1988/11943/1988 2014/11944/2014 2099/11945/2099
vt 0.6597690 0.5525140
vt 0.6585960 0.5532140
vt 0.6589390 0.5518850
f 2067/11946/2067 2062/11947/2062 2101/11948/2101
vt 0.4006890 0.9299370
vt 0.3983560 0.9300700
f 2093/11949/2093 2079/11950/2079 2057/11932/2057
vt 0.4074240 0.0166520
vt 0.4138820 0.0221440
vt 0.4066140 0.0242450
f 2081/11951/2081 2058/11952/2058 2106/11953/2106
vt 0.5185200 0.5989290
vt 0.5182100 0.6001030
vt 0.5175120 0.5995550
f 2012/11954/2012 2112/11955/2112 2080/11956/2080
vt 0.7023270 0.7274130
vt 0.7029430 0.7258600
vt 0.7035370 0.7268830
f 2059/11957/2059 2063/11958/2063 2073/11959/2073
vt 0.3231840 0.4143330
vt 0.3194470 0.4135220
vt 0.3216970 0.4101710
f 2030/11960/2030 2041/11961/2041 2068/11962/2068
vt 0.7129850 0.7044480
vt 0.7162710 0.7048680
vt 0.7118720 0.7057800
f 2046/11963/2046 2095/11964/2095 2077/11965/2077
vt 0.0792730 0.3427290
vt 0.0793980 0.3414380
vt 0.0799900 0.3424120
f 2044/11966/2044 2055/11967/2055 2076/11968/2076
vt 0.7166640 0.0167670
vt 0.7161320 0.0140400
vt 0.7195130 0.0142890
f 2069/11969/2069 2060/11970/2060 2098/11971/2098
vt 0.3091670 0.3898910
vt 0.3070410 0.3896530
vt 0.3085840 0.3888540
f 2068/11972/2068 2090/11973/2090 2005/11974/2005
vt 0.0886310 0.3442600
vt 0.0873400 0.3425200
vt 0.0913250 0.3425370
f 2075/11975/2075 2076/11976/2076 2064/11977/2064
vt 0.0918590 0.3259440
vt 0.0882410 0.3266460
vt 0.0887310 0.3229130
f 2033/11978/2033 2064/11979/2064 2056/11980/2056
vt 0.0794410 0.3459870
vt 0.0807000 0.3464950
vt 0.0784850 0.3467910
f 2044/11981/2044 2076/11982/2076 2066/11983/2066
vt 0.0836380 0.3458630
vt 0.0836010 0.3475060
vt 0.0814320 0.3462530
f 2075/11984/2075 2087/11985/2087 2076/11986/2076
vt 0.6605160 0.5472550
vt 0.6576090 0.5480750
vt 0.6584700 0.5452340
f 2050/11987/2050 2067/11988/2067 2086/11989/2086
vt 0.0840310 0.3414410
vt 0.0888590 0.3403600
f 2076/11976/2076 2055/11990/2055 2064/11991/2064
vt 0.0789130 0.3480520
f 2066/11983/2066 2076/11982/2076 2087/11992/2087
vt 0.7053560 0.7291750
vt 0.7048830 0.7273360
vt 0.7062290 0.7285050
f 2073/11993/2073 2063/11994/2063 2092/11995/2092
vt 0.2218460 0.2790910
vt 0.2188720 0.2781720
vt 0.2212270 0.2757170
f 2010/11996/2010 2096/11997/2096 2035/11998/2035
vt 0.3898910 0.9242630
vt 0.3874110 0.9225410
vt 0.3876040 0.9216590
f 2079/11999/2079 2108/12000/2108 2070/12001/2070
vt 0.4527570 0.4920010
vt 0.4527070 0.4949890
vt 0.4514610 0.4942550
f 1922/12002/1922 2084/12003/2084 2089/12004/2089
vt 0.3123930 0.8530090
vt 0.3117920 0.8533140
vt 0.3117050 0.8526110
f 2027/12005/2027 2109/12006/2109 2039/12007/2039
vt 0.0879260 0.3308020
vt 0.0852130 0.3332740
vt 0.0832990 0.3295680
f 2064/12008/2064 2055/12009/2055 2056/12010/2056
vt 0.3040680 0.2651470
vt 0.3014900 0.2654780
vt 0.3027740 0.2629730
f 2052/12011/2052 2081/12012/2081 2083/12013/2083
vt 0.5264930 0.6178700
vt 0.5260280 0.6240950
vt 0.5219900 0.6224600
f 2017/12014/2017 2037/12015/2037 2153/12016/2153
vt 0.0979230 0.3502500
vt 0.0942030 0.3516260
vt 0.0953040 0.3503380
f 2075/12017/2075 2097/12018/2097 2087/12019/2087
vt 0.3124080 0.8537860
vt 0.3111390 0.8548190
vt 0.3112140 0.8535170
f 2027/12020/2027 2071/12021/2071 2109/12022/2109
vt 0.7232720 0.7025110
vt 0.7229340 0.7053530
vt 0.7201740 0.7056430
f 2046/12023/2046 2066/12024/2066 2095/12025/2095
vt 0.6561800 0.5496030
vt 0.6541820 0.5477350
f 2067/11988/2067 2101/12026/2101 2086/12027/2086
vt 0.3883130 0.9278090
vt 0.3873860 0.9293880
vt 0.3872920 0.9255480
f 2079/12028/2079 2085/12029/2085 2108/12030/2108
vt 0.3041140 0.3886670
vt 0.3029340 0.3922200
vt 0.3019810 0.3887060
f 2005/12031/2005 2090/12032/2090 2082/12033/2082
vt 0.9521940 0.4507500
vt 0.9528660 0.4477520
vt 0.9544690 0.4507010
f 2094/12034/2094 2125/12035/2125 2047/12036/2047
vt 0.3205440 0.8466050
vt 0.3155450 0.8472530
vt 0.3183090 0.8453410
f 2014/12037/2014 2039/12038/2039 2120/12039/2120
vt 0.5142430 0.5945350
vt 0.5126610 0.5950030
vt 0.5126900 0.5921810
f 2012/12040/2012 2080/12041/2080 2104/12042/2104
vt 0.3847240 0.9295020
vt 0.3825640 0.9268920
vt 0.3844560 0.9247840
f 2085/12043/2085 2091/12044/2091 2108/12045/2108
vt 0.3078290 0.8536710
vt 0.3103930 0.8532950
f 2071/12021/2071 2117/12046/2117 2109/12047/2109
vt 0.3943280 0.9318030
vt 0.3956780 0.9337290
vt 0.3926560 0.9351710
f 2079/12048/2079 2093/12049/2093 2085/12050/2085
vt 0.7321530 0.0176450
vt 0.7344630 0.0151710
vt 0.7363130 0.0177370
f 2069/12051/2069 2141/12052/2141 2096/12053/2096
vt 0.3389290 0.8307830
vt 0.3323620 0.8283970
vt 0.3349610 0.8239540
f 1988/12054/1988 2099/12055/2099 2121/12056/2121
vt 0.7042930 0.7199330
vt 0.7056100 0.7198060
vt 0.7062760 0.7207020
f 2063/12057/2063 2077/12058/2077 2092/12059/2092
vt 0.3263480 0.8442440
vt 0.3225980 0.8417480
vt 0.3234600 0.8398340
f 2014/12060/2014 2120/12061/2120 2099/12062/2099
vt 0.9677100 0.4484370
vt 0.9638320 0.4463610
vt 0.9638030 0.4446910
f 2093/12063/2093 2125/12064/2125 2085/12065/2085
vt 0.6588150 0.5353820
vt 0.6569830 0.5346030
vt 0.6576760 0.5341140
f 2086/12066/2086 2074/12067/2074 2050/12068/2050
vt 0.7303820 0.0153610
vt 0.7303800 0.0129740
vt 0.7325660 0.0132260
f 2069/12069/2069 2098/12070/2098 2141/12071/2141
vt 0.9578730 0.4474460
vt 0.9590490 0.4469770
vt 0.9601280 0.4478270
f 2047/12072/2047 2125/12073/2125 2093/12074/2093
vt 0.7277830 0.7037660
vt 0.7296650 0.7068980
vt 0.7269950 0.7069010
f 2066/12075/2066 2087/12076/2087 2095/12077/2095
vt 0.6549240 0.5245360
vt 0.6559100 0.5259920
vt 0.6538600 0.5257970
f 2072/12078/2072 2074/12079/2074 2103/12080/2103
vt 0.6531610 0.5470930
vt 0.6518880 0.5485480
vt 0.6509340 0.5472830
f 2086/12081/2086 2101/12082/2101 2111/12083/2111
vt 0.9522810 0.2699140
vt 0.9477700 0.2716780
vt 0.9487430 0.2692290
f 2071/12084/2071 2035/12085/2035 2143/12086/2143
vt 0.7189540 0.7405680
vt 0.7211510 0.7403260
vt 0.7209240 0.7412460
f 2073/12087/2073 2097/12088/2097 2065/12089/2065
vt 0.3827910 0.9371010
vt 0.3813660 0.9383000
vt 0.3816080 0.9374850
f 2085/12090/2085 2102/12091/2102 2091/12092/2091
vt 0.7091720 0.7168890
vt 0.7096420 0.7166860
vt 0.7090750 0.7177780
f 2077/12093/2077 2095/12094/2095 2092/12095/2092
vt 0.2791800 0.3762280
vt 0.2787730 0.3808350
vt 0.2765660 0.3763430
f 2005/12096/2005 2123/12097/2123 2084/12098/2084
vt 0.3120600 0.8473860
vt 0.3111310 0.8466240
vt 0.3129050 0.8462250
f 2039/12099/2039 2109/12100/2109 2120/12101/2120
vt 0.5118580 0.6043680
vt 0.5114690 0.6046820
vt 0.5113780 0.6040670
f 2112/12102/2112 2100/12103/2100 2080/12104/2080
vt 0.9469030 0.4491390
vt 0.9472170 0.4455680
vt 0.9497140 0.4462420
f 2094/12105/2094 2167/12106/2167 2125/12107/2125
vt 0.4362270 0.4947940
vt 0.4338140 0.4973070
vt 0.4318830 0.4938310
f 2089/12108/2089 2130/12109/2130 2060/12110/2060
vt 0.3928560 0.9441250
vt 0.3899750 0.9446600
vt 0.3916370 0.9425970
f 2125/12111/2125 2102/12112/2102 2085/12113/2085
vt 0.6512470 0.5450150
vt 0.6484000 0.5456030
vt 0.6499790 0.5420370
f 2111/12114/2111 2179/12115/2179 2086/12116/2086
vt 0.4295870 0.4967480
f 2060/12110/2060 2130/12109/2130 2098/12117/2098
vt 0.6543290 0.5348390
vt 0.6533200 0.5335970
vt 0.6548200 0.5337500
f 2086/12118/2086 2115/12119/2115 2074/12120/2074
vt 0.3800590 0.9277970
vt 0.3734010 0.9321810
vt 0.3765410 0.9273970
f 2091/12121/2091 2131/12122/2131 2108/12123/2108
vt 0.3297870 0.8214170
f 2099/12055/2099 2155/12124/2155 2121/12056/2121
vt 0.2636120 0.3721110
vt 0.2615710 0.3737830
vt 0.2613060 0.3722640
f 2084/12125/2084 2123/12126/2123 2089/12127/2089
vt 0.2852570 0.2713510
vt 0.2825380 0.2653860
vt 0.2875990 0.2660700
f 2081/12128/2081 2106/12129/2106 2083/12130/2083
vt 0.7308350 0.7183010
vt 0.7270290 0.7233650
vt 0.7287170 0.7148050
f 2097/12131/2097 2110/12132/2110 2087/12133/2087
vt 0.2213980 0.2623070
vt 0.2191030 0.2574650
vt 0.2221140 0.2585360
f 2071/12134/2071 2143/12135/2143 2117/12136/2117
vt 0.7165770 0.7332400
vt 0.7148410 0.7297880
vt 0.7187080 0.7306140
f 2073/12137/2073 2092/12138/2092 2097/12139/2097
vt 0.5621980 0.9490640
vt 0.5646030 0.9485710
vt 0.5645720 0.9495710
f 2100/12140/2100 2105/12141/2105 2080/12142/2080
vt 0.9576740 0.4416480
vt 0.9538790 0.4398150
vt 0.9548540 0.4387260
f 2125/12143/2125 2116/12144/2116 2102/12145/2102
vt 0.7249480 0.7098840
vt 0.7248470 0.7140590
vt 0.7222510 0.7129280
f 2095/12146/2095 2087/12147/2087 2110/12148/2110
vt 0.6471090 0.5535070
vt 0.6447800 0.5524750
vt 0.6473910 0.5510800
f 2121/12149/2121 2155/12150/2155 2101/12151/2101
vt 0.8811740 0.8285100
vt 0.8795450 0.8265920
vt 0.8813110 0.8267190
f 2083/12152/2083 2119/12153/2119 2094/12154/2094
vt 0.3781050 0.9352000
vt 0.3777330 0.9375070
vt 0.3764990 0.9367930
f 2091/12155/2091 2102/12156/2102 2162/12157/2162
vt 0.0434360 0.8076510
vt 0.0451880 0.8093390
vt 0.0428200 0.8099470
f 2078/12158/2078 2104/12159/2104 2140/12160/2140
vt 0.4581800 0.5063370
vt 0.4598680 0.5111940
vt 0.4543240 0.5094980
f 2089/12161/2089 2123/12162/2123 2130/12163/2130
vt 0.2819000 0.3844370
vt 0.2847120 0.3869440
vt 0.2803400 0.3867880
f 2005/12164/2005 2082/12165/2082 2123/12166/2123
vt 0.6456960 0.5509650
f 2101/12151/2101 2155/12150/2155 2111/12167/2111
vt 0.5571660 0.9474510
vt 0.5573710 0.9459890
vt 0.5598650 0.9463270
f 2112/12168/2112 2129/12169/2129 2100/12170/2100
vt 0.3765310 0.9349950
vt 0.3739250 0.9329590
vt 0.3760670 0.9327720
f 2162/12171/2162 2131/12172/2131 2091/12173/2091
vt 0.6524590 0.5298970
vt 0.6513880 0.5308460
vt 0.6513300 0.5287640
f 2074/12174/2074 2115/12175/2115 2103/12176/2103
vt 0.2687380 0.3116530
vt 0.2658720 0.3091920
vt 0.2696170 0.3078050
f 2122/12177/2122 2134/12178/2134 2058/12179/2058
vt 0.3002470 0.8480830
vt 0.2985620 0.8481010
vt 0.3000670 0.8468500
f 2109/12180/2109 2114/12181/2114 2113/12182/2113
vt 0.2882770 0.2596730
vt 0.2838110 0.2608330
vt 0.2840220 0.2562920
f 2083/12183/2083 2106/12184/2106 2156/12185/2156
vt 0.3005770 0.8507940
vt 0.2992720 0.8519280
vt 0.2999410 0.8499850
f 2109/12186/2109 2117/12187/2117 2114/12188/2114
vt 0.3095160 0.4132340
vt 0.3095480 0.4190650
vt 0.3070130 0.4172630
f 2068/12189/2068 2041/12190/2041 2127/12191/2127
vt 0.3159500 0.4364430
vt 0.3142690 0.4369660
vt 0.3144870 0.4339480
f 2078/12192/2078 2140/12193/2140 2088/12194/2088
vt 0.2867770 0.8482570
vt 0.2845820 0.8464850
vt 0.2876350 0.8466760
f 2114/12195/2114 2100/12196/2100 2113/12197/2113
vt 0.7147280 0.7201520
vt 0.7159070 0.7188630
vt 0.7164780 0.7198290
f 2092/12198/2092 2095/12199/2095 2110/12200/2110
vt 0.5683290 0.9475750
vt 0.5676150 0.9475820
vt 0.5685770 0.9463040
f 2114/12201/2114 2105/12202/2105 2100/12203/2100
vt 0.8786480 0.8244300
vt 0.8784780 0.8223190
vt 0.8799310 0.8245740
f 2119/12204/2119 2167/12205/2167 2094/12206/2094
vt 0.3109750 0.8417340
vt 0.3116730 0.8397950
vt 0.3130340 0.8406800
f 2109/12207/2109 2128/12208/2128 2120/12209/2120
vt 0.9550670 0.4324770
vt 0.9535050 0.4302970
vt 0.9554690 0.4283390
f 2102/12210/2102 2116/12211/2116 2147/12212/2147
vt 0.3037200 0.4165720
vt 0.3050070 0.4113780
f 2068/12189/2068 2127/12213/2127 2090/12214/2090
vt 0.5695650 0.9452880
vt 0.5694590 0.9446320
vt 0.5703030 0.9446720
f 2100/12215/2100 2129/12216/2129 2113/12217/2113
vt 0.7190220 0.7237580
vt 0.7173560 0.7231420
vt 0.7187710 0.7222960
f 2097/12218/2097 2092/12219/2092 2110/12220/2110
vt 0.2636240 0.3010120
vt 0.2608630 0.3007080
vt 0.2606570 0.2972760
f 2058/12221/2058 2134/12222/2134 2106/12223/2106
vt 0.0558620 0.8138790
vt 0.0558150 0.8159860
vt 0.0547470 0.8150140
f 2080/12224/2080 2124/12225/2124 2104/12226/2104
vt 0.3717180 0.9172530
vt 0.3726450 0.9198920
vt 0.3695510 0.9183640
f 2037/12227/2037 2108/12228/2108 2118/12229/2118
vt 0.5521940 0.9410090
vt 0.5503720 0.9386890
vt 0.5527680 0.9386180
f 2112/12230/2112 2017/12231/2017 2129/12232/2129
vt 0.9286620 0.2684170
vt 0.9264120 0.2680340
vt 0.9267450 0.2668440
f 2035/12233/2035 2096/12234/2096 2141/12235/2141
vt 0.2309670 0.3921270
vt 0.2331500 0.3931640
vt 0.2320440 0.3948630
f 2098/12236/2098 2130/12237/2130 2107/12238/2107
vt 0.0458690 0.8118930
vt 0.0477380 0.8144680
vt 0.0450280 0.8139530
f 2104/12239/2104 2124/12240/2124 2140/12241/2140
vt 0.0671970 0.8172900
vt 0.0658530 0.8194050
vt 0.0648510 0.8164580
f 2114/12242/2114 2117/12243/2117 2105/12244/2105
vt 0.2899260 0.3997260
vt 0.2903390 0.4024800
vt 0.2885500 0.4005030
f 2090/12245/2090 2127/12246/2127 2082/12247/2082
vt 0.0597270 0.8150130
vt 0.0614350 0.8161540
vt 0.0592650 0.8166050
f 2080/12248/2080 2105/12249/2105 2124/12250/2124
vt 0.2867930 0.2519620
vt 0.2869770 0.2464150
vt 0.2913930 0.2506080
f 2156/12251/2156 2163/12252/2163 2083/12253/2083
vt 0.0638460 0.8192190
f 2105/12244/2105 2117/12243/2117 2124/12254/2124
vt 0.3035110 0.8425510
vt 0.3023070 0.8422920
vt 0.3037220 0.8402680
f 2109/12255/2109 2113/12256/2113 2128/12257/2128
vt 0.3267010 0.8242680
vt 0.3254950 0.8214300
f 2099/12258/2099 2120/12259/2120 2155/12124/2155
vt 0.5500520 0.9378490
vt 0.5487990 0.9363320
vt 0.5508340 0.9363820
f 2017/12260/2017 2153/12261/2153 2129/12262/2129
vt 0.3005350 0.2450710
vt 0.2956540 0.2445490
vt 0.2988600 0.2433910
f 2083/12263/2083 2163/12264/2163 2119/12265/2119
vt 0.6457210 0.5372620
vt 0.6428830 0.5382810
vt 0.6418500 0.5347630
f 2086/12266/2086 2179/12267/2179 2115/12268/2115
vt 0.7349680 0.0029370
vt 0.7363030 0.0003140
vt 0.7379860 0.0027690
f 2098/12269/2098 2107/12270/2107 2141/12271/2141
vt 0.6403280 0.5518000
vt 0.6391380 0.5504290
vt 0.6405320 0.5507410
f 2155/12272/2155 2126/12273/2126 2111/12274/2111
vt 0.6456660 0.5227130
vt 0.6436600 0.5203060
vt 0.6452230 0.5200340
f 2103/12275/2103 2136/12276/2136 2072/12277/2072
vt 0.6611990 0.4941590
vt 0.6543490 0.5007870
vt 0.6534600 0.4945520
f 2122/12278/2122 2072/12279/2072 2136/12280/2136
vt 0.3744580 0.9399900
vt 0.3722260 0.9485510
vt 0.3701680 0.9412000
f 2102/12281/2102 2147/12282/2147 2162/12283/2162
vt 0.5742190 0.9411590
vt 0.5690590 0.9413100
vt 0.5714300 0.9375230
f 2113/12284/2113 2129/12285/2129 2128/12286/2128
vt 0.6397800 0.5483610
vt 0.6390520 0.5484990
vt 0.6392980 0.5475780
f 2111/12287/2111 2126/12288/2126 2179/12289/2179
vt 0.2814700 0.1457640
vt 0.2794930 0.1485800
vt 0.2771540 0.1464070
f 2108/12290/2108 2131/12291/2131 2118/12292/2118
vt 0.4623570 0.0038710
vt 0.4694520 0.0032220
vt 0.4676520 0.0077480
f 2122/12293/2122 2136/12294/2136 2193/12295/2193
vt 0.0496080 0.8178040
vt 0.0485050 0.8199380
vt 0.0467930 0.8173420
f 2124/12296/2124 2154/12297/2154 2140/12298/2140
vt 0.8816080 0.8183190
vt 0.8761160 0.8182650
vt 0.8772120 0.8118170
f 2167/12299/2167 2119/12300/2119 2176/12301/2176
vt 0.2728560 0.1368940
vt 0.2724240 0.1391660
vt 0.2717320 0.1371540
f 2037/12302/2037 2118/12303/2118 2153/12304/2153
vt 0.8961880 0.3396230
vt 0.8944930 0.3368190
vt 0.8955210 0.3356990
f 2135/12305/2135 2133/12306/2133 2151/12307/2151
vt 0.0659210 0.8224390
vt 0.0682170 0.8254760
vt 0.0647420 0.8248320
f 2124/12308/2124 2117/12309/2117 2154/12310/2154
vt 0.8898800 0.3331710
vt 0.8871640 0.3296030
vt 0.8915900 0.3288430
f 2133/12311/2133 2132/12312/2132 2151/12313/2151
vt 0.8924100 0.3445990
vt 0.8951380 0.3455990
vt 0.8938050 0.3491090
f 2133/12314/2133 2135/12315/2135 2137/12316/2137
vt 0.2556000 0.3946630
vt 0.2587020 0.3991920
vt 0.2530760 0.3995830
f 2123/12317/2123 2159/12318/2159 2130/12319/2130
vt 0.3069640 0.4266880
vt 0.3068010 0.4277330
vt 0.3054460 0.4264860
f 2041/12320/2041 2088/12321/2088 2127/12322/2127
vt 0.9469080 0.4344780
vt 0.9464490 0.4327690
vt 0.9472830 0.4329330
f 2125/12323/2125 2167/12324/2167 2144/12325/2144
vt 0.9487150 0.4312650
vt 0.9478550 0.4301410
vt 0.9487970 0.4295090
f 2125/12326/2125 2144/12327/2144 2116/12328/2116
vt 0.8452680 0.7974290
vt 0.8453870 0.7929040
vt 0.8489400 0.7965490
f 2133/12329/2133 2137/12330/2137 2138/12331/2138
vt 0.3207340 0.8235980
vt 0.3151900 0.8235250
vt 0.3189860 0.8177890
f 2120/12332/2120 2128/12333/2128 2155/12334/2155
vt 0.9193660 0.2733500
vt 0.9215650 0.2751080
vt 0.9192100 0.2759580
f 2134/12335/2134 2122/12336/2122 2173/12337/2173
vt 0.3055720 0.7008870
vt 0.3047250 0.7030200
vt 0.3000780 0.7017510
f 2133/12338/2133 2165/12339/2165 2148/12340/2148
vt 0.3103250 0.7017560
vt 0.3094110 0.7060620
vt 0.3064820 0.7038740
f 2133/12341/2133 2138/12342/2138 2165/12343/2165
vt 0.0668550 0.8290290
f 2154/12310/2154 2117/12309/2117 2143/12344/2143
vt 0.2768820 0.4011660
vt 0.2778780 0.4045790
vt 0.2751990 0.4036310
f 2082/12345/2082 2127/12346/2127 2159/12347/2159
vt 0.2359960 0.4011060
vt 0.2378920 0.4026180
vt 0.2364270 0.4036410
f 2107/12348/2107 2130/12349/2130 2149/12350/2149
vt 0.8981960 0.3324840
vt 0.9016210 0.3311170
vt 0.9004680 0.3356530
f 2151/12351/2151 2169/12352/2169 2135/12353/2135
vt 0.6404090 0.5198150
vt 0.6374320 0.5204810
vt 0.6381100 0.5177030
f 2103/12354/2103 2181/12355/2181 2136/12356/2136
vt 0.2723140 0.3982580
vt 0.2704270 0.4006070
vt 0.2701810 0.3985770
f 2082/12357/2082 2159/12358/2159 2123/12359/2123
vt 0.5122930 0.6345460
vt 0.5120370 0.6375720
vt 0.5098800 0.6366550
f 2153/12360/2153 2152/12361/2152 2129/12362/2129
vt 0.0249600 0.8292620
vt 0.0281330 0.8317950
vt 0.0243560 0.8333300
f 2140/12363/2140 2186/12364/2186 2088/12365/2088
vt 0.8997310 0.3477700
vt 0.9043040 0.3423260
vt 0.9069890 0.3463620
f 2137/12366/2137 2135/12367/2135 2218/12368/2218
vt 0.2951670 0.4216500
vt 0.2950330 0.4263260
vt 0.2904990 0.4255340
f 2127/12369/2127 2088/12370/2088 2186/12371/2186
vt 0.8584470 0.7851940
vt 0.8590860 0.7879480
vt 0.8565200 0.7880280
f 2142/12372/2142 2139/12373/2139 2145/12374/2145
vt 0.8490290 0.7884430
vt 0.8527280 0.7903650
vt 0.8513820 0.7916960
f 2137/12375/2137 2145/12376/2145 2138/12377/2138
vt 0.8611740 0.7898100
vt 0.8572020 0.7913950
f 2139/12378/2139 2150/12379/2150 2145/12374/2145
vt 0.0372290 0.8254410
vt 0.0407510 0.8279360
vt 0.0372900 0.8310180
f 2140/12380/2140 2154/12381/2154 2186/12382/2186
vt 0.9477550 0.4262800
vt 0.9468930 0.4271800
vt 0.9471150 0.4245090
f 2116/12383/2116 2144/12384/2144 2146/12385/2146
vt 0.9486730 0.4263240
f 2116/12383/2116 2146/12385/2146 2147/12386/2147
vt 0.2550370 0.4041640
vt 0.2500570 0.4042740
f 2130/12319/2130 2159/12387/2159 2149/12388/2149
vt 0.5690940 0.9327810
vt 0.5698180 0.9298960
vt 0.5722570 0.9326350
f 2129/12389/2129 2152/12390/2152 2128/12391/2128
vt 0.8527580 0.7925300
vt 0.8541670 0.7926580
f 2138/12392/2138 2145/12376/2145 2150/12393/2150
vt 0.2809060 0.1541590
vt 0.2817920 0.1550620
vt 0.2795960 0.1569970
f 2131/12394/2131 2162/12395/2162 2168/12396/2168
vt 0.9261390 0.2548380
vt 0.9256310 0.2516670
vt 0.9287970 0.2533570
f 2035/12397/2035 2141/12398/2141 2143/12399/2143
vt 0.6370030 0.5306930
vt 0.6341170 0.5261840
vt 0.6366510 0.5275350
f 2115/12400/2115 2164/12401/2164 2103/12402/2103
vt 0.6341530 0.5291450
f 2115/12400/2115 2157/12403/2157 2164/12401/2164
vt 0.2748470 0.1512330
vt 0.2754280 0.1531190
vt 0.2728920 0.1509810
f 2131/12404/2131 2168/12405/2168 2118/12406/2118
vt 0.6373050 0.5255340
vt 0.6348670 0.5214540
f 2181/12355/2181 2103/12407/2103 2164/12408/2164
vt 0.2543340 0.2535800
vt 0.2509590 0.2521870
vt 0.2543010 0.2505170
f 2106/12409/2106 2187/12410/2187 2156/12411/2156
vt 0.9755340 0.5531120
vt 0.9756340 0.5486320
vt 0.9814800 0.5529270
f 2134/12412/2134 2184/12413/2184 2106/12414/2106
vt 0.5621350 0.7109320
vt 0.5648370 0.7098620
vt 0.5629990 0.7126110
f 2115/12415/2115 2179/12416/2179 2157/12417/2157
vt 0.8481830 0.7833460
vt 0.8476540 0.7825300
vt 0.8483990 0.7830410
f 2137/12418/2137 2158/12419/2158 2145/12420/2145
vt 0.2909360 0.7042910
vt 0.2887150 0.7073480
vt 0.2884850 0.7059370
f 2133/12421/2133 2148/12422/2148 2132/12423/2132
vt 0.8543880 0.7966270
vt 0.8559480 0.7974540
vt 0.8553420 0.8010060
f 2138/12424/2138 2150/12425/2150 2160/12426/2160
vt 0.0428720 0.9888310
vt 0.0405490 0.9863370
vt 0.0448170 0.9861720
f 2106/12427/2106 2184/12428/2184 2187/12429/2187
vt 0.5671460 0.6908550
vt 0.5662800 0.6884320
vt 0.5674710 0.6898210
f 2126/12430/2126 2155/12431/2155 2171/12432/2171
vt 0.2744660 0.4081590
vt 0.2724500 0.4084500
vt 0.2724400 0.4058670
f 2127/12433/2127 2186/12434/2186 2159/12435/2159
vt 0.2927800 0.2355940
vt 0.2912580 0.2320060
vt 0.2945870 0.2344780
f 2163/12436/2163 2251/12437/2251 2119/12438/2119
vt 0.8506440 0.7812470
vt 0.8496140 0.7809310
vt 0.8493600 0.7786710
f 2145/12439/2145 2158/12440/2158 2142/12441/2142
vt 0.8885800 0.3121310
vt 0.8889650 0.3108120
vt 0.8894080 0.3107970
f 2132/12442/2132 2148/12443/2148 2151/12444/2151
vt 0.3119690 0.8180070
vt 0.3128730 0.8147490
vt 0.3152340 0.8154620
f 2128/12445/2128 2172/12446/2172 2155/12447/2155
vt 0.9304680 0.2500970
vt 0.9268790 0.2484770
vt 0.9298450 0.2454940
f 2143/12448/2143 2141/12449/2141 2161/12450/2161
vt 0.2624890 0.2418840
vt 0.2594140 0.2424750
vt 0.2644080 0.2399460
f 2156/12451/2156 2187/12452/2187 2163/12453/2163
vt 0.2936150 0.2293630
f 2119/12438/2119 2251/12437/2251 2236/12454/2236
vt 0.2344240 0.4148340
vt 0.2358820 0.4170780
vt 0.2341140 0.4188460
f 2149/12455/2149 2161/12456/2161 2107/12457/2107
vt 0.9303590 0.3849510
vt 0.9304030 0.3862070
vt 0.9294630 0.3846990
f 2144/12458/2144 2167/12459/2167 2170/12460/2170
vt 0.9044610 0.3349350
vt 0.9072850 0.3296030
vt 0.9082610 0.3335080
f 2135/12461/2135 2169/12462/2169 2180/12463/2180
vt 0.2645810 0.4073880
vt 0.2626970 0.4118950
vt 0.2607450 0.4066770
f 2159/12464/2159 2186/12465/2186 2149/12466/2149
vt 0.8607000 0.7956420
vt 0.8609180 0.7984540
vt 0.8586140 0.7975740
f 2139/12467/2139 2209/12468/2209 2150/12469/2150
vt 0.9223270 0.2490160
vt 0.9234730 0.2488160
vt 0.9231570 0.2499260
f 2107/12470/2107 2161/12471/2161 2141/12472/2141
vt 0.4056330 0.2742610
vt 0.4112010 0.2698960
vt 0.4101230 0.2761110
f 2122/12473/2122 2235/12474/2235 2173/12475/2173
vt 0.3068920 0.8212350
vt 0.3013170 0.8167470
vt 0.3060510 0.8174500
f 2128/12476/2128 2152/12477/2152 2172/12478/2172
vt 0.8692470 0.7796150
vt 0.8675960 0.7756730
vt 0.8714140 0.7758390
f 2139/12479/2139 2142/12480/2142 2166/12481/2166
vt 0.8444120 0.7812540
vt 0.8435520 0.7798180
vt 0.8445760 0.7793940
f 2137/12482/2137 2218/12483/2218 2158/12484/2158
vt 0.5722150 0.6976800
vt 0.5728230 0.6970370
vt 0.5732720 0.6985810
f 2126/12485/2126 2171/12486/2171 2179/12487/2179
vt 0.8645530 0.7954200
vt 0.8672390 0.7985010
vt 0.8648180 0.7979700
f 2139/12488/2139 2248/12489/2248 2209/12490/2209
vt 0.8566400 0.7992830
vt 0.8567760 0.8005310
f 2160/12426/2160 2150/12491/2150 2177/12492/2177
vt 0.8910270 0.3090380
vt 0.8937650 0.3068610
vt 0.8923710 0.3090310
f 2148/12493/2148 2189/12494/2189 2151/12495/2151
vt 0.8593120 0.7992070
f 2209/12468/2209 2177/12496/2177 2150/12469/2150
vt 0.8522350 0.8083940
vt 0.8516490 0.8108180
vt 0.8496730 0.8091670
f 2160/12497/2160 2165/12498/2165 2138/12499/2138
vt 0.2641380 0.1452960
vt 0.2635850 0.1459750
vt 0.2628390 0.1451720
f 2153/12500/2153 2118/12501/2118 2175/12502/2175
vt 0.2820490 0.1685500
vt 0.2791280 0.1676010
vt 0.2809110 0.1652780
f 2162/12503/2162 2147/12504/2147 2168/12505/2168
vt 0.8468710 0.7780110
vt 0.8487520 0.7746760
f 2142/12441/2142 2158/12506/2158 2214/12507/2214
vt 0.3973200 0.2703840
vt 0.3939470 0.2670920
vt 0.3996850 0.2669890
f 2122/12508/2122 2193/12509/2193 2235/12510/2235
vt 0.9722030 0.5505430
vt 0.9699910 0.5493400
vt 0.9706290 0.5466360
f 2184/12511/2184 2134/12512/2134 2208/12513/2208
vt 0.9107430 0.3419970
vt 0.9101080 0.3371470
vt 0.9137460 0.3380320
f 2218/12514/2218 2135/12515/2135 2180/12516/2180
vt 0.5714000 0.6886220
vt 0.5738110 0.6873710
vt 0.5766920 0.6899980
f 2155/12517/2155 2172/12518/2172 2171/12519/2171
vt 0.8946280 0.3086150
vt 0.8995610 0.3075490
vt 0.8973060 0.3106130
f 2151/12520/2151 2189/12521/2189 2169/12522/2169
vt 0.2414480 0.4199520
vt 0.2443280 0.4259640
vt 0.2392920 0.4242050
f 2149/12523/2149 2186/12524/2186 2161/12525/2161
vt 0.2702210 0.1568160
vt 0.2709050 0.1577360
vt 0.2699860 0.1578340
f 2118/12526/2118 2168/12527/2168 2178/12528/2178
vt 0.2978370 0.7101500
vt 0.3001690 0.7142240
vt 0.2967610 0.7116750
f 2165/12529/2165 2227/12530/2227 2148/12531/2148
vt 0.3028010 0.6304290
vt 0.3064940 0.6255360
vt 0.3088180 0.6282700
f 2166/12532/2166 2190/12533/2190 2139/12534/2139
vt 0.9287820 0.3807520
vt 0.9272110 0.3807140
vt 0.9280180 0.3798330
f 2144/12535/2144 2170/12536/2170 2174/12537/2174
vt 0.9296470 0.3801100
vt 0.9292050 0.3791970
vt 0.9299990 0.3793310
f 2144/12538/2144 2174/12539/2174 2146/12540/2146
vt 0.9231440 0.3859390
vt 0.9210120 0.3857700
vt 0.9216600 0.3846550
f 2167/12541/2167 2199/12542/2199 2170/12543/2170
vt 0.0575020 0.8412540
vt 0.0616000 0.8477350
vt 0.0564740 0.8478050
f 2154/12544/2154 2143/12545/2143 2161/12546/2161
vt 0.2772890 0.1645960
vt 0.2770430 0.1658280
vt 0.2758250 0.1659180
f 2168/12547/2168 2147/12548/2147 2185/12549/2185
vt 0.9204010 0.3886310
vt 0.9192250 0.3885560
vt 0.9201120 0.3873700
f 2167/12550/2167 2176/12551/2176 2199/12552/2199
vt 0.2615430 0.1427730
vt 0.2601200 0.1425690
vt 0.2603240 0.1399560
f 2153/12553/2153 2175/12554/2175 2152/12555/2152
vt 0.5783720 0.6972290
vt 0.5804890 0.6997070
vt 0.5775770 0.6995980
f 2171/12556/2171 2213/12557/2213 2179/12558/2179
vt 0.2753980 0.1630070
vt 0.2731800 0.1668730
vt 0.2716790 0.1629130
f 2168/12559/2168 2185/12560/2185 2178/12561/2178
vt 0.0464000 0.8387560
vt 0.0506570 0.8377810
vt 0.0481040 0.8433170
f 2186/12562/2186 2154/12563/2154 2161/12564/2161
vt 0.0135820 0.3080910
vt 0.0116270 0.3055540
vt 0.0148610 0.3060220
f 2173/12565/2173 2208/12566/2208 2134/12567/2134
vt 0.3132110 0.7156880
vt 0.3133070 0.7175510
vt 0.3095290 0.7169030
f 2165/12568/2165 2160/12569/2160 2227/12570/2227
vt 0.8716400 0.7697110
vt 0.8688320 0.7694350
vt 0.8733860 0.7659360
f 2166/12571/2166 2142/12572/2142 2287/12573/2287
vt 0.2586570 0.2392500
vt 0.2555080 0.2371510
vt 0.2602740 0.2353850
f 2187/12574/2187 2196/12575/2196 2163/12576/2163
vt 0.3105880 0.6352790
vt 0.3145400 0.6330140
vt 0.3149270 0.6382150
f 2139/12577/2139 2201/12578/2201 2248/12579/2248
vt 0.3126170 0.6282510
vt 0.3157500 0.6272500
vt 0.3164050 0.6303920
f 2139/12580/2139 2190/12581/2190 2201/12582/2201
vt 0.3007540 0.2273480
vt 0.3004530 0.2219660
vt 0.3027030 0.2251540
f 2119/12583/2119 2236/12584/2236 2176/12585/2176
vt 0.8986260 0.3051230
vt 0.9012300 0.3038860
vt 0.9004560 0.3050570
f 2148/12586/2148 2221/12587/2221 2189/12588/2189
vt 0.8582050 0.8071070
vt 0.8589900 0.8061530
vt 0.8589810 0.8078900
f 2160/12589/2160 2177/12590/2177 2204/12591/2204
vt 0.5827260 0.6913010
vt 0.5815800 0.6862000
vt 0.5846790 0.6869310
f 2171/12592/2171 2172/12593/2172 2182/12594/2182
vt 0.9046530 0.3119960
vt 0.9047860 0.3085270
vt 0.9061310 0.3105420
f 2169/12595/2169 2189/12596/2189 2188/12597/2188
vt 0.9103370 0.3239710
vt 0.9139650 0.3238500
vt 0.9113250 0.3261070
f 2169/12598/2169 2188/12599/2188 2180/12600/2180
vt 0.8621160 0.8056760
vt 0.8634840 0.8067770
vt 0.8605600 0.8064230
f 2177/12601/2177 2209/12602/2209 2194/12603/2194
vt 0.2752810 0.1745150
vt 0.2747910 0.1744740
vt 0.2750850 0.1739200
f 2146/12604/2146 2185/12605/2185 2147/12606/2147
vt 0.9706120 0.5439870
vt 0.9703010 0.5425820
vt 0.9712750 0.5438130
f 2208/12607/2208 2230/12608/2230 2184/12609/2184
vt 0.9774980 0.5408110
vt 0.9740630 0.5394990
vt 0.9762450 0.5371780
f 2184/12610/2184 2230/12611/2230 2183/12612/2183
vt 0.2611530 0.1535380
vt 0.2599930 0.1549920
vt 0.2586300 0.1540370
f 2118/12613/2118 2195/12614/2195 2175/12615/2175
vt 0.3094710 0.7203070
f 2227/12570/2227 2160/12569/2160 2244/12616/2244
vt 0.6598570 0.8350500
vt 0.6581350 0.8341520
vt 0.6603250 0.8328470
f 2175/12617/2175 2182/12618/2182 2152/12619/2152
vt 0.9209310 0.3811890
vt 0.9182490 0.3817550
vt 0.9193700 0.3790640
f 2170/12620/2170 2199/12621/2199 2174/12622/2174
vt 0.8593340 0.8070750
vt 0.8595810 0.8077720
f 2177/12623/2177 2194/12624/2194 2204/12591/2204
vt 0.6563510 0.8341110
vt 0.6559180 0.8322760
vt 0.6568890 0.8329870
f 2182/12625/2182 2172/12626/2172 2152/12627/2152
vt 0.2647940 0.1598590
vt 0.2644610 0.1615490
vt 0.2640470 0.1608060
f 2118/12628/2118 2178/12629/2178 2195/12630/2195
vt 0.6518500 0.8384890
vt 0.6528960 0.8395520
vt 0.6514420 0.8413130
f 2171/12631/2171 2182/12632/2182 2197/12633/2197
vt 0.0418530 0.9778970
vt 0.0388250 0.9774670
vt 0.0421220 0.9727160
f 2184/12634/2184 2183/12635/2183 2187/12636/2187
vt 0.9298620 0.3742430
vt 0.9278750 0.3729430
vt 0.9285930 0.3716770
f 2146/12637/2146 2174/12638/2174 2198/12639/2198
vt 0.9172930 0.3817530
vt 0.9173350 0.3786660
f 2199/12640/2199 2217/12641/2217 2174/12622/2174
vt 0.3308100 0.6252050
vt 0.3326660 0.6295760
vt 0.3274300 0.6278170
f 2191/12642/2191 2192/12643/2192 2201/12644/2201
vt 0.2955490 0.7152250
vt 0.2968410 0.7201370
vt 0.2941760 0.7191190
f 2148/12645/2148 2227/12646/2227 2221/12647/2221
vt 0.3352830 0.6228820
vt 0.3330880 0.6196640
vt 0.3368620 0.6201560
f 2192/12648/2192 2191/12649/2191 2237/12650/2237
vt 0.2681480 0.1681660
vt 0.2669710 0.1690820
vt 0.2667290 0.1677740
f 2185/12651/2185 2207/12652/2207 2178/12653/2178
vt 0.2726950 0.1740690
vt 0.2728550 0.1754030
vt 0.2723170 0.1750310
f 2185/12654/2185 2146/12655/2146 2198/12656/2198
vt 0.3199250 0.6300460
vt 0.3189740 0.6275080
vt 0.3213720 0.6291690
f 2201/12657/2201 2190/12658/2190 2200/12659/2200
vt 0.6597140 0.8486820
vt 0.6599350 0.8493380
vt 0.6587830 0.8491630
f 2206/12660/2206 2175/12661/2175 2195/12662/2195
vt 0.3196340 0.6248630
vt 0.3185560 0.6233310
vt 0.3200110 0.6234720
f 2190/12663/2190 2220/12664/2220 2200/12665/2200
vt 0.3259340 0.6237460
vt 0.3238760 0.6249870
vt 0.3244750 0.6232700
f 2201/12666/2201 2200/12667/2200 2191/12668/2191
vt 0.0040080 0.3016430
vt 0.0030640 0.2974160
vt 0.0057790 0.3006050
f 2173/12669/2173 2235/12670/2235 2208/12671/2208
vt 0.6540360 0.8440140
vt 0.6555940 0.8441500
vt 0.6531600 0.8456920
f 2182/12672/2182 2175/12673/2175 2197/12674/2197
vt 0.5978500 0.6924260
vt 0.5969780 0.6949810
vt 0.5957680 0.6934660
f 2197/12675/2197 2213/12676/2213 2171/12677/2171
vt 0.6548780 0.8459050
vt 0.6538460 0.8462480
f 2175/12673/2175 2206/12678/2206 2197/12679/2197
vt 0.8600960 0.8096570
vt 0.8603610 0.8103790
vt 0.8599980 0.8104950
f 2204/12680/2204 2194/12681/2194 2211/12682/2211
vt 0.2638220 0.1645700
vt 0.2634190 0.1653380
vt 0.2633010 0.1634510
f 2178/12683/2178 2207/12684/2207 2195/12685/2195
vt 0.8581360 0.8107980
vt 0.8592600 0.8109000
vt 0.8588360 0.8141680
f 2160/12686/2160 2204/12687/2204 2244/12688/2244
vt 0.9024100 0.3886840
vt 0.9007380 0.3903810
vt 0.9003490 0.3881130
f 2199/12689/2199 2176/12690/2176 2203/12691/2203
vt 0.9157280 0.3266370
vt 0.9180200 0.3279770
vt 0.9163590 0.3305860
f 2188/12692/2188 2231/12693/2231 2180/12694/2180
vt 0.9074920 0.3075980
vt 0.9100620 0.3086830
vt 0.9097460 0.3100460
f 2189/12695/2189 2221/12696/2221 2188/12697/2188
vt 0.8918330 0.7395390
vt 0.8886010 0.7406000
vt 0.8890540 0.7375530
f 2192/12698/2192 2202/12699/2202 2215/12700/2215
vt 0.8862720 0.7417250
vt 0.8888300 0.7432060
vt 0.8860840 0.7453160
f 2202/12701/2202 2192/12702/2192 2237/12703/2237
vt 0.2898920 0.7533280
vt 0.2951920 0.7509640
vt 0.2940630 0.7546480
f 2180/12704/2180 2247/12705/2247 2218/12706/2218
vt 0.3298390 0.6311090
vt 0.3335360 0.6364730
vt 0.3284870 0.6343190
f 2192/12707/2192 2248/12708/2248 2201/12709/2201
vt 0.5771200 0.7110300
vt 0.5775730 0.7114220
vt 0.5775460 0.7121090
f 2179/12710/2179 2205/12711/2205 2157/12712/2157
vt 0.2689710 0.1712130
vt 0.2648960 0.1743050
vt 0.2674250 0.1703690
f 2185/12713/2185 2198/12714/2198 2207/12715/2207
vt 0.5827200 0.7057760
vt 0.5846710 0.7060730
vt 0.5831140 0.7069380
f 2179/12716/2179 2213/12717/2213 2205/12718/2205
vt 0.2695730 0.2262750
vt 0.2674040 0.2256390
vt 0.2703800 0.2251700
f 2163/12719/2163 2196/12720/2196 2251/12721/2251
vt 0.6566740 0.8497220
vt 0.6565460 0.8512530
vt 0.6541820 0.8484320
f 2195/12722/2195 2210/12723/2210 2206/12724/2206
vt 0.0389500 0.9717240
vt 0.0365620 0.9739060
vt 0.0364720 0.9711810
f 2187/12725/2187 2183/12726/2183 2223/12727/2223
vt 0.8617470 0.8110180
vt 0.8630130 0.8115870
vt 0.8626640 0.8147460
f 2194/12728/2194 2209/12729/2209 2263/12730/2263
vt 0.8594400 0.8121100
vt 0.8592310 0.8130490
vt 0.8591240 0.8123760
f 2204/12731/2204 2211/12732/2211 2244/12733/2244
vt 0.3326030 0.6154440
vt 0.3309700 0.6127490
vt 0.3336000 0.6128350
f 2191/12734/2191 2250/12735/2250 2237/12736/2237
vt 0.3764550 0.2518050
vt 0.3809080 0.2489460
vt 0.3796560 0.2518070
f 2136/12737/2136 2309/12738/2309 2193/12739/2193
vt 0.5769390 0.7145070
vt 0.5784290 0.7140840
vt 0.5773870 0.7173810
f 2157/12740/2157 2225/12741/2225 2164/12742/2164
vt 0.6611170 0.8573150
vt 0.6587010 0.8566760
vt 0.6577280 0.8551170
f 2195/12743/2195 2207/12744/2207 2210/12745/2210
vt 0.5787000 0.7122400
vt 0.5787720 0.7132710
vt 0.5782010 0.7128930
f 2205/12746/2205 2225/12747/2225 2157/12748/2157
vt 0.8604290 0.8131050
f 2194/12728/2194 2263/12730/2263 2211/12749/2211
vt 0.9249320 0.3710000
vt 0.9253850 0.3668310
vt 0.9279150 0.3687420
f 2174/12750/2174 2344/12751/2344 2198/12752/2198
vt 0.3735900 0.2493210
vt 0.3716620 0.2464840
vt 0.3748180 0.2464120
f 2136/12753/2136 2181/12754/2181 2309/12755/2309
vt 0.3027830 0.2188530
vt 0.3018110 0.2191440
vt 0.3017240 0.2179130
f 2176/12756/2176 2236/12757/2236 2203/12758/2203
vt 0.3818010 0.2530040
vt 0.3851380 0.2508410
f 2193/12759/2193 2309/12738/2309 2235/12760/2235
vt 0.2516150 0.2299660
vt 0.2516620 0.2270620
vt 0.2544830 0.2271860
f 2187/12761/2187 2223/12762/2223 2196/12763/2196
vt 0.8662800 0.7363750
vt 0.8672440 0.7372310
vt 0.8653040 0.7382340
f 2216/12764/2216 2202/12765/2202 2212/12766/2212
vt 0.6001750 0.6950830
vt 0.6025690 0.6958760
vt 0.5997320 0.6971910
f 2197/12767/2197 2238/12768/2238 2213/12769/2213
vt 0.8842490 0.7476290
vt 0.8822240 0.7485600
vt 0.8815970 0.7460730
f 2237/12770/2237 2212/12771/2212 2202/12772/2202
vt 0.3226270 0.6180030
vt 0.3223710 0.6194130
vt 0.3219260 0.6182330
f 2191/12773/2191 2200/12774/2200 2220/12775/2220
vt 0.3254050 0.6146700
vt 0.3235690 0.6167130
vt 0.3232920 0.6149620
f 2250/12776/2250 2191/12777/2191 2220/12778/2220
vt 0.6519800 0.8487670
vt 0.6516640 0.8512470
vt 0.6499950 0.8496580
f 2206/12779/2206 2210/12780/2210 2238/12781/2238
vt 0.6507370 0.8476130
f 2206/12779/2206 2238/12781/2238 2197/12782/2197
vt 0.8593660 0.8144420
vt 0.8594080 0.8161580
f 2244/12688/2244 2211/12783/2211 2246/12784/2246
vt 0.5850500 0.7078370
vt 0.5862770 0.7086710
vt 0.5850770 0.7083920
f 2213/12785/2213 2225/12786/2225 2205/12787/2205
vt 0.8651620 0.7335980
vt 0.8648380 0.7298660
vt 0.8680460 0.7330440
f 2216/12788/2216 2222/12789/2222 2202/12790/2202
vt 0.9145590 0.3101380
vt 0.9182020 0.3125560
vt 0.9164270 0.3147630
f 2221/12791/2221 2231/12792/2231 2188/12793/2188
vt 0.9157140 0.3735750
vt 0.9149420 0.3693240
vt 0.9184150 0.3719030
f 2217/12794/2217 2344/12795/2344 2174/12796/2174
vt 0.8703660 0.7312620
f 2202/12790/2202 2222/12789/2222 2215/12797/2215
vt 0.1930260 0.2666150
vt 0.1943230 0.2678450
vt 0.1908220 0.2674000
f 2234/12798/2234 2232/12799/2232 2229/12800/2229
vt 0.3103630 0.7541890
vt 0.3074770 0.7537780
vt 0.3100870 0.7530160
f 2158/12801/2158 2218/12802/2218 2243/12803/2243
vt 0.2313270 0.0069520
vt 0.2316030 0.0093110
vt 0.2299130 0.0106060
f 2190/12804/2190 2166/12805/2166 2239/12806/2239
vt 0.8987870 0.3826300
vt 0.8984040 0.3800650
vt 0.9012100 0.3818630
f 2203/12807/2203 2217/12808/2217 2199/12809/2199
vt 0.2895840 0.7479800
vt 0.2893090 0.7463540
vt 0.2928320 0.7470580
f 2180/12810/2180 2231/12811/2231 2247/12812/2247
vt 0.0308120 0.2751230
vt 0.0259340 0.2759480
vt 0.0301870 0.2722110
f 2212/12813/2212 2272/12814/2272 2216/12815/2216
vt 0.5745490 0.7219480
vt 0.5777270 0.7251140
vt 0.5722690 0.7248080
f 2164/12816/2164 2264/12817/2264 2181/12818/2181
vt 0.5890230 0.7050660
vt 0.5905260 0.7070750
vt 0.5885510 0.7086340
f 2213/12819/2213 2233/12820/2233 2225/12821/2225
vt 0.3122340 0.7553540
vt 0.3130570 0.7545910
vt 0.3131120 0.7564620
f 2158/12822/2158 2249/12823/2249 2214/12824/2214
vt 0.5933840 0.7022170
vt 0.5956630 0.7016590
vt 0.5960370 0.7049220
f 2213/12825/2213 2238/12826/2238 2233/12827/2233
vt 0.1952740 0.2651820
vt 0.1936810 0.2637320
vt 0.1944460 0.2618370
f 2232/12828/2232 2234/12829/2234 2254/12830/2254
vt 0.3297700 0.0105560
vt 0.3305900 0.0155570
vt 0.3251620 0.0136310
f 2142/12831/2142 2214/12832/2214 2260/12833/2260
vt 0.3237470 0.0090190
f 2142/12831/2142 2260/12833/2260 2287/12834/2287
vt 0.8604480 0.8147720
vt 0.8615340 0.8149120
vt 0.8602420 0.8160050
f 2211/12835/2211 2263/12836/2263 2246/12837/2246
vt 0.3617610 0.9401430
vt 0.3617880 0.9387340
vt 0.3624500 0.9397770
f 2223/12838/2223 2183/12839/2183 2226/12840/2226
vt 0.8913030 0.7280220
vt 0.8886830 0.7248780
vt 0.8921010 0.7246810
f 2192/12841/2192 2215/12842/2215 2248/12843/2248
vt 0.6539340 0.8542810
vt 0.6559990 0.8576550
vt 0.6529200 0.8575380
f 2210/12844/2210 2207/12845/2207 2219/12846/2219
vt 0.8939830 0.7549500
vt 0.8930000 0.7557520
vt 0.8921690 0.7538480
f 2224/12847/2224 2226/12848/2226 2237/12849/2237
vt 0.3186130 0.6144730
vt 0.3174150 0.6135720
vt 0.3182010 0.6124720
f 2220/12850/2220 2190/12851/2190 2239/12852/2239
vt 0.2516090 0.2252280
vt 0.2533510 0.2251990
f 2223/12762/2223 2228/12853/2228 2196/12854/2196
vt 0.0062980 0.2986500
vt 0.0041790 0.2930090
vt 0.0087530 0.2922930
f 2208/12855/2208 2235/12856/2235 2240/12857/2240
vt 0.3080020 0.7530190
vt 0.3066000 0.7509160
vt 0.3098550 0.7512700
f 2218/12858/2218 2247/12859/2247 2243/12860/2243
vt 0.8839310 0.7521990
vt 0.8853840 0.7536490
vt 0.8831230 0.7537820
f 2212/12861/2212 2237/12862/2237 2226/12863/2226
vt 0.1933960 0.2741240
vt 0.1942380 0.2769000
vt 0.1925360 0.2783410
f 2232/12864/2232 2257/12865/2257 2229/12866/2229
vt 0.6632680 0.8660730
vt 0.6610630 0.8695540
vt 0.6582180 0.8674030
f 2207/12867/2207 2198/12868/2198 2219/12869/2219
vt 0.8718180 0.7567580
vt 0.8713440 0.7557500
vt 0.8730470 0.7545970
f 2183/12870/2183 2230/12871/2230 2241/12872/2241
vt 0.3641730 0.9441950
vt 0.3655540 0.9444870
vt 0.3650190 0.9461050
f 2223/12873/2223 2226/12874/2226 2224/12875/2224
vt 0.3120370 0.7516530
vt 0.3123080 0.7512190
vt 0.3125790 0.7527030
f 2158/12876/2158 2243/12877/2243 2249/12878/2249
vt 0.2960370 0.2138220
vt 0.2952490 0.2128200
vt 0.2961670 0.2128160
f 2236/12879/2236 2252/12880/2252 2203/12881/2203
vt 0.0166590 0.2922570
vt 0.0129790 0.2904210
vt 0.0169900 0.2898420
f 2208/12882/2208 2265/12883/2265 2230/12884/2230
vt 0.9571880 0.8168810
vt 0.9562310 0.8169080
vt 0.9560660 0.8163250
f 2237/12885/2237 2253/12886/2253 2224/12887/2224
vt 0.9534340 0.8142880
vt 0.9545700 0.8149410
vt 0.9538400 0.8161280
f 2223/12888/2223 2224/12889/2224 2253/12890/2253
vt 0.3190920 0.6123080
vt 0.3176030 0.6110370
vt 0.3188380 0.6113040
f 2220/12891/2220 2239/12892/2239 2256/12893/2256
vt 0.3243870 0.6113620
vt 0.3219390 0.6113360
vt 0.3217850 0.6086180
f 2250/12894/2250 2220/12895/2220 2256/12896/2256
vt 0.2683070 0.2217260
vt 0.2624080 0.2218040
vt 0.2650940 0.2178040
f 2251/12897/2251 2196/12898/2196 2228/12899/2228
vt 0.8754660 0.7571040
vt 0.8741310 0.7545950
vt 0.8751770 0.7545500
f 2183/12900/2183 2241/12901/2241 2226/12902/2226
vt 0.9627080 0.9454850
vt 0.9648620 0.9439880
vt 0.9637860 0.9454260
f 2232/12903/2232 2254/12904/2254 2242/12905/2242
vt 0.2920410 0.7358160
vt 0.2932760 0.7316590
vt 0.2962020 0.7344410
f 2231/12906/2231 2221/12907/2221 2227/12908/2227
vt 0.9517160 0.8163400
vt 0.9524140 0.8175980
f 2228/12909/2228 2223/12888/2223 2253/12910/2253
vt 0.5827560 0.7183680
vt 0.5857040 0.7177380
vt 0.5828440 0.7205130
f 2164/12911/2164 2225/12912/2225 2264/12913/2264
vt 0.8698930 0.7495560
vt 0.8683200 0.7511070
vt 0.8669700 0.7502660
f 2212/12914/2212 2241/12915/2241 2245/12916/2245
vt 0.2920270 0.7403800
vt 0.2951200 0.7387120
vt 0.2929580 0.7427210
f 2231/12917/2231 2227/12918/2227 2247/12919/2247
vt 0.8728550 0.7505980
vt 0.8742910 0.7520420
vt 0.8731560 0.7518880
f 2212/12920/2212 2226/12921/2226 2241/12922/2241
vt 0.0287040 0.2803790
vt 0.0272120 0.2817360
vt 0.0252370 0.2794480
f 2212/12923/2212 2245/12924/2245 2272/12925/2272
vt 0.9555310 0.8196140
vt 0.9556650 0.8208340
vt 0.9549960 0.8200680
f 2237/12926/2237 2250/12927/2250 2253/12928/2253
vt 0.6027370 0.7010480
vt 0.6057180 0.7027010
vt 0.6015330 0.7038960
f 2238/12929/2238 2299/12930/2299 2233/12931/2233
vt 0.6615690 0.9673290
vt 0.6580600 0.9656890
vt 0.6619150 0.9639690
f 2248/12932/2248 2255/12933/2255 2209/12934/2209
vt 0.0246480 0.2892480
vt 0.0251030 0.2866910
vt 0.0271320 0.2864780
f 2230/12935/2230 2245/12936/2245 2241/12937/2241
vt 0.1820450 0.2713430
vt 0.1824270 0.2720520
vt 0.1816880 0.2721190
f 2234/12938/2234 2229/12939/2229 2275/12940/2275
vt 0.3121470 0.7412000
vt 0.3086420 0.7438070
vt 0.3099030 0.7393470
f 2246/12941/2246 2243/12942/2243 2244/12943/2244
vt 0.3381000 0.6535890
vt 0.3401000 0.6564340
vt 0.3372720 0.6567840
f 2248/12944/2248 2215/12945/2215 2261/12946/2261
vt 0.3064780 0.7375230
vt 0.3087300 0.7380950
vt 0.3072070 0.7401410
f 2227/12947/2227 2244/12948/2244 2247/12949/2247
vt 0.6451480 0.8540150
vt 0.6416630 0.8580000
vt 0.6426120 0.8534910
f 2210/12950/2210 2219/12951/2219 2238/12952/2238
vt 0.2952730 0.2093430
vt 0.2939730 0.2097930
vt 0.2938480 0.2080150
f 2203/12953/2203 2252/12954/2252 2217/12955/2217
vt 0.9658570 0.9478810
vt 0.9689200 0.9480010
vt 0.9680310 0.9496740
f 2232/12956/2232 2242/12957/2242 2257/12958/2257
vt 0.3082200 0.7411900
f 2244/12943/2244 2243/12942/2243 2247/12959/2247
vt 0.0104130 0.2891120
vt 0.0089350 0.2874880
vt 0.0110970 0.2862840
f 2208/12960/2208 2240/12961/2240 2265/12962/2265
vt 0.5927560 0.7115090
vt 0.5936100 0.7147840
vt 0.5907440 0.7143080
f 2233/12963/2233 2258/12964/2258 2225/12965/2225
vt 0.8312110 0.0057050
vt 0.8279510 0.0059860
vt 0.8296470 0.0032420
f 2215/12966/2215 2222/12967/2222 2271/12968/2271
vt 0.0178500 0.2873880
vt 0.0170750 0.2869650
vt 0.0187570 0.2868180
f 2230/12969/2230 2265/12970/2265 2245/12971/2245
vt 0.6584250 0.9624130
f 2209/12934/2209 2255/12933/2255 2263/12972/2263
vt 0.3143490 0.7367280
vt 0.3154150 0.7365960
vt 0.3157560 0.7392380
f 2246/12973/2246 2263/12974/2263 2249/12975/2249
vt 0.1936960 0.2537730
vt 0.1916950 0.2549920
vt 0.1930490 0.2524430
f 2254/12976/2254 2234/12977/2234 2288/12978/2288
vt 0.3131270 0.7429390
vt 0.3139010 0.7422720
vt 0.3151830 0.7432060
f 2243/12979/2243 2246/12980/2246 2249/12981/2249
vt 0.2372990 0.0126740
vt 0.2405980 0.0105600
vt 0.2400040 0.0127770
f 2239/12982/2239 2166/12983/2166 2298/12984/2298
vt 0.8810680 0.7138890
vt 0.8814680 0.7106890
vt 0.8837580 0.7118800
f 2215/12985/2215 2271/12986/2271 2267/12987/2267
vt 0.9646360 0.9505680
vt 0.9696530 0.9526150
vt 0.9663830 0.9529420
f 2257/12988/2257 2242/12989/2242 2270/12990/2270
vt 0.1851170 0.2782370
vt 0.1837700 0.2814180
vt 0.1795710 0.2808750
f 2229/12991/2229 2257/12992/2257 2304/12993/2304
vt 0.1801190 0.2757240
f 2229/12991/2229 2304/12993/2304 2275/12994/2275
vt 0.2838510 0.2115890
vt 0.2829720 0.2137900
vt 0.2821400 0.2107910
f 2252/12995/2252 2236/12996/2236 2251/12997/2251
vt 0.5880750 0.7190240
vt 0.5892150 0.7208000
vt 0.5876320 0.7215960
f 2225/12998/2225 2258/12999/2258 2264/13000/2264
vt 0.3224150 0.0255260
vt 0.3204480 0.0295050
vt 0.3162390 0.0247440
f 2260/13001/2260 2214/13002/2214 2249/13003/2249
vt 0.2373900 0.0137450
vt 0.2381940 0.0137250
vt 0.2371930 0.0150610
f 2239/13004/2239 2298/13005/2298 2256/13006/2256
vt 0.0778300 0.9783130
vt 0.0767000 0.9783420
vt 0.0761690 0.9769760
f 2242/13007/2242 2254/13008/2254 2280/13009/2280
vt 0.6552830 0.9725150
vt 0.6540810 0.9716990
vt 0.6552680 0.9697060
f 2248/13010/2248 2261/13011/2261 2255/13012/2255
vt 0.1837910 0.2571550
vt 0.1830690 0.2526850
vt 0.1863290 0.2545040
f 2279/13013/2279 2288/13014/2288 2234/13015/2234
vt 0.1811420 0.2683720
vt 0.1785090 0.2712240
vt 0.1774690 0.2668460
f 2234/13016/2234 2275/13017/2275 2279/13018/2279
vt 0.2814800 0.2090400
vt 0.2835360 0.2099640
f 2251/12997/2251 2259/13019/2259 2252/13020/2252
vt 0.6104760 0.7022270
vt 0.6094330 0.7045360
f 2299/12930/2299 2238/13021/2238 2285/13022/2285
vt 0.9425960 0.0647080
vt 0.9442000 0.0660210
vt 0.9418700 0.0676290
f 2166/13023/2166 2287/13024/2287 2298/13025/2298
vt 0.8256910 0.0055370
vt 0.8243890 0.0074650
vt 0.8221750 0.0056240
f 2271/13026/2271 2222/13027/2222 2278/13028/2278
vt 0.2909000 0.2057790
vt 0.2894960 0.2072130
vt 0.2886070 0.2052800
f 2217/13029/2217 2252/13030/2252 2262/13031/2262
vt 0.8907400 0.7082220
vt 0.8877820 0.7061370
vt 0.8904710 0.7042710
f 2215/13032/2215 2267/13033/2267 2261/13034/2261
vt 0.9517930 0.8286220
vt 0.9499820 0.8285870
vt 0.9509490 0.8280020
f 2250/13035/2250 2268/13036/2268 2253/13037/2253
vt 0.6406230 0.8552780
vt 0.6392250 0.8575320
f 2238/13038/2238 2219/12951/2219 2285/13039/2285
vt 0.2669220 0.2132940
vt 0.2639930 0.2134770
vt 0.2675680 0.2114650
f 2251/13040/2251 2228/13041/2228 2259/13042/2259
vt 0.0751720 0.9774520
vt 0.0738120 0.9775500
vt 0.0744290 0.9763240
f 2254/13043/2254 2269/13044/2269 2280/13045/2280
vt 0.2846000 0.2065890
vt 0.2823850 0.2048230
vt 0.2849510 0.2035430
f 2252/13046/2252 2259/13047/2259 2262/13048/2262
vt 0.9449060 0.8245020
vt 0.9467800 0.8267470
vt 0.9418270 0.8266550
f 2228/13049/2228 2253/13050/2253 2277/13051/2277
vt 0.3382510 0.4116630
vt 0.3375990 0.4138770
vt 0.3363180 0.4091330
f 2254/13052/2254 2288/13053/2288 2269/13054/2269
vt 0.6513750 0.9739780
vt 0.6483650 0.9740290
vt 0.6506820 0.9712080
f 2261/13055/2261 2266/13056/2266 2255/13057/2255
vt 0.9740360 0.9480990
vt 0.9761710 0.9516900
vt 0.9727570 0.9515280
f 2280/13058/2280 2283/13059/2283 2242/13060/2242
vt 0.8344540 0.0318780
vt 0.8357260 0.0368920
vt 0.8335010 0.0336330
f 2216/13061/2216 2272/13062/2272 2337/13063/2337
vt 0.8329220 0.0316670
vt 0.8306600 0.0329430
vt 0.8314820 0.0291760
f 2216/13064/2216 2337/13065/2337 2222/13066/2222
vt 0.9461140 0.8284010
f 2253/13050/2253 2268/13067/2268 2277/13051/2277
vt 0.9748560 0.9544620
f 2242/13060/2242 2283/13059/2283 2270/13068/2270
vt 0.6479280 0.8660610
vt 0.6456210 0.8712680
vt 0.6441730 0.8668780
f 2219/13069/2219 2198/13070/2198 2323/13071/2323
vt 0.0103290 0.2811460
vt 0.0093910 0.2802580
vt 0.0102360 0.2802270
f 2265/13072/2265 2300/13073/2300 2245/13074/2245
vt 0.0706940 0.9702200
vt 0.0684140 0.9698720
vt 0.0691330 0.9662390
f 2269/13075/2269 2274/13076/2274 2281/13077/2281
vt 0.3095880 0.0230900
vt 0.3138910 0.0203310
f 2249/13003/2249 2305/13078/2305 2260/13079/2260
vt 0.0657090 0.9723150
vt 0.0661820 0.9735700
vt 0.0645150 0.9722830
f 2274/13080/2274 2269/13081/2269 2314/13082/2314
vt 0.0723110 0.9667000
f 2269/13075/2269 2281/13077/2281 2280/13083/2280
vt 0.6004430 0.7119020
vt 0.6014080 0.7142630
vt 0.6008740 0.7146960
f 2233/13084/2233 2299/13085/2299 2258/13086/2258
vt 0.0078010 0.2815380
vt 0.0072700 0.2810560
vt 0.0086670 0.2805290
f 2265/13087/2265 2240/13088/2240 2300/13089/2300
vt 0.3359260 0.4142530
vt 0.3334420 0.4141820
vt 0.3337960 0.4127060
f 2288/13090/2288 2301/13091/2301 2269/13092/2269
vt 0.0091400 0.2769580
vt 0.0096280 0.2782330
vt 0.0090220 0.2775620
f 2272/13093/2272 2245/13094/2245 2300/13095/2300
vt 0.6403810 0.8657780
vt 0.6425190 0.8636050
f 2323/13071/2323 2285/13096/2285 2219/13097/2219
vt 0.3399380 0.6651690
vt 0.3420490 0.6697520
vt 0.3388570 0.6703520
f 2261/13098/2261 2267/13099/2267 2266/13100/2266
vt 0.2976140 0.1996950
vt 0.2930600 0.1945960
vt 0.3003700 0.1955470
f 2217/13101/2217 2262/13102/2262 2344/13103/2344
vt 0.1544460 0.2028530
vt 0.1524490 0.2029800
vt 0.1533650 0.2020230
f 2256/13104/2256 2298/13105/2298 2296/13106/2296
vt 0.0691100 0.9761840
vt 0.0677140 0.9779220
vt 0.0671880 0.9766180
f 2301/13107/2301 2291/13108/2291 2269/13109/2269
vt 0.7571240 0.7762520
vt 0.7574840 0.7779070
vt 0.7566390 0.7769980
f 2259/13110/2259 2228/13111/2228 2277/13112/2277
vt 0.4425260 0.4136900
vt 0.4417810 0.4098530
vt 0.4429490 0.4116650
f 2271/13113/2271 2278/13114/2278 2289/13115/2289
vt 0.3608230 0.2233840
vt 0.3627180 0.2230150
vt 0.3636090 0.2246170
f 2264/13116/2264 2354/13117/2354 2181/13118/2181
vt 0.9621690 0.9661940
vt 0.9687100 0.9687080
vt 0.9635620 0.9711020
f 2257/13119/2257 2270/13120/2270 2304/13121/2304
vt 0.4431660 0.4160610
vt 0.4449270 0.4152590
vt 0.4447410 0.4176940
f 2271/13122/2271 2289/13123/2289 2267/13124/2267
vt 0.3126270 0.0135780
vt 0.3108410 0.0169400
vt 0.3073130 0.0120630
f 2260/13125/2260 2305/13126/2305 2306/13127/2306
vt 0.9588820 0.0768240
vt 0.9572130 0.0782370
vt 0.9564290 0.0749600
f 2260/13128/2260 2306/13129/2306 2287/13130/2287
vt 0.6522880 0.9591420
vt 0.6518500 0.9601640
vt 0.6514130 0.9594860
f 2263/13131/2263 2255/13132/2255 2276/13133/2276
vt 0.6537960 0.9543720
vt 0.6530490 0.9563170
vt 0.6517930 0.9562480
f 2249/13134/2249 2263/13135/2263 2276/13136/2276
vt 0.2709110 0.2044090
vt 0.2683870 0.2038300
vt 0.2706570 0.2028500
f 2259/13137/2259 2277/13138/2277 2262/13139/2262
vt 0.9501620 0.8362790
vt 0.9481660 0.8377560
vt 0.9471030 0.8363390
f 2256/13140/2256 2297/13141/2297 2250/13142/2250
vt 0.9522890 0.8397350
vt 0.9533540 0.8410340
vt 0.9513450 0.8417120
f 2297/13143/2297 2256/13144/2256 2273/13145/2273
vt 0.0752860 0.9686970
vt 0.0770820 0.9673190
vt 0.0770330 0.9696030
f 2280/13146/2280 2308/13147/2308 2283/13148/2283
vt 0.0616340 0.9730390
vt 0.0645880 0.9762710
vt 0.0605510 0.9762470
f 2314/13149/2314 2269/13150/2269 2291/13151/2291
vt 0.9103160 0.5870800
vt 0.9074710 0.5875820
vt 0.9099330 0.5862330
f 2284/13152/2284 2295/13153/2295 2292/13154/2292
vt 0.9137670 0.5885880
vt 0.9102380 0.5922020
f 2284/13152/2284 2292/13155/2292 2294/13156/2294
vt 0.9073240 0.5865680
vt 0.9078530 0.5843320
f 2292/13154/2292 2295/13157/2295 2293/13158/2293
vt 0.8179780 0.0172850
vt 0.8149620 0.0163650
vt 0.8172970 0.0151620
f 2222/13159/2222 2307/13160/2307 2278/13161/2278
vt 0.2691490 0.2025700
f 2262/13139/2262 2277/13138/2277 2286/13162/2286
vt 0.6518800 0.9428680
vt 0.6476860 0.9470070
vt 0.6475280 0.9407750
f 2249/13163/2249 2282/13164/2282 2305/13165/2305
vt 0.6513120 0.9538840
vt 0.6494840 0.9545340
vt 0.6495250 0.9531800
f 2249/13166/2249 2276/13167/2276 2282/13168/2282
vt 0.7160920 0.5993930
vt 0.7156170 0.5960890
vt 0.7189140 0.5952420
f 2235/13169/2235 2311/13170/2311 2240/13171/2240
vt 0.0727920 0.9632130
vt 0.0759770 0.9626290
vt 0.0744230 0.9650530
f 2281/13172/2281 2308/13173/2308 2280/13174/2280
vt 0.5918170 0.7332700
vt 0.5968940 0.7352750
vt 0.5923210 0.7391160
f 2264/13175/2264 2258/13176/2258 2320/13177/2320
vt 0.5795400 0.5779370
vt 0.5770190 0.5790080
vt 0.5775200 0.5770290
f 2279/13178/2279 2275/13179/2275 2325/13180/2325
vt 0.0067880 0.2751110
vt 0.0063480 0.2745160
vt 0.0065760 0.2742580
f 2300/13181/2300 2290/13182/2290 2272/13183/2272
vt 0.7235780 0.9235870
vt 0.7242830 0.9236340
vt 0.7238940 0.9241760
f 2256/13184/2256 2296/13185/2296 2273/13186/2273
vt 0.6501910 0.9606180
vt 0.6491210 0.9617090
vt 0.6490870 0.9596670
f 2255/13187/2255 2266/13188/2266 2276/13189/2276
vt 0.8984920 0.5798310
vt 0.8977780 0.5803320
vt 0.8972360 0.5795740
f 2274/13190/2274 2302/13191/2302 2281/13192/2281
vt 0.3627280 0.2206830
vt 0.3660840 0.2187480
vt 0.3655010 0.2211500
f 2264/13193/2264 2320/13194/2320 2354/13195/2354
vt 0.0057820 0.2740780
vt 0.0057190 0.2730090
f 2272/13183/2272 2290/13196/2290 2337/13197/2337
vt 0.8995420 0.5795450
vt 0.9004430 0.5806660
vt 0.8990640 0.5809070
f 2274/13198/2274 2293/13199/2293 2302/13200/2302
vt 0.9469260 0.8355800
vt 0.9451850 0.8378020
vt 0.9447140 0.8357830
f 2250/13201/2250 2297/13202/2297 2268/13203/2268
vt 0.6119830 0.7140820
vt 0.6154100 0.7126120
vt 0.6161870 0.7176000
f 2299/13204/2299 2285/13205/2285 2323/13206/2323
vt 0.9016540 0.5775990
vt 0.9018620 0.5773290
vt 0.9019240 0.5777150
f 2274/13207/2274 2314/13208/2314 2293/13209/2293
vt 0.5610880 0.9743440
vt 0.5600190 0.9742400
vt 0.5600290 0.9737190
f 2304/13210/2304 2321/13211/2321 2275/13212/2275
vt 0.4495420 0.4178890
vt 0.4515320 0.4143090
vt 0.4527670 0.4193680
f 2267/13213/2267 2289/13214/2289 2319/13215/2319
vt 0.9014690 0.5866320
vt 0.8995460 0.5865210
vt 0.8999720 0.5846830
f 2295/13216/2295 2302/13217/2302 2293/13218/2293
vt 0.0131220 0.1247690
vt 0.0154060 0.1265390
vt 0.0131220 0.1274480
f 2308/13219/2308 2281/13220/2281 2362/13221/2362
vt 0.7529360 0.7755370
vt 0.7505220 0.7761480
vt 0.7514610 0.7733430
f 2286/13222/2286 2316/13223/2316 2262/13224/2262
vt 0.9200120 0.8729730
vt 0.9212360 0.8704020
vt 0.9226780 0.8738710
f 2325/13225/2325 2275/13226/2275 2341/13227/2341
vt 0.9020360 0.5785480
vt 0.9030540 0.5773770
vt 0.9042810 0.5780720
f 2293/13228/2293 2314/13229/2314 2313/13230/2313
vt 0.7544110 0.7808010
vt 0.7538120 0.7814860
vt 0.7538800 0.7807660
f 2277/13231/2277 2316/13232/2316 2286/13233/2286
vt 0.7165570 0.9171930
vt 0.7168490 0.9148480
vt 0.7181300 0.9167600
f 2287/13234/2287 2306/13235/2306 2298/13236/2298
vt 0.3787630 0.2285630
vt 0.3771890 0.2262520
vt 0.3799940 0.2259530
f 2309/13237/2309 2181/13238/2181 2354/13239/2354
vt 0.3359500 0.5680490
vt 0.3342480 0.5695590
vt 0.3356290 0.5670280
f 2275/13240/2275 2321/13241/2321 2315/13242/2315
vt 0.6479350 0.9580420
vt 0.6468390 0.9572040
vt 0.6471520 0.9563940
f 2276/13243/2276 2336/13244/2336 2282/13245/2282
vt 0.3355720 0.4326100
vt 0.3323880 0.4303240
vt 0.3336410 0.4284820
f 2279/13246/2279 2335/13247/2335 2288/13248/2288
vt 0.9045950 0.5821600
vt 0.9042600 0.5809230
vt 0.9070300 0.5819690
f 2293/13249/2293 2313/13250/2313 2292/13251/2292
vt 0.8999130 0.5921770
vt 0.8970190 0.5914250
vt 0.8991990 0.5900860
f 2284/13252/2284 2343/13253/2343 2295/13254/2295
vt 0.6071860 0.7244930
vt 0.6092720 0.7254600
vt 0.6074030 0.7271240
f 2299/13255/2299 2377/13256/2377 2258/13257/2258
vt 0.6457250 0.9541520
vt 0.6442700 0.9558160
vt 0.6422870 0.9529500
f 2282/13258/2282 2336/13259/2336 2349/13260/2349
vt 0.6112950 0.7196510
vt 0.6147320 0.7220140
f 2299/13261/2299 2323/13206/2323 2377/13262/2377
vt 0.7252900 0.9184390
vt 0.7250240 0.9177860
vt 0.7259190 0.9180490
f 2296/13263/2296 2298/13264/2298 2303/13265/2303
vt 0.2853120 0.1918280
vt 0.2878260 0.1873410
f 2262/13102/2262 2393/13266/2393 2344/13267/2344
vt 0.7211780 0.9142840
vt 0.7229530 0.9141960
vt 0.7211110 0.9176230
f 2306/13268/2306 2303/13269/2303 2298/13270/2298
vt 0.5812310 0.5706380
vt 0.5790600 0.5687750
vt 0.5829910 0.5686050
f 2279/13271/2279 2325/13272/2325 2335/13273/2335
vt 0.8978640 0.5882270
vt 0.8957030 0.5898190
vt 0.8947700 0.5883050
f 2295/13274/2295 2343/13275/2343 2302/13276/2302
vt 0.9676550 0.9721230
vt 0.9729790 0.9714990
vt 0.9706060 0.9742720
f 2270/13277/2270 2310/13278/2310 2304/13279/2304
vt 0.9391550 0.8329050
vt 0.9383510 0.8333250
vt 0.9358200 0.8325460
f 2268/13280/2268 2324/13281/2324 2277/13282/2277
vt 0.4585240 0.4346620
vt 0.4594140 0.4300870
vt 0.4624460 0.4319270
f 2266/13283/2266 2267/13284/2267 2319/13285/2319
vt 0.9002470 0.5952140
vt 0.8968720 0.5954800
f 2284/13252/2284 2350/13286/2350 2343/13287/2343
vt 0.9421390 0.8361570
vt 0.9392230 0.8363510
vt 0.9399870 0.8354450
f 2297/13288/2297 2324/13289/2324 2268/13290/2268
vt 0.7537740 0.7845620
vt 0.7523180 0.7861340
vt 0.7513020 0.7850940
f 2277/13291/2277 2324/13292/2324 2316/13293/2316
vt 0.0626350 0.9852670
vt 0.0629190 0.9864090
vt 0.0619910 0.9861210
f 2301/13294/2301 2312/13295/2312 2291/13296/2291
vt 0.8934410 0.5819580
vt 0.8911760 0.5811840
vt 0.8922650 0.5808230
f 2302/13297/2302 2362/13298/2362 2281/13299/2281
vt 0.7278130 0.8905340
vt 0.7290230 0.8911260
vt 0.7281510 0.8922240
f 2282/13300/2282 2352/13301/2352 2305/13302/2305
vt 0.5070990 0.4772040
vt 0.5092390 0.4789080
vt 0.5065570 0.4788280
f 2292/13303/2292 2340/13304/2340 2294/13305/2294
vt 0.9113560 0.6051530
vt 0.9107840 0.6079600
vt 0.9094770 0.6055720
f 2294/13306/2294 2338/13307/2338 2284/13308/2284
vt 0.8360080 0.0508790
vt 0.8357810 0.0525410
vt 0.8350570 0.0519030
f 2240/13309/2240 2368/13310/2368 2300/13311/2300
vt 0.7247430 0.8991370
vt 0.7267460 0.8996730
vt 0.7256280 0.9011550
f 2305/13312/2305 2317/13313/2317 2306/13314/2306
vt 0.9077930 0.6043940
vt 0.9086420 0.6078110
f 2350/13315/2350 2284/13308/2284 2338/13316/2338
vt 0.3282530 0.4222340
vt 0.3280040 0.4231080
vt 0.3277940 0.4224360
f 2301/13317/2301 2288/13318/2288 2312/13319/2312
vt 0.8932920 0.5827090
vt 0.8932680 0.5840600
f 2302/13320/2302 2357/13321/2357 2362/13298/2362
vt 0.9174120 0.6050980
vt 0.9203500 0.6029250
vt 0.9162670 0.6095280
f 2294/13322/2294 2356/13323/2356 2338/13324/2338
vt 0.7262090 0.9058780
vt 0.7272150 0.9061980
vt 0.7264330 0.9081370
f 2306/13325/2306 2317/13326/2317 2303/13327/2303
vt 0.9455840 0.8448140
vt 0.9480290 0.8476750
vt 0.9456430 0.8480210
f 2297/13328/2297 2273/13329/2273 2351/13330/2351
vt 0.5096700 0.4758630
vt 0.5125690 0.4732040
vt 0.5117270 0.4756100
f 2292/13331/2292 2313/13332/2313 2340/13333/2340
vt 0.3285900 0.4286590
vt 0.3291480 0.4294400
vt 0.3278240 0.4289990
f 2288/13334/2288 2335/13335/2335 2312/13336/2312
vt 0.9755970 0.0412240
vt 0.9709490 0.0430940
vt 0.9710010 0.0414940
f 2343/13337/2343 2357/13338/2357 2302/13339/2302
vt 0.7279860 0.9148570
vt 0.7305300 0.9148640
vt 0.7286800 0.9161920
f 2303/13340/2303 2396/13341/2396 2296/13342/2296
vt 0.5085970 0.4808960
f 2294/13305/2294 2340/13304/2340 2356/13343/2356
vt 0.5689180 0.3870780
vt 0.5666940 0.3873320
vt 0.5661750 0.3857970
f 2312/13344/2312 2326/13345/2326 2291/13346/2291
vt 0.8262820 0.0393770
vt 0.8208040 0.0425220
vt 0.8194570 0.0371090
f 2337/13347/2337 2371/13348/2371 2222/13349/2222
vt 0.5960010 0.5654790
vt 0.5941600 0.5623950
vt 0.5978300 0.5625440
f 2258/13350/2258 2377/13351/2377 2320/13352/2320
vt 0.5746930 0.5672000
vt 0.5720300 0.5700530
vt 0.5709440 0.5672180
f 2335/13353/2335 2325/13354/2325 2318/13355/2318
vt 0.1780300 0.1799520
vt 0.1811930 0.1782280
vt 0.1812150 0.1803530
f 2276/13356/2276 2266/13357/2266 2336/13358/2336
vt 0.7290210 0.9224460
vt 0.7325960 0.9196140
vt 0.7329860 0.9252670
f 2296/13359/2296 2396/13360/2396 2273/13361/2273
vt 0.7309190 0.8923710
vt 0.7287480 0.8940300
f 2352/13301/2352 2317/13362/2317 2305/13363/2305
vt 0.5247800 0.4727450
vt 0.5240170 0.4744300
vt 0.5234270 0.4724480
f 2291/13364/2291 2326/13365/2326 2314/13366/2314
vt 0.7476740 0.7720170
vt 0.7481970 0.7746090
vt 0.7458860 0.7732790
f 2262/13367/2262 2316/13368/2316 2393/13369/2393
vt 0.5614660 0.9599700
vt 0.5578800 0.9583230
vt 0.5614420 0.9577730
f 2275/13370/2275 2315/13371/2315 2341/13372/2341
vt 0.4567530 0.4136140
vt 0.4527580 0.4101790
vt 0.4572200 0.4108590
f 2319/13373/2319 2289/13374/2289 2394/13375/2394
vt 0.7306910 0.8870650
vt 0.7313940 0.8855620
vt 0.7320000 0.8883160
f 2282/13376/2282 2349/13377/2349 2352/13378/2352
vt 0.5725510 0.3933920
vt 0.5723950 0.3935800
vt 0.5704830 0.3933630
f 2312/13379/2312 2335/13380/2335 2326/13381/2326
vt 0.5497570 0.9791200
vt 0.5490620 0.9778620
vt 0.5504470 0.9767470
f 2304/13382/2304 2332/13383/2332 2321/13384/2321
vt 0.4491280 0.4034070
vt 0.4496560 0.4010550
vt 0.4515370 0.4039680
f 2278/13385/2278 2307/13386/2307 2289/13387/2289
vt 0.9360620 0.8635640
vt 0.9391130 0.8648600
vt 0.9370620 0.8680270
f 2341/13388/2341 2315/13389/2315 2367/13390/2367
vt 0.9820880 0.3067610
vt 0.9791540 0.3050340
vt 0.9825350 0.3037490
f 2308/13391/2308 2361/13392/2361 2283/13393/2283
vt 0.5166090 0.4362000
vt 0.5111650 0.4323530
vt 0.5145140 0.4298690
f 2319/13394/2319 2360/13395/2360 2266/13396/2266
vt 0.9924440 0.2959350
vt 0.9935650 0.2940330
vt 0.9939090 0.2949260
f 2283/13397/2283 2310/13398/2310 2270/13399/2270
vt 0.9900800 0.2924670
vt 0.9922120 0.2931960
f 2283/13397/2283 2329/13400/2329 2310/13401/2310
vt 0.1823390 0.1791770
f 2266/13357/2266 2330/13402/2330 2336/13358/2336
vt 0.5524440 0.9733890
vt 0.5509470 0.9719760
vt 0.5518610 0.9717570
f 2321/13403/2321 2339/13404/2339 2315/13405/2315
vt 0.9249520 0.8891410
vt 0.9220440 0.8899000
vt 0.9243370 0.8851100
f 2327/13406/2327 2358/13407/2358 2322/13408/2322
vt 0.4375590 0.3895760
vt 0.4415930 0.3882380
vt 0.4409220 0.3923190
f 2222/13409/2222 2371/13410/2371 2307/13411/2307
vt 0.7244390 0.5882280
vt 0.7224160 0.5866060
vt 0.7243310 0.5865780
f 2240/13412/2240 2311/13413/2311 2368/13414/2368
vt 0.9950600 0.2891440
vt 0.9935640 0.2897950
vt 0.9935730 0.2880310
f 2304/13415/2304 2310/13416/2310 2332/13417/2332
vt 0.5215090 0.4738000
vt 0.5222380 0.4746270
vt 0.5209200 0.4744060
f 2314/13418/2314 2326/13419/2326 2313/13420/2313
vt 0.9845120 0.2974570
vt 0.9817840 0.2982300
vt 0.9829280 0.2948970
f 2283/13421/2283 2361/13422/2361 2329/13423/2329
vt 0.9305690 0.9047030
vt 0.9321050 0.9042820
vt 0.9323080 0.9062030
f 2327/13424/2327 2336/13425/2336 2330/13426/2330
vt 0.9306330 0.8829570
vt 0.9340000 0.8820960
vt 0.9335960 0.8838910
f 2325/13427/2325 2334/13428/2334 2322/13429/2322
vt 0.9585960 0.2444270
vt 0.9590090 0.2486020
vt 0.9558540 0.2483070
f 2356/13430/2356 2328/13431/2328 2338/13432/2338
vt 0.1633710 0.5374280
vt 0.1602170 0.5375680
vt 0.1628790 0.5340010
f 2327/13433/2327 2355/13434/2355 2358/13435/2358
vt 0.7313790 0.9109810
vt 0.7346350 0.9114290
f 2303/13436/2303 2317/13437/2317 2396/13341/2396
vt 0.9749570 0.3120250
vt 0.9736120 0.3104140
vt 0.9763530 0.3094210
f 2362/13438/2362 2361/13439/2361 2308/13440/2308
vt 0.7467790 0.7841210
vt 0.7462320 0.7842550
vt 0.7456270 0.7830280
f 2316/13441/2316 2331/13442/2331 2333/13443/2333
vt 0.9324340 0.8810650
vt 0.9338800 0.8802940
f 2325/13444/2325 2341/13445/2341 2334/13428/2334
vt 0.5473480 0.9755650
vt 0.5462200 0.9762540
vt 0.5459960 0.9742290
f 2321/13446/2321 2332/13447/2332 2339/13448/2339
vt 0.7364690 0.9221210
f 2396/13360/2396 2351/13449/2351 2273/13361/2273
vt 0.4541790 0.4029390
vt 0.4530860 0.4015420
vt 0.4559150 0.4014620
f 2289/13450/2289 2307/13451/2307 2380/13452/2380
vt 0.7466400 0.7856820
vt 0.7462840 0.7870040
vt 0.7457160 0.7853440
f 2316/13453/2316 2324/13454/2324 2331/13455/2331
vt 0.4537190 0.4052480
vt 0.4562260 0.4026210
vt 0.4580270 0.4062280
f 2289/13456/2289 2380/13457/2380 2394/13458/2394
vt 0.9915150 0.2898880
vt 0.9922600 0.2905600
vt 0.9911970 0.2912260
f 2332/13459/2332 2310/13460/2310 2329/13461/2329
vt 0.9893760 0.2919820
vt 0.9888850 0.2905420
vt 0.9906620 0.2903260
f 2329/13462/2329 2342/13463/2342 2332/13464/2332
vt 0.9377780 0.8897640
vt 0.9377920 0.8860530
vt 0.9395790 0.8875890
f 2327/13465/2327 2322/13466/2322 2334/13467/2334
vt 0.7052950 0.5858790
vt 0.7015420 0.5821470
vt 0.7058080 0.5801120
f 2235/13468/2235 2309/13469/2309 2311/13470/2311
vt 0.1585450 0.5545370
vt 0.1563440 0.5516920
vt 0.1577330 0.5526790
f 2266/13471/2266 2360/13472/2360 2330/13473/2330
vt 0.9213890 0.8839910
vt 0.9200150 0.8837470
vt 0.9206010 0.8831150
f 2322/13474/2322 2358/13475/2358 2325/13476/2325
vt 0.5147610 0.4846980
vt 0.5159410 0.4810760
vt 0.5175550 0.4830270
f 2346/13477/2346 2340/13478/2340 2345/13479/2345
vt 0.9393450 0.8943310
vt 0.9426760 0.8970260
vt 0.9407440 0.8990520
f 2327/13480/2327 2373/13481/2373 2336/13482/2336
vt 0.9185370 0.8806860
vt 0.9191440 0.8813500
vt 0.9181130 0.8812020
f 2318/13483/2318 2325/13484/2325 2358/13485/2358
vt 0.9405140 0.8918570
vt 0.9409990 0.8904350
vt 0.9423690 0.8942730
f 2327/13486/2327 2334/13487/2334 2373/13488/2373
vt 0.9856670 0.2904410
vt 0.9852140 0.2887630
vt 0.9880820 0.2892330
f 2342/13489/2342 2364/13490/2364 2332/13491/2332
vt 0.8291980 0.0529750
vt 0.8297460 0.0541030
vt 0.8289830 0.0546190
f 2290/13492/2290 2300/13493/2300 2348/13494/2348
vt 0.5216450 0.4787850
vt 0.5211870 0.4782370
vt 0.5216500 0.4774170
f 2345/13495/2345 2313/13496/2313 2326/13497/2326
vt 0.5893080 0.5113680
vt 0.5899590 0.5082310
vt 0.5926590 0.5104090
f 2198/13498/2198 2344/13499/2344 2395/13500/2395
vt 0.7513410 0.7989540
vt 0.7492060 0.8013420
vt 0.7478900 0.7978150
f 2297/13501/2297 2351/13502/2351 2401/13503/2401
vt 0.9651070 0.2365260
vt 0.9688540 0.2352670
vt 0.9689130 0.2388020
f 2340/13504/2340 2347/13505/2347 2356/13506/2356
vt 0.3856390 0.2024010
vt 0.3877730 0.1982470
vt 0.3896860 0.2012170
f 2320/13507/2320 2384/13508/2384 2354/13509/2354
vt 0.4204240 0.3891370
vt 0.4220910 0.3877130
vt 0.4226090 0.3902750
f 2326/13510/2326 2335/13511/2335 2375/13512/2375
vt 0.5407430 0.9798410
vt 0.5388420 0.9786340
vt 0.5399870 0.9772130
f 2332/13513/2332 2364/13514/2364 2339/13515/2339
vt 0.1587780 0.5478450
vt 0.1578950 0.5497030
vt 0.1570890 0.5484960
f 2327/13516/2327 2330/13517/2330 2360/13518/2360
vt 0.7354190 0.9162860
vt 0.7403990 0.9138940
f 2396/13519/2396 2317/13437/2317 2370/13520/2370
vt 0.9429000 0.9058820
vt 0.9438380 0.9056030
vt 0.9433050 0.9064040
f 2336/13521/2336 2373/13522/2373 2349/13523/2349
vt 0.5175590 0.4789750
vt 0.5181620 0.4782310
vt 0.5186150 0.4788400
f 2340/13524/2340 2313/13525/2313 2345/13526/2345
vt 0.9750760 0.3830390
vt 0.9753160 0.3826630
vt 0.9754790 0.3834830
f 2368/13527/2368 2348/13528/2348 2300/13529/2300
vt 0.9809040 0.2940410
vt 0.9798070 0.2945770
vt 0.9792510 0.2937610
f 2342/13530/2342 2329/13531/2329 2353/13532/2353
vt 0.5856020 0.5204210
vt 0.5901780 0.5187790
vt 0.5890820 0.5215820
f 2198/13533/2198 2395/13534/2395 2323/13535/2323
vt 0.8990950 0.6093550
vt 0.9010530 0.6114930
vt 0.8988510 0.6100520
f 2350/13536/2350 2338/13537/2338 2386/13538/2386
vt 0.5863880 0.5339960
vt 0.5918370 0.5310890
vt 0.5906710 0.5372900
f 2323/13539/2323 2395/13540/2395 2377/13541/2377
vt 0.3861510 0.1947640
vt 0.3888150 0.1933300
vt 0.3889120 0.1959780
f 2320/13542/2320 2377/13543/2377 2384/13544/2384
vt 0.7433000 0.7869850
vt 0.7437550 0.7882620
vt 0.7431530 0.7886070
f 2331/13545/2331 2324/13546/2324 2391/13547/2391
vt 0.7461410 0.7921100
vt 0.7460840 0.7955170
vt 0.7429970 0.7937450
f 2324/13548/2324 2297/13549/2297 2401/13550/2401
vt 0.1565530 0.5428660
vt 0.1558890 0.5450200
vt 0.1545920 0.5427050
f 2355/13551/2355 2327/13552/2327 2360/13553/2360
vt 0.4233620 0.3880740
vt 0.4249810 0.3888860
f 2375/13512/2375 2335/13554/2335 2318/13555/2318
vt 0.2952250 0.3122150
vt 0.2928230 0.3172850
vt 0.2913700 0.3103210
f 2340/13556/2340 2346/13557/2346 2347/13558/2347
vt 0.8966590 0.6066730
vt 0.8977880 0.6083870
vt 0.8969610 0.6084060
f 2343/13559/2343 2350/13560/2350 2386/13561/2386
vt 0.9790960 0.2949820
vt 0.9781570 0.2953030
vt 0.9777480 0.2945380
f 2329/13562/2329 2361/13563/2361 2353/13564/2353
vt 0.7411030 0.7723960
vt 0.7417030 0.7774000
vt 0.7380610 0.7737890
f 2393/13565/2393 2316/13566/2316 2333/13567/2333
vt 0.4196100 0.3969070
vt 0.4249140 0.3977370
vt 0.4214340 0.4011940
f 2326/13568/2326 2375/13569/2375 2345/13570/2345
vt 0.4132600 0.9596940
vt 0.4131790 0.9624300
vt 0.4097530 0.9604040
f 2361/13571/2361 2362/13572/2362 2365/13573/2365
vt 0.1542760 0.5407530
vt 0.1538180 0.5419630
vt 0.1510960 0.5411470
f 2355/13574/2355 2360/13575/2360 2359/13576/2359
vt 0.7379360 0.9047990
vt 0.7430240 0.9013760
vt 0.7418320 0.9065800
f 2317/13577/2317 2352/13578/2352 2370/13579/2370
vt 0.9430930 0.8710490
vt 0.9454910 0.8721470
vt 0.9434930 0.8733940
f 2367/13580/2367 2381/13581/2381 2341/13582/2341
vt 0.4092380 0.9677780
vt 0.4067480 0.9657250
vt 0.4080160 0.9646920
f 2357/13583/2357 2365/13584/2365 2362/13585/2362
vt 0.2574200 0.8706220
vt 0.2586870 0.8682780
vt 0.2589620 0.8696470
f 2319/13586/2319 2374/13587/2374 2360/13588/2360
vt 0.4060910 0.9442130
vt 0.4060990 0.9452650
vt 0.4056970 0.9438410
f 2342/13589/2342 2353/13590/2353 2364/13591/2364
vt 0.8233010 0.0536490
vt 0.8232070 0.0556220
vt 0.8213060 0.0546610
f 2290/13592/2290 2348/13593/2348 2337/13594/2337
vt 0.6882510 0.5722240
vt 0.6887360 0.5681960
vt 0.6930530 0.5708680
f 2354/13595/2354 2363/13596/2363 2309/13597/2309
vt 0.8937800 0.9883470
vt 0.8929600 0.9883790
vt 0.8931550 0.9876990
f 2391/13598/2391 2382/13599/2382 2331/13600/2331
vt 0.7403850 0.7937860
vt 0.7416230 0.7925760
f 2401/13550/2401 2391/13601/2391 2324/13602/2324
vt 0.9589500 0.2536130
vt 0.9596670 0.2534850
vt 0.9603580 0.2550270
f 2338/13603/2338 2328/13604/2328 2386/13605/2386
vt 0.2918180 0.3028480
vt 0.2909480 0.2988290
vt 0.2937680 0.2996170
f 2347/13606/2347 2376/13607/2376 2356/13608/2356
vt 0.2877930 0.3230860
vt 0.2891920 0.3251960
vt 0.2877750 0.3251020
f 2346/13609/2346 2345/13610/2345 2375/13611/2375
vt 0.7564210 0.8166620
vt 0.7562230 0.8178670
vt 0.7535930 0.8184080
f 2351/13612/2351 2396/13613/2396 2415/13614/2415
vt 0.9471240 0.8886150
vt 0.9482730 0.8836280
vt 0.9504560 0.8879430
f 2373/13615/2373 2334/13616/2334 2379/13617/2379
vt 0.5367850 0.2137400
vt 0.5408940 0.2154080
vt 0.5377500 0.2165070
f 2358/13618/2358 2355/13619/2355 2378/13620/2378
vt 0.4078170 0.9495150
vt 0.4079420 0.9503290
vt 0.4069420 0.9505620
f 2361/13621/2361 2365/13622/2365 2353/13623/2353
vt 0.4573910 0.3962400
vt 0.4589130 0.3941730
vt 0.4599690 0.3960860
f 2307/13624/2307 2371/13625/2371 2380/13626/2380
vt 0.7411670 0.8897240
vt 0.7446540 0.8873540
vt 0.7432800 0.8907550
f 2352/13627/2352 2349/13628/2349 2390/13629/2390
vt 0.8232300 0.0571500
vt 0.8189680 0.0576380
vt 0.8189920 0.0567980
f 2348/13630/2348 2436/13631/2436 2337/13632/2337
vt 0.2955120 0.2958050
vt 0.2933840 0.2950020
f 2328/13633/2328 2356/13608/2356 2376/13634/2376
vt 0.2737250 0.8703140
vt 0.2778530 0.8690260
vt 0.2775930 0.8729590
f 2359/13635/2359 2378/13636/2378 2355/13637/2355
vt 0.4018940 0.9688350
vt 0.4018440 0.9671250
vt 0.4030580 0.9676290
f 2357/13638/2357 2369/13639/2369 2365/13640/2365
vt 0.2617920 0.8580190
vt 0.2636010 0.8583680
vt 0.2628850 0.8599180
f 2319/13641/2319 2394/13642/2394 2374/13643/2374
vt 0.4051070 0.9445930
vt 0.4037560 0.9460770
vt 0.4043280 0.9430210
f 2353/13644/2353 2403/13645/2403 2364/13646/2364
vt 0.9698060 0.0559190
vt 0.9694710 0.0570620
vt 0.9686320 0.0559070
f 2343/13647/2343 2383/13648/2383 2357/13649/2357
vt 0.2860150 0.3178080
vt 0.2840620 0.3161680
vt 0.2849420 0.3138280
f 2346/13650/2346 2375/13651/2375 2347/13652/2347
vt 0.2624670 0.8691030
vt 0.2627730 0.8670080
vt 0.2641970 0.8668360
f 2360/13653/2360 2374/13654/2374 2359/13655/2359
vt 0.9751080 0.3749050
vt 0.9749260 0.3740910
vt 0.9752190 0.3723670
f 2348/13656/2348 2368/13657/2368 2389/13658/2389
vt 0.9684940 0.0587080
f 2357/13649/2357 2383/13648/2383 2369/13659/2369
vt 0.2770660 0.8668290
vt 0.2783660 0.8619730
vt 0.2791690 0.8658490
f 2359/13660/2359 2385/13661/2385 2378/13662/2378
vt 0.9473770 0.8758140
vt 0.9499720 0.8768810
vt 0.9478680 0.8779580
f 2341/13663/2341 2379/13664/2379 2334/13665/2334
vt 0.4047960 0.9530500
vt 0.4056220 0.9545270
vt 0.4046790 0.9543840
f 2353/13666/2353 2365/13667/2365 2372/13668/2372
vt 0.8925800 0.9847750
vt 0.8918240 0.9838370
vt 0.8928000 0.9825170
f 2331/13669/2331 2382/13670/2382 2333/13671/2333
vt 0.2676930 0.8596700
vt 0.2656410 0.8593640
vt 0.2668680 0.8573330
f 2359/13672/2359 2374/13673/2374 2394/13674/2394
vt 0.5466170 0.9559150
vt 0.5440290 0.9582780
vt 0.5442580 0.9545590
f 2315/13675/2315 2387/13676/2387 2367/13677/2367
vt 0.2696560 0.8475400
vt 0.2686550 0.8503710
vt 0.2676160 0.8486050
f 2385/13678/2385 2359/13679/2359 2394/13680/2394
vt 0.2691820 0.3193850
vt 0.2752420 0.3161840
vt 0.2744610 0.3216070
f 2385/13681/2385 2347/13682/2347 2378/13683/2378
vt 0.4315260 0.3965130
vt 0.4323610 0.3974070
vt 0.4317600 0.3980030
f 2358/13684/2358 2378/13685/2378 2318/13686/2318
vt 0.4010920 0.9664110
vt 0.4015560 0.9662380
f 2369/13639/2369 2372/13687/2372 2365/13688/2365
vt 0.9468900 0.8745080
vt 0.9472930 0.8733500
vt 0.9484060 0.8735110
f 2341/13689/2341 2381/13690/2381 2379/13691/2379
vt 0.2398670 0.2563770
vt 0.2413640 0.2564920
vt 0.2414480 0.2576530
f 2315/13692/2315 2339/13693/2339 2387/13694/2387
vt 0.4038280 0.9403680
vt 0.4006860 0.9387970
vt 0.4031260 0.9378600
f 2364/13695/2364 2403/13696/2403 2366/13697/2366
vt 0.9608870 0.2563380
vt 0.9615790 0.2573560
vt 0.9606890 0.2578110
f 2328/13698/2328 2411/13699/2411 2386/13700/2386
vt 0.2800850 0.3193770
vt 0.2811180 0.3209700
vt 0.2800670 0.3225340
f 2347/13701/2347 2375/13702/2375 2378/13703/2378
vt 0.9725690 0.0582810
vt 0.9753800 0.0593570
vt 0.9729540 0.0613590
f 2343/13704/2343 2386/13705/2386 2383/13706/2383
vt 0.4325240 0.3991750
vt 0.4314020 0.3989880
vt 0.4316360 0.3984320
f 2378/13707/2378 2375/13708/2375 2318/13709/2318
vt 0.4097500 0.2104490
vt 0.4080380 0.2038850
vt 0.4128580 0.2058130
f 2363/13710/2363 2354/13711/2354 2384/13712/2384
vt 0.5353290 0.9700540
vt 0.5333310 0.9722360
vt 0.5314600 0.9720940
f 2339/13713/2339 2364/13714/2364 2366/13715/2366
vt 0.4621720 0.3964380
vt 0.4640050 0.3949840
vt 0.4637240 0.3967490
f 2380/13716/2380 2438/13717/2438 2394/13718/2394
vt 0.9549250 0.9026760
vt 0.9568430 0.9045670
vt 0.9546720 0.9062230
f 2379/13719/2379 2424/13720/2424 2373/13721/2373
vt 0.8873220 0.9892770
vt 0.8863340 0.9896080
vt 0.8866670 0.9883680
f 2391/13722/2391 2388/13723/2388 2382/13724/2382
vt 0.7442430 0.8038830
vt 0.7418360 0.8078200
vt 0.7413720 0.8032060
f 2351/13725/2351 2415/13726/2415 2401/13727/2401
vt 0.4030870 0.9506800
vt 0.4018640 0.9508810
vt 0.4016920 0.9494840
f 2353/13728/2353 2372/13729/2372 2403/13730/2403
vt 0.7240880 0.5740310
vt 0.7230560 0.5736240
vt 0.7232720 0.5727700
f 2368/13731/2368 2416/13732/2416 2389/13733/2389
vt 0.7167600 0.5748960
vt 0.7145310 0.5747130
vt 0.7174450 0.5728580
f 2368/13734/2368 2311/13735/2311 2416/13736/2416
vt 0.9668630 0.0597590
vt 0.9679630 0.0607220
vt 0.9674110 0.0608990
f 2369/13737/2369 2383/13738/2383 2392/13739/2392
vt 0.7031140 0.5725550
vt 0.7028430 0.5683250
vt 0.7061100 0.5687830
f 2309/13740/2309 2363/13741/2363 2311/13742/2311
vt 0.7494720 0.8182000
vt 0.7523100 0.8228660
vt 0.7459910 0.8241150
f 2415/13743/2415 2396/13744/2396 2440/13745/2440
vt 0.2170770 0.8764190
vt 0.2177870 0.8714790
vt 0.2228730 0.8744720
f 2393/13746/2393 2432/13747/2432 2344/13748/2344
vt 0.8848490 0.9908490
vt 0.8850780 0.9926960
vt 0.8837610 0.9919010
f 2388/13749/2388 2391/13750/2391 2402/13751/2402
vt 0.9382110 0.4280970
vt 0.9388800 0.4279120
vt 0.9383250 0.4287830
f 2349/13752/2349 2373/13753/2373 2390/13754/2390
vt 0.4300950 0.3601840
vt 0.4312860 0.3579990
vt 0.4332820 0.3586130
f 2337/13755/2337 2436/13756/2436 2371/13757/2371
vt 0.2455110 0.2578430
vt 0.2465680 0.2601240
vt 0.2431820 0.2596330
f 2339/13758/2339 2366/13759/2366 2387/13760/2387
vt 0.7471850 0.9122320
vt 0.7470870 0.9104800
vt 0.7497280 0.9117740
f 2396/13761/2396 2370/13762/2370 2449/13763/2449
vt 0.9399270 0.4280200
vt 0.9391610 0.4293110
vt 0.9390190 0.4290170
f 2424/13764/2424 2390/13765/2390 2373/13766/2373
vt 0.9751520 0.3666630
vt 0.9779830 0.3632670
vt 0.9789140 0.3649040
f 2389/13767/2389 2398/13768/2398 2348/13769/2348
vt 0.5763180 0.3105350
vt 0.5781610 0.3105510
vt 0.5764020 0.3137860
f 2347/13770/2347 2385/13771/2385 2406/13772/2406
vt 0.3944380 0.9698310
vt 0.3943880 0.9708490
vt 0.3928780 0.9707730
f 2369/13773/2369 2392/13774/2392 2419/13775/2419
vt 0.9731150 0.0622350
vt 0.9740850 0.0630970
vt 0.9730860 0.0641940
f 2383/13776/2383 2386/13777/2386 2392/13778/2392
vt 0.2231580 0.8701130
vt 0.2253770 0.8708540
f 2344/13748/2344 2432/13779/2432 2395/13780/2395
vt 0.9726410 0.3602610
vt 0.9764310 0.3597060
vt 0.9749650 0.3612140
f 2389/13781/2389 2399/13782/2399 2398/13783/2398
vt 0.8863350 0.9843790
vt 0.8833060 0.9825120
vt 0.8851590 0.9817950
f 2382/13784/2382 2431/13785/2431 2333/13786/2333
vt 0.3958160 0.9665480
vt 0.3947250 0.9662150
vt 0.3957660 0.9645290
f 2369/13787/2369 2437/13788/2437 2372/13789/2372
vt 0.9724010 0.3556500
vt 0.9730800 0.3521330
vt 0.9745480 0.3562620
f 2397/13790/2397 2399/13791/2399 2389/13792/2389
vt 0.7482100 0.8941210
vt 0.7485750 0.8924000
vt 0.7493890 0.8952950
f 2352/13793/2352 2390/13794/2390 2370/13795/2370
vt 0.6738960 0.9653600
vt 0.6753410 0.9655590
vt 0.6742030 0.9659520
f 2388/13796/2388 2402/13797/2402 2407/13798/2407
vt 0.1564820 0.5741500
vt 0.1572340 0.5734360
vt 0.1570850 0.5742040
f 2398/13799/2398 2412/13800/2412 2348/13801/2348
vt 0.6779790 0.9733370
vt 0.6764940 0.9699130
vt 0.6799500 0.9712040
f 2397/13802/2397 2407/13803/2407 2408/13804/2408
vt 0.8263620 0.1353080
vt 0.8277500 0.1340860
vt 0.8269420 0.1364790
f 2401/13805/2401 2415/13806/2415 2410/13807/2410
vt 0.9708510 0.3606770
vt 0.9689370 0.3598230
vt 0.9706060 0.3596620
f 2389/13808/2389 2416/13809/2416 2397/13810/2397
vt 0.8828330 0.9896150
vt 0.8814610 0.9887420
vt 0.8819320 0.9877620
f 2388/13811/2388 2404/13812/2404 2382/13813/2382
vt 0.6764510 0.9673320
vt 0.6782860 0.9685650
f 2402/13814/2402 2408/13815/2408 2407/13803/2407
vt 0.9797710 0.0661950
vt 0.9815660 0.0670840
vt 0.9794140 0.0669980
f 2392/13816/2392 2386/13817/2386 2411/13818/2411
vt 0.5718920 0.3158940
vt 0.5726930 0.3175020
vt 0.5701140 0.3173540
f 2347/13819/2347 2406/13820/2406 2376/13821/2376
vt 0.3927450 0.9697080
vt 0.3921320 0.9686050
vt 0.3931190 0.9689590
f 2419/13822/2419 2437/13823/2437 2369/13824/2369
vt 0.8296610 0.1349010
f 2415/13806/2415 2430/13825/2430 2410/13807/2410
vt 0.4635520 0.3916340
vt 0.4640730 0.3904030
vt 0.4645440 0.3925360
f 2380/13826/2380 2451/13827/2451 2438/13828/2438
vt 0.2305630 0.0675480
vt 0.2312510 0.0680830
vt 0.2295930 0.0679740
f 2391/13829/2391 2401/13830/2401 2402/13831/2402
vt 0.2365040 0.8564740
vt 0.2317660 0.8605070
vt 0.2316150 0.8520830
f 2395/13832/2395 2429/13833/2429 2377/13834/2377
vt 0.4630720 0.3907830
vt 0.4622500 0.3892320
vt 0.4639880 0.3892350
f 2380/13835/2380 2371/13836/2371 2451/13837/2451
vt 0.9322420 0.4307840
vt 0.9347660 0.4328500
vt 0.9322630 0.4338440
f 2390/13838/2390 2426/13839/2426 2370/13840/2370
vt 0.2754980 0.8413920
vt 0.2747730 0.8358650
vt 0.2801120 0.8375860
f 2385/13841/2385 2394/13842/2394 2435/13843/2435
vt 0.6837680 0.9754900
vt 0.6817630 0.9737540
vt 0.6841450 0.9748510
f 2397/13844/2397 2408/13845/2408 2399/13846/2399
vt 0.2287390 0.8677670
vt 0.2257310 0.8664560
vt 0.2271880 0.8625810
f 2395/13847/2395 2432/13848/2432 2429/13849/2429
vt 0.6763980 0.9758700
vt 0.6749640 0.9749550
vt 0.6758260 0.9743810
f 2397/13850/2397 2425/13851/2425 2407/13852/2407
vt 0.9531310 0.8704820
vt 0.9556050 0.8702760
vt 0.9550500 0.8741410
f 2381/13853/2381 2434/13854/2434 2379/13855/2379
vt 0.5422960 0.9453530
vt 0.5428930 0.9474500
vt 0.5414880 0.9472840
f 2381/13856/2381 2367/13857/2367 2387/13858/2387
vt 0.2303240 0.0719240
vt 0.2296140 0.0711560
vt 0.2304390 0.0714000
f 2388/13859/2388 2400/13860/2400 2404/13861/2404
vt 0.5780870 0.3869840
vt 0.5768650 0.3820390
vt 0.5809310 0.3830580
f 2366/13862/2366 2403/13863/2403 2405/13864/2405
vt 0.1339930 0.1905050
vt 0.1333800 0.1909370
vt 0.1333750 0.1901190
f 2404/13865/2404 2402/13866/2402 2382/13867/2382
vt 0.2548550 0.1954570
vt 0.2556870 0.1931220
vt 0.2560760 0.1931480
f 2407/13868/2407 2425/13869/2425 2420/13870/2420
vt 0.9702750 0.0673570
vt 0.9717700 0.0655840
vt 0.9716630 0.0680120
f 2419/13871/2419 2392/13872/2392 2411/13873/2411
vt 0.9392120 0.4313750
vt 0.9404360 0.4308220
vt 0.9398170 0.4330370
f 2390/13874/2390 2424/13875/2424 2426/13876/2426
vt 0.2320100 0.0683620
vt 0.2324950 0.0688660
vt 0.2318970 0.0691380
f 2401/13877/2401 2382/13878/2382 2402/13879/2402
vt 0.5414620 0.9452170
f 2381/13856/2381 2387/13858/2387 2434/13880/2434
vt 0.2307460 0.0709590
vt 0.2301960 0.0705630
vt 0.2309640 0.0704310
f 2404/13881/2404 2400/13882/2400 2418/13883/2418
vt 0.6748580 0.9591960
vt 0.6759150 0.9605720
vt 0.6753900 0.9613350
f 2413/13884/2413 2428/13885/2428 2402/13886/2402
vt 0.2253500 0.0690750
vt 0.2260310 0.0706100
vt 0.2242980 0.0696040
f 2402/13887/2402 2414/13888/2414 2413/13889/2413
vt 0.1335550 0.1913770
vt 0.1329020 0.1912630
f 2404/13890/2404 2409/13891/2409 2402/13866/2402
vt 0.1331350 0.1918120
f 2404/13890/2404 2418/13892/2418 2409/13891/2409
vt 0.2317680 0.0694980
vt 0.2315780 0.0695690
f 2402/13879/2402 2409/13893/2409 2410/13894/2410
vt 0.2306340 0.0697570
f 2402/13895/2402 2418/13883/2418 2400/13882/2400
vt 0.2313500 0.0692570
vt 0.2312090 0.0700350
f 2402/13896/2402 2410/13894/2410 2418/13897/2418
vt 0.9705740 0.5686930
vt 0.9757960 0.5710180
vt 0.9711540 0.5732220
f 2377/13898/2377 2429/13899/2429 2384/13900/2384
vt 0.2288210 0.0703490
vt 0.2287530 0.0710360
vt 0.2283140 0.0711590
f 2402/13901/2402 2400/13902/2400 2414/13903/2414
vt 0.8253490 0.1467590
vt 0.8256850 0.1474460
vt 0.8251720 0.1472200
f 2401/13904/2401 2410/13905/2410 2382/13906/2382
vt 0.9645690 0.2621210
vt 0.9673830 0.2652560
vt 0.9649780 0.2646320
f 2328/13907/2328 2452/13908/2452 2411/13909/2411
vt 0.6781210 0.9646350
vt 0.6785850 0.9639790
vt 0.6801240 0.9664620
f 2402/13910/2402 2428/13911/2428 2408/13912/2408
vt 0.8869740 0.9663240
vt 0.8839430 0.9686470
vt 0.8844100 0.9662230
f 2393/13913/2393 2333/13914/2333 2432/13915/2432
vt 0.8254330 0.1479110
vt 0.8252600 0.1479480
f 2382/13906/2382 2410/13916/2410 2409/13917/2409
vt 0.1544330 0.5701590
vt 0.1535060 0.5688310
vt 0.1561020 0.5695570
f 2398/13918/2398 2399/13919/2399 2412/13920/2412
vt 0.2279190 0.0728960
vt 0.2273370 0.0727130
vt 0.2273860 0.0721020
f 2400/13921/2400 2388/13922/2388 2410/13923/2410
vt 0.2280710 0.0720710
vt 0.2276270 0.0714330
f 2400/13924/2400 2410/13923/2410 2414/13925/2414
vt 0.6782550 0.9865180
vt 0.6772680 0.9860460
vt 0.6796800 0.9838720
f 2416/13926/2416 2425/13927/2425 2397/13928/2397
vt 0.5805110 0.3096980
vt 0.5823330 0.3124160
vt 0.5792200 0.3145860
f 2385/13929/2385 2435/13930/2435 2406/13931/2406
vt 0.9578420 0.8703000
vt 0.9585640 0.8730130
f 2434/13854/2434 2443/13932/2443 2379/13933/2379
vt 0.7121550 0.5669440
vt 0.7124820 0.5655240
vt 0.7140650 0.5666370
f 2311/13934/2311 2363/13935/2363 2416/13936/2416
vt 0.1324470 0.1917170
vt 0.1314130 0.1917200
vt 0.1318960 0.1912490
f 2409/13937/2409 2418/13938/2418 2382/13939/2382
vt 0.6853890 0.9733780
vt 0.6877210 0.9736200
vt 0.6864900 0.9740910
f 2408/13940/2408 2422/13941/2422 2399/13942/2399
vt 0.2268020 0.0742700
vt 0.2266920 0.0749240
vt 0.2265700 0.0739390
f 2388/13943/2388 2413/13944/2413 2414/13945/2414
vt 0.2270920 0.0723030
f 2410/13923/2410 2388/13922/2388 2418/13946/2418
vt 0.2268810 0.0726970
f 2388/13922/2388 2414/13947/2414 2418/13946/2418
vt 0.5555090 0.3292100
vt 0.5585290 0.3284730
vt 0.5562530 0.3326600
f 2328/13948/2328 2376/13949/2376 2452/13950/2452
vt 0.1312470 0.1913650
vt 0.1309510 0.1919330
vt 0.1305730 0.1903910
f 2382/13951/2382 2418/13952/2418 2431/13953/2431
vt 0.2450330 0.2784730
vt 0.2442040 0.2790910
vt 0.2439940 0.2786150
f 2407/13954/2407 2413/13955/2413 2388/13956/2388
vt 0.8264500 0.1523510
vt 0.8269270 0.1530510
vt 0.8261710 0.1529560
f 2410/13957/2410 2417/13958/2417 2414/13959/2414
vt 0.2424740 0.2791760
vt 0.2427940 0.2798100
vt 0.2419590 0.2800890
f 2413/13960/2413 2421/13961/2421 2418/13962/2418
vt 0.2417670 0.2793540
f 2413/13960/2413 2418/13962/2418 2417/13963/2417
vt 0.5626120 0.3645010
vt 0.5644810 0.3645720
vt 0.5647900 0.3669750
f 2437/13964/2437 2456/13965/2456 2372/13966/2372
vt 0.2450690 0.2790480
vt 0.2444470 0.2795670
f 2413/13955/2413 2407/13967/2407 2421/13968/2421
vt 0.8262070 0.1560790
vt 0.8264150 0.1568800
vt 0.8260550 0.1566270
f 2413/13969/2413 2417/13970/2417 2428/13971/2428
vt 0.2459630 0.2787880
vt 0.2467140 0.2786600
vt 0.2461410 0.2796100
f 2407/13972/2407 2428/13973/2428 2421/13974/2421
vt 0.1343700 0.1973440
vt 0.1334020 0.1975960
vt 0.1337020 0.1971520
f 2417/13975/2417 2418/13976/2418 2414/13977/2414
vt 0.8261340 0.1574780
f 2428/13971/2428 2417/13970/2417 2421/13978/2421
vt 0.2479200 0.2752460
vt 0.2483870 0.2750400
vt 0.2481380 0.2756040
f 2407/13979/2407 2423/13980/2423 2428/13981/2428
vt 0.1157060 0.9117420
vt 0.1140750 0.9115920
vt 0.1149220 0.9110650
f 2439/13982/2439 2434/13983/2434 2366/13984/2366
vt 0.2571390 0.1943270
vt 0.2554890 0.1959300
vt 0.2565630 0.1944750
f 2408/13985/2408 2428/13986/2428 2420/13987/2420
vt 0.2570900 0.1934490
vt 0.2581250 0.1925440
f 2408/13985/2408 2420/13988/2420 2422/13989/2422
vt 0.6760320 0.9845050
vt 0.6747720 0.9852520
vt 0.6750950 0.9833950
f 2416/13990/2416 2363/13991/2363 2425/13992/2425
vt 0.2564250 0.1911560
vt 0.2555680 0.1911470
vt 0.2568470 0.1903330
f 2420/13993/2420 2425/13994/2425 2427/13995/2427
vt 0.1136260 0.9101310
vt 0.1134080 0.9083740
vt 0.1145590 0.9066760
f 2366/13996/2366 2434/13997/2434 2387/13998/2387
vt 0.8272050 0.1549470
vt 0.8289330 0.1545020
vt 0.8274120 0.1555420
f 2417/13999/2417 2410/14000/2410 2430/14001/2430
vt 0.2551680 0.1954120
vt 0.2552130 0.1954000
vt 0.2548030 0.1961960
f 2407/14002/2407 2420/14003/2420 2423/14004/2423
vt 0.7205270 0.5449980
vt 0.7169380 0.5471120
vt 0.7191980 0.5440700
f 2425/14005/2425 2363/14006/2363 2384/14007/2384
vt 0.9351980 0.4358270
vt 0.9381400 0.4375550
vt 0.9347100 0.4395080
f 2370/14008/2370 2426/14009/2426 2454/14010/2454
vt 0.8267520 0.1576130
vt 0.8272760 0.1582300
vt 0.8264990 0.1581810
f 2417/14011/2417 2430/14012/2430 2421/14013/2421
vt 0.8271240 0.1589860
f 2421/14013/2421 2430/14012/2430 2423/14014/2423
vt 0.1514600 0.5633850
vt 0.1526320 0.5626600
vt 0.1526370 0.5631020
f 2399/14015/2399 2422/14016/2422 2412/14017/2412
vt 0.1602200 0.5695310
vt 0.1589520 0.5673440
vt 0.1607920 0.5665190
f 2348/14018/2348 2412/14019/2412 2436/14020/2436
vt 0.8956860 0.9602880
vt 0.8956990 0.9565890
vt 0.8984970 0.9575200
f 2379/14021/2379 2457/14022/2457 2424/14023/2424
vt 0.2560600 0.1837830
vt 0.2564870 0.1847230
vt 0.2561390 0.1844680
f 2423/14024/2423 2430/14025/2430 2428/14026/2428
vt 0.2682900 0.8338040
vt 0.2671720 0.8325610
vt 0.2677740 0.8320900
f 2394/14027/2394 2438/14028/2438 2442/14029/2442
vt 0.2569860 0.1908530
vt 0.2570670 0.1902830
vt 0.2573330 0.1902700
f 2420/14030/2420 2427/14031/2427 2422/14032/2422
vt 0.2475010 0.2813530
vt 0.2472690 0.2821340
vt 0.2471040 0.2815520
f 2423/14033/2423 2427/14034/2427 2421/14035/2421
vt 0.2560520 0.1852620
vt 0.2560990 0.1856690
vt 0.2556320 0.1846870
f 2420/14036/2420 2433/14037/2433 2423/14038/2423
vt 0.2561800 0.1855080
vt 0.2565880 0.1862060
f 2420/14039/2420 2428/14040/2428 2433/14037/2433
vt 0.8823800 0.9705700
vt 0.8793920 0.9692310
vt 0.8812650 0.9679880
f 2333/14041/2333 2431/14042/2431 2432/14043/2432
vt 0.2714870 0.8349690
vt 0.2714860 0.8328180
vt 0.2745930 0.8327300
f 2394/14044/2394 2442/14045/2442 2435/14046/2435
vt 0.2420180 0.2808090
vt 0.2443930 0.2809350
vt 0.2439300 0.2823070
f 2418/14047/2418 2421/14048/2421 2427/14049/2427
vt 0.1330930 0.1983080
vt 0.1308570 0.1985590
vt 0.1319250 0.1972760
f 2418/14050/2418 2427/14051/2427 2431/14052/2431
vt 0.2566060 0.1854950
vt 0.2570150 0.1863580
f 2430/14053/2430 2433/14054/2433 2428/14040/2428
vt 0.2109070 0.8298420
vt 0.2123580 0.8317900
vt 0.2104670 0.8334320
f 2425/14055/2425 2384/14056/2384 2427/14057/2427
vt 0.2492490 0.2837510
vt 0.2491920 0.2843700
vt 0.2481610 0.2834410
f 2423/14058/2423 2433/14059/2433 2427/14060/2427
vt 0.1177080 0.9160330
vt 0.1192540 0.9159450
vt 0.1172810 0.9171620
f 2439/14061/2439 2366/14062/2366 2448/14063/2448
vt 0.5717870 0.3761960
vt 0.5715030 0.3724350
vt 0.5774570 0.3751610
f 2372/14064/2372 2456/14065/2456 2403/14066/2403
vt 0.2595690 0.1905080
vt 0.2593160 0.1897670
vt 0.2607310 0.1906680
f 2422/14067/2422 2433/14068/2433 2430/14069/2430
vt 0.2146170 0.8331950
vt 0.2144030 0.8350290
vt 0.2122720 0.8350110
f 2384/14070/2384 2429/14071/2429 2427/14072/2427
vt 0.9112420 0.4410090
vt 0.9126700 0.4474050
vt 0.9087750 0.4454640
f 2396/14073/2396 2449/14074/2449 2440/14075/2440
vt 0.1563280 0.5637220
vt 0.1596910 0.5623640
vt 0.1574210 0.5656290
f 2412/14076/2412 2445/14077/2445 2436/14078/2436
vt 0.2567800 0.1882860
vt 0.2555310 0.1861000
vt 0.2563010 0.1871240
f 2422/14079/2422 2427/14080/2427 2433/14081/2433
vt 0.2667660 0.8301960
vt 0.2669040 0.8294460
vt 0.2673140 0.8297860
f 2438/14082/2438 2455/14083/2455 2442/14084/2442
vt 0.8302250 0.1812270
vt 0.8317250 0.1781710
vt 0.8312770 0.1825900
f 2422/14085/2422 2445/14086/2445 2412/14087/2412
vt 0.2081730 0.8594930
vt 0.2056210 0.8559630
vt 0.2085560 0.8554670
f 2432/14088/2432 2431/14089/2431 2429/14090/2429
vt 0.5679880 0.3585100
vt 0.5673440 0.3572970
vt 0.5690090 0.3583370
f 2437/14091/2437 2419/14092/2419 2441/14093/2441
vt 0.4444230 0.3549280
vt 0.4479670 0.3526140
vt 0.4483690 0.3584600
f 2436/14094/2436 2450/14095/2450 2371/14096/2371
vt 0.2026530 0.8436710
vt 0.2071090 0.8438200
vt 0.2042650 0.8464850
f 2427/14097/2427 2429/14098/2429 2431/14099/2431
vt 0.5773870 0.3236040
vt 0.5771560 0.3253240
vt 0.5768850 0.3246230
f 2435/14100/2435 2461/14101/2461 2406/14102/2406
vt 0.9309860 0.4399290
vt 0.9311490 0.4432060
vt 0.9284810 0.4430100
f 2370/14103/2370 2454/14104/2454 2449/14105/2449
vt 0.1185470 0.9183230
vt 0.1192270 0.9198310
vt 0.1170950 0.9195510
f 2366/14106/2366 2405/14107/2405 2448/14108/2448
vt 0.8298820 0.1667180
vt 0.8324330 0.1653020
vt 0.8323970 0.1683560
f 2422/14109/2422 2430/14110/2430 2445/14111/2445
vt 0.5746610 0.3253190
vt 0.5749070 0.3274390
vt 0.5711530 0.3267650
f 2406/14112/2406 2461/14113/2461 2376/14114/2376
vt 0.8996810 0.4538840
vt 0.9017530 0.4526570
vt 0.9022700 0.4542790
f 2430/14115/2430 2415/14116/2415 2440/14117/2440
vt 0.1083370 0.9145900
vt 0.1065200 0.9156050
vt 0.1053890 0.9126300
f 2439/14118/2439 2444/14119/2444 2434/14120/2434
vt 0.5637030 0.3473010
vt 0.5619310 0.3431070
vt 0.5677230 0.3441210
f 2419/14121/2419 2411/14122/2411 2459/14123/2459
vt 0.5720370 0.3601530
vt 0.5738050 0.3601320
vt 0.5753510 0.3630820
f 2437/14124/2437 2441/14125/2441 2456/14126/2456
vt 0.1045430 0.9161740
vt 0.1036250 0.9139280
f 2434/14120/2434 2444/14127/2444 2443/14128/2443
vt 0.1556970 0.0746080
vt 0.1547890 0.0708420
vt 0.1590220 0.0733250
f 2438/14129/2438 2451/14130/2451 2455/14131/2455
vt 0.4649510 0.3767390
vt 0.4668990 0.3714790
vt 0.4686630 0.3769750
f 2451/14132/2451 2371/14133/2371 2473/14134/2473
vt 0.8968930 0.9515450
vt 0.8959420 0.9503720
vt 0.8968530 0.9491040
f 2424/14135/2424 2457/14136/2457 2426/14137/2426
vt 0.1679260 0.0001170
vt 0.1704860 0.0045480
vt 0.1649140 0.0024450
f 2440/14138/2440 2446/14139/2446 2430/14140/2430
vt 0.5650970 0.3402740
f 2411/14122/2411 2452/14141/2452 2459/14123/2459
vt 0.2772670 0.8280360
vt 0.2772770 0.8247320
vt 0.2800630 0.8265600
f 2435/14142/2435 2442/14143/2442 2471/14144/2471
vt 0.1644430 0.5595440
vt 0.1663430 0.5589380
vt 0.1653650 0.5623970
f 2445/14145/2445 2450/14146/2450 2436/14147/2436
vt 0.1125470 0.9197700
vt 0.1116040 0.9226860
vt 0.1094810 0.9187340
f 2439/14148/2439 2464/14149/2464 2444/14150/2444
vt 0.1140210 0.9223040
f 2439/14148/2439 2448/14151/2448 2464/14149/2464
vt 0.5813870 0.3715320
vt 0.5835950 0.3689580
vt 0.5840670 0.3711570
f 2403/14152/2403 2456/14153/2456 2405/14154/2405
vt 0.1184870 0.9235490
vt 0.1200120 0.9236060
vt 0.1194070 0.9247750
f 2448/14155/2448 2405/14156/2405 2447/14157/2447
vt 0.8877380 0.9532700
vt 0.8883610 0.9494090
vt 0.8906700 0.9498620
f 2379/14158/2379 2443/14159/2443 2457/14160/2457
vt 0.5751030 0.3550100
vt 0.5772320 0.3541390
vt 0.5767880 0.3559600
f 2419/14161/2419 2459/14162/2459 2441/14163/2441
vt 0.8951950 0.9485010
vt 0.8944080 0.9470360
vt 0.8956860 0.9467690
f 2426/14164/2426 2457/14165/2457 2453/14166/2453
vt 0.9127920 0.4522570
vt 0.9154350 0.4528260
vt 0.9154990 0.4549810
f 2440/14167/2440 2449/14168/2449 2446/14169/2446
vt 0.8976260 0.9456100
vt 0.8969150 0.9447460
vt 0.8981480 0.9432250
f 2426/14170/2426 2453/14171/2453 2454/14172/2454
vt 0.5721180 0.3312370
vt 0.5745200 0.3309790
vt 0.5730910 0.3326820
f 2376/14173/2376 2461/14174/2461 2452/14175/2452
vt 0.1222340 0.9296030
vt 0.1223750 0.9306760
vt 0.1208210 0.9305130
f 2405/14176/2405 2456/14177/2456 2447/14178/2447
vt 0.5809600 0.3574770
vt 0.5818990 0.3588740
vt 0.5806770 0.3587970
f 2441/14179/2441 2465/14180/2465 2456/14181/2456
vt 0.8943820 0.9428530
vt 0.8941740 0.9425160
vt 0.8948530 0.9422160
f 2453/14182/2453 2458/14183/2458 2463/14184/2463
vt 0.1542080 0.0088780
vt 0.1596650 0.0126860
vt 0.1557780 0.0141460
f 2430/14185/2430 2446/14186/2446 2445/14187/2445
vt 0.1148870 0.9243080
vt 0.1145790 0.9271850
vt 0.1130110 0.9243200
f 2448/14188/2448 2447/14189/2447 2464/14190/2464
vt 0.9189220 0.4540580
vt 0.9217390 0.4533170
vt 0.9212660 0.4566120
f 2449/14191/2449 2478/14192/2478 2446/14193/2446
vt 0.5809300 0.3547040
vt 0.5815300 0.3527680
vt 0.5816310 0.3540260
f 2441/14194/2441 2462/14195/2462 2465/14196/2465
vt 0.8847050 0.9470700
vt 0.8832470 0.9444930
vt 0.8868070 0.9456830
f 2443/14197/2443 2444/14198/2444 2457/14199/2457
vt 0.5826940 0.3598450
vt 0.5816560 0.3598570
f 2465/14180/2465 2447/14200/2447 2456/14201/2456
vt 0.8926190 0.9457690
vt 0.8912380 0.9464320
vt 0.8900480 0.9444280
f 2453/14202/2453 2457/14203/2457 2458/14204/2458
vt 0.8966090 0.9436360
vt 0.8972300 0.9428660
f 2453/14205/2453 2463/14206/2463 2454/14172/2454
vt 0.8861450 0.9426720
vt 0.8869950 0.9415750
vt 0.8886180 0.9435070
f 2444/14207/2444 2458/14208/2458 2457/14209/2457
vt 0.5815480 0.3275800
vt 0.5835020 0.3286570
vt 0.5817580 0.3309690
f 2435/14210/2435 2471/14211/2471 2461/14212/2461
vt 0.1637210 0.0693490
vt 0.1622170 0.0688290
vt 0.1639660 0.0682540
f 2455/14213/2455 2451/14214/2451 2460/14215/2460
vt 0.5803210 0.3545990
vt 0.5805890 0.3530980
f 2441/14216/2441 2459/14217/2459 2462/14195/2462
vt 0.7005260 0.9081760
vt 0.6997940 0.9091440
vt 0.6993770 0.9075400
f 2455/14218/2455 2460/14219/2460 2442/14220/2442
vt 0.8843680 0.9402850
vt 0.8825900 0.9407990
vt 0.8833320 0.9393460
f 2458/14221/2458 2444/14222/2444 2472/14223/2472
vt 0.5794230 0.3376210
vt 0.5782920 0.3390900
vt 0.5773980 0.3377470
f 2462/14224/2462 2459/14225/2459 2461/14226/2461
vt 0.4651710 0.3642800
vt 0.4653330 0.3622200
vt 0.4675930 0.3627120
f 2371/14227/2371 2450/14228/2450 2473/14229/2473
vt 0.8804290 0.9406210
vt 0.8807400 0.9376910
f 2444/14230/2444 2464/14231/2464 2472/14223/2472
vt 0.1594360 0.0657540
vt 0.1551560 0.0648960
vt 0.1587100 0.0638910
f 2460/14232/2460 2451/14233/2451 2473/14234/2473
vt 0.5758400 0.3376460
vt 0.5757920 0.3389970
vt 0.5745550 0.3379990
f 2461/14235/2461 2459/14236/2459 2452/14237/2452
vt 0.6985430 0.9090650
vt 0.6974360 0.9088080
vt 0.6982410 0.9081850
f 2460/14238/2460 2475/14239/2475 2442/14240/2442
vt 0.9341490 0.4509760
vt 0.9351140 0.4509540
vt 0.9351660 0.4519660
f 2449/14241/2449 2454/14242/2454 2478/14243/2478
vt 0.8866830 0.9377480
vt 0.8864120 0.9368040
vt 0.8881130 0.9360920
f 2458/14244/2458 2472/14245/2472 2463/14246/2463
vt 0.8896660 0.9342310
vt 0.8892080 0.9346710
vt 0.8877290 0.9339790
f 2468/14247/2468 2463/14248/2463 2472/14249/2472
vt 0.1499560 0.0218660
vt 0.1546550 0.0243430
vt 0.1518440 0.0263530
f 2445/14250/2445 2446/14251/2446 2450/14252/2450
vt 0.1189660 0.9397370
vt 0.1170720 0.9405450
vt 0.1174510 0.9395830
f 2465/14253/2465 2470/14254/2470 2447/14255/2447
vt 0.9025210 0.9400570
vt 0.9000520 0.9371990
vt 0.9021770 0.9376700
f 2454/14256/2454 2463/14257/2463 2478/14258/2478
vt 0.1170270 0.9363090
vt 0.1149680 0.9387250
vt 0.1138530 0.9370670
f 2447/14259/2447 2470/14260/2470 2464/14261/2464
vt 0.9223430 0.4662520
vt 0.9248330 0.4594470
vt 0.9293830 0.4665460
f 2466/14262/2466 2446/14263/2446 2478/14264/2478
vt 0.1171450 0.9483050
vt 0.1155960 0.9487340
vt 0.1149010 0.9474940
f 2462/14265/2462 2474/14266/2474 2465/14267/2465
vt 0.8937280 0.9325530
vt 0.8957720 0.9282530
vt 0.8968990 0.9319470
f 2468/14268/2468 2478/14269/2478 2463/14270/2463
vt 0.6704050 0.8783490
vt 0.6730040 0.8800500
vt 0.6700400 0.8824290
f 2462/14271/2462 2461/14272/2461 2474/14273/2474
vt 0.1544370 0.0315330
vt 0.1602170 0.0329650
vt 0.1571970 0.0383880
f 2446/14274/2446 2466/14275/2466 2450/14276/2450
vt 0.6949660 0.9026860
vt 0.6940110 0.9046050
vt 0.6929360 0.9036490
f 2442/14277/2442 2475/14278/2475 2471/14279/2471
vt 0.8864820 0.9289060
vt 0.8857610 0.9280660
vt 0.8855840 0.9265770
f 2468/14280/2468 2472/14281/2472 2477/14282/2477
vt 0.1122840 0.9459920
vt 0.1112910 0.9463340
vt 0.1110960 0.9446400
f 2465/14283/2465 2469/14284/2469 2470/14285/2470
vt 0.6843900 0.9131020
vt 0.6873980 0.9134960
vt 0.6866520 0.9173400
f 2467/14286/2467 2460/14287/2460 2473/14288/2473
vt 0.6755490 0.8825820
vt 0.6719580 0.8829500
f 2461/14272/2461 2471/14289/2471 2474/14290/2474
vt 0.6857620 0.9121930
vt 0.6834060 0.9113820
vt 0.6873850 0.9097160
f 2460/14291/2460 2467/14292/2467 2475/14293/2475
vt 0.1112760 0.9482500
vt 0.1112000 0.9492500
vt 0.1107640 0.9491220
f 2465/14294/2465 2474/14295/2474 2469/14296/2469
vt 0.8783970 0.9297840
vt 0.8758150 0.9263420
vt 0.8794880 0.9258780
f 2464/14297/2464 2470/14298/2470 2472/14299/2472
vt 0.8942180 0.9256280
vt 0.8976730 0.9258310
f 2478/14269/2478 2468/14300/2468 2466/14301/2466
vt 0.6758740 0.9118270
vt 0.6741970 0.9110480
vt 0.6764810 0.9101160
f 2467/14302/2467 2476/14303/2476 2475/14304/2475
vt 0.1530380 0.0501840
vt 0.1599670 0.0511430
vt 0.1564250 0.0538740
f 2450/14305/2450 2466/14306/2466 2473/14307/2473
vt 0.6680470 0.9114470
vt 0.6674060 0.9095230
vt 0.6688060 0.9090960
f 2467/14308/2467 2477/14309/2477 2476/14310/2476
vt 0.6665490 0.9162450
vt 0.6674560 0.9150740
vt 0.6676750 0.9172180
f 2468/14311/2468 2467/14312/2467 2466/14313/2466
vt 0.6684570 0.8990830
vt 0.6688810 0.8982690
vt 0.6693720 0.9006560
f 2469/14314/2469 2474/14315/2474 2476/14316/2476
vt 0.6669020 0.9127650
vt 0.6648620 0.9133990
vt 0.6657760 0.9108030
f 2467/14317/2467 2468/14318/2468 2477/14319/2477
vt 0.6680020 0.9024480
vt 0.6667760 0.9035000
vt 0.6665390 0.9021800
f 2469/14320/2469 2476/14321/2476 2470/14322/2470
vt 0.6737160 0.8932360
vt 0.6733780 0.8980760
vt 0.6694550 0.8957980
f 2471/14323/2471 2475/14324/2475 2474/14325/2474
vt 0.6706760 0.8991210
f 2475/14324/2475 2476/14326/2476 2474/14325/2474
vt 0.8825890 0.9243180
vt 0.8798010 0.9208750
vt 0.8834220 0.9198060
f 2472/14327/2472 2470/14328/2470 2477/14329/2477
vt 0.6665500 0.9062740
vt 0.6656080 0.9066770
vt 0.6648900 0.9055850
f 2476/14330/2476 2477/14331/2477 2470/14332/2470
vt 0.1731400 0.0516130
vt 0.1723310 0.0496980
vt 0.1733450 0.0492530
f 2467/14333/2467 2473/14334/2473 2466/14335/2466
# 5000 faces, 14335 coords texture

# End of File
