<?xml version="1.0" encoding="utf-8"?>
<COLLADA xmlns="http://www.collada.org/2005/11/COLLADASchema" version="1.4.1">
  <asset>
    <contributor>
      <author>Mixamo</author>
      <authoring_tool>COLLADA Mixamo exporter</authoring_tool>
      <comments/>
    </contributor>
    <created>2026-07-14T03:25:39Z</created>
    <modified>2026-07-14T03:25:39Z</modified>
    <revision/>
    <title/>
    <unit meter="0.010000"/>
    <up_axis>Y_UP</up_axis>
  </asset>
  <library_images>
    <image id="base_color_texture-image" name="base_color_texture">
      <init_from>textures/Baked_BaseColor.png</init_from>
    </image>
    <image id="emission_color_texture-image" name="emission_color_texture">
      <init_from>textures/Baked_Emit.png</init_from>
    </image>
  </library_images>
  <library_materials>
    <material id="Material.001" name="Material.001">
      <instance_effect url="#Material.001-fx"/>
    </material>
  </library_materials>
  <library_effects>
    <effect id="Material.001-fx" name="Material.001">
      <profile_COMMON>
        <newparam sid="base_color_texture-surface">
          <surface type="2D">
            <init_from>base_color_texture-image</init_from>
          </surface>
        </newparam>
        <newparam sid="base_color_texture-sampler">
          <sampler2D>
            <source>base_color_texture-surface</source>
            <minfilter>LINEAR</minfilter>
            <magfilter>LINEAR</magfilter>
          </sampler2D>
        </newparam>
        <newparam sid="emission_color_texture-surface">
          <surface type="2D">
            <init_from>emission_color_texture-image</init_from>
          </surface>
        </newparam>
        <newparam sid="emission_color_texture-sampler">
          <sampler2D>
            <source>emission_color_texture-surface</source>
            <minfilter>LINEAR</minfilter>
            <magfilter>LINEAR</magfilter>
          </sampler2D>
        </newparam>
        <technique sid="standard">
          <phong>
            <emission>
              <texture texture="emission_color_texture-sampler" texcoord="CHANNEL0">
                <extra>
                  <technique profile="MAYA">
                    <wrapU sid="wrapU0">TRUE</wrapU>
                    <wrapV sid="wrapV0">TRUE</wrapV>
                    <blend_mode>ADD</blend_mode>
                  </technique>
                </extra>
                <extra type="texture_offset">
                  <technique profile="ADOBE">
                    <offsets>
                      <offsetu>0.000000</offsetu>
                      <offsetu>0.000000</offsetu>
                      <offsetv>0.000000</offsetv>
                      <scaleu>1.000000</scaleu>
                      <scalev>1.000000</scalev>
                      <angle>0.000000</angle>
                    </offsets>
                  </technique>
                </extra>
              </texture>
            </emission>
            <ambient>
              <color sid="ambient">0.000000  0.000000 0.000000 1.000000</color>
            </ambient>
            <diffuse>
              <texture texture="base_color_texture-sampler" texcoord="CHANNEL0">
                <extra>
                  <technique profile="MAYA">
                    <wrapU sid="wrapU0">TRUE</wrapU>
                    <wrapV sid="wrapV0">TRUE</wrapV>
                    <blend_mode>ADD</blend_mode>
                  </technique>
                </extra>
                <extra type="texture_offset">
                  <technique profile="ADOBE">
                    <offsets>
                      <offsetu>0.000000</offsetu>
                      <offsetu>0.000000</offsetu>
                      <offsetv>0.000000</offsetv>
                      <scaleu>1.000000</scaleu>
                      <scalev>1.000000</scalev>
                      <angle>0.000000</angle>
                    </offsets>
                  </technique>
                </extra>
              </texture>
            </diffuse>
            <specular>
              <color sid="specular">0.200000  0.200000 0.200000 1.000000</color>
            </specular>
            <shininess>
              <float sid="shininess">25.000000</float>
            </shininess>
            <reflective>
              <color sid="reflective">0.800000  0.800000 0.800000 1.000000</color>
            </reflective>
            <reflectivity>
              <float sid="reflectivity">0.000000</float>
            </reflectivity>
            <transparent opaque="RGB_ZERO">
              <color>0.000000 0.000000 0.000000 1.0</color>
            </transparent>
            <transparency>
              <float sid="transparency">0.000000</float>
            </transparency>
          </phong>
        </technique>
      </profile_COMMON>
    </effect>
  </library_effects>
  <library_geometries>
    <geometry id="Mesh1.0-lib" name="Mesh1.0Mesh">
      <mesh>
        <source id="Mesh1.0-lib-Position" name="position">
          <float_array id="Mesh1.0-lib-Position-array" count="8859"> -0.283349 0.262657 -0.926861 -0.283431 0.251458 -0.943909 -0.404080 0.237588 -0.926684 0.224281 0.195576 0.379547 0.084744 0.260965 0.506943 0.217420 0.253864 0.515565 0.080075 0.215896 0.646672 -0.222359 0.252950 0.518343 -0.184232 0.213780 0.643190 -0.086615 0.261431 0.507002 -0.396594 0.228257 -0.943691 0.281098 0.262531 -0.927067 0.401957 0.237627 -0.926797 0.277952 0.251394 -0.943932 -0.078310 0.215950 0.646461 0.012046 0.203775 0.636164 -0.174561 0.224971 -0.944915 0.088129 0.227418 0.385751 -0.233505 0.217805 0.444721 -0.249957 0.197336 0.631397 0.165275 0.231274 -0.927347 0.277825 0.225067 -0.814726 0.395165 0.225183 -0.945076 0.172469 0.225106 -0.945265 -0.167274 0.231274 -0.927236 -0.395913 0.205714 -0.818531 0.011540 0.232013 0.502504 0.169019 0.198611 -0.815012 0.011686 0.200983 0.390548 0.230400 0.222806 0.456289 0.393469 0.208075 -0.822007 -0.279716 0.223185 -0.812124 -0.171472 0.200049 -0.815549 -0.264634 0.196877 0.553659 0.193040 0.211745 0.642744 0.429431 0.155133 -0.945624 0.507100 0.201488 0.278702 0.569647 0.219600 0.280101 0.511606 0.223900 0.260585 -0.090154 0.226533 0.385955 -0.013693 0.204017 0.636065 -0.013422 0.232260 0.499073 0.475941 0.196164 0.140585 0.554049 0.211023 0.159785 0.631324 0.208700 0.198405 -0.633266 0.208541 0.198279 -0.574878 0.219207 0.280287 -0.513389 0.223692 0.260620 -0.013621 0.201111 0.390376 -0.007285 0.216266 0.499112 -0.006232 0.204064 0.557505 0.264182 0.196817 0.545845 0.248170 0.197231 0.631365 0.277814 0.173374 -0.777222 -0.552379 0.211844 0.163930 -0.479272 0.196010 0.137090 -0.448534 0.207255 0.233464 0.446070 0.206931 0.233531 -0.510044 0.201706 0.278992 -0.550081 0.201197 0.289760 0.034586 0.201051 0.375586 -0.227072 0.196588 0.381627 0.005079 0.204069 0.456262 -0.004684 0.195550 0.428652 0.005445 0.216165 0.499053 -0.515062 0.196019 0.582368 -0.444980 0.210962 0.651980 -0.398995 0.211650 0.547186 0.651718 0.188637 0.217079 -0.491000 0.197476 0.268230 -0.602343 0.192636 0.298449 0.092124 0.196653 0.341715 -0.090643 0.196661 0.342622 -0.311781 0.199317 0.621214 0.403746 0.212879 0.550659 0.307536 0.199198 0.621654 0.446113 0.210379 0.651793 0.176342 0.042978 -0.947749 0.603510 0.189204 0.299367 0.547193 0.198199 0.290508 0.469510 0.188820 0.500850 0.515808 0.193858 0.582130 -0.303226 0.188243 0.690899 0.388469 0.201207 0.683637 -0.700506 0.164038 0.045312 -0.068046 0.198377 0.274741 -0.002625 0.202698 0.362471 0.063388 0.198243 0.270737 0.079110 0.204339 0.317135 -0.081232 0.204476 0.316969 0.075647 0.184578 0.337696 0.143317 0.165851 0.324912 0.287477 0.172957 0.471842 -0.292718 0.166161 0.467990 0.014323 0.137533 0.702009 0.387236 0.179345 0.737433 -0.378956 0.177352 0.741217 -0.444967 0.155061 -0.930528 0.443154 0.152010 -0.927518 -0.434377 0.147465 -0.834257 -0.655873 0.185521 0.217049 0.063478 0.185047 0.348981 -0.064774 0.192117 0.341858 -0.034669 0.185828 0.368670 0.058258 0.188614 0.357162 -0.014425 0.188010 0.375750 -0.003459 0.187296 0.390528 0.008257 0.188911 0.390000 -0.471262 0.188993 0.500889 -0.004251 0.186556 0.631556 -0.298775 0.189139 0.637965 -0.474107 0.173108 0.679377 0.295682 0.188245 0.645003 -0.135635 0.135698 -0.931077 -0.279870 0.173441 -0.777239 -0.726484 0.142336 0.056320 0.000844 0.172832 0.196172 0.477295 0.180139 0.264836 -0.077967 0.183919 0.281521 0.519337 0.180980 0.282420 -0.498218 0.181980 0.274984 0.078490 0.183605 0.290235 -0.085302 0.188298 0.309008 -0.088870 0.187704 0.254630 -0.104558 0.198629 0.303432 0.086695 0.182955 0.316788 0.102019 0.198369 0.303504 -0.074828 0.184438 0.341464 -0.072227 0.188475 0.347945 -0.063199 0.185985 0.353731 -0.055808 0.193997 0.362478 -0.045694 0.186481 0.360029 0.049622 0.186895 0.361066 0.032658 0.185785 0.368626 -0.040605 0.193874 0.371590 -0.026696 0.188541 0.377203 0.025589 0.188495 0.377425 -0.375421 0.183588 0.465645 -0.238687 0.134217 0.666683 -0.164416 0.103436 0.729575 0.299952 0.188044 0.690468 -0.463336 0.173366 0.714142 0.354288 0.180845 0.725145 -0.144121 0.132304 -0.833876 0.624556 0.168276 0.014266 0.442205 0.142764 0.140681 0.070647 0.175946 0.255407 -0.187102 0.138616 0.280386 -0.080700 0.183590 0.337901 0.079168 0.183878 0.340641 0.110309 0.173044 0.330953 -0.077414 0.189794 0.346775 0.072600 0.183740 0.344576 -0.054371 0.185567 0.356759 0.024379 0.186231 0.372943 0.373345 0.181281 0.463942 0.461350 0.169364 0.717694 0.482807 0.161425 0.675073 -0.293613 0.187335 0.672278 0.291549 0.187261 0.672508 0.378762 0.146992 -0.786602 -0.424465 0.158342 0.237517 0.422865 0.159255 0.237545 -0.073877 0.175623 0.255509 -0.480560 0.181471 0.263782 0.555285 0.175574 0.294506 -0.552186 0.177046 0.292284 0.106293 0.173327 0.324198 -0.089514 0.185238 0.339178 -0.090518 0.184274 0.337961 -0.530783 0.183508 0.357379 -0.395367 0.177350 0.426266 -0.437870 0.186243 0.326110 0.316959 0.172779 0.535998 -0.310241 0.169464 0.544150 -0.530653 0.102994 0.678808 -0.013692 0.111653 0.721502 -0.553420 0.146511 -0.008429 -0.626663 0.166505 0.010929 0.551733 0.149007 -0.006449 0.054864 0.158531 0.172692 0.076438 0.148966 0.170691 -0.474573 0.179574 0.273562 -0.613519 0.149441 0.317433 -0.487629 0.173015 0.457895 0.396726 0.177934 0.423082 0.528789 0.183441 0.357467 0.435811 0.186179 0.325952 -0.261058 0.142138 0.373797 0.557360 0.119336 0.574144 0.263360 0.147038 0.627542 0.002588 0.180610 0.638699 -0.074074 0.103406 0.732205 0.142034 0.132312 -0.833764 -0.381187 0.150353 -0.787710 0.698548 0.164036 0.045409 0.054724 0.160372 0.053413 -0.057171 0.161590 0.057557 0.055976 0.180540 0.138794 -0.050075 0.160447 0.172855 -0.068877 0.168034 0.226540 0.066493 0.164292 0.221065 -0.543834 0.172276 0.312117 -0.465082 0.160827 0.306910 0.472434 0.178698 0.284753 0.521352 0.164192 0.333336 0.486620 0.165027 0.317665 0.461049 0.164382 0.307470 -0.096690 0.177269 0.329150 -0.109838 0.172554 0.331734 0.486028 0.172008 0.457493 -0.277675 0.148042 0.565868 0.303599 0.163662 0.555005 0.280094 0.154370 0.683527 -0.146854 0.139917 -0.948198 0.432347 0.147505 -0.834142 0.229665 0.145379 -0.781682 -0.381152 0.134208 -0.775047 -0.376889 0.165000 -0.701405 -0.280593 0.184802 -0.701923 0.266266 0.157130 -0.659478 0.278483 0.183833 -0.705510 0.265833 0.167127 -0.705802 -0.061237 0.179607 0.140925 -0.056409 0.150067 0.164103 -0.444056 0.142902 0.140717 -0.460320 0.161524 0.255849 -0.131775 0.156863 0.322299 0.452888 0.152543 0.299216 0.442317 0.138169 0.290198 0.361398 0.143027 0.415582 -0.404448 0.153622 0.454469 0.396886 0.153395 0.451296 -0.532285 0.122514 0.512525 0.235817 0.130106 0.669953 0.375879 0.095104 0.801925 -0.227367 0.150163 -0.782855 -0.284776 0.161249 -0.759650 0.374584 0.165516 -0.698436 0.283107 0.160981 -0.760381 0.263310 0.153748 -0.740609 0.251053 0.178807 -0.710121 -0.267817 0.166772 -0.705726 -0.263419 0.155821 -0.663879 -0.254416 0.178099 -0.713278 -0.103940 0.150128 0.141811 0.062759 0.144971 0.167830 0.611314 0.154519 0.314296 -0.571628 0.157789 0.302366 -0.512636 0.162322 0.325146 -0.531387 0.157078 0.334308 0.557477 0.150934 0.372277 0.280702 0.158306 0.549790 0.134037 0.135628 -0.934108 0.175839 0.160701 -0.725768 0.189046 0.141446 -0.786471 0.269438 0.144511 -0.755839 -0.265760 0.160444 -0.720743 -0.244573 0.148887 -0.580434 -0.268454 0.157214 -0.659440 0.724673 0.142337 0.056107 -0.080448 0.160474 0.191789 -0.064386 0.154854 0.192218 -0.165865 0.130211 0.208475 -0.451456 0.141435 0.293552 0.407243 0.150505 0.307854 -0.578935 0.141675 0.313938 0.125113 0.160104 0.320883 -0.559478 0.150696 0.372276 -0.391692 0.153503 0.450722 0.414983 0.152153 0.460986 -0.429421 0.152353 0.462379 -0.348354 0.107253 0.449014 0.449207 0.151870 0.471156 -0.451080 0.151914 0.471104 -0.474746 0.145820 0.479892 0.469152 0.149263 0.478490 -0.264949 0.146919 0.624234 0.528182 0.099182 0.682253 -0.190757 0.141164 -0.786242 -0.291440 0.147677 -0.778415 0.218538 0.148150 -0.776717 0.256427 0.154950 -0.762401 -0.258418 0.157643 -0.760147 -0.178479 0.160730 -0.725435 -0.272344 0.152673 -0.736754 0.261534 0.157403 -0.667731 0.243649 0.148605 -0.581264 0.265611 0.156490 -0.583945 0.632029 0.149808 -0.009310 -0.408922 0.150618 0.307547 0.575291 0.141701 0.310084 -0.576759 0.118540 0.331159 -0.364237 0.145983 0.415762 0.432607 0.153809 0.462666 0.515495 0.139109 0.467702 0.490824 0.128496 0.482747 0.166062 0.106588 0.727405 -0.279887 0.146167 0.687444 0.378867 0.134381 -0.775322 -0.178164 0.143589 -0.607912 -0.266998 0.151787 -0.623370 -0.680968 0.140248 0.002323 -0.037211 0.136607 -0.017026 -0.077031 0.139165 0.162501 0.051798 0.148202 0.163127 0.098814 0.129150 0.161568 -0.120052 0.133180 0.165102 0.163828 0.130110 0.208475 0.135809 0.156984 0.323966 0.138183 0.157877 0.323364 0.147100 0.148790 0.319753 0.197107 0.138106 0.311151 -0.540879 0.145581 0.337277 0.261577 0.138478 0.374430 -0.517963 0.141795 0.467142 -0.288056 0.140478 0.529256 0.304893 0.151146 0.575110 0.300290 0.138552 0.626590 0.002018 0.099864 0.711127 0.289498 0.147472 -0.778468 0.323671 0.147196 -0.781005 -0.223305 0.147885 -0.777536 0.287178 0.150102 -0.767765 -0.258542 0.148419 -0.627271 0.255632 0.150694 -0.631963 0.263502 0.149028 -0.631398 -0.254819 0.149138 -0.512383 -0.681371 0.153352 -0.033658 -0.674221 0.153717 -0.020079 -0.591430 0.137885 -0.061083 -0.747026 0.113632 -0.004178 -0.630162 0.146875 -0.012187 -0.696703 0.148902 0.017475 -0.092644 0.132357 0.058420 -0.104630 0.146654 0.135344 -0.069796 0.144453 0.167236 -0.664870 0.122376 0.252522 -0.412594 0.084959 0.257048 0.573264 0.125637 0.328401 0.546694 0.136881 0.340531 0.375459 0.129876 0.444554 -0.400023 0.100746 -0.801264 -0.264651 0.130438 -0.783327 0.252541 0.130230 -0.782802 -0.288932 0.149342 -0.768623 0.234406 0.140557 -0.777946 -0.270578 0.142376 -0.759196 0.168829 0.126735 -0.462393 -0.262259 0.142941 -0.590984 0.258003 0.140507 -0.600098 0.600079 0.133342 -0.027117 0.697170 0.145731 0.015709 0.031182 0.140022 -0.013141 0.519543 0.111640 -0.004493 0.106419 0.142218 0.130862 0.101369 0.149691 0.142771 -0.199152 0.138245 0.311590 0.345178 0.107261 0.449799 0.530300 0.122715 0.512577 0.322663 0.115437 0.523754 -0.308804 0.137774 0.564971 -0.305343 0.145931 0.574727 0.304619 0.141936 0.609140 -0.003836 0.100018 0.711272 0.023222 0.106131 0.727709 -0.419937 0.070333 -0.945863 -0.219621 0.142039 -0.781389 0.221065 0.140070 -0.781511 -0.323039 0.138487 -0.781203 -0.254603 0.124874 -0.777784 -0.349896 0.130533 -0.781466 0.312084 0.146549 -0.774863 0.320899 0.135956 -0.777401 -0.288786 0.139336 -0.772175 -0.259546 0.139906 -0.600729 -0.251557 0.135087 -0.547694 -0.225935 0.135923 -0.462763 -0.329529 0.127587 -0.430873 0.327591 0.126154 -0.427674 -0.608971 0.137655 -0.022037 0.588942 0.137997 -0.061202 0.672077 0.152192 -0.017104 0.679276 0.153393 -0.033603 -0.595172 0.134690 -0.024318 0.573717 0.129246 -0.030894 0.592988 0.135021 -0.024049 -0.639067 0.141810 -0.012411 0.725568 0.131095 0.026573 -0.728149 0.130742 0.026715 -0.523046 0.114769 -0.004298 0.428920 0.126184 0.256475 0.176541 0.129635 0.306172 0.181973 0.130629 0.311612 -0.181503 0.133825 0.312640 -0.373507 0.130612 0.437733 -0.275306 0.143543 0.549551 0.279843 0.147259 0.566059 0.285264 0.130848 0.530553 0.532763 0.092543 0.675354 0.266235 0.142191 0.602468 -0.265195 0.143190 0.599872 -0.302636 0.138502 0.625697 -0.294378 0.125496 0.632940 -0.341560 0.137436 -0.782147 -0.375809 0.133398 -0.785557 -0.310349 0.145229 -0.779992 -0.321785 0.149882 -0.777750 0.351898 0.143013 -0.783610 0.277994 0.134415 -0.778442 0.286797 0.139071 -0.774385 0.265633 0.133208 -0.769321 -0.183583 0.124037 -0.794368 -0.403617 0.141691 -0.698434 0.401143 0.141799 -0.698463 0.357677 0.102585 -0.423752 0.254188 0.137322 -0.576118 -0.170717 0.126403 -0.462596 0.250786 0.136126 -0.543574 0.221513 0.137789 -0.462716 0.244263 0.144267 -0.454596 -0.246373 0.143616 -0.454634 -0.612467 0.125315 -0.099135 0.617534 0.136134 -0.023815 -0.624785 0.137066 -0.023730 -0.622633 0.139929 -0.016027 -0.576523 0.133818 -0.028037 0.639171 0.140368 -0.019523 -0.670588 0.141006 -0.007825 0.633465 0.140932 -0.013396 0.613476 0.139006 -0.016646 0.672849 0.141369 -0.009148 0.697055 0.125817 0.013222 0.686560 0.138570 0.011319 -0.689558 0.139342 0.011576 0.090582 0.134046 0.061690 -0.132236 0.140255 0.057543 0.129929 0.138143 0.054301 -0.108806 0.136976 0.140787 -0.117347 0.142884 0.138384 0.117954 0.133423 0.165601 0.183847 0.141107 0.277922 0.665357 0.122842 0.244980 -0.178522 0.129518 0.305774 -0.552748 0.125522 0.343862 0.293855 0.115520 0.507864 -0.278820 0.135712 0.537661 -0.264663 0.137633 0.618506 0.301616 0.145066 0.575433 0.262874 0.087823 0.673659 0.496373 0.091769 0.714212 0.478462 0.087560 0.761599 -0.299910 0.136373 -0.777964 0.299227 0.136516 -0.777646 0.339374 0.136850 -0.782281 -0.315115 0.139020 -0.773229 -0.280974 0.134812 -0.778409 -0.277802 0.141799 -0.778303 0.150168 0.122910 -0.732800 0.241801 0.133149 -0.517197 -0.244147 0.132089 -0.513361 0.237396 0.130282 -0.489634 -0.244785 0.131228 -0.496703 -0.236918 0.125537 -0.459188 -0.245558 0.121985 -0.425968 0.074824 0.105965 -0.062230 0.131844 0.141248 -0.019687 0.152116 0.127101 -0.168480 -0.049255 0.095071 -0.051338 0.097950 0.102829 0.012285 0.102605 0.129596 0.146693 -0.108368 0.124282 0.155202 -0.436300 0.122470 0.259448 0.550341 0.127184 0.348012 -0.317324 0.126806 0.544771 0.313916 0.120677 0.541112 -0.275137 0.098959 0.656206 0.260233 0.062205 0.749290 -0.255914 0.072794 0.682909 0.476840 0.084231 0.764380 0.375371 0.135315 -0.787218 -0.151455 0.122854 -0.729218 0.248581 0.135949 -0.516048 -0.154600 0.126510 -0.172505 -0.133543 0.141137 -0.019491 -0.076903 0.105947 -0.061994 0.610168 0.125193 -0.099161 -0.604574 0.127843 -0.027958 0.216498 0.120936 0.011434 -0.610845 0.125699 -0.024664 0.605325 0.131492 -0.016771 -0.127682 0.113674 0.006032 -0.700350 0.127533 0.019149 -0.095694 0.099985 0.006313 0.697338 0.128331 0.019395 -0.436563 0.119689 0.291122 -0.592706 0.122040 0.339800 -0.626037 0.118556 0.339167 0.593436 0.118645 0.341990 -0.559212 0.035174 0.375497 -0.488433 0.120087 0.483020 -0.559165 0.119353 0.574130 -0.261801 0.110556 0.647836 0.264153 0.117948 0.639230 -0.506076 0.091598 0.705309 -0.269024 0.094588 0.730089 -0.375120 0.095046 0.801861 -0.377854 0.128848 -0.780152 0.376159 0.129231 -0.780325 0.258092 0.125482 -0.777344 0.393483 0.107602 -0.783045 -0.359608 0.102512 -0.423565 0.233910 0.128133 -0.466610 0.722533 0.092989 -0.147145 0.603145 0.119760 -0.024849 -0.598687 0.125512 -0.016226 -0.709814 0.121189 0.010311 0.200084 0.107995 0.100013 0.111945 0.124987 0.158766 -0.129579 0.115925 0.162884 0.668659 0.098946 0.272143 -0.187750 0.111204 0.307768 0.553148 0.069461 0.351974 0.519364 0.030910 0.461072 -0.499190 0.123552 0.488543 -0.284658 0.126132 0.526105 -0.277805 0.109364 0.647729 -0.478741 0.087348 0.763738 0.170747 0.031827 -0.934405 0.414744 0.070186 -0.947087 -0.427542 0.066295 -0.934084 0.364940 0.126355 -0.785958 0.375633 0.127849 -0.789801 0.376407 0.115577 -0.789417 0.386599 0.110907 -0.794510 -0.367471 0.125563 -0.785996 -0.218991 0.114025 -0.436272 0.216843 0.110580 -0.433157 -0.261898 0.117373 -0.246821 -0.166042 0.129779 -0.262317 0.104551 0.082833 -0.187695 0.566182 0.060369 -0.043088 -0.218262 0.120651 0.011541 0.125562 0.113408 0.006578 0.700687 0.120881 0.017102 -0.724974 0.111525 0.031631 -0.729365 0.071624 0.083461 -0.208330 0.102687 0.096327 0.118806 0.124446 0.163860 0.623671 0.118911 0.339374 -0.521711 0.030861 0.461722 -0.296968 0.115524 0.505335 0.290022 0.122619 0.514640 -0.318268 0.107392 0.521985 0.286670 0.120359 0.636196 0.243451 0.095524 0.688597 -0.384575 0.123312 -0.790884 -0.376980 0.122733 -0.783888 -0.399778 0.094985 -0.787233 0.233019 0.102873 -0.435947 0.243403 0.121881 -0.426220 0.288333 0.100408 -0.402891 0.163452 0.130303 -0.259154 0.256464 0.119165 -0.246505 -0.110141 0.082937 -0.203742 -0.695126 0.085516 -0.161714 0.550480 0.092634 -0.026893 -0.766534 0.094693 -0.058559 0.598950 0.124396 -0.015042 -0.604089 0.119205 -0.015583 -0.124213 0.113796 0.021327 -0.182593 0.110316 0.165154 0.123365 0.115263 0.167370 -0.120793 0.118163 0.164826 -0.134311 0.106137 0.169770 0.430450 0.057444 0.167661 0.143816 0.103537 0.180191 0.427653 0.123596 0.296440 -0.324709 0.115742 0.523797 -0.137650 0.094651 -0.466078 -0.185229 0.102400 -0.426745 0.182773 0.099573 -0.425538 -0.310740 0.098744 -0.400503 -0.280599 0.107583 -0.409079 0.763799 0.094665 -0.055033 0.597253 0.087403 -0.014847 -0.605898 0.121322 -0.016461 0.705359 0.114620 0.024152 -0.187414 0.091316 0.054296 0.180616 0.110479 0.165408 0.137204 0.102820 0.174078 0.362575 0.091647 0.442904 -0.297164 0.113379 0.515584 0.317472 0.107862 0.521401 0.271603 0.095658 0.661111 0.174554 0.045479 -0.814063 0.177537 0.081933 -0.311130 0.130420 0.094572 -0.281393 -0.555914 0.096810 -0.027073 -0.604558 0.107192 -0.019825 0.596030 0.104377 -0.011775 0.744617 0.113440 -0.004330 -0.727409 0.107806 0.022245 -0.197073 0.087613 0.039412 -0.706672 0.114492 0.020494 0.122604 0.111267 0.019514 -0.144284 0.099097 0.173670 -0.673417 0.095723 0.268319 -0.373629 0.080959 0.436705 -0.367905 0.027131 0.403423 0.375486 0.076920 0.442463 0.374089 0.112856 0.439313 -0.371071 0.113458 0.444002 0.373150 0.109364 0.445629 0.271477 0.105777 0.650722 0.414578 0.063710 -0.818429 -0.384134 0.103500 -0.793252 -0.414948 0.049647 -0.795903 0.135521 0.094566 -0.466412 0.161285 0.083262 -0.428779 0.247672 0.086924 -0.425137 -0.174438 0.105701 -0.393334 -0.189867 0.108921 -0.404054 -0.228453 0.113095 -0.407587 -0.204532 0.083568 -0.299474 -0.295262 0.086487 -0.243051 -0.587557 0.093223 -0.005723 0.585653 0.093057 -0.005763 0.190697 0.091016 0.037136 0.724644 0.107429 0.022228 -0.711782 0.098038 0.035341 -0.432289 0.092461 0.266629 0.424354 0.085294 0.263359 0.190145 0.079124 0.299204 0.586605 0.076557 0.350181 -0.588594 0.076568 0.350279 -0.363472 0.091953 0.440300 0.296915 0.079791 0.498164 -0.269949 0.088130 0.664657 0.424854 0.064366 -0.930794 0.382683 0.103191 -0.793193 -0.236884 0.091268 -0.430331 0.319877 0.087374 -0.396756 0.283942 0.107946 -0.388827 0.283070 0.091068 -0.395340 0.230109 0.113428 -0.407838 0.172843 0.106082 -0.393475 0.172698 0.095554 -0.324179 0.191584 0.097280 -0.309438 0.296310 0.105379 -0.365767 -0.300907 0.103791 -0.362539 -0.286155 0.107940 -0.389091 -0.200724 0.097433 -0.308381 0.031615 0.117926 -0.027537 0.096959 0.074075 -0.028168 -0.713350 0.104418 0.017670 0.715859 0.095193 0.021465 -0.723817 0.093028 0.038248 0.726350 0.076316 0.079828 0.191680 0.087235 0.058560 0.148231 0.090290 0.177534 0.206485 0.021379 0.257956 0.228557 0.025395 0.291183 -0.553984 0.065697 0.349044 0.289177 0.037456 0.369904 -0.369821 0.105015 0.448969 0.252953 0.087239 0.676415 0.251704 0.056627 0.689118 -0.181126 0.045664 -0.949013 -0.172832 0.031842 -0.934258 0.411631 0.056198 -0.798650 0.275570 0.083469 -0.410092 -0.276617 0.092182 -0.411865 -0.179618 0.056112 -0.422195 0.186470 0.071982 -0.417522 -0.281345 0.092573 -0.400501 0.265252 0.094768 -0.297994 -0.270760 0.094214 -0.298329 -0.170993 0.094600 -0.327796 -0.132141 0.094535 -0.281538 -0.724754 0.093359 -0.147181 0.696196 0.086240 -0.160584 0.784053 0.059793 -0.129357 0.244549 0.090922 0.022432 0.293701 0.086418 -0.239688 -0.249763 0.086892 0.022953 -0.727803 0.076264 0.034603 0.709138 0.099512 0.033769 -0.158747 0.078694 0.186742 0.410727 0.088511 0.257107 -0.618364 0.069458 0.349694 0.556802 0.034895 0.375284 -0.322146 0.056513 0.507649 0.257461 0.087479 0.665899 -0.255963 0.083954 0.677295 -0.029307 0.100915 0.727312 0.056245 0.086990 0.736010 0.024393 0.097816 0.727159 0.282561 0.082653 -0.409138 -0.269781 0.079559 -0.404202 0.275435 0.087994 -0.401371 0.268220 0.079157 -0.406092 -0.152000 0.082779 -0.395369 0.148020 0.071367 -0.336845 0.167420 0.074921 -0.320027 0.047807 0.091387 -0.051651 -0.126652 0.087524 -0.003874 -0.145364 0.085841 0.012446 -0.100641 0.086724 0.010539 0.120150 0.089802 0.019482 -0.753691 0.029211 0.026892 0.152853 0.086223 0.018293 -0.711000 0.096248 0.028150 -0.154362 0.077977 0.180669 -0.145427 0.099370 0.178660 -0.435873 0.062232 0.290454 0.657162 0.026468 0.302939 0.366340 0.030413 0.400816 -0.378056 0.064277 0.440496 0.368910 0.080618 0.447414 -0.494378 0.075871 0.479245 0.308108 0.041436 0.481864 -0.296361 0.079814 0.499491 0.267350 0.075130 0.659537 0.027612 0.100570 0.727554 0.022048 0.098264 0.729647 -0.046504 0.091871 0.734505 0.150982 0.100309 0.730499 -0.024168 0.101105 0.734301 -0.015840 0.101816 0.775418 0.013891 0.101726 0.771613 0.070211 0.085773 0.744837 0.373048 0.091983 0.802798 -0.388177 0.098550 -0.799757 -0.428422 0.056418 -0.702103 0.210396 0.083138 -0.430116 0.230077 0.087363 -0.415245 -0.262778 0.082632 -0.408954 -0.283383 0.092014 -0.407826 -0.305405 0.075413 -0.298473 0.184449 0.086996 -0.306423 -0.181603 0.079901 -0.306900 -0.195115 0.090153 -0.302860 -0.225426 0.085344 -0.296999 0.202695 0.084055 -0.299498 -0.220142 0.083129 -0.294199 -0.247890 0.076882 -0.291706 -0.784955 0.062687 -0.132325 0.614947 0.017402 -0.142371 -0.078788 0.074956 -0.040694 -0.774546 0.006098 -0.031888 -0.084232 0.083924 -0.043351 0.101145 0.081068 -0.027749 0.118058 0.081854 -0.011666 -0.141109 0.086069 0.030740 0.139898 0.090952 0.031591 0.708589 0.086080 0.037803 -0.218235 0.013182 0.177868 -0.196810 0.013545 0.211584 0.191349 0.057206 0.293772 0.494384 0.027243 0.479502 0.492604 0.068019 0.484533 -0.329602 0.060447 0.507037 -0.533269 -0.000477 0.674833 -0.007000 0.091878 0.711587 0.020444 0.086838 0.714126 0.189129 0.010244 0.718464 -0.023512 0.093662 0.728558 -0.007619 0.088261 0.725055 0.002425 0.089965 0.775323 0.172818 0.039226 -0.821243 -0.388945 0.084675 -0.801316 0.387216 0.084321 -0.801156 0.409454 0.045282 -0.576439 -0.200759 0.078722 -0.427002 -0.183522 0.068129 -0.424362 -0.277439 0.084026 -0.411819 -0.224339 0.085088 -0.415766 0.270118 0.079253 -0.410892 0.295516 0.071259 -0.392258 0.149975 0.082602 -0.395599 -0.318611 0.089933 -0.354411 0.318226 0.087249 -0.354210 0.221798 0.087208 -0.289492 0.250305 0.080124 -0.293333 -0.258690 0.077906 -0.286305 -0.281179 0.070875 -0.281047 0.035709 0.068123 -0.062433 -0.569325 0.064170 -0.045608 -0.577683 0.057408 -0.016109 0.083981 0.079146 -0.039352 -0.102930 0.081257 -0.027826 -0.594262 0.076604 -0.009638 0.098057 0.086606 0.009816 0.103054 0.077340 -0.012442 0.106489 0.087268 0.016450 -0.712818 0.073454 0.042782 0.157530 0.087869 0.041324 -0.162782 0.083566 0.043557 0.725178 0.068108 0.046918 -0.208495 0.017982 0.257916 -0.192705 0.060623 0.293472 -0.366243 0.092836 0.442988 0.561425 -0.008852 0.570463 -0.263770 0.078712 0.661943 -0.029228 0.083793 0.714815 0.256900 0.052869 0.750307 0.037347 0.084531 0.716740 -0.032564 0.095774 0.725061 -0.027717 0.092762 0.729995 0.012356 0.086299 0.720405 0.035454 0.077862 0.724388 0.041331 0.086704 0.730230 -0.065873 0.094305 0.735584 -0.005020 0.072275 0.896738 -0.016038 0.084069 0.900518 -0.072395 0.076876 0.892633 -0.166552 0.083662 -0.427195 -0.276421 0.071343 -0.400236 0.303287 0.075334 -0.298373 -0.173794 0.082500 -0.317598 0.223727 0.085580 -0.297182 0.083137 0.076119 -0.034027 -0.086829 0.078954 -0.038595 -0.084917 0.076491 -0.033852 -0.101697 0.077462 -0.017309 0.583010 0.055877 -0.004693 -0.165806 0.088605 0.021922 0.175189 0.083290 0.028352 0.209719 0.071474 0.044877 0.187401 0.079618 0.034854 -0.727703 0.067642 0.046278 -0.523543 0.021939 -0.003539 -0.740081 0.044661 0.091219 0.410105 0.038424 0.304342 -0.411809 0.038277 0.304243 -0.568507 0.070318 0.337610 -0.370501 0.055995 0.442166 0.311062 0.049312 0.443968 -0.493321 0.071671 0.484290 -0.269776 0.076911 0.659782 -0.018274 0.085989 0.716426 -0.025776 0.084034 0.725781 -0.058352 0.086850 0.735788 0.002124 0.071670 0.896588 0.014230 0.083928 0.900620 0.070827 0.077962 0.889185 -0.418901 0.066283 -0.818632 -0.177022 0.045254 -0.813469 0.426567 0.053095 -0.698699 -0.271730 0.078113 -0.410017 0.275487 0.076049 -0.399681 -0.338662 0.035259 -0.392868 0.307394 0.066016 -0.401053 -0.151934 0.075124 -0.336607 -0.172858 0.077875 -0.309979 -0.162486 0.075328 -0.311800 -0.284214 0.053955 -0.287806 0.282950 0.071040 -0.274530 0.103965 -0.001442 -0.274565 0.627982 0.068010 -0.142155 -0.037912 0.068374 -0.062605 0.076561 0.075052 -0.040537 0.549559 0.018113 -0.023531 0.521516 0.021968 -0.003587 -0.118037 0.082447 -0.011963 0.574346 0.057440 -0.009021 0.591390 0.080407 -0.008958 -0.164739 0.081006 0.027476 -0.716899 0.075609 0.029130 0.180104 0.081933 0.051061 0.716278 0.034255 0.045070 -0.179802 0.079866 0.050855 0.151852 0.076687 0.182340 -0.266333 0.032922 0.331224 -0.291073 0.037341 0.369942 -0.311318 0.052980 0.478207 -0.258734 0.073480 0.671038 0.263135 0.079706 0.672252 0.256868 0.073661 0.670654 -0.052189 0.083705 0.722393 -0.042487 0.080449 0.714832 0.049590 0.075868 0.716189 0.053601 0.082464 0.722281 -0.050078 0.082578 0.731460 0.043803 0.084655 0.722098 0.044522 0.090290 0.727881 0.037621 0.085047 0.729285 0.087421 0.051426 0.730857 0.110801 0.014242 -0.469986 0.189449 0.073117 -0.422079 -0.277627 0.071024 -0.409487 0.271781 0.079278 -0.412249 0.260784 0.073991 -0.288557 0.731198 0.062237 -0.165999 -0.630134 0.067944 -0.142327 -0.617167 0.017618 -0.142267 -0.077896 0.072392 -0.053279 0.076771 0.068766 -0.053120 0.576710 0.052096 -0.015222 -0.580352 0.044740 -0.006000 -0.575753 0.057494 -0.009526 -0.181564 0.078810 0.035128 -0.717898 0.051233 0.036728 -0.191496 0.071385 0.033958 -0.216531 0.013132 0.059465 0.738437 0.044540 0.087881 0.434487 0.002931 0.236135 0.426665 0.065559 0.256560 0.565932 0.065778 0.338427 -0.365203 0.073029 0.441451 -0.563375 -0.008954 0.570504 -0.262533 0.067469 0.662807 0.496828 -0.000913 0.710576 -0.036717 0.077822 0.724937 0.047497 0.075195 0.729808 0.058153 0.084106 0.727708 0.061407 0.078172 0.733106 -0.071476 0.078052 0.734981 -0.396467 0.080300 -0.805645 -0.392708 0.072081 -0.805027 0.162732 0.021750 -0.427537 0.283916 0.061396 -0.407331 -0.309782 0.060044 -0.399282 -0.306949 0.060036 -0.392034 0.170943 0.078451 -0.309528 0.691445 0.044929 -0.174940 -0.097920 0.074784 -0.031456 0.751631 0.025678 0.026875 0.728955 0.054579 0.042077 0.194453 0.068669 0.035694 -0.434544 0.053826 0.160329 -0.438954 -0.003925 0.229791 0.429046 0.066210 0.290229 -0.659216 0.026743 0.302884 0.322328 0.028373 0.514356 -0.300486 0.077468 0.493512 0.260124 0.067143 0.661781 0.047878 0.070418 0.724820 -0.050523 0.077191 0.715190 -0.061403 0.077230 0.724115 -0.044697 0.073344 0.723917 -0.055472 0.078293 0.730714 -0.055611 0.074365 0.728443 0.101197 0.030175 0.725929 -0.400287 0.067703 -0.809827 0.391077 0.064979 -0.809125 0.398978 0.062887 -0.812461 -0.292314 0.060551 -0.409806 -0.331231 0.037703 -0.398571 -0.301687 0.036219 -0.292641 0.311004 0.018432 -0.292304 -0.732483 0.061288 -0.168022 0.709004 0.054743 -0.175580 0.774579 0.042440 -0.157394 -0.067765 0.014291 -0.086364 0.589531 0.063102 -0.010166 -0.712572 0.056656 0.039816 0.709728 0.060473 0.039968 -0.189982 0.067514 0.053311 -0.235292 0.006221 0.100089 -0.168844 0.032530 0.191138 0.619498 0.069746 0.348700 -0.351571 0.025890 0.440220 -0.495032 0.053892 0.480172 0.494155 0.071618 0.477861 -0.259045 0.045914 0.749702 -0.054615 0.068710 0.722809 0.066557 0.070008 0.721243 -0.479059 -0.000936 0.761228 0.068148 0.068265 0.730694 -0.105124 0.025937 0.724110 -0.092356 0.061829 0.730028 0.104341 0.032713 0.737319 -0.013251 0.043171 0.946603 0.178766 0.064130 -0.424413 0.173038 0.051636 -0.416288 -0.285624 0.059722 -0.402507 0.140608 0.016554 -0.320493 -0.693519 0.040624 -0.174783 -0.083265 0.010186 -0.187797 -0.078169 0.063492 -0.043574 -0.587034 0.055129 -0.012730 0.197261 0.057241 0.038628 0.714209 0.061605 0.047220 -0.726353 0.047909 0.043418 0.159588 0.053617 0.186625 0.193748 0.013780 0.208353 -0.230645 0.025612 0.290592 -0.577934 0.057314 0.345490 -0.595331 0.035471 0.342365 0.375051 0.056054 0.442181 -0.312913 0.049298 0.443922 0.501269 0.038773 0.472541 -0.300399 0.066018 0.490263 -0.301003 0.061850 0.495748 0.063060 0.060826 0.723148 -0.106345 0.032885 0.737622 0.103526 0.036029 0.889004 -0.075815 0.040613 0.942909 0.074221 0.040062 0.943165 -0.291011 0.044261 -0.945446 -0.178359 0.036807 -0.823593 0.148046 0.013938 -0.420639 -0.385450 0.037250 -0.427445 -0.309574 0.036387 -0.391978 0.121760 0.018089 -0.348291 0.162861 0.047431 -0.316895 -0.162677 0.042168 -0.317438 0.322923 0.017249 -0.239274 0.772012 0.006036 -0.030786 -0.734708 0.032829 0.048072 -0.235882 0.024773 0.054170 -0.724082 0.065721 0.039300 -0.720425 0.061579 0.048189 -0.207531 0.043498 0.038398 -0.162198 0.053529 0.184502 0.442597 0.044039 0.285729 0.264427 0.033063 0.331190 -0.369100 0.039945 0.435873 0.367406 0.056170 0.443258 0.491532 0.050589 0.477556 0.298791 0.049551 0.495469 0.320751 0.053417 0.509013 -0.106036 0.036058 0.885683 0.002704 0.039474 0.932866 -0.393277 0.059721 -0.811906 -0.165934 0.036788 -0.416827 -0.123485 0.020639 -0.350937 -0.331478 0.021738 -0.298174 0.155667 0.028737 -0.321435 0.329487 0.021871 -0.297931 0.281411 0.054962 -0.288076 -0.737790 0.042765 -0.249987 -0.741123 0.064248 -0.176630 0.738984 0.064327 -0.176499 -0.777600 0.040284 -0.153805 0.207003 0.048402 0.039494 -0.196027 0.058995 0.038338 0.199423 0.050985 0.047392 0.434222 0.053776 0.156703 0.216336 0.010189 0.177672 -0.163341 0.056100 0.190570 -0.455423 0.035327 0.295200 -0.197047 0.039922 0.290477 -0.342358 0.017997 0.453380 -0.257181 0.014404 0.684970 0.013809 0.043618 0.947444 0.285028 0.037430 -0.931145 -0.286989 0.037549 -0.931137 -0.306411 0.040079 -0.407199 0.306370 0.031290 -0.396396 0.298975 0.043976 -0.405304 0.320889 0.043033 -0.399791 0.323373 0.035473 -0.396343 -0.348085 0.029501 -0.361698 0.083014 0.009975 -0.195601 0.781141 0.039619 -0.162072 -0.278662 0.021496 0.034088 -0.578712 0.033631 -0.015711 -0.718410 0.040802 0.049117 0.660999 0.033400 0.295796 0.733176 -0.017423 0.106906 0.200473 0.021934 0.289626 -0.544735 0.044157 0.336733 0.548737 0.050463 0.341314 0.575862 0.053725 0.344693 0.593553 0.035447 0.342179 0.375272 0.042212 0.436461 0.346603 0.022588 0.441978 -0.503087 0.038844 0.472838 -0.499953 0.002873 0.710384 -0.187725 0.006797 0.718957 0.288830 0.044240 -0.945612 -0.338366 0.046540 -0.812610 -0.142716 0.010111 -0.431306 0.124761 0.021849 -0.404219 0.329219 0.037329 -0.398592 -0.326934 0.040769 -0.389677 0.346452 0.029757 -0.361732 0.670008 0.037721 -0.163149 0.065466 0.017931 -0.086472 -0.080878 0.010626 -0.047180 -0.088386 0.029776 -0.050170 0.583638 0.051985 -0.011692 0.275317 0.024851 0.034441 -0.713159 0.040597 0.045843 0.731943 0.032973 0.048483 0.233895 0.009540 0.103703 -0.448785 0.031806 0.252969 0.571744 0.027312 0.330268 -0.506943 0.025458 0.483032 0.531292 -0.000426 0.674822 -0.102134 0.035499 0.732697 0.382789 0.041118 -0.806875 0.360199 0.050495 -0.812672 -0.143545 0.030041 -0.736908 -0.113023 0.014099 -0.470082 0.170355 0.039591 -0.421630 0.333575 0.034062 -0.390035 -0.326934 0.040996 -0.398711 -0.323963 0.034918 -0.393988 -0.160230 0.044508 -0.323321 -0.297583 0.035333 -0.285846 -0.693719 0.042764 -0.188583 0.731511 0.035693 -0.259900 -0.783919 0.016867 -0.242783 0.089553 0.025343 -0.050807 -0.578046 0.036223 -0.011001 0.576667 0.034003 -0.015311 0.710748 0.040675 0.043714 0.736313 0.029625 0.054208 0.440878 -0.008703 0.183431 -0.734915 -0.020489 0.107058 -0.377176 0.041258 0.436103 0.369018 0.038289 0.439254 -0.294302 0.043713 0.492221 -0.378375 -0.011836 0.796913 -0.004429 0.039596 0.933253 0.312787 0.042660 -0.812545 -0.385289 0.034849 -0.811696 0.383569 0.034511 -0.811209 -0.415790 -0.051744 -0.690319 0.140857 0.030093 -0.736884 0.382996 0.037254 -0.427573 -0.127028 0.022011 -0.404413 0.308123 0.032387 -0.405913 -0.706125 0.042977 -0.313929 -0.732891 0.042574 -0.272369 -0.674068 0.035158 -0.291468 0.307696 0.018172 -0.286094 0.314479 0.017174 -0.281414 0.695038 0.027619 -0.253873 -0.784385 0.036635 -0.165157 -0.580126 0.037504 -0.011145 0.569697 0.035489 -0.015055 0.171833 0.028252 0.195498 -0.175249 0.002114 0.195721 0.474171 0.026565 0.481554 0.256830 0.018952 0.686452 -0.416778 0.042933 -0.931146 -0.408261 0.038408 -0.818126 -0.401354 0.023963 -0.808204 -0.395521 0.032845 -0.811859 -0.307521 0.024043 -0.812776 -0.388731 0.031714 -0.804573 0.408901 0.018963 -0.786550 0.327058 0.026480 -0.394346 -0.334134 0.032403 -0.389395 -0.634951 0.028443 -0.353078 -0.662392 0.043697 -0.352998 -0.635453 0.038865 -0.331198 0.632586 0.028372 -0.353267 0.632370 0.036680 -0.331410 0.660405 0.041906 -0.355840 0.670584 0.034945 -0.298819 0.687236 0.042645 -0.326814 -0.689276 0.042637 -0.326778 0.684519 0.037531 -0.311772 0.695446 0.037158 -0.321504 -0.694230 0.038540 -0.319746 0.674770 0.034825 -0.284823 0.703637 0.042964 -0.313896 -0.691938 0.034572 -0.261296 0.731140 0.042570 -0.272399 0.765704 0.012405 -0.282937 -0.324359 0.014096 -0.235921 0.780563 0.020850 -0.239173 -0.698062 0.028227 -0.253340 0.082302 0.042311 -0.046794 -0.572351 0.033758 -0.010935 0.570825 0.029340 -0.011020 0.577144 0.037525 -0.010824 0.207571 0.039405 0.046567 0.214925 0.036777 0.042877 -0.479216 0.035670 0.478908 -0.292814 0.033508 0.496377 0.379618 -0.008906 0.798299 -0.413632 0.039070 -0.945234 -0.209261 0.008101 -0.945127 0.414802 0.042897 -0.931210 0.406577 0.038107 -0.818067 0.391182 0.037746 -0.814069 0.386590 0.031161 -0.804572 0.388214 0.021890 -0.800963 -0.164447 0.022992 -0.426891 0.160259 0.021396 -0.418093 -0.147240 0.010388 -0.419283 -0.767023 0.012478 -0.286154 -0.733611 0.035435 -0.259792 0.308108 0.020929 -0.137862 -0.797217 -0.028931 -0.120954 0.085709 0.025040 -0.044148 0.570013 0.021497 -0.020565 -0.215303 0.031331 0.042388 -0.443850 -0.011840 0.183116 0.472479 0.030418 0.474976 -0.475698 0.027169 0.480854 -0.301678 -0.010433 0.501659 0.530846 0.010734 0.502301 -0.317347 -0.002323 0.521778 0.444203 -0.003404 -0.830423 -0.207605 0.035636 -0.810715 0.206063 0.035425 -0.810039 -0.385857 0.031066 -0.806947 0.388465 0.029251 -0.810350 -0.315455 0.033338 -0.405859 -0.311545 0.021049 -0.398386 0.331291 0.018984 -0.398325 0.335157 0.037771 -0.394393 -0.677164 0.023997 -0.371756 -0.659238 0.020958 -0.373893 0.654062 0.024246 -0.371965 -0.724206 0.013606 -0.338053 0.722443 0.013331 -0.338231 0.795199 -0.028980 -0.120958 0.223265 0.024474 0.047473 0.232628 0.017558 0.054453 0.177139 0.024376 0.188508 -0.454278 0.016015 0.265247 -0.576857 0.027823 0.332179 -0.298085 -0.082892 0.464082 0.318568 0.008981 0.516863 -0.015785 -0.060737 0.940958 0.207319 0.005400 -0.946473 0.411611 0.038961 -0.945658 0.206174 -0.005627 -0.803605 -0.448099 -0.006759 -0.830523 0.246499 0.014965 -0.814208 -0.399631 0.029907 -0.798751 -0.162931 0.019961 -0.418840 0.155273 0.028465 -0.427770 0.675173 0.023698 -0.372571 -0.153252 0.013854 -0.322676 -0.148453 0.003844 -0.325976 -0.309080 0.018693 -0.288006 -0.765552 0.008206 -0.266525 -0.316515 0.017258 -0.281245 -0.691741 -0.025566 -0.163362 -0.223752 0.019838 0.047271 -0.438299 0.002152 0.322589 -0.541366 0.010320 0.317981 -0.566552 0.022982 0.315198 0.400793 0.015310 0.441901 0.381190 -0.035174 0.442616 0.296651 -0.054878 0.541156 -0.493223 0.026468 0.479931 0.296170 0.017979 0.503586 0.476432 -0.003878 0.760777 -0.107511 0.012488 0.771824 0.105325 0.013440 0.767746 -0.104959 -0.099697 0.885277 0.011238 -0.114627 0.933072 0.455607 -0.003407 -0.929286 -0.218885 0.013432 -0.811138 -0.213646 0.005825 -0.803917 0.138225 0.010242 -0.432617 0.310743 0.021342 -0.403606 0.310461 0.021700 -0.397093 0.628049 -0.012610 -0.353393 -0.662246 -0.009130 -0.293988 0.132459 -0.001666 -0.322769 0.763672 0.008088 -0.267244 0.783864 -0.030801 -0.165466 0.554918 -0.055437 -0.023371 -0.571913 0.024750 -0.021565 -0.563632 0.018095 -0.015336 0.453995 0.013064 0.261728 0.540537 0.014142 0.319228 0.560163 0.012278 0.300104 0.532166 0.027772 0.331451 0.531856 0.007586 0.357821 -0.402224 0.014186 0.439335 0.486314 0.000370 0.446097 0.467522 0.024255 0.469661 -0.294142 0.016560 0.500001 0.085108 0.031868 0.717256 0.076309 0.026188 0.717301 0.084432 0.026258 0.709665 0.089547 0.022544 0.720288 0.373451 -0.012151 0.796137 0.199389 0.008316 -0.934063 -0.457667 -0.003586 -0.929392 0.195192 -0.013855 -0.801551 0.219094 0.016908 -0.811978 -0.392667 0.016783 -0.797588 0.394663 0.014256 -0.801877 -0.390768 0.007861 -0.797417 -0.200973 -0.024010 -0.797577 0.329827 -0.002912 -0.375242 0.132673 0.003642 -0.340458 -0.108479 0.001489 -0.281757 -0.556795 -0.055521 -0.023634 -0.573329 0.013373 -0.019301 -0.566481 0.017114 -0.014520 0.564654 0.017124 -0.014618 0.566671 0.010233 -0.010990 -0.174126 0.004402 0.189340 0.465321 0.008860 0.256564 -0.198208 0.011773 0.291911 -0.519428 0.019819 0.332801 0.398812 0.009223 0.444081 0.461155 0.018676 0.478335 -0.456466 0.013433 0.476000 -0.463591 0.019799 0.472829 0.083684 0.017258 0.716393 0.105839 0.008784 0.810373 -0.073114 0.013991 0.943023 -0.207458 0.008085 -0.821475 -0.202540 0.011463 -0.930997 0.393058 -0.010533 -0.788600 -0.391527 -0.000910 -0.793642 -0.396477 0.014626 -0.801542 -0.162946 0.017688 -0.420734 0.335592 -0.047727 -0.409693 -0.332685 0.001236 -0.369977 0.334131 0.010023 -0.362506 0.321485 0.006232 -0.312297 0.145232 -0.002214 -0.324248 -0.134977 0.001236 -0.322236 -0.692839 -0.017308 -0.250409 -0.550755 0.007028 -0.020849 0.559249 0.010191 -0.015107 -0.573745 0.010384 -0.014608 0.568933 0.004487 -0.018955 0.571878 0.010502 -0.014259 -0.731637 0.010497 0.048307 0.216708 0.016151 0.058231 0.221616 0.007579 0.052906 -0.460491 0.014271 0.281101 0.208996 -0.091222 0.311376 -0.463272 0.024127 0.301776 -0.559729 0.004234 0.294960 -0.555090 0.012583 0.298781 0.631405 -0.010533 0.290965 -0.516380 0.019435 0.325265 0.515300 0.018938 0.326665 -0.533809 0.006774 0.357256 -0.261147 -0.094880 0.373067 0.400783 -0.005211 0.415011 -0.491794 0.000155 0.446237 -0.468563 0.020012 0.465584 -0.475567 -0.002467 0.469980 -0.532090 0.010716 0.501648 0.261056 -0.008504 0.687658 -0.101925 0.008455 0.723839 -0.106966 -0.010250 0.732769 0.265069 -0.028272 0.730554 -0.108759 0.008247 0.806353 -0.111296 -0.014879 0.826704 0.205693 0.007653 -0.819792 -0.204980 0.004130 -0.806618 0.388920 0.007620 -0.797473 0.395878 -0.048155 -0.568640 -0.157698 0.013849 -0.430330 -0.163009 0.011560 -0.426031 0.161551 0.006848 -0.422240 0.307045 -0.005755 -0.407686 0.667068 -0.023650 -0.370552 -0.334918 0.009731 -0.359660 0.313846 -0.000841 -0.305871 -0.088233 -0.063530 -0.062436 -0.033362 -0.060586 -0.067774 0.083362 -0.032982 -0.042056 -0.570810 0.004421 -0.019162 -0.526171 -0.047687 0.018390 -0.228210 0.012945 0.051793 0.173432 -0.001736 0.195290 0.172673 0.002619 0.189072 -0.462393 0.012846 0.253145 0.455694 0.023370 0.303209 0.193893 -0.012974 0.288753 0.436277 0.001821 0.326231 0.552636 0.011707 0.297704 -0.476058 0.017125 0.313006 -0.505129 0.019415 0.323852 -0.489363 0.015604 0.316265 0.479324 0.017625 0.317138 0.476302 0.011237 0.311071 0.496457 0.016062 0.319377 0.503207 0.019069 0.325055 -0.505700 0.014335 0.320214 0.402407 0.018193 0.447903 0.399454 0.013857 0.448623 -0.416580 0.016538 0.457847 -0.437089 0.018725 0.459463 -0.401221 0.014139 0.448343 0.428485 0.013593 0.466742 0.090939 -0.000852 0.688511 0.095472 0.016688 0.722687 0.103072 0.012563 0.723970 -0.431967 -0.006589 -0.944917 -0.210846 0.004846 -0.812912 0.210136 -0.003250 -0.807714 0.411892 -0.054686 -0.690547 -0.628055 -0.005945 -0.349567 -0.140478 -0.005582 -0.344421 0.707102 -0.027913 -0.333967 0.624495 -0.004920 -0.327535 -0.626757 -0.005254 -0.327849 -0.324770 0.002062 -0.312944 0.290765 0.009460 -0.292849 -0.288492 -0.074867 -0.257393 0.695477 -0.022778 -0.248032 0.693032 -0.009815 -0.168385 -0.782415 -0.030673 -0.159963 0.556110 -0.009938 -0.013942 0.524067 -0.047760 0.018553 -0.176393 -0.098023 0.243573 0.462921 -0.012561 0.289450 0.471275 0.018017 0.312859 -0.633285 -0.010174 0.291391 -0.399714 -0.004971 0.412209 -0.292506 -0.001015 0.505141 -0.275715 0.002281 0.654102 -0.269046 0.003234 0.646436 -0.272211 0.019831 0.652121 0.080416 0.006301 0.706721 0.099071 0.003410 0.702893 -0.094868 0.018769 0.715020 -0.086410 0.015899 0.715344 -0.091990 0.010969 0.720394 0.099680 -0.001920 0.726158 0.105509 -0.010502 0.745045 0.148346 -0.070702 -0.478174 -0.149130 -0.009838 -0.403213 0.149498 -0.013966 -0.406819 0.141358 -0.000953 -0.400738 -0.308649 -0.006544 -0.407984 0.649900 -0.016460 -0.371936 -0.651872 -0.016777 -0.371643 -0.144294 -0.002102 -0.400523 -0.309993 -0.009058 -0.304578 0.662105 -0.009427 -0.293310 -0.785737 -0.029638 -0.172821 0.598827 -0.051948 -0.115912 -0.084721 0.006856 -0.047752 0.089133 -0.028318 -0.044974 0.561028 0.006302 -0.014197 0.568237 -0.008981 -0.015299 -0.569438 -0.002783 -0.009865 -0.746702 -0.090771 -0.014077 -0.732198 -0.023863 0.062599 -0.220023 0.000024 0.045138 0.730589 -0.023874 0.063945 -0.473607 -0.004256 0.248375 -0.192136 -0.029259 0.293296 -0.537761 -0.008913 0.321026 -0.401311 -0.005941 0.442891 0.410485 -0.003080 0.446139 0.474955 -0.002576 0.470468 0.267210 -0.004535 0.645340 0.270693 0.014202 0.657613 0.270093 0.020251 0.652034 0.256116 -0.007135 0.682153 -0.092862 -0.001077 0.692290 -0.262288 -0.010208 0.679209 -0.269658 -0.033707 0.729783 -0.102082 0.001955 0.726419 0.101106 0.007147 0.725405 -0.134942 -0.007282 0.768871 -0.131165 -0.006328 0.805705 0.106738 -0.014649 0.829287 -0.213976 -0.000640 -0.809006 0.392939 -0.000942 -0.789721 -0.404749 -0.031995 -0.767532 -0.179850 -0.078812 -0.717251 -0.175149 -0.015992 -0.432250 -0.321399 -0.006720 -0.380855 -0.669714 -0.023575 -0.370161 -0.344528 -0.011587 -0.374822 0.334463 -0.001731 -0.316555 -0.147755 -0.009851 -0.334411 -0.336547 -0.004108 -0.313470 -0.717628 -0.035068 -0.329221 -0.290427 -0.015039 -0.303074 -0.292929 0.009696 -0.289883 0.282468 -0.019758 -0.281189 -0.785773 -0.036949 -0.235208 0.629798 -0.095519 -0.118604 -0.577160 -0.047693 -0.084342 -0.562055 -0.002921 -0.014761 -0.720153 -0.071433 0.047695 0.724603 -0.000586 0.053903 0.728556 -0.026924 0.107161 0.535727 -0.008977 0.321704 0.469736 -0.009224 0.307688 -0.471750 -0.009079 0.307315 0.518870 -0.005060 0.326805 -0.520663 -0.005204 0.326824 0.293518 -0.001004 0.510834 -0.266907 -0.000415 0.656830 -0.102237 -0.004349 0.699043 -0.086587 -0.003866 0.703601 -0.082401 0.000471 0.712802 0.080944 -0.000223 0.713422 0.132985 -0.007041 0.768777 -0.193934 -0.057358 -0.830043 -0.392012 -0.006067 -0.789367 -0.149762 -0.070529 -0.481306 0.173826 -0.015813 -0.431220 0.307234 -0.015052 -0.390927 0.342462 -0.011344 -0.374407 -0.703284 -0.027781 -0.344258 0.356037 -0.022064 -0.357839 -0.154880 0.000989 -0.321242 0.288130 -0.013646 -0.301991 -0.766164 -0.039371 -0.274861 -0.767475 -0.035379 -0.258548 0.783888 -0.036725 -0.235441 -0.565797 -0.005270 -0.011414 -0.570387 -0.008864 -0.015331 0.223985 -0.005936 0.051119 -0.169413 -0.006720 0.191658 -0.482136 -0.023218 0.240398 -0.183148 -0.086859 0.296022 -0.466868 -0.016043 0.292412 -0.181670 -0.057105 0.302907 0.556302 -0.004441 0.287073 0.258300 -0.094789 0.371337 0.273781 -0.001126 0.647080 0.090381 -0.006404 0.690117 0.092946 -0.005091 0.705106 -0.098873 -0.007985 0.715459 0.104821 -0.005363 0.703360 0.131695 -0.008257 0.805550 0.184346 -0.057217 -0.929827 0.133113 -0.007650 -0.351027 -0.358643 -0.022056 -0.354926 -0.128733 -0.012840 -0.351280 0.145673 -0.013809 -0.334375 -0.164440 -0.016877 -0.324558 -0.158925 -0.070437 -0.292640 0.152618 -0.000269 -0.320619 0.165448 -0.025681 -0.320860 -0.348050 -0.022417 -0.313189 -0.329493 -0.015005 -0.304343 0.688079 -0.037495 -0.159643 0.662953 -0.081610 -0.137699 0.217700 -0.009072 0.046170 -0.176479 -0.075063 0.174546 -0.165932 -0.017195 0.185798 0.163750 -0.017607 0.185806 0.173440 -0.098105 0.243992 -0.708754 -0.053587 0.107043 -0.552440 -0.020949 0.260006 -0.556768 -0.019583 0.281406 0.296305 -0.049072 0.514003 0.290031 -0.011049 0.518523 0.476904 -0.043672 0.477999 -0.275622 0.002052 0.643503 -0.285641 -0.008464 0.641570 0.273423 0.001488 0.644823 0.264793 -0.001293 0.656623 0.270975 -0.012673 0.658505 0.097936 -0.003087 0.698478 -0.103165 -0.011823 0.702576 0.099421 -0.012878 0.704115 -0.110547 -0.012426 0.702690 -0.462755 -0.088742 0.706581 -0.133328 -0.021920 0.817474 0.129220 -0.020870 0.819805 0.103182 -0.099785 0.885059 -0.213156 -0.008045 -0.803180 -0.392708 -0.040279 -0.774481 0.394632 -0.028580 -0.775340 0.140783 -0.022746 -0.408805 -0.305332 -0.026327 -0.397137 0.345452 -0.022664 -0.313492 0.324288 -0.017979 -0.302668 -0.284901 -0.013041 -0.296393 0.718137 -0.034911 -0.328597 0.763998 -0.039512 -0.274476 -0.698771 -0.030316 -0.249714 0.564561 -0.025020 -0.015773 0.559567 -0.046747 -0.003889 0.264604 -0.067457 0.034850 0.722807 -0.020802 0.050234 0.725521 -0.016070 0.058044 -0.193979 -0.082867 0.165296 0.137396 -0.098957 0.177140 0.476551 -0.019545 0.244162 0.554519 -0.019250 0.281366 -0.530330 -0.018888 0.318943 -0.288753 -0.013446 0.507906 0.311571 -0.012743 0.528142 -0.308212 -0.016583 0.536134 0.305281 -0.008540 0.529279 0.285976 -0.011294 0.636724 -0.111534 -0.014886 0.748670 -0.133606 -0.021983 0.758209 0.213423 -0.017330 -0.800740 -0.163743 -0.067444 -0.611160 -0.371662 -0.058930 -0.439645 -0.142569 -0.025996 -0.408940 0.119944 -0.037351 -0.392918 0.298177 -0.032376 -0.410883 -0.705877 -0.029047 -0.332898 -0.637486 -0.031227 -0.344563 0.671880 -0.025482 -0.300878 0.280682 -0.034045 -0.296380 0.130164 -0.085942 -0.242918 0.741297 -0.090975 -0.008513 0.561916 -0.066661 -0.046881 -0.307581 -0.083257 -0.215718 -0.265638 -0.070388 0.034206 -0.566233 -0.023108 -0.010880 -0.564251 -0.014622 -0.021299 -0.559782 -0.021445 -0.010909 0.562829 -0.023106 -0.010675 -0.718739 -0.028392 0.056400 -0.466671 -0.037648 0.225338 -0.193718 -0.007393 0.294330 0.192047 -0.007418 0.295083 0.201384 -0.016143 0.293779 0.525509 -0.019564 0.320168 -0.383197 -0.035655 0.442497 -0.478882 -0.043555 0.478245 0.515973 -0.082387 0.570408 -0.275315 -0.015692 0.628548 0.266393 -0.027482 0.620805 0.261941 -0.008329 0.668395 0.259559 -0.011356 0.661121 0.106786 -0.019632 0.690675 -0.103137 -0.016514 0.703538 0.101426 -0.024822 0.692680 0.131583 -0.021835 0.758125 -0.127770 -0.063443 0.757579 -0.005465 -0.107191 0.924292 -0.186664 -0.053524 -0.929972 0.461834 -0.045625 -0.929624 0.390785 -0.026936 -0.781580 -0.193466 -0.041260 -0.429174 -0.185929 -0.037040 -0.423313 0.182191 -0.032540 -0.423892 -0.315298 -0.034665 -0.411587 -0.134798 -0.026147 -0.335236 0.637913 -0.026176 -0.332735 0.129617 -0.026253 -0.337578 -0.674103 -0.024491 -0.300600 0.283608 -0.077389 -0.257242 0.676321 -0.066629 -0.176438 -0.132278 -0.086430 -0.243198 0.112444 -0.062922 -0.164373 -0.114877 -0.062982 -0.168512 -0.210399 -0.015852 0.045092 -0.212720 -0.025998 0.039287 0.193881 -0.048196 0.054079 0.464642 -0.037391 0.225241 0.188349 -0.026907 0.299076 0.476265 -0.025193 0.299557 -0.475409 -0.025042 0.296488 -0.281318 -0.021484 0.518247 0.285354 -0.020837 0.526359 -0.280831 -0.028964 0.531455 -0.296450 -0.024625 0.629932 -0.266923 -0.017361 0.632955 -0.261964 -0.011224 0.658243 -0.265819 -0.007360 0.666927 0.091316 -0.013930 0.667486 0.100171 -0.017715 0.673340 0.089748 -0.016947 0.675916 -0.106121 -0.015690 0.688465 -0.111022 -0.020049 0.701237 -0.107713 -0.024802 0.691400 0.460914 -0.089017 0.706314 0.002445 -0.106819 0.922377 0.460582 -0.065163 -0.841913 -0.216754 -0.021683 -0.800886 -0.395508 -0.028801 -0.776425 -0.190249 -0.042109 -0.434489 0.182454 -0.069995 -0.433113 0.369371 -0.058686 -0.439622 0.304333 -0.024518 -0.413525 -0.313126 -0.044686 -0.410176 -0.332097 -0.059639 -0.384288 0.329363 -0.060487 -0.385042 -0.281908 -0.034027 -0.296222 0.316252 -0.053149 -0.302400 0.671009 -0.026420 -0.291897 0.778676 -0.024519 -0.157633 0.086732 -0.063775 -0.059277 -0.098373 -0.035145 -0.034531 -0.565204 -0.040553 -0.009858 -0.202221 -0.032102 0.043025 0.210775 -0.026115 0.041133 -0.154943 -0.064035 0.185177 -0.540883 -0.015100 0.246562 -0.541367 -0.013814 0.255119 -0.543742 -0.020029 0.237821 -0.529401 -0.022827 0.252302 0.549106 -0.017548 0.265485 0.297440 -0.079949 0.465298 -0.300086 -0.054937 0.540346 -0.289896 -0.035032 0.550850 -0.262829 -0.023614 0.624630 -0.249771 -0.051956 0.652019 -0.088450 -0.023279 0.659859 -0.091652 -0.016165 0.675526 -0.093332 -0.014035 0.666963 0.080783 -0.029791 0.667094 0.088077 -0.024423 0.658159 0.100627 -0.021221 0.668550 -0.101870 -0.020738 0.669477 -0.509975 -0.054424 0.643129 -0.109517 -0.028706 0.679164 0.127869 -0.059856 0.757520 -0.107776 -0.056424 0.829821 -0.072987 -0.115138 0.927508 -0.299431 -0.032960 -0.410474 -0.121451 -0.036854 -0.392666 0.311988 -0.039400 -0.406047 0.115101 -0.037695 -0.358655 0.646891 -0.028422 -0.355884 -0.118069 -0.040449 -0.355910 -0.649385 -0.027727 -0.321865 0.151958 -0.071031 -0.333030 -0.146611 -0.049167 -0.332831 -0.170287 -0.032636 -0.315908 -0.166178 -0.031802 -0.307921 -0.672927 -0.026524 -0.291544 -0.273614 -0.050278 -0.285855 0.764682 -0.036301 -0.259082 0.783318 -0.038264 -0.154361 0.576275 -0.047316 -0.084204 0.031196 -0.067508 -0.065984 -0.096914 -0.043480 -0.043931 0.560222 -0.035091 -0.008673 -0.195118 -0.044253 0.054227 0.225262 -0.048359 0.050924 0.712959 -0.032100 0.059800 0.174732 -0.075117 0.174618 -0.552034 -0.020609 0.229029 0.545889 -0.024237 0.229445 0.550415 -0.021835 0.234888 0.542629 -0.017817 0.240170 0.551648 -0.026148 0.250361 0.528312 -0.023000 0.251921 0.538115 -0.013399 0.255158 0.510590 -0.024166 0.248722 -0.546502 -0.029015 0.277575 0.544440 -0.027269 0.284260 0.281880 -0.032021 0.538984 0.303428 -0.037253 0.547097 0.298312 -0.030836 0.548382 -0.514659 -0.085425 0.570992 0.096007 -0.037748 0.659141 -0.087633 -0.024021 0.670434 -0.099054 -0.030874 0.670221 0.097085 -0.028193 0.665006 0.096327 -0.029377 0.670804 -0.108986 -0.032410 0.693611 0.102476 -0.029015 0.683827 0.106975 -0.036268 0.684707 0.112704 -0.031302 0.689302 0.190129 -0.061153 0.661481 0.125394 -0.066113 0.802491 0.106422 -0.059864 0.825539 -0.434941 -0.104835 -0.949355 0.211155 -0.028439 -0.795590 0.177613 -0.078632 -0.716927 -0.155228 -0.048883 -0.411801 0.176989 -0.098322 -0.430183 0.323743 -0.056120 -0.412304 -0.661776 -0.034089 -0.358602 0.628084 -0.032116 -0.334685 -0.630120 -0.032091 -0.334850 0.654258 -0.031592 -0.301454 -0.656165 -0.031569 -0.301435 0.334293 -0.067869 -0.316804 0.159203 -0.071256 -0.292747 0.169824 -0.036915 -0.310563 0.167642 -0.044897 -0.302274 -0.665868 -0.035799 -0.296729 0.667391 -0.032695 -0.299129 0.658266 -0.038889 -0.298591 0.697536 -0.030600 -0.249233 -0.672242 -0.074406 -0.144449 -0.601742 -0.048318 -0.118018 0.718198 -0.071107 0.047820 -0.221093 -0.048949 0.051432 -0.708044 -0.045283 0.063776 0.192039 -0.082820 0.165129 0.211572 -0.090224 0.100573 0.706539 -0.053530 0.107048 -0.503025 -0.063037 0.139641 0.548254 -0.038362 0.216783 0.557704 -0.025797 0.213554 -0.573770 -0.041020 0.209846 0.497805 -0.025637 0.245832 0.487611 -0.027401 0.247307 0.488042 -0.033259 0.255196 -0.531533 -0.030009 0.246668 0.511059 -0.030782 0.243284 -0.189765 -0.024472 0.299746 -0.304317 -0.036762 0.551357 -0.260578 -0.027348 0.621863 0.295536 -0.024842 0.625306 0.300728 -0.057709 0.623041 0.286878 -0.064952 0.639440 0.076649 -0.035147 0.661314 0.101391 -0.025772 0.667780 -0.082419 -0.032200 0.665089 0.507952 -0.056279 0.639777 0.101302 -0.027783 0.672261 0.247587 -0.047678 0.654223 0.107583 -0.029056 0.677603 -0.188259 -0.058903 0.663510 0.491464 -0.043583 0.683035 0.224453 -0.151861 -0.943435 -0.218042 -0.143191 -0.946060 0.191415 -0.060997 -0.830134 0.180126 -0.037008 -0.435212 0.299658 -0.038154 -0.414924 -0.337391 -0.047789 -0.409499 0.662514 -0.034053 -0.357106 -0.637074 -0.042686 -0.359787 -0.680966 -0.030901 -0.349792 -0.695591 -0.041531 -0.329581 -0.321422 -0.048871 -0.303877 0.272170 -0.077725 -0.274261 -0.269568 -0.056237 -0.274669 0.651617 -0.077608 -0.276050 -0.792585 -0.040098 -0.165281 0.790763 -0.041249 -0.165336 -0.631727 -0.088931 -0.117188 -0.210127 -0.037423 0.038396 0.208543 -0.046187 0.041193 0.206102 -0.032667 0.042068 -0.202085 -0.068202 0.059096 0.156518 -0.036458 0.181151 -0.158067 -0.036009 0.181935 0.562075 -0.029439 0.202157 0.583133 -0.053069 0.174232 -0.559915 -0.025671 0.215244 -0.501587 -0.025696 0.246191 -0.490237 -0.033315 0.255202 0.187785 -0.054840 0.304236 -0.211086 -0.091054 0.311470 -0.295300 -0.052356 0.535650 0.293108 -0.049903 0.535853 0.283260 -0.035413 0.546882 -0.304165 -0.029729 0.618364 -0.260666 -0.034186 0.618063 0.304985 -0.031985 0.617973 0.272922 -0.057066 0.628143 -0.101215 -0.040124 0.661799 -0.095141 -0.041383 0.665737 -0.083751 -0.031981 0.666688 0.094573 -0.037102 0.664780 -0.102833 -0.026570 0.668158 -0.108429 -0.040017 0.667216 -0.101326 -0.032673 0.674200 0.288156 -0.088824 0.672122 -0.106036 -0.035337 0.675489 0.108380 -0.032399 0.674917 -0.105969 -0.076767 0.750536 -0.290328 -0.088945 0.672418 0.380110 -0.088274 0.737491 -0.463865 -0.065009 -0.845032 -0.217705 -0.037507 -0.791976 -0.217318 -0.039647 -0.796843 0.390031 -0.046256 -0.775013 0.394426 -0.047036 -0.763670 0.162158 -0.071260 -0.412309 0.299069 -0.041734 -0.408478 -0.301000 -0.042758 -0.410748 0.635042 -0.042307 -0.359557 0.613676 -0.069688 -0.327241 0.694556 -0.036492 -0.326207 0.704658 -0.036316 -0.325803 -0.702016 -0.036232 -0.324889 -0.258577 -0.077141 -0.267173 0.683434 -0.070602 -0.241255 0.780711 -0.037281 -0.204194 -0.781370 -0.040828 -0.220343 0.780098 -0.054576 -0.241710 -0.785345 -0.054153 -0.235243 -0.686326 -0.054169 -0.156317 0.097140 -0.044381 -0.038598 -0.200117 -0.043883 0.036082 0.195530 -0.066907 0.038755 -0.563651 -0.034838 0.194688 -0.585240 -0.053811 0.171888 0.148923 -0.093778 0.207488 -0.283414 -0.041809 0.548397 -0.306773 -0.041804 0.618951 -0.274533 -0.033879 0.610050 0.267035 -0.037168 0.616680 -0.086996 -0.041995 0.653254 -0.078297 -0.035413 0.661368 -0.113531 -0.036077 0.676514 0.106012 -0.073438 0.709859 -0.110979 -0.048851 0.746351 0.218572 -0.053030 -0.793974 -0.321696 -0.054168 -0.410808 -0.656410 -0.053587 -0.370497 0.653484 -0.053831 -0.370433 -0.347314 -0.067173 -0.361581 -0.724970 -0.046021 -0.312350 -0.174751 -0.045344 -0.306156 -0.653831 -0.082607 -0.289145 -0.641458 -0.073276 -0.293350 0.276298 -0.046734 -0.290957 0.268149 -0.056324 -0.274671 -0.762954 -0.039401 -0.253597 0.305248 -0.083069 -0.215581 -0.778458 -0.044638 -0.237825 0.780272 -0.045651 -0.227782 -0.101732 -0.047133 -0.020671 -0.107904 -0.046926 -0.022977 -0.580440 -0.036993 0.009080 -0.588159 -0.041151 0.014502 -0.595345 -0.041379 0.007820 0.589331 -0.035822 0.008259 0.584296 -0.041093 0.015389 0.578820 -0.037282 0.007432 0.203391 -0.071185 0.065464 -0.570573 -0.038472 0.173569 0.569854 -0.037703 0.173675 -0.268360 -0.041597 0.609357 0.277779 -0.040609 0.569084 -0.273998 -0.056570 0.631035 -0.299762 -0.073589 0.618713 0.075664 -0.041662 0.663859 0.074079 -0.043678 0.652795 0.087843 -0.057589 0.658571 0.109081 -0.035150 0.682385 -0.087119 -0.047851 0.661837 0.107857 -0.052563 0.746166 0.104241 -0.075883 0.755611 0.070895 -0.096173 0.933464 -0.388739 -0.047162 -0.771505 -0.185850 -0.046381 -0.429221 0.181415 -0.052897 -0.432838 0.667709 -0.053842 -0.370427 0.714055 -0.057747 -0.333911 -0.621187 -0.080024 -0.348963 -0.708580 -0.057718 -0.335276 0.173088 -0.044965 -0.306956 0.641591 -0.077230 -0.292132 0.758741 -0.043145 -0.271786 0.653006 -0.081468 -0.287601 -0.758491 -0.044877 -0.275918 0.757154 -0.045842 -0.257176 -0.684210 -0.075294 -0.236421 -0.774438 -0.095279 -0.154138 0.098690 -0.037321 -0.026565 0.095662 -0.042900 -0.030061 0.104193 -0.043068 -0.023764 0.097067 -0.052012 -0.017967 0.563538 -0.039046 -0.006909 0.579848 -0.039722 0.003809 0.596164 -0.043236 0.012291 -0.598951 -0.051496 0.026983 -0.213369 -0.090150 0.103134 0.503825 -0.064577 0.139025 -0.076395 -0.050795 0.651460 -0.073628 -0.050675 0.659039 -0.087150 -0.049151 0.660830 0.097829 -0.052378 0.660264 -0.458447 -0.077888 -0.934016 0.231971 -0.082425 -0.773410 0.219841 -0.055772 -0.787797 -0.179885 -0.052298 -0.435795 -0.672628 -0.053637 -0.369403 -0.137145 -0.082124 -0.355377 0.618921 -0.077073 -0.348858 -0.716011 -0.057206 -0.333816 0.760537 -0.054926 -0.277973 -0.762898 -0.057456 -0.278379 -0.760917 -0.058156 -0.267563 -0.563903 -0.059356 -0.042391 0.096665 -0.036819 -0.036573 0.092075 -0.037666 -0.037417 -0.573677 -0.046843 -0.005360 -0.564367 -0.047037 -0.000708 -0.566242 -0.041116 -0.001870 0.564409 -0.040202 -0.002289 0.570705 -0.047210 -0.005331 -0.597498 -0.053065 0.009514 0.593737 -0.047187 0.023083 -0.601909 -0.047585 0.018260 -0.195471 -0.057507 0.035779 0.197962 -0.050416 0.037607 0.690999 -0.049423 0.063548 0.575874 -0.049501 0.149403 0.573871 -0.041686 0.161696 0.155949 -0.053502 0.176480 0.151184 -0.052842 0.182927 -0.157724 -0.053410 0.178032 0.563933 -0.054106 0.165260 -0.570736 -0.055090 0.157259 0.084047 -0.057328 0.652906 0.069614 -0.049392 0.657589 0.092473 -0.078137 0.670654 -0.382385 -0.088337 0.737449 -0.127365 -0.066395 0.802082 0.211969 -0.066757 -0.779225 -0.183860 -0.069188 -0.433191 -0.315836 -0.062822 -0.413792 0.315498 -0.065291 -0.410028 0.760569 -0.058669 -0.264313 0.683998 -0.054144 -0.155680 0.759957 -0.093657 -0.142005 -0.767046 -0.091136 -0.142800 -0.101013 -0.051079 -0.017023 0.100580 -0.046906 -0.010984 0.093089 -0.048224 -0.007697 0.095301 -0.049212 -0.000836 0.580414 -0.076894 -0.009343 0.606442 -0.056871 0.013884 0.550885 -0.079829 0.044739 -0.579820 -0.044687 0.154769 -0.587547 -0.047446 0.138750 0.582242 -0.045971 0.146504 0.585624 -0.047585 0.138834 -0.298251 -0.057789 0.553621 -0.087101 -0.058636 0.656722 -0.091014 -0.083795 0.666866 -0.442658 -0.118416 -0.811021 0.374892 -0.053628 -0.766380 -0.323642 -0.091635 -0.405083 0.135745 -0.082227 -0.355025 -0.336389 -0.067074 -0.316131 -0.316349 -0.066912 -0.306818 -0.173795 -0.061485 -0.303966 -0.169417 -0.066966 -0.294026 0.171822 -0.063215 -0.298892 -0.616895 -0.069704 -0.324555 -0.302836 -0.088277 -0.285799 -0.270302 -0.069600 -0.279076 0.271872 -0.057136 -0.284987 0.263881 -0.072151 -0.266150 0.765539 -0.110012 -0.231716 -0.597148 -0.064442 -0.102647 0.591764 -0.061502 -0.101449 -0.553797 -0.080805 -0.119254 0.553520 -0.078842 -0.031697 -0.566205 -0.062266 -0.017921 -0.118621 -0.063203 -0.011161 -0.096017 -0.049870 -0.002048 0.110117 -0.063406 0.003784 0.089066 -0.069865 0.013022 0.573385 -0.065696 0.018885 -0.552741 -0.079865 0.044781 0.605129 -0.055103 0.030336 -0.201120 -0.068710 0.041044 -0.181566 -0.067812 0.046459 0.661655 -0.061324 0.041725 0.677055 -0.053986 0.047930 0.668081 -0.050732 0.043609 -0.628081 -0.069457 0.084365 0.595721 -0.057108 0.110127 0.601997 -0.053311 0.107462 0.594125 -0.050461 0.123016 0.584219 -0.051703 0.133953 0.627920 -0.069444 0.080942 -0.592172 -0.049901 0.128785 -0.290767 -0.058560 0.556803 0.088538 -0.067377 0.662503 -0.108170 -0.074367 0.716726 -0.225929 -0.068530 -0.785671 -0.214018 -0.066887 -0.778954 -0.396106 -0.073714 -0.705771 0.390532 -0.075540 -0.702395 -0.219813 -0.056488 -0.441601 -0.247651 -0.060704 -0.434159 -0.256408 -0.056512 -0.443652 0.211844 -0.058093 -0.441737 0.254684 -0.058583 -0.444434 0.233831 -0.058206 -0.438918 -0.266501 -0.054626 -0.436459 -0.266747 -0.069778 -0.441468 -0.219306 -0.059658 -0.435949 0.218144 -0.059255 -0.436007 0.258236 -0.054947 -0.437506 -0.265130 -0.060293 -0.430775 0.266394 -0.064898 -0.432522 0.319107 -0.055251 -0.411913 -0.163284 -0.074739 -0.407343 0.345271 -0.067282 -0.361496 -0.654353 -0.074550 -0.280042 -0.766873 -0.110154 -0.234716 0.678767 -0.063062 -0.152279 -0.119125 -0.070948 0.002509 0.088448 -0.074828 0.013806 0.114814 -0.060447 -0.016206 -0.091637 -0.068699 0.013288 -0.574846 -0.062849 0.015501 0.629699 -0.056465 0.027357 -0.627993 -0.059968 0.022043 -0.651782 -0.056153 0.038908 -0.623770 -0.052370 0.057016 -0.612260 -0.065052 0.045227 0.621155 -0.052358 0.056750 -0.663855 -0.061445 0.042209 -0.669306 -0.051487 0.044556 0.637953 -0.059850 0.050120 0.193056 -0.060331 0.037040 -0.664097 -0.076444 0.050523 0.613020 -0.056821 0.079724 -0.614781 -0.057275 0.079577 0.608392 -0.057458 0.086988 0.606192 -0.055095 0.099775 -0.599596 -0.051995 0.115246 0.146487 -0.067116 0.173589 -0.149933 -0.055540 0.178785 -0.402477 -0.096599 0.527929 0.404308 -0.093239 0.520656 -0.291814 -0.059550 0.537797 -0.293654 -0.054689 0.543125 -0.254297 -0.110386 0.631583 0.088708 -0.061420 0.655760 0.433019 -0.104606 -0.949527 0.454259 -0.073755 -0.933787 -0.236709 -0.079774 -0.770579 0.366752 -0.074234 -0.575968 -0.259849 -0.069824 -0.446493 -0.249039 -0.068904 -0.451121 0.239396 -0.070464 -0.457113 0.212934 -0.070011 -0.440221 0.209952 -0.072270 -0.445504 -0.259773 -0.075264 -0.441471 -0.223890 -0.067000 -0.438196 -0.212067 -0.072327 -0.445399 0.237849 -0.066191 -0.437138 0.260028 -0.069394 -0.435952 0.270046 -0.068740 -0.442031 -0.326061 -0.081291 -0.428395 -0.144255 -0.081912 -0.395828 0.143489 -0.082698 -0.395822 0.321719 -0.091515 -0.404772 0.267934 -0.069969 -0.278904 0.610815 -0.076385 -0.110818 0.551442 -0.082125 -0.119741 0.569528 -0.068439 -0.023993 -0.097944 -0.099303 -0.001378 0.607613 -0.065910 0.042171 0.658707 -0.076639 0.049034 -0.183749 -0.066486 0.033760 0.181054 -0.071694 0.046768 0.607201 -0.074060 0.071926 -0.609111 -0.074107 0.072063 -0.607456 -0.055297 0.099400 -0.149032 -0.067912 0.173548 -0.151108 -0.093569 0.207491 -0.139788 -0.098753 0.176901 0.160782 -0.107058 0.253914 0.178555 -0.073192 0.303975 0.179657 -0.058600 0.299636 0.457968 -0.093412 0.699889 -0.106271 -0.077783 0.807708 0.105317 -0.074843 0.806956 0.192825 -0.159457 -0.841606 0.440466 -0.117570 -0.811169 -0.221784 -0.060654 -0.784068 0.219578 -0.060875 -0.784068 -0.281968 -0.073134 -0.764055 -0.272190 -0.066364 -0.766657 -0.283703 -0.062153 -0.763491 -0.286578 -0.067456 -0.766917 -0.285442 -0.062998 -0.760177 -0.305067 -0.066480 -0.763914 -0.270856 -0.071885 -0.761557 -0.321687 -0.077445 -0.756112 -0.359981 -0.059207 -0.767806 -0.305179 -0.078977 -0.764395 -0.372235 -0.073061 -0.584098 -0.337689 -0.087901 -0.446686 -0.256931 -0.085267 -0.446291 -0.214427 -0.076758 -0.446706 0.265262 -0.067495 -0.440936 0.257939 -0.069728 -0.446389 0.324154 -0.080796 -0.427992 0.312465 -0.068797 -0.413760 -0.704841 -0.102673 -0.324134 0.177024 -0.127118 -0.289183 -0.178104 -0.072045 -0.295033 -0.263074 -0.083098 -0.269263 -0.750748 -0.107070 -0.267868 0.259072 -0.072456 -0.271480 0.678730 -0.081897 -0.228736 0.765089 -0.117063 -0.097493 -0.555464 -0.078773 -0.032006 -0.571334 -0.068100 -0.024642 0.121157 -0.070172 0.000287 -0.596366 -0.081816 0.002153 0.095770 -0.099152 -0.001581 -0.101284 -0.079236 0.030259 -0.147039 -0.072587 0.179670 -0.079941 -0.068898 0.652435 -0.087861 -0.072058 0.663001 0.077784 -0.068043 0.652665 -0.074312 -0.101195 0.639559 -0.456056 -0.081687 -0.900266 0.280163 -0.067149 -0.761331 0.262162 -0.073548 -0.764398 0.269441 -0.076421 -0.770734 0.280347 -0.071218 -0.768097 0.306714 -0.069053 -0.761524 0.298466 -0.067991 -0.756576 -0.204922 -0.094016 -0.446497 0.252680 -0.074175 -0.449506 0.190449 -0.082174 -0.440393 0.211678 -0.076538 -0.443773 0.255087 -0.084548 -0.443860 0.268341 -0.080750 -0.444888 0.335767 -0.087647 -0.446685 -0.312793 -0.075084 -0.418211 -0.312921 -0.078975 -0.316030 0.172341 -0.067527 -0.293942 0.171811 -0.078145 -0.285388 -0.254869 -0.076603 -0.272566 -0.267072 -0.081378 -0.261936 -0.657828 -0.089496 -0.153167 0.160691 -0.117286 -0.152807 0.031385 -0.106088 -0.042087 0.113122 -0.088577 0.011263 0.094118 -0.075436 0.023174 -0.172081 -0.070460 0.032217 0.174564 -0.069404 0.036196 0.228902 -0.096126 0.023290 -0.269083 -0.126478 0.561300 0.252041 -0.110346 0.631353 0.115095 -0.085157 0.717625 -0.114681 -0.078973 0.742377 -0.225133 -0.078024 -0.772017 0.227443 -0.077122 -0.773291 0.281603 -0.076508 -0.768637 -0.262551 -0.074224 -0.766310 0.308885 -0.075734 -0.761337 -0.308808 -0.078714 -0.756454 -0.293047 -0.087909 -0.689441 -0.290546 -0.086945 -0.709271 0.287078 -0.085617 -0.713291 0.237386 -0.090040 -0.489651 -0.235801 -0.077666 -0.468729 -0.206942 -0.083749 -0.449174 -0.266131 -0.085748 -0.450302 -0.178897 -0.097987 -0.430820 0.307182 -0.080131 -0.421117 0.311624 -0.074405 -0.422916 -0.647519 -0.091011 -0.363238 0.322441 -0.078122 -0.370361 0.645387 -0.091123 -0.363262 -0.321088 -0.082630 -0.366753 -0.154998 -0.074730 -0.334798 -0.618662 -0.078243 -0.324374 0.298682 -0.134014 -0.362522 0.315821 -0.076604 -0.320401 -0.181722 -0.129159 -0.289503 0.178455 -0.075564 -0.291083 0.615921 -0.077612 -0.325537 -0.173392 -0.078266 -0.285450 0.256753 -0.080247 -0.272121 0.267786 -0.078860 -0.260869 0.657369 -0.104561 -0.208891 0.772264 -0.096101 -0.154052 -0.095695 -0.076367 0.023520 -0.161715 -0.074753 0.029136 -0.171310 -0.075996 0.038924 0.161904 -0.075585 0.034091 -0.168916 -0.080140 0.033995 0.137161 -0.078696 0.169393 -0.139313 -0.079305 0.170403 0.177995 -0.089905 0.293836 -0.178970 -0.072616 0.306171 0.263083 -0.132145 0.561116 -0.305128 -0.096250 0.610278 0.303198 -0.096412 0.610049 0.073431 -0.077919 0.648715 -0.207450 -0.129880 0.631267 0.109390 -0.090774 0.745783 -0.099275 -0.082982 0.798019 -0.015829 -0.114431 0.934483 -0.326500 -0.141673 -0.944928 -0.459941 -0.089374 -0.950059 0.457774 -0.086799 -0.949051 -0.470659 -0.086551 -0.934077 0.471377 -0.090436 -0.931309 0.451814 -0.092095 -0.861985 -0.454131 -0.092486 -0.862099 0.235178 -0.091596 -0.773712 -0.274118 -0.089314 -0.747841 -0.206182 -0.099680 -0.720912 -0.305664 -0.105513 -0.710373 0.195367 -0.093738 -0.623260 0.253156 -0.089158 -0.455308 0.263472 -0.085739 -0.450055 -0.167493 -0.084738 -0.400617 0.686841 -0.100636 -0.326400 0.703048 -0.105519 -0.320929 -0.162513 -0.087405 -0.351790 0.164117 -0.090253 -0.351018 0.599269 -0.082022 -0.317749 0.642454 -0.085561 -0.280398 -0.644728 -0.085948 -0.279643 -0.601282 -0.081487 -0.315052 -0.177015 -0.077918 -0.292076 0.174854 -0.088304 -0.273321 -0.254467 -0.078571 -0.267105 0.255996 -0.085812 -0.266020 0.749507 -0.102493 -0.258631 0.656812 -0.086329 -0.149917 -0.656732 -0.101271 -0.199636 -0.666190 -0.083228 -0.140312 0.575186 -0.118809 0.010041 0.133115 -0.088531 0.009873 -0.114916 -0.083784 0.007604 0.105724 -0.090100 0.037877 0.601732 -0.088303 0.005440 0.157120 -0.079048 0.024514 -0.674661 -0.104972 0.038118 -0.102441 -0.079510 0.702752 0.097186 -0.082739 0.798912 0.240420 -0.083392 -0.772205 0.272358 -0.089544 -0.747988 0.295460 -0.086134 -0.717050 0.303723 -0.105978 -0.709415 -0.268396 -0.081207 -0.616176 -0.262854 -0.079767 -0.599664 -0.278963 -0.100662 -0.606994 -0.186358 -0.101264 -0.481673 0.201603 -0.089124 -0.452952 0.249450 -0.098132 -0.445564 -0.276329 -0.090715 -0.440158 0.273487 -0.077599 -0.441452 0.273533 -0.084032 -0.436477 0.266888 -0.084818 -0.439689 0.282508 -0.075830 -0.437737 0.277516 -0.086241 -0.438652 0.284436 -0.089308 -0.442258 0.295858 -0.083360 -0.434111 -0.298756 -0.083328 -0.432627 -0.294336 -0.090732 -0.431825 -0.153751 -0.087361 -0.396104 -0.658545 -0.099565 -0.357043 0.619192 -0.088558 -0.339949 -0.601398 -0.094548 -0.338999 -0.578993 -0.108784 -0.295765 -0.612793 -0.109459 -0.262838 0.611007 -0.109335 -0.263129 0.630341 -0.099371 -0.269551 -0.268859 -0.086836 -0.267836 0.249471 -0.087197 -0.269049 0.239017 -0.088778 -0.262632 -0.658976 -0.104495 -0.209341 -0.769818 -0.114181 -0.097740 -0.166464 -0.118698 -0.172968 -0.277219 -0.112037 -0.208434 -0.231368 -0.096571 0.022882 -0.595216 -0.093775 0.011110 -0.131191 -0.086460 0.008437 -0.607612 -0.092125 0.005992 -0.156547 -0.083410 0.019969 0.098232 -0.085514 0.032174 -0.174997 -0.080064 0.309051 0.075122 -0.083974 0.644293 -0.111532 -0.090537 0.745730 0.185588 -0.135339 -0.918777 -0.237073 -0.091528 -0.773858 -0.274491 -0.099902 -0.721101 -0.286310 -0.086790 -0.649949 -0.288063 -0.085432 -0.670663 -0.279861 -0.080427 -0.642509 -0.271541 -0.080014 -0.623798 -0.268927 -0.085992 -0.631995 -0.254208 -0.091900 -0.607868 -0.259145 -0.081087 -0.577242 0.265962 -0.079385 -0.611162 0.259155 -0.081260 -0.577108 0.228452 -0.098887 -0.489599 0.245860 -0.087822 -0.511334 0.246835 -0.086023 -0.535954 0.276659 -0.100117 -0.606925 -0.243218 -0.089931 -0.486277 0.243424 -0.091083 -0.487749 -0.253213 -0.097443 -0.463603 -0.251568 -0.095675 -0.446412 -0.279260 -0.089706 -0.446757 -0.276074 -0.078557 -0.441491 0.274318 -0.090800 -0.439451 -0.282181 -0.088920 -0.437079 0.686305 -0.101857 -0.334165 -0.627177 -0.092598 -0.343814 0.599376 -0.094629 -0.339380 0.187303 -0.087031 -0.280447 -0.633037 -0.098775 -0.268908 -0.752406 -0.101969 -0.258746 -0.624788 -0.109704 -0.257844 -0.236171 -0.083298 -0.268229 0.244040 -0.087751 -0.269625 0.203145 -0.087796 -0.272610 0.272558 -0.113013 -0.211344 -0.666164 -0.106118 -0.132116 -0.033677 -0.106037 -0.042133 -0.137831 -0.112879 -0.011755 0.592734 -0.093794 0.011017 -0.107856 -0.088427 0.034739 -0.103359 -0.094330 0.041438 -0.143569 -0.093182 0.019242 -0.132236 -0.088886 0.167127 0.131952 -0.091502 0.170775 0.135158 -0.087860 0.165357 0.119163 -0.122290 0.146014 0.174373 -0.086546 0.304433 0.170211 -0.081198 0.307731 0.167796 -0.088825 0.313236 0.438448 -0.119442 0.628988 -0.076609 -0.080038 0.648482 -0.110104 -0.102081 0.716547 -0.102968 -0.090242 0.750329 -0.103227 -0.111315 0.812440 -0.187452 -0.131675 -0.918811 -0.192984 -0.157810 -0.841948 0.204246 -0.099509 -0.721051 0.285800 -0.084887 -0.671397 0.278877 -0.096783 -0.694673 0.277979 -0.080847 -0.641231 -0.197774 -0.093927 -0.631302 0.269635 -0.079886 -0.623611 0.184094 -0.101246 -0.481356 -0.255839 -0.082849 -0.559973 -0.230319 -0.099103 -0.489760 -0.248523 -0.086249 -0.515611 0.655983 -0.097973 -0.359627 -0.692413 -0.100571 -0.326553 0.284402 -0.123742 -0.274034 -0.227833 -0.086779 -0.271796 0.234870 -0.090629 -0.270446 -0.169307 -0.121450 -0.222955 0.538976 -0.092781 -0.192023 0.505297 -0.122242 -0.180890 0.548332 -0.093488 -0.145878 -0.570650 -0.105777 -0.135958 -0.596689 -0.120601 -0.144103 -0.551957 -0.099655 -0.133467 0.663113 -0.106699 -0.131729 0.608632 -0.109775 -0.136929 -0.520406 -0.121202 -0.094640 0.136050 -0.111451 -0.009008 -0.149017 -0.091697 0.010553 0.675397 -0.104463 0.038380 -0.158491 -0.093968 0.317834 -0.165405 -0.087339 0.312581 -0.155809 -0.090494 0.311809 -0.033125 -0.091812 0.633516 -0.011894 -0.095224 0.620947 -0.028228 -0.086444 0.632651 0.026317 -0.086500 0.632216 -0.028282 -0.092447 0.640173 0.031505 -0.095163 0.636874 0.208616 -0.129022 0.630762 -0.068613 -0.118562 0.651106 -0.079902 -0.120116 0.705710 0.107377 -0.102196 0.713413 -0.091662 -0.115890 0.792879 0.272734 -0.100635 -0.717847 -0.256272 -0.107420 -0.481867 0.251861 -0.106846 -0.485035 -0.638490 -0.103322 -0.342061 -0.283169 -0.122985 -0.272724 -0.762620 -0.099217 -0.147500 0.551028 -0.099168 -0.132350 0.579090 -0.111643 -0.140965 0.103596 -0.103028 0.052070 0.139141 -0.118165 0.057604 0.117440 -0.098408 0.161046 0.005864 -0.098380 0.617420 -0.016667 -0.109919 0.630201 -0.028504 -0.102810 0.634769 0.026596 -0.102750 0.631902 0.064571 -0.103927 0.645275 0.096984 -0.101376 0.738706 -0.083979 -0.117712 0.730692 -0.497150 -0.166092 -0.931026 -0.194033 -0.140237 -0.377760 0.635485 -0.103411 -0.343073 0.575113 -0.120597 -0.317290 0.746278 -0.109145 -0.268061 0.618784 -0.112762 -0.261053 0.167358 -0.121931 -0.220021 0.625562 -0.106390 -0.249068 -0.537514 -0.109791 -0.234569 -0.565941 -0.125697 -0.244972 -0.538330 -0.094324 -0.192212 0.534875 -0.111646 -0.237691 0.589228 -0.117921 -0.203343 0.667323 -0.142160 -0.192865 -0.550296 -0.095191 -0.142491 -0.519726 -0.122322 -0.131360 0.759807 -0.103121 -0.149503 -0.758373 -0.099327 -0.136430 -0.758499 -0.111641 -0.128947 -0.646995 -0.110469 -0.013281 0.616808 -0.099580 -0.000094 -0.102803 -0.109069 0.050483 0.101980 -0.117802 0.061476 -0.106472 -0.126255 0.094657 -0.121115 -0.121981 0.146293 -0.118617 -0.098384 0.161488 -0.113270 -0.103470 0.170962 0.113281 -0.106051 0.177045 -0.138874 -0.113444 0.314732 0.154885 -0.090688 0.313729 0.144303 -0.098908 0.317949 -0.140922 -0.105898 0.327129 -0.137654 -0.102114 0.319683 0.135333 -0.103698 0.326095 0.014146 -0.110340 0.629479 -0.064130 -0.098048 0.641691 -0.440838 -0.119372 0.625780 -0.074464 -0.142101 0.622592 0.068764 -0.114936 0.651295 0.081202 -0.114062 0.702104 0.092235 -0.114170 0.790148 -0.082209 -0.118210 0.805476 0.082569 -0.107242 0.800933 0.101430 -0.111369 0.812569 0.070612 -0.113030 0.930149 0.245353 -0.140444 -0.385068 -0.577280 -0.120426 -0.317353 0.577526 -0.109249 -0.295996 -0.505765 -0.124910 -0.181004 0.595887 -0.117818 -0.156845 -0.597894 -0.117930 -0.153751 0.759922 -0.122879 -0.134375 0.595080 -0.121333 -0.144475 0.756373 -0.108588 -0.133630 0.635947 -0.106927 -0.008218 0.647649 -0.109975 -0.012014 0.111696 -0.106666 0.171464 -0.086336 -0.126415 0.185292 -0.074532 -0.136967 0.235016 -0.082452 -0.161729 0.358876 0.135213 -0.105692 0.320106 -0.214408 -0.162639 0.405579 -0.062402 -0.107413 0.636357 -0.355348 -0.111082 0.676368 0.353243 -0.110494 0.679683 0.399513 -0.115639 -0.941891 -0.247321 -0.136679 -0.391968 -0.619174 -0.120084 -0.353859 0.614321 -0.119856 -0.353868 0.666620 -0.107033 -0.313181 -0.668256 -0.106441 -0.314037 0.680230 -0.111107 -0.308696 -0.589169 -0.115118 -0.203467 -0.754066 -0.116661 -0.220148 0.749644 -0.118824 -0.222671 -0.638998 -0.101825 -0.112190 -0.641696 -0.117324 -0.095452 0.641041 -0.116637 -0.099267 0.517689 -0.121164 -0.097563 -0.576648 -0.116394 0.010145 0.639282 -0.124172 -0.004630 -0.141154 -0.118153 0.057650 -0.128500 -0.110064 0.331485 -0.125541 -0.110347 0.322999 0.212466 -0.164180 0.409023 -0.004259 -0.112417 0.603447 0.003313 -0.114720 0.600170 0.012379 -0.119908 0.623018 -0.060513 -0.111417 0.641957 0.055745 -0.109531 0.638735 0.484637 -0.167469 -0.946203 -0.426387 -0.120653 -0.941978 -0.405867 -0.115986 -0.941772 0.420626 -0.107219 -0.941138 0.479518 -0.159737 -0.869505 0.441123 -0.121546 -0.828669 -0.297537 -0.137582 -0.361825 -0.686068 -0.110093 -0.308495 0.666680 -0.133200 -0.313627 -0.728728 -0.109743 -0.251414 0.627197 -0.145856 -0.253070 0.723613 -0.115326 -0.258290 0.730868 -0.109808 -0.245081 0.564123 -0.126073 -0.244002 -0.514861 -0.125748 -0.234160 -0.669568 -0.141686 -0.192723 -0.612963 -0.161764 -0.123464 -0.527953 -0.128533 -0.117850 -0.102611 -0.130119 0.080569 0.116869 -0.129201 0.161551 0.094548 -0.112322 0.172969 -0.091872 -0.151773 0.293749 0.115544 -0.113563 0.328273 0.126694 -0.109654 0.331743 0.063278 -0.141517 0.705069 -0.088117 -0.120437 0.710132 0.077646 -0.122808 0.723914 0.415714 -0.128636 -0.947259 -0.480052 -0.156041 -0.866329 0.631916 -0.127201 -0.350977 0.191886 -0.140392 -0.377860 -0.537102 -0.121224 -0.244250 -0.672547 -0.141455 -0.205390 0.513009 -0.125588 -0.234038 -0.676624 -0.121256 -0.121604 -0.762159 -0.122378 -0.134405 0.610817 -0.161661 -0.123620 0.516669 -0.124804 -0.131050 0.745475 -0.116709 -0.118135 -0.738210 -0.121312 -0.114823 0.525903 -0.125858 -0.117787 0.665689 -0.133381 -0.097401 -0.641036 -0.127333 -0.005063 0.631134 -0.149928 -0.005788 -0.118548 -0.129224 0.161375 0.084362 -0.128358 0.188034 -0.115427 -0.117831 0.327660 0.224012 -0.178340 0.518462 -0.014535 -0.121292 0.621640 0.009562 -0.126168 0.612017 -0.068767 -0.137538 0.693145 0.086318 -0.120672 0.710347 0.071613 -0.117244 0.792396 0.070191 -0.140224 0.881302 -0.417433 -0.128692 -0.947284 -0.432655 -0.126678 -0.854521 -0.634031 -0.127332 -0.351269 -0.673052 -0.131096 -0.312199 0.587125 -0.145359 -0.297136 0.623950 -0.141843 -0.265648 -0.625784 -0.141607 -0.265633 0.727211 -0.134166 -0.242340 0.519870 -0.140000 -0.242605 0.670441 -0.141501 -0.205713 0.748584 -0.141861 -0.215546 -0.751200 -0.141552 -0.215553 -0.664348 -0.131611 -0.100320 -0.713368 -0.140686 -0.074931 0.097842 -0.133116 0.080886 0.105474 -0.125422 0.092741 -0.084979 -0.116157 0.173317 -0.078179 -0.120294 0.184816 0.080146 -0.116849 0.180192 0.099393 -0.133424 0.329207 0.119567 -0.141712 0.343734 -0.109513 -0.121383 0.339941 -0.226457 -0.177322 0.521455 -0.045685 -0.129305 0.623599 -0.047334 -0.122793 0.633336 0.042963 -0.121820 0.627869 0.001940 -0.128478 0.884256 -0.005280 -0.130961 0.881422 0.432926 -0.124989 -0.854297 0.292362 -0.138490 -0.361740 -0.593296 -0.149850 -0.332529 -0.666226 -0.133901 -0.321073 -0.681201 -0.137947 -0.308620 0.679504 -0.137597 -0.308724 -0.585287 -0.142322 -0.300321 -0.629560 -0.146154 -0.253128 0.595990 -0.165395 -0.149813 0.639168 -0.137886 -0.084917 0.711426 -0.141453 -0.077468 -0.523158 -0.162512 -0.087311 -0.633225 -0.149432 -0.005947 0.072395 -0.136353 0.230849 -0.105182 -0.122237 0.330679 0.104113 -0.121039 0.338221 0.103308 -0.121433 0.331599 -0.037120 -0.141340 0.632316 -0.069064 -0.145733 0.815163 -0.072238 -0.140280 0.881187 -0.442280 -0.150903 -0.941817 -0.342905 -0.143501 -0.939762 0.439519 -0.155389 -0.940461 0.418729 -0.138686 -0.845346 -0.420616 -0.139109 -0.845386 -0.225685 -0.164978 -0.820471 0.336322 -0.190984 -0.833747 -0.727070 -0.139329 -0.258030 0.557109 -0.158077 -0.248380 0.724903 -0.141355 -0.255447 -0.513880 -0.154551 -0.234745 0.673481 -0.126063 -0.127185 0.685697 -0.127237 -0.113299 0.728246 -0.125187 -0.110341 0.650960 -0.125826 -0.073483 -0.063734 -0.125065 0.179175 0.058493 -0.128550 0.180296 -0.065795 -0.128439 0.222958 0.063787 -0.127141 0.218230 -0.101171 -0.133578 0.328843 -0.096656 -0.125705 0.336382 0.035049 -0.141463 0.631998 -0.054318 -0.141663 0.781526 0.018272 -0.127032 0.778736 0.033889 -0.122512 0.781987 0.018345 -0.122597 0.796537 0.045260 -0.126010 0.786493 -0.037899 -0.136559 0.800452 0.069988 -0.144037 0.812750 0.014101 -0.144192 0.884526 0.341114 -0.143426 -0.940152 -0.487385 -0.167263 -0.945263 0.451264 -0.170352 -0.857117 -0.338429 -0.188749 -0.831586 0.591129 -0.149792 -0.332619 -0.729018 -0.134335 -0.242735 -0.562403 -0.157494 -0.247608 -0.521948 -0.139948 -0.242537 -0.712165 -0.144975 -0.110169 0.711105 -0.144472 -0.108262 -0.654788 -0.125304 -0.062663 0.027632 -0.157742 0.006411 0.059220 -0.163016 0.076527 -0.072901 -0.161271 0.157506 0.035568 -0.132172 0.174770 -0.094289 -0.134507 0.348165 0.087033 -0.130733 0.346338 -0.005633 -0.133282 0.545293 0.010496 -0.149815 0.549184 -0.034819 -0.129383 0.624864 0.034803 -0.128518 0.625498 0.072559 -0.144778 0.619979 0.058348 -0.152004 0.743477 0.030963 -0.136383 0.762597 0.052994 -0.141829 0.781467 -0.046877 -0.134674 0.786411 0.431349 -0.139895 -0.860986 -0.427702 -0.135333 -0.857967 0.588638 -0.166359 -0.203198 -0.522145 -0.166658 -0.127126 -0.712985 -0.132798 -0.102233 0.701928 -0.133235 -0.107232 -0.006568 -0.142670 0.168229 -0.038143 -0.138503 0.180889 0.058070 -0.141178 0.185689 -0.060461 -0.140678 0.185630 0.057787 -0.131769 0.225886 0.064282 -0.132126 0.250715 -0.055644 -0.133904 0.233783 -0.065735 -0.132181 0.250846 0.073631 -0.139653 0.309285 -0.065839 -0.141442 0.360362 -0.010990 -0.153671 0.537457 -0.060546 -0.151746 0.743474 0.036726 -0.136069 0.766108 -0.015895 -0.139306 0.789226 -0.021006 -0.131029 0.784905 -0.025180 -0.133254 0.785703 -0.023558 -0.130131 0.792245 0.015530 -0.143730 0.788432 -0.004781 -0.132493 0.815034 0.002038 -0.132208 0.814752 -0.013651 -0.143986 0.881623 0.342665 -0.156382 -0.946726 0.442178 -0.209407 -0.945105 0.495570 -0.163241 -0.931103 -0.436530 -0.152423 -0.859735 -0.444669 -0.171780 -0.859635 -0.665309 -0.137685 -0.309471 0.513039 -0.157278 -0.234545 -0.589065 -0.169294 -0.203239 -0.597376 -0.160978 -0.136178 -0.527840 -0.157646 -0.113681 -0.032992 -0.157417 0.010111 0.000902 -0.140485 0.176048 0.070779 -0.161188 0.157677 -0.058933 -0.149983 0.216773 0.058013 -0.149839 0.213544 0.046982 -0.155252 0.230626 0.068455 -0.136578 0.273865 0.089754 -0.151658 0.296358 -0.068993 -0.137351 0.274979 -0.081728 -0.136497 0.312373 -0.079515 -0.135434 0.325035 0.073917 -0.137462 0.348700 0.073331 -0.161493 0.363376 0.069994 -0.145793 0.360023 -0.073722 -0.141914 0.358606 0.003348 -0.162105 0.486579 0.035236 -0.134529 0.714455 0.047405 -0.140756 0.711599 0.035284 -0.135123 0.725230 -0.042326 -0.139919 0.762261 -0.016009 -0.137827 0.804590 0.013818 -0.137190 0.803745 -0.014720 -0.148221 0.815681 -0.467292 -0.185330 -0.945339 -0.344605 -0.156493 -0.946832 -0.211295 -0.151602 -0.934267 -0.453237 -0.166989 -0.856295 -0.635511 -0.165302 -0.292220 0.600126 -0.162502 -0.325313 0.633412 -0.165599 -0.292435 0.506713 -0.166136 -0.180794 0.520457 -0.166668 -0.126548 0.595654 -0.158609 -0.140795 -0.701753 -0.162508 -0.196550 0.525579 -0.157637 -0.113481 0.000842 -0.150883 0.181356 0.067389 -0.171037 0.301655 0.063852 -0.141448 0.360488 0.025593 -0.145591 0.714930 0.039149 -0.144220 0.732936 0.033152 -0.148772 0.773864 0.014171 -0.148675 0.813082 -0.221920 -0.151346 -0.942097 -0.326764 -0.155602 -0.933801 0.316415 -0.150568 -0.937668 0.209268 -0.151838 -0.934279 -0.601186 -0.162782 -0.322575 -0.697862 -0.156138 -0.215821 0.695196 -0.155859 -0.215930 0.699798 -0.162478 -0.196368 -0.509325 -0.165975 -0.177333 0.521523 -0.164168 -0.089787 -0.064354 -0.161714 0.076668 -0.048174 -0.155903 0.234791 -0.072559 -0.169726 0.305273 -0.072116 -0.141322 0.290570 0.065416 -0.145333 0.364262 -0.070105 -0.146223 0.363257 -0.061497 -0.144991 0.370162 -0.057244 -0.143848 0.367533 0.058702 -0.147295 0.374661 -0.041953 -0.139482 0.714114 0.030858 -0.161191 0.733426 -0.039408 -0.144688 0.743240 0.466422 -0.185123 -0.945442 0.208721 -0.158606 -0.895500 -0.648259 -0.166155 -0.277703 0.539377 -0.169597 -0.242136 0.685159 -0.165443 -0.225789 -0.583173 -0.193958 -0.102731 -0.043934 -0.147069 0.383924 0.040447 -0.148786 0.379789 -0.032656 -0.147692 0.384062 -0.032273 -0.149010 0.389592 -0.014653 -0.144449 0.386216 0.012376 -0.147548 0.385602 0.035031 -0.161406 0.376663 0.030031 -0.148080 0.387997 0.017784 -0.147951 0.394645 -0.012988 -0.161632 0.405087 0.002843 -0.153878 0.429187 -0.004990 -0.154012 0.429095 0.087927 -0.194932 0.509575 0.031975 -0.172401 0.706814 -0.036117 -0.171868 0.704297 -0.032180 -0.156471 0.719035 -0.024478 -0.161874 0.786359 0.329162 -0.164391 -0.936160 0.202333 -0.171052 -0.930931 0.220030 -0.167528 -0.947773 -0.210917 -0.154559 -0.911274 0.441677 -0.171873 -0.859373 -0.646326 -0.158974 -0.285724 0.641638 -0.160636 -0.283867 -0.687227 -0.165182 -0.225563 -0.038205 -0.160879 0.374366 -0.052192 -0.169091 0.388699 0.046018 -0.168530 0.391084 0.012741 -0.161280 0.402580 -0.005483 -0.160677 0.494036 -0.090096 -0.194649 0.509486 0.022119 -0.159408 0.787667 -0.456149 -0.190175 -0.937230 -0.317666 -0.165365 -0.947076 -0.222330 -0.164155 -0.947654 0.319020 -0.168711 -0.946422 -0.204691 -0.167502 -0.933714 -0.211031 -0.162101 -0.875670 -0.436194 -0.186429 -0.846305 -0.636680 -0.154504 -0.276697 0.010408 -0.180979 0.497554 0.000305 -0.161749 0.729072 -0.028019 -0.172281 0.771161 -0.366698 -0.236285 -0.945689 -0.444185 -0.206348 -0.946219 0.210594 -0.166338 -0.860552 0.223540 -0.167152 -0.822719 -0.544322 -0.169970 -0.242496 -0.006185 -0.162920 0.381645 0.364522 -0.233364 -0.946922 0.446564 -0.179478 -0.940040 -0.210872 -0.175197 -0.861969 -0.211912 -0.166107 -0.857121 -0.230053 -0.172526 -0.846462 0.434367 -0.186267 -0.846299 -0.353639 -0.185783 -0.846321 0.351355 -0.185819 -0.846527 0.649062 -0.167687 -0.275035 0.556940 -0.191157 -0.191854 0.580188 -0.194213 -0.105835 -0.002858 -0.171453 0.150928 0.000623 -0.170355 0.239107 -0.013032 -0.182089 0.448045 0.025834 -0.172710 0.770848 0.331506 -0.237653 -0.947284 0.336265 -0.198979 -0.936320 0.228136 -0.172451 -0.846247 0.566027 -0.188910 -0.138424 0.568333 -0.183440 -0.130278 -0.002883 -0.171635 0.340485 0.011055 -0.182006 0.447838 -0.012276 -0.181621 0.494463 -0.002944 -0.170281 0.689574 -0.337633 -0.199144 -0.936393 0.453654 -0.184449 -0.866562 -0.556543 -0.191202 -0.192062 -0.567977 -0.188779 -0.138462 0.095818 -0.197426 0.416685 -0.333497 -0.237839 -0.947205 -0.475640 -0.191076 -0.930655 0.473536 -0.190971 -0.930640 -0.462988 -0.184111 -0.870494 -0.455547 -0.184260 -0.866215 -0.321595 -0.191171 -0.847157 0.319703 -0.190336 -0.846907 -0.571351 -0.183206 -0.128294 -0.097672 -0.197733 0.416675 -0.342799 -0.217665 -0.935444 0.456730 -0.194085 -0.930579 -0.233095 -0.240963 -0.946312 -0.241254 -0.229253 -0.850420 -0.458610 -0.194385 -0.930705 0.444224 -0.204805 -0.858706 0.337230 -0.189297 -0.862401 -0.338325 -0.189047 -0.862404 0.361166 -0.221502 -0.849958 0.231381 -0.240925 -0.946537 0.220745 -0.243621 -0.866072 0.324021 -0.233640 -0.847621 -0.446731 -0.220354 -0.931204 -0.440902 -0.208078 -0.858493 0.216326 -0.248353 -0.930469 0.345123 -0.226266 -0.936443 -0.344615 -0.234925 -0.870439 0.343790 -0.234326 -0.869811 -0.325587 -0.233646 -0.847329 0.242631 -0.229142 -0.849845 0.444567 -0.220621 -0.930949 -0.222778 -0.243596 -0.866327 0.362973 -0.239416 -0.858980 -0.365092 -0.239356 -0.858820 -0.218197 -0.248323 -0.930368 0.348784 -0.237598 -0.930081 -0.370103 -0.247816 -0.930648 -0.350918 -0.237489 -0.930132 0.365407 -0.247547 -0.930957 0.327677 -0.256382 -0.861363 -0.328732 -0.255639 -0.858902 0.327693 -0.262037 -0.929877 -0.329240 -0.262272 -0.930180 -0.244643 -0.255891 -0.933512 0.242712 -0.256089 -0.933667</float_array>
          <technique_common>
            <accessor count="2953" source="#Mesh1.0-lib-Position-array" stride="3">
              <param name="X" type="float"/>
              <param name="Y" type="float"/>
              <param name="Z" type="float"/>
            </accessor>
          </technique_common>
        </source>
        <source id="Mesh1.0-lib-Normal0" name="normal">
          <float_array id="Mesh1.0-lib-Normal0-array" count="9402"> 0.000810 -0.122401 0.992480 0.000865 -0.498655 -0.866800 0.001297 0.228403 0.973566 0.001373 0.984044 0.177918 0.002008 -0.348589 -0.937274 0.003650 0.993102 0.117194 0.004283 0.901528 -0.432700 0.007207 -0.415484 0.909572 0.007627 -0.633131 -0.774008 0.007766 -0.988251 -0.152643 0.008116 -0.740060 0.672492 0.008145 -0.955031 -0.296393 0.013268 -0.950586 0.310177 0.014658 -0.934457 -0.355775 0.017437 -0.724778 -0.688762 0.019545 -0.990800 -0.133918 0.028150 0.765376 -0.642968 0.033817 -0.363788 -0.930868 0.033906 -0.323865 -0.945496 0.033942 -0.323672 -0.945560 0.035375 0.119976 0.992146 0.035418 -0.582327 0.812183 0.037299 -0.059506 -0.997531 0.045561 -0.816809 0.575107 0.046111 -0.706221 -0.706488 0.048730 -0.828944 -0.557205 0.056426 -0.847385 0.527973 0.058732 0.949651 0.307754 0.062177 -0.677377 0.733003 0.064235 0.962213 -0.264614 0.066858 0.991666 0.110127 0.066869 -0.694203 -0.716667 0.069013 0.609658 -0.789655 0.074682 -0.968853 -0.236107 0.076404 -0.748223 -0.659033 0.078812 -0.994588 -0.067698 0.080189 0.078919 0.993651 0.082292 -0.778816 0.621831 0.091578 -0.141290 -0.985723 0.092798 -0.762024 -0.640864 0.097071 0.827004 0.553752 0.104293 0.747514 0.656007 0.114815 0.928354 0.353521 0.117057 -0.015084 -0.993011 0.117156 -0.270171 0.955658 0.125506 -0.556375 -0.821398 0.136500 0.983071 -0.122225 0.138884 0.016398 0.990173 0.139399 -0.136700 0.980755 0.157265 0.930052 -0.332071 0.167078 0.288423 0.942813 0.169615 0.695903 -0.697817 0.170029 -0.140458 -0.975378 0.172877 0.961622 0.213065 0.180761 0.421390 0.888682 0.184881 -0.241870 -0.952532 0.185510 0.475571 0.859894 0.188960 0.121044 -0.974496 0.190829 -0.333858 0.923105 0.191970 -0.980071 0.051063 0.196712 0.380461 -0.903634 0.199434 -0.340321 -0.918917 0.202114 0.893414 -0.401201 0.216805 -0.869712 0.443393 0.219825 0.841108 0.494180 0.221548 -0.901818 -0.371000 0.222608 0.165700 -0.960723 0.232966 -0.560099 0.794994 0.233088 0.556923 0.797187 0.245498 0.715741 -0.653794 0.246073 0.587387 -0.770990 0.248220 0.934704 0.254390 0.251209 0.286453 0.924575 0.254793 -0.205145 0.944985 0.255004 -0.700485 0.666554 0.264210 0.124713 -0.956368 0.264626 -0.962589 -0.058264 0.267620 0.903686 0.334263 0.271805 0.186588 -0.944091 0.278506 0.372802 0.885129 0.281514 -0.899976 -0.332856 0.283951 0.153579 -0.946460 0.284799 -0.118302 0.951259 0.292151 0.933272 -0.208928 0.301469 -0.143770 0.942574 0.304270 0.504074 0.808288 0.307221 -0.924096 -0.227292 0.307369 0.654704 0.690570 0.311996 -0.826202 -0.469094 0.319904 0.556534 0.766767 0.320916 -0.606613 0.727347 0.328915 0.793787 -0.511584 0.331995 0.891775 0.307436 0.341815 -0.027525 0.939364 0.343251 0.423433 -0.838381 0.349597 0.885280 -0.306694 0.360017 -0.716896 -0.597032 0.360089 0.931087 -0.058420 0.371616 -0.927581 -0.038660 0.372958 -0.577327 0.726358 0.373438 0.013840 -0.927552 0.390570 -0.640111 -0.661599 0.393564 0.503738 -0.768997 0.403718 -0.620066 0.672703 0.405227 0.005132 0.914202 0.413915 -0.835498 0.361410 0.416699 0.067351 0.906546 0.427603 0.838319 0.338198 0.433232 -0.900489 -0.037820 0.437660 -0.116320 -0.891585 0.444509 -0.660203 -0.605428 0.445404 0.595895 0.668225 0.447033 0.884918 0.130697 0.447383 -0.813578 0.371401 0.448390 0.882888 -0.139484 0.449171 0.877446 -0.168326 0.451616 0.573689 0.683319 0.455706 0.885455 0.091116 0.458226 -0.665663 -0.589001 0.458367 0.879572 -0.127488 0.468505 0.089993 0.878866 0.469312 0.219720 0.855260 0.482918 -0.129617 0.866020 0.486204 0.697994 0.525747 0.486413 -0.686691 0.540239 0.489279 -0.866605 -0.097991 0.491205 -0.816122 0.304405 0.493203 -0.869629 -0.022266 0.494068 0.809280 0.317746 0.494493 0.275925 -0.824222 0.496111 -0.735708 0.461093 0.504269 -0.594323 0.626493 0.514528 0.837357 0.184644 0.520781 -0.833802 -0.183197 0.524825 0.652307 -0.546859 0.531143 -0.382315 0.756123 0.532234 -0.811780 0.240290 0.532675 -0.838091 -0.117734 0.540116 0.645570 0.539920 0.544888 0.757531 -0.359504 0.546223 -0.726800 0.416416 0.567618 0.671522 0.476306 0.582423 -0.802604 -0.128880 0.585299 0.452772 -0.672624 0.590055 -0.526061 -0.612450 0.590128 -0.527361 -0.611260 0.593649 0.240568 0.767924 0.596121 0.483015 -0.641355 0.612687 -0.790180 0.015198 0.617386 0.560496 0.551977 0.626173 -0.182609 -0.757998 0.630682 0.444801 0.635918 0.647656 0.525980 -0.551259 0.649093 -0.500434 -0.572927 0.649665 -0.567744 -0.505571 0.651461 -0.758538 0.014785 0.655891 0.599905 0.458172 0.657913 -0.749958 -0.068654 0.659196 0.324174 0.678507 0.669224 -0.718066 -0.191104 0.671699 0.388719 0.630649 0.678517 -0.557121 -0.478781 0.686733 -0.378792 -0.620415 0.687293 0.552121 0.472008 0.689095 -0.699079 -0.190885 0.694268 0.057824 -0.717390 0.695053 0.016310 0.718774 0.708178 0.663736 -0.240705 0.719234 0.400598 -0.567648 0.721697 -0.670927 -0.170323 0.726299 -0.596477 0.341621 0.736797 0.616322 -0.277989 0.737157 0.415902 -0.532565 0.747795 0.656690 -0.097784 0.756134 -0.589482 -0.284206 0.760372 0.182640 -0.623280 0.772698 0.628177 0.091278 0.776003 -0.566069 0.278181 0.777601 0.156894 0.608868 0.779434 0.381221 0.497146 0.780397 -0.547612 0.301829 0.790095 -0.068382 -0.609158 0.794966 -0.511775 0.325755 0.807086 0.314547 0.499672 0.812855 0.403199 0.420353 0.814313 0.574591 0.082092 0.814798 0.418768 0.400921 0.816615 -0.499882 0.288546 0.826035 -0.030002 -0.562820 0.829570 0.557303 -0.035030 0.833907 -0.546528 0.076851 0.839124 -0.515808 -0.172666 0.843565 0.528575 0.094901 0.859800 0.299074 0.413882 0.865433 -0.492090 0.094197 0.873285 0.484209 -0.053984 0.882191 0.244907 0.402193 0.886614 0.400620 -0.231124 0.887500 0.202619 -0.413872 0.896339 -0.434306 -0.089190 0.907490 -0.075306 0.413268 0.916137 -0.092731 0.389992 0.924569 0.301583 -0.232853 0.927811 0.350192 -0.128580 0.936280 0.323498 0.136852 0.943182 0.013883 0.331988 0.948183 0.135310 0.287473 0.949642 0.038335 -0.310984 0.960212 -0.273937 0.054331 0.961242 -0.201902 0.187749 0.965106 -0.010084 -0.261665 0.967784 -0.211905 -0.135976 0.967836 -0.170920 0.184608 0.972081 -0.101516 -0.211549 0.975979 -0.129013 0.175557 0.977497 0.155836 0.142181 0.979898 0.105963 0.169032 0.982740 0.088395 0.162508 0.985439 0.069300 -0.155264 0.986326 -0.105157 0.126896 0.997568 0.045867 -0.052487 0.998722 0.019938 -0.046442 -0.001314 -0.996971 -0.077759 -0.001316 -0.996969 -0.077788 -0.001400 -0.942047 -0.335477 -0.001654 -0.996957 -0.077937 -0.001701 -0.996969 -0.077781 -0.003745 0.999391 0.034697 -0.007507 -0.896262 0.443461 -0.008863 0.441180 -0.897375 -0.010297 0.884090 0.467203 -0.010663 -0.502921 0.864267 -0.012766 -0.996065 -0.087698 -0.014795 -0.989001 0.147166 -0.015918 -0.288632 0.957308 -0.016388 -0.854608 -0.519015 -0.016998 0.551936 -0.833713 -0.017216 -0.201753 -0.979285 -0.017598 -0.005587 -0.999830 -0.018825 -0.352280 0.935705 -0.022041 -0.008774 -0.999719 -0.022156 -0.008896 -0.999715 -0.023778 -0.225701 -0.973906 -0.027253 -0.908708 -0.416542 -0.028394 -0.966973 0.253292 -0.028821 0.291598 -0.956107 -0.033640 0.995375 -0.089984 -0.034715 -0.876699 0.479785 -0.035002 0.874662 -0.483468 -0.035044 0.874685 -0.483423 -0.035884 -0.012529 0.999277 -0.039316 -0.255361 -0.966046 -0.053694 -0.524375 0.849793 -0.064507 -0.827690 -0.557466 -0.070478 -0.549623 -0.832435 -0.070505 -0.996338 0.048373 -0.072634 -0.566519 -0.820841 -0.075156 0.581619 0.809982 -0.076156 0.279241 -0.957196 -0.076521 -0.181797 -0.980354 -0.091192 0.486939 0.868662 -0.094807 0.474813 0.874965 -0.098236 -0.023905 0.994876 -0.102948 -0.974098 0.201332 -0.103244 -0.104060 0.989198 -0.107186 0.764565 -0.635572 -0.110663 -0.491118 -0.864035 -0.114194 -0.988832 -0.095766 -0.117770 0.992801 0.021818 -0.121429 -0.214531 0.969140 -0.121538 -0.009034 -0.992546 -0.124605 0.856426 0.501006 -0.129040 -0.966740 0.220820 -0.134564 -0.986435 0.094015 -0.136040 -0.950132 -0.280610 -0.142094 -0.027462 -0.989472 -0.143525 -0.404297 -0.903297 -0.145836 0.940951 0.305521 -0.151620 -0.165230 0.974531 -0.152780 -0.977097 -0.148122 -0.153453 -0.987167 -0.044207 -0.156409 -0.920344 -0.358472 -0.162086 -0.085695 -0.983049 -0.164528 -0.047922 -0.985208 -0.171404 -0.802052 -0.572130 -0.171434 0.930429 0.323902 -0.177271 0.608029 -0.773871 -0.182273 -0.791172 -0.583801 -0.187461 -0.852814 0.487408 -0.199218 0.541692 -0.816628 -0.201486 -0.178358 -0.963116 -0.201700 0.287028 0.936447 -0.212625 -0.774504 0.595763 -0.212893 0.182603 0.959861 -0.216060 -0.076101 -0.973410 -0.219265 -0.825800 -0.519593 -0.235582 -0.931496 -0.277157 -0.242316 -0.519465 0.819414 -0.247609 0.881818 -0.401357 -0.256892 -0.305097 0.917018 -0.274052 -0.178427 0.945018 -0.274880 0.907404 -0.317896 -0.284988 0.953654 -0.096569 -0.285067 -0.826228 0.485885 -0.290032 0.950089 0.114941 -0.291511 -0.116028 0.949504 -0.296923 -0.884946 0.358758 -0.298418 0.928806 -0.219697 -0.305683 -0.239353 0.921557 -0.305829 -0.239640 0.921434 -0.313139 0.153347 -0.937245 -0.315667 -0.342789 -0.884788 -0.316281 -0.426328 0.847474 -0.320481 0.035620 -0.946585 -0.320630 0.035618 -0.946535 -0.322109 -0.414828 0.850978 -0.323064 -0.943173 0.077807 -0.328709 -0.262666 0.907170 -0.334105 -0.942118 0.028079 -0.334249 0.071851 -0.939742 -0.337317 -0.118389 0.933917 -0.337671 -0.047028 0.940089 -0.345258 0.099201 0.933250 -0.346407 -0.496810 -0.795728 -0.348114 -0.896732 -0.273294 -0.351398 0.928756 -0.118033 -0.352323 0.674459 -0.648825 -0.361120 0.875272 -0.321702 -0.365007 0.645726 0.670677 -0.368909 0.116129 -0.922182 -0.373329 -0.914710 0.154696 -0.374405 -0.816781 -0.438964 -0.376429 -0.654889 0.655302 -0.379803 0.701087 -0.603512 -0.380004 0.924918 0.011106 -0.383812 -0.525330 -0.759419 -0.386140 0.226335 -0.894242 -0.402388 0.224192 -0.887593 -0.412992 -0.698028 0.584974 -0.414330 0.824619 0.385141 -0.424676 -0.889887 0.166587 -0.444402 -0.869283 0.216458 -0.450568 0.155389 0.879114 -0.450781 -0.864106 0.223867 -0.467005 -0.883317 -0.040703 -0.471123 0.345396 0.811631 -0.472886 -0.856991 0.204805 -0.473187 -0.028238 0.880509 -0.473383 0.829914 -0.295215 -0.475184 -0.270662 -0.837223 -0.482337 -0.658700 -0.577465 -0.487124 0.864042 -0.127051 -0.500187 -0.838798 0.215014 -0.501328 -0.832535 -0.235704 -0.504654 0.141086 0.851715 -0.507873 -0.834298 0.214504 -0.509759 0.328768 -0.795020 -0.511823 0.545592 -0.663601 -0.517034 0.852707 -0.074609 -0.517177 -0.837914 -0.174435 -0.517918 -0.662627 -0.541005 -0.525618 0.782116 -0.334695 -0.536462 0.061883 0.841652 -0.536951 -0.645743 -0.542862 -0.537395 0.252815 -0.804544 -0.554118 0.807020 0.204135 -0.556199 -0.614781 -0.559185 -0.558289 -0.806671 -0.193897 -0.561599 0.240738 0.791614 -0.563210 0.626145 -0.539201 -0.565253 -0.805695 -0.177044 -0.573436 -0.782814 -0.241605 -0.577304 -0.230105 0.783436 -0.577313 -0.230070 0.783439 -0.582196 -0.549228 0.599497 -0.583023 -0.559173 0.589414 -0.583910 -0.366621 0.724319 -0.583981 -0.586234 0.561512 -0.586393 -0.647682 0.486467 -0.587634 -0.023013 -0.808800 -0.598660 -0.643356 0.477180 -0.603618 -0.602482 0.522170 -0.606305 0.182540 0.773998 -0.612002 -0.773096 -0.166662 -0.612395 -0.518622 -0.596661 -0.615000 0.784898 0.075562 -0.615561 -0.047365 -0.786664 -0.615937 -0.149634 0.773454 -0.616010 -0.511320 -0.599236 -0.624986 -0.018926 0.780406 -0.631012 -0.294706 -0.717615 -0.637378 0.223134 0.737537 -0.651069 -0.586425 -0.481887 -0.683714 0.626639 0.373977 -0.685081 0.248030 -0.684942 -0.699809 0.138597 -0.700756 -0.704382 -0.709815 0.002897 -0.706307 -0.707182 0.032000 -0.708477 -0.703274 -0.058864 -0.712268 -0.635223 -0.298608 -0.728502 -0.616204 -0.299294 -0.737203 0.182381 0.650591 -0.737593 0.647255 0.192398 -0.745803 -0.585534 -0.317692 -0.747897 0.127008 0.651552 -0.747938 0.127189 0.651469 -0.753651 -0.251283 -0.607345 -0.756323 -0.651389 0.060561 -0.756607 0.653508 -0.021756 -0.759609 0.590185 0.273269 -0.760794 0.559790 -0.328372 -0.766210 -0.310995 0.562321 -0.768598 0.045644 -0.638101 -0.774836 -0.068898 -0.628397 -0.777485 0.293579 -0.556173 -0.778176 -0.050566 -0.626007 -0.780479 0.156313 -0.605325 -0.781404 -0.590856 -0.200744 -0.781769 0.569693 -0.253550 -0.781873 0.344728 -0.519459 -0.782309 0.170048 -0.599230 -0.788008 0.059333 0.612799 -0.790571 0.422405 0.443363 -0.804995 0.036988 0.592128 -0.809464 -0.560113 0.176189 -0.824317 -0.107115 -0.555902 -0.826386 -0.206005 0.524068 -0.835199 0.291148 -0.466557 -0.837712 0.094634 0.537850 -0.838212 0.174291 -0.516743 -0.846217 0.157833 -0.508925 -0.847855 0.415702 0.329141 -0.850279 0.295795 0.435351 -0.855976 -0.503041 -0.119397 -0.856445 0.184517 -0.482136 -0.866729 0.124227 0.483061 -0.867269 -0.253489 0.428472 -0.874574 0.390272 -0.287765 -0.880914 -0.272311 -0.387089 -0.883919 -0.467640 0.000797 -0.892523 0.132919 -0.430971 -0.893297 0.105222 -0.436978 -0.899980 0.187907 0.393354 -0.910555 -0.255999 -0.324583 -0.921624 0.261105 0.287113 -0.925442 0.009297 -0.378776 -0.928593 -0.343143 -0.141307 -0.935119 0.351076 -0.047942 -0.935715 -0.133107 -0.326680 -0.937402 0.144656 0.316783 -0.938677 -0.161685 0.304537 -0.943546 -0.049998 0.327446 -0.944173 -0.257382 -0.205650 -0.945407 0.057799 -0.320726 -0.945888 0.253128 0.203035 -0.946926 -0.275182 -0.166149 -0.958863 0.250554 0.133434 -0.959171 -0.027237 0.281511 -0.960446 -0.100469 -0.259711 -0.965268 -0.035110 -0.258893 -0.967433 -0.167992 -0.189343 -0.970070 0.117247 0.212644 -0.970135 0.225210 -0.090100 -0.973196 -0.220204 0.066335 -0.976232 0.187575 0.108566 -0.976844 0.122090 0.175700 -0.980871 0.156568 0.115664 -0.982912 0.095994 -0.157064 -0.985896 0.064581 0.154396 -0.994265 -0.106021 0.014020 -0.999402 -0.016294 0.030498 0.026798 0.001168 -0.999640 0.034104 0.867383 -0.496471 0.038469 -0.146212 -0.988505 0.048617 -0.899666 -0.433863 0.077063 0.836060 0.543198 0.088831 0.199507 0.975862 0.091206 -0.990223 0.105545 0.097230 -0.944930 0.312494 0.100330 0.977570 0.185179 0.105092 -0.929923 -0.352419 0.114931 0.928369 0.353443 0.115616 -0.993291 0.002431 0.128200 -0.970600 -0.203715 0.129193 -0.968055 -0.214893 0.133984 -0.987404 0.084155 0.134200 0.817428 0.560180 0.136598 0.962738 0.233403 0.136866 0.403838 0.904535 0.140931 0.774646 0.616492 0.141378 0.474591 0.868778 0.149199 0.589294 -0.794023 0.170474 0.063651 -0.983304 0.179992 -0.619450 0.764123 0.184328 -0.369382 0.910813 0.187797 0.968081 -0.165988 0.193596 0.971070 -0.139796 0.198301 0.344287 -0.917684 0.208466 -0.109010 0.971936 0.215929 -0.972627 -0.085856 0.217656 -0.948866 0.228646 0.237387 -0.893374 0.381485 0.242771 0.638502 -0.730327 0.260663 -0.169895 -0.950363 0.264805 -0.122129 -0.956537 0.267631 0.877330 -0.398329 0.268434 -0.846759 -0.459285 0.271663 0.948526 0.162781 0.275428 0.012256 -0.961244 0.278950 -0.472067 -0.836265 0.281315 -0.699569 0.656860 0.281343 -0.118982 0.952202 0.281395 -0.118997 0.952185 0.285291 -0.827972 0.482775 0.290961 0.923707 -0.249214 0.291292 0.512338 -0.807873 0.295767 -0.606379 0.738123 0.302521 -0.813348 -0.496937 0.306475 0.355508 -0.882999 0.306503 0.950126 0.057580 0.311923 -0.838254 -0.447252 0.330068 -0.333096 0.883234 0.332116 0.366714 0.869034 0.332973 0.769091 -0.545553 0.335587 -0.571146 -0.749115 0.336971 0.646197 0.684749 0.341418 -0.896781 -0.281456 0.343828 -0.894789 0.284841 0.344506 0.775025 -0.529766 0.344623 0.489987 -0.800717 0.355989 -0.679836 -0.641168 0.370656 0.897301 -0.239720 0.376134 0.677211 0.632384 0.380113 -0.454955 0.805313 0.382837 0.786926 -0.483925 0.392678 -0.761214 -0.516099 0.409542 -0.698924 -0.586328 0.410440 -0.223381 0.884104 0.428825 -0.148369 0.891121 0.429074 0.086682 -0.899100 0.433672 -0.390729 0.811948 0.448084 -0.866876 -0.218509 0.449309 0.276940 -0.849368 0.450284 -0.781782 0.431349 0.451989 0.867287 -0.208614 0.452519 0.887283 -0.089188 0.460517 -0.424675 -0.779471 0.469587 0.472321 -0.745923 0.470243 0.760453 0.447866 0.473819 -0.841621 -0.259171 0.475799 -0.876428 0.074095 0.476787 -0.170629 -0.862299 0.484856 -0.842291 -0.235500 0.522609 -0.330618 0.785857 0.525723 -0.806304 0.271089 0.526809 -0.576505 -0.624592 0.527826 0.828277 -0.188032 0.538226 -0.794013 0.282588 0.540378 -0.823551 0.172501 0.541222 -0.830883 -0.129278 0.556931 0.136237 0.819309 0.568815 0.643033 0.512795 0.592364 0.781785 0.194723 0.593063 0.697645 0.401956 0.598198 -0.433284 -0.674111 0.603485 -0.738816 -0.299929 0.609898 0.626906 -0.484782 0.614090 -0.669698 0.417610 0.615181 -0.561903 -0.553008 0.619221 0.668927 0.411220 0.619616 -0.019006 -0.784675 0.626002 -0.590539 0.509299 0.629039 -0.753749 -0.190188 0.634555 -0.283819 0.718878 0.639265 0.374971 -0.671370 0.652033 -0.274385 -0.706800 0.667991 0.077700 -0.740102 0.670516 -0.576786 0.466612 0.679593 -0.708499 -0.190217 0.683246 0.646721 0.339009 0.688713 -0.684058 -0.240290 0.723330 0.150913 -0.673810 0.725010 -0.355718 -0.589767 0.731731 -0.350216 0.584737 0.732873 -0.413842 0.540029 0.749289 -0.323775 -0.577699 0.754085 0.043988 -0.655303 0.758926 0.307884 0.573793 0.759153 -0.381038 -0.527727 0.765052 -0.642792 0.038903 0.767387 -0.640960 0.016939 0.770905 -0.401453 -0.494511 0.777145 0.278985 0.564103 0.779469 0.528752 0.335932 0.779728 -0.057103 0.623509 0.784138 -0.339686 -0.519367 0.786079 0.522539 0.330202 0.792888 -0.597799 0.118174 0.794077 0.026990 -0.607217 0.800507 -0.084404 -0.593351 0.804880 -0.519805 -0.286305 0.806278 -0.587936 0.065167 0.811876 -0.582177 -0.043891 0.812098 -0.507829 -0.287415 0.839315 -0.439891 0.319446 0.842742 -0.474022 -0.255128 0.847567 0.066786 0.526470 0.862496 -0.088108 -0.498334 0.865734 -0.274516 0.418505 0.867022 0.488997 0.095683 0.867163 -0.474684 -0.150676 0.872440 -0.169735 -0.458299 0.879339 -0.460980 0.119417 0.881826 -0.210285 -0.422093 0.885500 -0.102110 -0.453281 0.886632 0.452534 0.095378 0.887714 0.362910 -0.283301 0.892060 0.426371 -0.149789 0.893280 0.047208 0.447015 0.894703 -0.442364 0.061808 0.901926 0.125074 0.413383 0.911171 -0.032744 -0.410726 0.913087 0.179012 -0.366369 0.916534 -0.332351 0.222504 0.918998 0.314171 0.238198 0.935492 0.128536 -0.329141 0.937162 -0.308600 -0.162766 0.937300 -0.348180 0.015464 0.947599 -0.309624 0.078673 0.951585 -0.005312 -0.307340 0.958144 -0.283740 -0.038104 0.958271 0.278236 0.065592 0.959478 0.144384 -0.241980 0.959642 0.252813 0.123174 0.962181 0.097323 0.254432 0.964697 -0.019074 -0.262670 0.965363 -0.233365 0.116683 0.975222 -0.190786 0.111997 0.993394 0.042731 -0.106500 0.999058 -0.014068 -0.041054 -0.023502 0.929062 -0.369178 -0.024559 0.509257 -0.860264 -0.039899 0.670371 0.740953 -0.040110 -0.982324 0.182840 -0.064601 0.981543 -0.180003 -0.068828 0.225067 0.971909 -0.076827 -0.740026 -0.668176 -0.091903 -0.963796 0.250304 -0.092478 -0.277087 -0.956384 -0.101466 0.255938 0.961353 -0.103901 -0.216893 0.970650 -0.105521 0.971302 -0.213163 -0.122126 -0.989530 0.076914 -0.124801 0.421763 0.898076 -0.128627 -0.493889 0.859959 -0.136468 0.037437 -0.989937 -0.140956 -0.907188 0.396410 -0.147212 0.452317 -0.879624 -0.148510 -0.820409 -0.552155 -0.149246 0.983146 0.105595 -0.158533 0.979753 -0.122274 -0.170183 -0.067477 -0.983099 -0.172242 -0.945016 -0.277988 -0.177136 0.300576 0.937164 -0.186233 -0.600458 -0.777668 -0.189246 -0.321204 0.927908 -0.191443 0.936283 0.294489 -0.194008 0.683870 0.703337 -0.224286 0.841039 0.492289 -0.229596 -0.668683 0.707212 -0.245528 -0.688968 0.681938 -0.245690 -0.907468 -0.340789 -0.245887 -0.802581 -0.543510 -0.246495 0.662970 -0.706902 -0.249807 -0.941170 0.227586 -0.268246 -0.925900 -0.265994 -0.272421 0.657643 -0.702348 -0.280847 0.949147 0.142282 -0.303221 0.144564 -0.941891 -0.311122 0.291078 -0.904697 -0.336602 0.594427 0.730312 -0.340635 0.052214 -0.938745 -0.370859 0.881636 0.291859 -0.372218 -0.052168 -0.926678 -0.375422 -0.309615 0.873612 -0.377147 -0.869873 0.317933 -0.381934 0.676865 -0.629270 -0.387698 0.917334 -0.090494 -0.388081 0.842683 0.373200 -0.393067 -0.919239 -0.022309 -0.395721 -0.756192 0.521131 -0.402495 0.224217 -0.887538 -0.402716 0.503389 -0.764473 -0.403325 0.366117 -0.838622 -0.404036 0.358011 0.841774 -0.405095 -0.831329 -0.380513 -0.417005 0.718700 -0.556397 -0.434071 0.813756 -0.386502 -0.461900 0.690486 0.556666 -0.463699 0.883603 -0.065026 -0.463742 -0.131077 0.876220 -0.464712 -0.839382 0.281925 -0.467285 -0.775269 -0.424973 -0.467324 0.510929 0.721498 -0.474688 0.879657 0.029585 -0.489069 0.002441 -0.872242 -0.496394 -0.469816 -0.729977 -0.498702 -0.840319 0.212508 -0.499722 0.842148 -0.202643 -0.501225 0.742615 0.444181 -0.503178 0.860091 -0.083995 -0.505510 0.105925 -0.856294 -0.509858 -0.060950 -0.858097 -0.515316 0.264429 -0.815185 -0.516407 -0.454628 0.725698 -0.526893 0.697507 -0.485662 -0.537059 -0.645697 -0.542810 -0.537785 -0.184507 0.822645 -0.553938 0.501995 0.664194 -0.562022 0.164512 0.810597 -0.563905 -0.491360 -0.663759 -0.566310 -0.784853 0.251590 -0.566669 -0.495504 0.658302 -0.572599 -0.483521 -0.662071 -0.577720 -0.502399 0.643300 -0.578288 0.607899 0.544097 -0.585215 0.794538 0.161964 -0.585675 -0.467929 -0.661836 -0.585897 0.805076 0.092614 -0.596298 -0.358593 -0.718220 -0.597777 0.777716 -0.194473 -0.600743 0.716433 -0.354728 -0.607350 -0.588104 0.534097 -0.618273 -0.773219 -0.140961 -0.623717 0.091720 -0.776250 -0.628324 0.021395 -0.777658 -0.633704 -0.546905 -0.547096 -0.634502 0.075624 -0.769213 -0.645791 -0.531800 -0.547852 -0.649409 -0.711500 0.268395 -0.651806 -0.330441 -0.682611 -0.661004 0.301166 -0.687294 -0.661367 -0.705089 -0.255820 -0.672597 -0.712939 0.198323 -0.680477 -0.727221 0.090008 -0.681913 -0.289503 0.671701 -0.683651 0.233466 0.691459 -0.692366 -0.717881 -0.072639 -0.692889 -0.491515 -0.527559 -0.696609 0.498268 0.516202 -0.701120 0.274058 0.658272 -0.708623 -0.698792 0.097686 -0.709291 0.671790 0.213553 -0.713710 -0.578091 0.395511 -0.732847 -0.414946 0.539216 -0.736183 0.499098 -0.457095 -0.747991 -0.624486 -0.224780 -0.760222 -0.496084 0.419481 -0.760832 0.588786 0.272884 -0.768383 -0.359804 -0.529272 -0.774199 -0.319159 0.546584 -0.775976 0.088795 -0.624482 -0.781082 0.475123 0.405178 -0.783576 -0.422615 0.455418 -0.783670 -0.422535 0.455331 -0.785046 0.299765 0.542073 -0.785926 0.604398 -0.130470 -0.790310 -0.100014 -0.604489 -0.790584 -0.102307 0.603747 -0.795095 0.606003 0.024193 -0.795445 -0.466778 0.386505 -0.796720 0.515061 0.316148 -0.801978 0.585116 -0.120292 -0.804433 0.317638 -0.501990 -0.807768 -0.401305 -0.431817 -0.809399 -0.560198 0.176213 -0.816807 0.553982 -0.161026 -0.817334 -0.502634 0.281646 -0.820565 -0.343342 -0.456936 -0.823473 -0.531270 -0.199108 -0.833601 -0.161582 -0.528206 -0.834221 0.120814 0.538033 -0.834895 0.548272 -0.048458 -0.841024 0.397812 0.366638 -0.843422 0.513806 0.156981 -0.851816 0.481207 -0.206999 -0.852791 -0.506010 -0.129234 -0.854707 0.212314 0.473708 -0.854846 -0.484574 0.185545 -0.863274 0.039883 -0.503157 -0.864021 0.340196 -0.371126 -0.869574 -0.478728 -0.121085 -0.893504 0.312202 0.322770 -0.897080 0.373760 0.235695 -0.898713 0.394902 -0.190701 -0.899038 -0.300158 -0.318802 -0.906478 0.002279 -0.422247 -0.910389 0.066382 -0.408395 -0.913709 -0.321870 0.248062 -0.922113 -0.328995 -0.203639 -0.926897 0.315356 0.203503 -0.936344 -0.350512 -0.020037 -0.947735 -0.138903 0.287236 -0.980118 -0.119591 -0.158323 -0.985289 -0.170704 -0.008076 -0.985348 -0.018894 -0.169504 -0.990675 -0.091711 0.100762 -0.992526 -0.120555 -0.018936 0.006596 0.320107 0.947358 0.013117 -0.814112 -0.580559 0.013252 -0.932643 -0.360558 0.016627 -0.998206 -0.057524 0.017215 -0.724763 -0.688783 0.054198 0.593483 0.803020 0.054240 -0.688026 -0.723656 0.058582 0.997188 -0.046734 0.060036 0.774022 -0.630306 0.060187 -0.973205 -0.221924 0.061449 0.909340 0.411491 0.062225 0.017611 -0.997907 0.067712 -0.237121 0.969118 0.073804 -0.930232 0.359475 0.076130 -0.923831 -0.375153 0.079168 0.823607 -0.561608 0.080801 0.364794 0.927575 0.081187 0.068281 -0.994357 0.081282 0.996500 0.019523 0.083639 0.952218 -0.293742 0.083999 0.893669 0.440794 0.084735 -0.987259 -0.134684 0.084865 -0.993314 0.078262 0.087051 0.065991 0.994016 0.098115 -0.475196 -0.874393 0.100084 -0.584597 0.805127 0.104234 -0.966841 0.233139 0.104242 -0.539912 0.835241 0.106294 -0.405001 -0.908117 0.113173 -0.986234 -0.120557 0.119523 0.958579 -0.258536 0.128321 0.300043 0.945256 0.128724 0.246326 0.960601 0.132445 -0.860261 0.492351 0.134122 -0.987391 0.084081 0.134829 0.737818 0.661397 0.138492 0.400064 -0.905963 0.149085 0.589122 -0.794172 0.149426 -0.671349 -0.725922 0.151599 -0.779685 -0.607544 0.158459 -0.570068 -0.806172 0.160391 0.833287 -0.529063 0.160479 0.191827 0.968220 0.161952 0.919880 -0.357201 0.163468 -0.387915 0.907083 0.169925 -0.958410 -0.229293 0.170143 -0.403176 -0.899166 0.171777 0.056539 -0.983512 0.184293 0.951354 -0.246905 0.184979 -0.962401 -0.198916 0.187484 -0.910322 -0.369004 0.187823 0.042393 -0.981288 0.188905 -0.302797 -0.934146 0.190189 0.192051 -0.962780 0.193349 -0.812977 -0.549258 0.209574 0.939953 0.269382 0.209678 0.973627 -0.089916 0.220898 -0.124614 0.967303 0.225001 -0.894166 -0.387095 0.227198 -0.491139 -0.840930 0.231231 0.484969 -0.843408 0.232135 0.382742 -0.894216 0.233498 0.492177 0.838594 0.235546 -0.971308 0.032855 0.239793 -0.378989 0.893793 0.241884 0.970300 -0.003184 0.251785 0.966397 -0.051772 0.253034 -0.673433 0.694595 0.264816 -0.122144 -0.956532 0.276170 -0.189143 0.942314 0.278110 0.841068 0.463961 0.281102 -0.464798 -0.839610 0.286340 0.655021 0.699254 0.286670 0.914718 0.284801 0.288117 0.408957 -0.865877 0.291566 0.072589 -0.953792 0.291877 -0.811219 -0.506686 0.295369 0.461122 0.836734 0.304773 0.798882 0.518556 0.308281 -0.816421 -0.488282 0.314466 -0.919918 0.234227 0.331183 -0.093987 0.938874 0.333301 0.289382 0.897312 0.338624 -0.335886 -0.878928 0.342805 -0.629726 0.697086 0.348929 0.066582 -0.934781 0.349476 -0.055225 0.935317 0.353601 0.103464 0.929657 0.366733 0.808861 -0.459619 0.368678 0.426177 0.826105 0.369504 -0.865336 0.338616 0.373370 0.013864 -0.927579 0.381486 0.918810 0.101278 0.391681 -0.911899 0.122585 0.394548 0.911373 0.117185 0.398622 -0.446409 -0.801136 0.403586 -0.636448 -0.657306 0.413081 0.908560 -0.062321 0.413876 -0.677002 0.608584 0.418274 0.903572 0.092761 0.424127 -0.690869 0.585505 0.424515 0.183226 -0.886688 0.426391 0.014660 -0.904420 0.432983 -0.600225 -0.672500 0.441818 -0.834467 0.329336 0.450214 -0.866567 -0.215335 0.462565 -0.852440 -0.243679 0.468283 0.090148 0.878968 0.468345 0.090181 0.878931 0.475917 -0.699977 0.532480 0.478002 0.448718 0.755094 0.487876 -0.845979 -0.215166 0.489669 -0.865958 0.101691 0.489809 0.331235 0.806455 0.504201 -0.853084 0.134276 0.517057 -0.513862 0.684542 0.538635 0.398293 0.742452 0.545132 0.380384 0.747087 0.560907 0.011424 -0.827800 0.580131 0.773299 -0.255844 0.583153 0.721066 0.374160 0.587121 0.207159 0.782543 0.587147 0.207309 0.782484 0.599751 -0.770141 0.217213 0.603273 0.774205 -0.191491 0.613719 0.013092 0.789416 0.615398 -0.602926 0.507706 0.626282 -0.107890 0.772095 0.636087 0.659353 0.400809 0.636879 -0.383806 0.668639 0.639111 -0.602014 0.478661 0.640148 -0.742520 -0.197167 0.644764 -0.116134 -0.755508 0.645779 -0.288589 -0.706885 0.647497 -0.627864 0.431897 0.647576 0.701747 -0.296978 0.650893 -0.536953 0.536674 0.654507 0.749501 -0.099342 0.656752 0.734811 -0.169497 0.661115 -0.479877 0.576754 0.661815 0.734011 0.152410 0.663811 0.277978 -0.694322 0.668214 0.393161 0.631597 0.669799 -0.493028 0.555241 0.675804 0.129093 -0.725689 0.678973 0.733735 -0.025064 0.681298 -0.683854 0.261108 0.693243 -0.480097 0.537514 0.694362 -0.102726 0.712256 0.695885 -0.478867 0.535192 0.697445 0.552583 -0.456314 0.701908 -0.270366 0.658959 0.703375 0.680441 -0.205579 0.704282 0.471546 -0.530689 0.713111 0.679293 -0.173304 0.717965 0.689753 -0.093634 0.721473 -0.691736 -0.031279 0.733732 0.591519 0.334279 0.733785 -0.573792 0.363762 0.733836 -0.462688 -0.497397 0.734424 0.048117 -0.676983 0.744781 -0.663886 -0.067506 0.748234 -0.498011 -0.438327 0.748685 0.635177 -0.189793 0.751093 0.261836 0.606054 0.756713 0.516032 0.401368 0.764225 0.637172 0.099859 0.770108 0.637792 0.012417 0.773234 -0.262116 -0.577412 0.776114 -0.441733 0.450022 0.777439 0.156955 0.609059 0.781215 0.560419 0.275016 0.781405 -0.623566 0.023912 0.785628 -0.298329 -0.542023 0.787809 -0.089707 0.609351 0.791925 0.608997 -0.044472 0.796648 0.182282 0.576303 0.798555 -0.476769 -0.367424 0.804493 -0.544696 -0.236848 0.804601 -0.305808 -0.509017 0.813771 -0.099720 0.572566 0.818030 -0.574680 -0.023875 0.819468 -0.343650 -0.458669 0.831652 0.009944 -0.555208 0.835912 -0.396592 -0.379429 0.843084 -0.433059 0.318858 0.848972 0.253994 -0.463393 0.854266 0.295902 0.427401 0.854702 -0.298941 -0.424404 0.860176 -0.164604 0.482703 0.868083 0.480602 0.124314 0.886873 0.441823 -0.135085 0.893307 0.224683 -0.389255 0.897923 -0.002614 0.440146 0.907532 -0.060715 -0.415570 0.914979 -0.254376 -0.313219 0.917102 0.214554 0.335993 0.926464 0.168615 -0.336501 0.930508 -0.319394 -0.179283 0.930710 0.157301 0.330205 0.930922 -0.118610 -0.345421 0.932086 -0.245655 0.266214 0.934470 -0.051586 0.352286 0.940185 0.010601 -0.340500 0.940748 0.138061 -0.309728 0.944526 -0.234888 0.229562 0.945321 0.253901 0.204700 0.946115 0.309402 0.095583 0.959864 0.271449 0.070548 0.960244 -0.273801 0.054440 0.961084 -0.229849 0.153257 0.967916 0.048312 -0.246585 0.967976 0.217863 0.124732 0.973189 0.210997 -0.091567 0.975311 -0.219017 0.028284 0.983006 -0.089138 -0.160481 0.987838 0.123653 0.094267 0.991064 -0.007200 0.133194 0.995068 0.078476 0.060669 -0.002204 -0.970428 -0.241382 -0.017323 -0.246574 0.968969 -0.025800 -0.810532 0.585126 -0.046107 -0.837908 0.543861 -0.049173 -0.981082 0.187245 -0.050630 0.047008 -0.997611 -0.055695 0.146884 -0.987585 -0.058715 0.799942 0.597198 -0.072830 -0.566497 -0.820839 -0.074409 0.144542 -0.986697 -0.075513 -0.067733 -0.994842 -0.076932 0.871767 0.483843 -0.079001 0.849230 -0.522080 -0.082154 0.218785 0.972309 -0.082590 0.988465 -0.126945 -0.102788 -0.967695 0.230221 -0.109293 0.715267 -0.690253 -0.109465 0.959492 0.259600 -0.110790 -0.971511 -0.209504 -0.120985 -0.942186 0.312487 -0.123341 -0.325637 0.937415 -0.124984 0.307710 0.943236 -0.125344 -0.597784 -0.791798 -0.136277 0.037251 -0.989970 -0.138125 -0.639270 -0.756476 -0.143131 -0.854700 -0.499001 -0.147108 0.986257 -0.075207 -0.150991 0.986488 0.063589 -0.156815 0.773190 0.614481 -0.156886 0.897362 -0.412466 -0.157369 -0.936382 -0.313725 -0.160571 -0.852963 -0.496660 -0.177026 -0.142785 0.973794 -0.177069 0.868089 -0.463754 -0.183775 0.605015 -0.774715 -0.184830 -0.379779 0.906424 -0.185869 -0.068198 0.980205 -0.191178 0.774099 0.603507 -0.193676 -0.733516 -0.651493 -0.201638 0.286929 0.936490 -0.205387 0.771920 -0.601628 -0.209405 -0.046922 0.976702 -0.212719 -0.611496 -0.762118 -0.214262 0.649883 0.729207 -0.240412 0.855756 0.458131 -0.242710 0.936781 0.252058 -0.245374 -0.232555 0.941121 -0.245904 0.222092 0.943507 -0.247654 -0.931957 0.264807 -0.247737 -0.871706 0.422793 -0.248775 -0.389300 -0.886880 -0.252599 -0.240010 -0.937331 -0.258989 0.078620 -0.962675 -0.267152 -0.341008 -0.901301 -0.269177 -0.703006 -0.658275 -0.280019 -0.410694 -0.867709 -0.281976 -0.931150 -0.231190 -0.293907 -0.850686 0.435835 -0.298481 0.928811 -0.219587 -0.301265 0.244012 0.921791 -0.304638 0.061358 -0.950490 -0.306513 0.273835 -0.911627 -0.307813 -0.414095 -0.856608 -0.311197 -0.830410 0.462142 -0.313165 0.153523 -0.937208 -0.315064 0.119058 0.941573 -0.315811 0.862949 -0.394440 -0.327813 0.382265 -0.863952 -0.335466 0.159013 0.928535 -0.337008 0.544716 -0.767926 -0.338916 0.824242 0.453609 -0.342493 -0.390009 -0.854747 -0.347104 -0.320609 0.881322 -0.348887 -0.136688 0.927143 -0.354348 0.729779 -0.584687 -0.354989 0.913172 -0.200250 -0.361223 0.134855 -0.922677 -0.362145 0.907554 -0.212595 -0.363965 -0.222981 -0.904328 -0.364240 -0.511556 0.778229 -0.370406 -0.565524 -0.736873 -0.371319 -0.874214 0.312846 -0.371954 -0.675306 -0.636877 -0.377106 -0.183992 -0.907710 -0.377515 -0.195599 0.905110 -0.382330 0.226739 -0.895775 -0.384249 -0.145207 0.911739 -0.385899 -0.362052 -0.848528 -0.387211 0.583206 0.714099 -0.390794 0.241325 0.888281 -0.392716 -0.905707 -0.159588 -0.396697 0.848890 -0.349310 -0.402250 0.224128 -0.887672 -0.411392 0.550984 0.726067 -0.416615 -0.606177 0.677482 -0.421736 0.612412 0.668648 -0.423367 -0.816853 -0.391806 -0.423792 0.739698 -0.522731 -0.424573 0.840533 -0.336515 -0.426447 -0.904395 0.014583 -0.429260 0.187820 -0.883436 -0.442187 -0.787344 -0.429606 -0.443195 -0.835038 -0.326021 -0.449852 0.854784 0.258800 -0.455328 -0.364711 0.812196 -0.459201 -0.692225 -0.556740 -0.467671 -0.629130 0.620869 -0.468973 -0.831687 0.297256 -0.475752 0.497321 -0.725488 -0.485410 -0.872451 0.056628 -0.486354 0.159231 0.859131 -0.495218 0.867517 0.046626 -0.501157 -0.224838 -0.835637 -0.501464 0.845996 0.181177 -0.508610 0.837810 0.198468 -0.518735 -0.834336 0.186541 -0.522647 0.737004 0.428562 -0.525852 -0.850576 0.000663 -0.527794 0.800600 -0.283679 -0.535453 -0.607889 -0.586312 -0.536243 0.344814 -0.770420 -0.539114 -0.822613 0.180731 -0.539406 -0.414609 0.732899 -0.540815 -0.032035 -0.840532 -0.540920 -0.032088 -0.840462 -0.549166 0.249274 0.797671 -0.554913 -0.394572 -0.732383 -0.557664 -0.817395 0.144488 -0.563601 -0.689386 0.455084 -0.573096 -0.357648 0.737325 -0.574694 0.599952 0.556584 -0.577690 0.268754 -0.770744 -0.580190 -0.689670 0.433283 -0.584229 -0.199324 0.786732 -0.589606 -0.679576 0.436511 -0.595588 -0.002319 -0.803287 -0.601567 0.660616 -0.449114 -0.607141 -0.555753 0.567907 -0.615824 0.367836 0.696748 -0.618897 -0.653402 0.435926 -0.619851 0.218925 0.753563 -0.627957 -0.031331 0.777617 -0.644462 -0.761254 0.071836 -0.649491 0.741099 -0.170101 -0.653496 -0.545106 0.525169 -0.663667 -0.252548 -0.704106 -0.666283 -0.180208 -0.723597 -0.667793 -0.710457 -0.222043 -0.673298 0.290042 -0.680107 -0.680124 0.403308 -0.612188 -0.680435 0.433194 -0.591060 -0.686120 -0.024406 -0.727079 -0.686668 0.690792 0.226483 -0.695383 -0.622891 -0.358399 -0.699605 -0.438990 -0.563774 -0.700365 -0.710694 0.066357 -0.708096 -0.351206 0.612580 -0.713880 -0.470804 -0.518381 -0.717991 0.685386 0.121386 -0.718923 -0.694804 0.019920 -0.732009 -0.634899 0.247115 -0.733875 0.396084 -0.551856 -0.736280 0.586684 0.337185 -0.743806 -0.562535 -0.360982 -0.758634 0.648868 0.058690 -0.761404 0.325173 0.560826 -0.762457 0.465750 0.449152 -0.786858 -0.426497 0.446043 -0.799135 -0.556604 0.227100 -0.799464 -0.585784 0.133092 -0.803567 -0.311270 0.507338 -0.806227 -0.420240 -0.416409 -0.807527 0.558500 -0.189679 -0.808107 -0.571687 0.141904 -0.810155 -0.238390 0.535555 -0.812580 -0.109862 -0.572402 -0.816237 0.575458 -0.051050 -0.817225 0.478796 0.320778 -0.822219 0.437307 0.364307 -0.826100 0.559007 -0.071205 -0.827868 -0.515599 -0.220889 -0.833678 0.498475 -0.237703 -0.834531 -0.547956 -0.057465 -0.837370 0.450310 -0.309892 -0.841865 -0.456183 -0.288375 -0.842333 0.183936 0.506599 -0.842932 -0.269924 -0.465410 -0.845418 0.406242 0.346750 -0.846026 -0.290199 -0.447242 -0.850574 0.156070 0.502161 -0.852131 -0.251437 0.458967 -0.859584 -0.490399 0.143609 -0.862362 -0.133004 0.488511 -0.875305 0.471248 0.108473 -0.879853 0.442492 0.173376 -0.886047 -0.463224 0.018529 -0.887617 -0.014111 -0.460365 -0.895326 0.432914 -0.104770 -0.895790 -0.298580 0.329256 -0.901665 -0.116427 0.416466 -0.903438 0.202433 0.377916 -0.912130 0.056883 0.405934 -0.913102 0.070984 -0.401504 -0.926699 -0.222675 -0.302728 -0.926820 0.270141 -0.260821 -0.937478 0.144330 0.316709 -0.937515 0.144310 0.316606 -0.938726 -0.161706 0.304375 -0.946609 -0.117025 -0.300393 -0.948704 0.180445 0.259616 -0.951430 0.017784 -0.307350 -0.957620 -0.183162 -0.222297 -0.961754 0.133366 -0.239254 -0.975638 -0.116864 -0.185670 -0.979322 -0.178037 0.096078 -0.981388 0.184410 0.053583 -0.982462 -0.085302 0.165807 -0.983226 -0.142252 0.114150 -0.989646 -0.098577 -0.104322 -0.993421 0.093625 0.065951 -0.999845 0.004133 0.017099 0.005600 0.921355 -0.388683 0.010298 0.999165 -0.039539 0.014261 -0.815636 0.578389 0.050839 -0.223967 -0.973270 0.053568 0.737609 -0.673100 0.077493 -0.936362 0.342375 0.083299 -0.993384 -0.079050 0.083667 0.942095 0.324741 0.091081 0.515567 0.851995 0.104314 0.703188 -0.703310 0.110114 0.457088 0.882579 0.115340 0.385028 0.915669 0.124312 0.992114 -0.016005 0.127088 -0.928825 -0.348041 0.127982 -0.983490 -0.127937 0.128427 0.533785 0.835811 0.166902 -0.329631 0.929240 0.168116 0.442709 -0.880764 0.175637 -0.200672 -0.963785 0.200107 0.972486 -0.119283 0.208744 0.397488 0.893548 0.212113 0.568600 -0.794797 0.213489 -0.061986 -0.974977 0.218537 -0.923411 0.315523 0.220713 -0.745003 -0.629489 0.224018 0.970844 -0.085306 0.235791 -0.863951 -0.444963 0.237394 0.950618 -0.199924 0.245295 -0.808509 -0.534924 0.251598 0.252293 -0.934370 0.252807 -0.372300 0.893018 0.265976 -0.740921 0.616679 0.266312 -0.923955 0.274563 0.270285 -0.745953 0.608687 0.273808 -0.920886 0.277486 0.278921 0.272680 -0.920787 0.280705 -0.645602 -0.710213 0.281432 -0.809976 0.514524 0.284550 -0.823836 -0.490230 0.291984 0.116495 -0.949302 0.302530 -0.268838 0.914441 0.308004 -0.055604 0.949759 0.318781 -0.276110 -0.906721 0.333228 -0.260707 -0.906085 0.342806 -0.006719 -0.939382 0.346150 -0.927751 -0.139492 0.351592 -0.049588 -0.934839 0.365595 -0.929989 0.038208 0.366796 0.929219 0.044867 0.369694 -0.474981 0.798573 0.371699 -0.208970 0.904528 0.387539 -0.913886 0.120933 0.388219 0.921225 -0.025105 0.397302 0.517289 0.757999 0.399018 0.888249 -0.227595 0.401213 0.904707 0.143293 0.403595 -0.583773 0.704500 0.429366 0.047786 -0.901866 0.433501 -0.390569 0.812116 0.438373 0.354090 -0.826105 0.439319 0.832645 -0.337195 0.446150 -0.034216 -0.894304 0.451981 -0.500806 -0.738178 0.455686 0.060456 0.888085 0.461808 0.542076 -0.702059 0.467567 0.729126 0.499756 0.469495 -0.057281 -0.881075 0.471984 -0.880600 0.042118 0.477161 0.871537 0.112872 0.477267 -0.283425 0.831797 0.477729 -0.688134 0.546119 0.483489 0.837545 -0.254472 0.485432 -0.339703 0.805579 0.488005 -0.801567 -0.345459 0.488096 -0.845845 -0.215197 0.490790 0.715615 -0.497011 0.500017 0.305632 0.810292 0.505034 -0.000276 0.863100 0.513048 -0.543867 0.664071 0.513176 -0.543981 0.663879 0.515215 -0.829269 0.216488 0.516191 0.035447 -0.855740 0.523096 0.799899 -0.294163 0.524235 0.404199 -0.749533 0.528272 -0.828224 0.187015 0.530018 -0.728742 -0.433608 0.536373 -0.798843 -0.272312 0.549269 -0.823989 0.139091 0.564019 -0.655793 0.501815 0.566164 -0.323618 -0.758109 0.572647 -0.552278 0.605859 0.575722 -0.798943 -0.173877 0.577002 0.224545 -0.785269 0.580896 -0.796949 0.165628 0.614076 -0.467358 0.635993 0.643418 0.092067 -0.759959 0.653575 -0.624241 -0.427975 0.654947 -0.529439 -0.539203 0.666519 -0.285152 0.688797 0.689696 -0.719961 -0.077299 0.692764 0.681731 -0.235204 0.692892 -0.626092 -0.357644 0.698223 0.375255 -0.609646 0.705127 0.638723 0.307942 0.711015 -0.694412 0.110672 0.714939 -0.387629 0.581898 0.716483 0.064793 0.694589 0.727804 0.542145 -0.419976 0.745895 -0.628543 0.220396 0.750210 -0.274311 -0.601612 0.750289 -0.626501 -0.211100 0.752013 0.278083 0.597617 0.753386 -0.534235 -0.383409 0.765283 0.220908 -0.604600 0.770796 -0.532718 -0.349406 0.784682 0.385086 0.485780 0.785179 -0.320437 0.529918 0.785374 -0.260559 -0.561513 0.792329 -0.609725 0.021193 0.793405 -0.179333 0.581677 0.802893 -0.003803 -0.596111 0.806225 -0.546697 -0.226104 0.807329 0.374902 0.455706 0.810013 -0.580117 -0.085699 0.821013 0.111495 0.559917 0.821175 0.120693 0.557767 0.823580 0.515137 0.237382 0.828843 0.265394 -0.492529 0.831107 0.555115 0.033293 0.832395 -0.554181 -0.001501 0.833227 0.344586 -0.432428 0.833863 -0.546603 0.076793 0.835266 -0.087098 -0.542904 0.835891 -0.396583 -0.379483 0.846945 0.229378 -0.479657 0.848164 -0.156640 0.506046 0.856020 -0.406462 -0.319404 0.865986 -0.421346 -0.269326 0.866782 0.498655 -0.005608 0.869603 -0.493515 0.015295 0.869888 0.233825 -0.434304 0.870927 0.435526 -0.227605 0.871502 0.439711 -0.217114 0.881324 -0.456852 0.120635 0.890212 0.418389 -0.180203 0.896875 -0.101833 0.430402 0.897849 0.087262 -0.431570 0.900960 0.075479 0.427288 0.904654 -0.073591 -0.419744 0.911698 -0.382423 0.150198 0.912311 -0.083698 0.400854 0.913115 0.067892 -0.402009 0.926549 0.050654 0.372749 0.928682 0.254506 -0.269771 0.958722 -0.089800 0.269793 0.961227 -0.221470 -0.164297 0.977164 -0.212213 -0.010775 0.980340 0.179421 0.082110 0.981512 0.142096 -0.128228 0.987210 0.096884 -0.126606 0.992202 -0.119777 -0.034463 0.999989 0.004296 -0.001703 -0.027976 0.234171 -0.971793 -0.034903 -0.948789 0.313977 -0.037700 -0.974708 0.220280 -0.047379 -0.989439 0.136988 -0.055428 -0.974375 -0.217993 -0.058200 -0.995960 -0.068380 -0.069685 0.843226 0.533023 -0.069999 0.690469 0.719967 -0.074590 0.144223 -0.986730 -0.079873 -0.951480 0.297164 -0.103227 0.368285 0.923965 -0.114209 0.794390 0.596575 -0.119262 -0.917489 -0.379462 -0.121312 -0.831272 0.542466 -0.132301 -0.234892 0.962976 -0.133079 -0.792938 -0.594591 -0.141033 0.422562 -0.895294 -0.144044 0.964469 -0.221474 -0.154115 -0.988053 -0.000050 -0.154929 0.136354 0.978471 -0.162591 0.781143 0.602810 -0.163892 0.002891 -0.986474 -0.195193 -0.449814 -0.871532 -0.200004 -0.374214 0.905517 -0.217394 0.620464 0.753501 -0.245127 -0.232363 0.941233 -0.246606 0.940795 -0.232575 -0.246699 0.106116 0.963265 -0.247919 0.881649 -0.401535 -0.250807 -0.927622 -0.276790 -0.256616 -0.891828 0.372546 -0.260672 0.899236 -0.351319 -0.261900 -0.648539 0.714707 -0.268518 -0.352208 -0.896576 -0.272101 -0.931202 -0.242535 -0.282576 -0.706711 -0.648622 -0.285028 -0.608982 0.740203 -0.305699 -0.239524 0.921508 -0.307868 0.890583 -0.334783 -0.309178 -0.895339 -0.320589 -0.311071 -0.331230 0.890798 -0.314847 -0.815705 0.485281 -0.315299 -0.417293 0.852322 -0.323209 0.307507 0.894972 -0.329516 0.113403 -0.937315 -0.340357 0.009804 -0.940245 -0.361302 0.362493 0.859104 -0.366092 0.485882 0.793660 -0.366907 -0.774096 0.515901 -0.374148 -0.647073 -0.664312 -0.382009 0.226625 -0.895941 -0.385656 0.586496 -0.712244 -0.386308 0.226449 -0.894140 -0.386696 -0.743632 0.545415 -0.389603 -0.698991 0.599684 -0.390795 -0.841005 0.374153 -0.391290 0.729798 -0.560612 -0.402406 0.224207 -0.887581 -0.421625 -0.838834 -0.344369 -0.421792 -0.469503 -0.775667 -0.423414 -0.130998 -0.896415 -0.425856 -0.768930 0.476859 -0.427330 0.867367 -0.255076 -0.433910 0.791407 0.430578 -0.442134 0.892695 0.087255 -0.447217 0.892551 -0.057870 -0.478570 -0.580240 -0.659009 -0.486480 0.491006 0.722669 -0.502966 0.337058 0.795875 -0.505380 0.105796 -0.856387 -0.515208 0.264407 -0.815261 -0.516579 -0.035947 -0.855485 -0.521304 -0.109599 0.846304 -0.538563 0.629420 0.560161 -0.538788 -0.789698 0.293401 -0.540191 0.073420 -0.838333 -0.543500 0.352791 0.761673 -0.545047 0.167397 -0.821524 -0.548775 0.062695 -0.833616 -0.555497 -0.319920 0.767512 -0.558961 0.456915 0.691948 -0.559638 0.139010 -0.816996 -0.573165 -0.774805 -0.266756 -0.577678 -0.230167 0.783142 -0.584713 0.471839 -0.659908 -0.589189 -0.733674 0.338493 -0.607150 -0.555744 0.567906 -0.621430 -0.766056 0.164265 -0.626312 -0.768006 0.133787 -0.633576 -0.401408 0.661402 -0.637883 0.064761 0.767405 -0.644215 0.612698 -0.457808 -0.648580 -0.579121 0.493927 -0.651605 -0.756476 0.056164 -0.668001 -0.721209 -0.183389 -0.668055 -0.677319 -0.308126 -0.670509 0.622617 0.403443 -0.679433 -0.543610 -0.492807 -0.679803 -0.388906 0.621787 -0.687527 -0.721324 -0.083656 -0.706898 -0.205281 -0.676872 -0.723808 0.486129 -0.489673 -0.732328 -0.590506 -0.339115 -0.745475 -0.444811 0.496397 -0.747179 -0.273938 0.605542 -0.753100 -0.655061 0.061126 -0.765027 0.642641 -0.041788 -0.769522 -0.222483 0.598612 -0.774091 -0.589940 -0.229683 -0.774337 -0.319087 0.546430 -0.775829 0.478084 0.411734 -0.776437 -0.122524 -0.618169 -0.777523 0.557748 0.290474 -0.779704 -0.494174 -0.384517 -0.787246 0.615973 -0.028642 -0.788580 -0.111097 -0.604813 -0.798143 0.031892 -0.601623 -0.800683 0.069103 -0.595090 -0.813133 0.573418 0.100034 -0.815422 -0.391809 -0.426113 -0.816806 -0.573713 0.060676 -0.823618 0.155780 -0.545332 -0.824312 0.418092 -0.381718 -0.824576 0.170315 -0.539506 -0.824783 0.523406 0.213960 -0.850261 0.295936 0.435291 -0.850320 0.295889 0.435209 -0.851982 0.307392 0.423836 -0.860455 0.390587 0.327199 -0.861421 -0.507891 0.000158 -0.865687 0.489946 0.102659 -0.869402 -0.337085 0.361268 -0.871318 0.462979 0.162654 -0.875139 0.408584 -0.259212 -0.876991 0.056307 -0.477197 -0.877221 0.152999 0.455055 -0.880656 0.437012 0.182937 -0.881147 -0.051587 0.470021 -0.883599 0.001927 -0.468241 -0.889387 -0.449298 -0.084386 -0.891818 -0.166711 0.420557 -0.894023 -0.352045 -0.277106 -0.904520 0.426164 0.015102 -0.911569 0.306278 0.274292 -0.919059 0.385899 0.080087 -0.923962 0.363424 -0.119239 -0.924939 0.018379 0.379672 -0.925945 0.147194 -0.347794 -0.930198 0.074285 0.359463 -0.932477 0.357853 -0.049268 -0.938762 0.064076 -0.338555 -0.945978 0.319070 -0.057623 -0.948186 0.104229 0.300132 -0.957015 0.020790 -0.289292 -0.965196 -0.203991 -0.163657 -0.965466 0.231048 0.120382 -0.970465 0.219090 0.100985 -0.971763 0.213630 0.100196 -0.973077 -0.018699 -0.229722 -0.983945 0.153877 -0.090410 -0.985415 0.156306 0.067278 -0.989167 0.127181 0.073307 -0.990149 -0.118189 -0.075073 -0.994075 0.084334 0.068570 -0.995176 -0.060403 -0.077300 0.010200 -0.776881 0.629565 0.010707 0.744524 0.667509 0.012606 0.461571 0.887014 0.024011 0.099369 -0.994761 0.024639 -0.313433 0.949291 0.033937 -0.323546 -0.945603 0.036181 -0.368456 0.928941 0.037628 0.942777 -0.331294 0.039733 -0.126578 -0.991161 0.040016 -0.324088 -0.945180 0.041896 -0.553278 0.831942 0.048412 0.029723 0.998385 0.048689 -0.981177 0.186870 0.048751 -0.981170 0.186891 0.049531 -0.513747 0.856510 0.054984 0.589462 -0.805922 0.065576 0.905988 -0.418194 0.066535 -0.687349 -0.723274 0.067961 0.483292 0.872818 0.073943 0.969267 -0.234635 0.075205 -0.883994 -0.461410 0.076520 0.412867 0.907571 0.080618 -0.700678 -0.708909 0.081379 0.068108 -0.994353 0.081775 -0.966649 0.242697 0.084940 -0.142396 0.986159 0.085917 -0.840092 -0.535597 0.086113 0.075722 0.993404 0.086677 0.991564 -0.096369 0.087973 -0.981834 -0.168115 0.089392 0.965202 0.245752 0.091371 0.968334 -0.232336 0.091410 0.967199 -0.237002 0.092956 -0.984948 -0.145728 0.093294 -0.987472 0.127259 0.095427 -0.750499 0.653946 0.098818 -0.743044 -0.661907 0.107610 -0.992078 0.064823 0.125655 -0.925480 0.357347 0.128779 0.942429 -0.308615 0.132908 -0.137802 -0.981502 0.139152 0.050452 -0.988985 0.154556 0.627911 -0.762784 0.160236 0.833250 -0.529169 0.164091 0.836144 -0.523391 0.165523 -0.458031 -0.873390 0.166440 -0.721210 0.672424 0.167734 0.721188 -0.672126 0.170635 -0.951536 0.255857 0.181312 0.737416 0.650649 0.181806 -0.320055 0.929791 0.186608 -0.372385 0.909124 0.186981 -0.875641 0.445298 0.190162 0.192295 -0.962736 0.197667 -0.675187 -0.710669 0.198817 0.383189 -0.902019 0.201488 0.857006 0.474282 0.208710 0.397343 0.893621 0.211973 0.815501 0.538540 0.212064 0.568919 -0.794582 0.215304 -0.865058 -0.453120 0.215681 0.966304 0.140490 0.223701 -0.974601 -0.010581 0.238011 -0.740411 0.628604 0.239102 -0.857904 0.454787 0.245305 0.085995 0.965624 0.250535 0.619184 -0.744206 0.251289 -0.789530 0.559908 0.255057 -0.700484 0.666534 0.255113 -0.700651 0.666337 0.256049 0.194912 0.946809 0.262859 -0.907426 -0.327846 0.262917 -0.963681 -0.046828 0.263825 -0.554036 -0.789583 0.266839 0.942092 -0.203124 0.271634 0.948498 0.162993 0.282282 -0.288394 -0.914957 0.284548 -0.118251 0.951341 0.289446 -0.171574 -0.941692 0.302415 0.161522 -0.939391 0.302521 0.161417 -0.939375 0.310816 -0.313383 -0.897321 0.315478 0.430822 -0.845498 0.321957 0.946523 0.020915 0.339030 -0.184965 -0.922413 0.339670 -0.934791 -0.103877 0.340901 0.939754 -0.025479 0.346896 -0.886356 -0.306654 0.347818 0.335139 0.875616 0.349359 -0.208980 0.913387 0.354980 -0.899260 -0.255579 0.364614 -0.241694 0.899244 0.371073 0.690296 -0.621125 0.371878 -0.824508 0.426489 0.374717 0.894732 -0.242985 0.393389 -0.337164 -0.855316 0.395034 0.853822 -0.339021 0.395488 0.914228 0.088189 0.401433 -0.075396 -0.912780 0.406893 0.912731 -0.036882 0.407522 -0.565994 0.716643 0.407889 -0.472806 0.781077 0.417398 0.861883 -0.287988 0.418477 -0.789228 -0.449439 0.429086 0.414599 0.802491 0.429885 -0.592944 -0.680894 0.430797 0.847725 -0.309478 0.433254 -0.588556 0.682563 0.446201 -0.891996 0.072439 0.448516 0.882817 -0.139522 0.452739 -0.865545 -0.214148 0.455771 -0.885864 0.086700 0.458469 0.606169 -0.649896 0.459582 -0.835138 0.302205 0.469617 0.208795 0.857826 0.470275 0.393147 -0.790112 0.470597 0.759617 -0.448910 0.475017 0.517915 -0.711423 0.481465 0.677624 -0.555894 0.485690 0.222292 -0.845394 0.486998 0.241130 0.839458 0.489866 -0.864191 0.114918 0.493879 0.813804 -0.306279 0.498484 0.402306 -0.767895 0.499143 -0.854137 -0.145970 0.503410 -0.300818 0.809992 0.503472 0.319829 0.802637 0.506818 0.859985 0.059684 0.515374 -0.480503 0.709582 0.515573 -0.524920 -0.677232 0.529937 0.664465 0.526928 0.545195 0.423785 0.723304 0.565894 -0.033132 0.823812 0.568407 -0.177085 -0.803464 0.574024 -0.817638 -0.044325 0.575071 -0.816904 -0.044284 0.594545 0.248727 0.764625 0.603301 0.555670 -0.572065 0.604508 -0.794678 0.055286 0.606987 0.565620 0.558248 0.608774 0.774190 -0.173276 0.608821 -0.386834 -0.692601 0.615732 -0.613009 0.495070 0.624982 -0.416032 -0.660541 0.625305 0.479778 0.615472 0.625661 0.733596 -0.265302 0.626561 -0.659611 -0.415131 0.634446 -0.545007 0.548129 0.638917 0.679404 0.360827 0.640209 -0.547816 -0.538544 0.652007 -0.016233 0.758039 0.653913 0.658927 0.371771 0.655574 -0.336998 0.675763 0.659346 -0.192822 -0.726693 0.667918 -0.626602 0.401567 0.674578 -0.719208 -0.166387 0.678771 0.729992 0.079884 0.685289 -0.602584 -0.408987 0.691169 -0.272675 0.669279 0.691226 -0.514616 0.507323 0.693219 -0.421419 -0.584683 0.698380 0.525687 0.485714 0.704405 0.156985 0.692220 0.709671 -0.613899 0.345682 0.721421 -0.593267 -0.357192 0.730587 0.516047 0.447145 0.732163 -0.554256 0.395902 0.736431 0.072720 0.672592 0.738971 0.088405 0.667912 0.743154 -0.612931 0.268399 0.743720 0.538693 0.395841 0.744806 0.606623 -0.277980 0.751025 0.623211 0.218102 0.755240 0.403413 -0.516595 0.762723 -0.612425 -0.207821 0.764189 -0.574804 0.292601 0.764688 -0.613478 0.197221 0.768508 0.607932 -0.199537 0.768537 0.456749 -0.448031 0.769105 0.620700 -0.152345 0.770255 0.599440 -0.217666 0.771614 -0.189241 0.607288 0.772056 0.567498 -0.286138 0.772103 0.141278 0.619595 0.773936 -0.618815 0.134502 0.776212 0.406297 0.482097 0.781518 -0.623423 0.023928 0.789671 0.316444 0.525627 0.795896 0.118917 -0.593639 0.798493 -0.596916 0.078108 0.810615 0.374585 0.450099 0.811010 -0.583998 0.034770 0.829108 -0.312691 -0.463469 0.830029 -0.411315 -0.376658 0.830075 -0.481280 0.281684 0.840075 -0.542011 -0.022301 0.843334 -0.138255 0.519301 0.848961 -0.186487 -0.494457 0.851048 -0.523035 0.046379 0.855596 -0.316710 -0.409451 0.867440 -0.409368 -0.282782 0.868801 0.437096 0.232663 0.873417 0.252437 0.416436 0.886616 0.248929 -0.389802 0.887786 -0.416100 -0.196717 0.899261 -0.206068 -0.385832 0.906055 0.279385 -0.317819 0.908700 0.192525 -0.370404 0.910000 -0.413677 -0.027789 0.911155 -0.032602 -0.410772 0.922106 -0.386791 0.010621 0.927300 0.139493 0.347356 0.937952 -0.301157 -0.171900 0.940711 0.138191 -0.309785 0.945787 -0.043828 -0.321818 0.948210 0.135325 0.287374 0.948242 0.135219 0.287319 0.948632 -0.256689 -0.184952 0.950934 -0.027601 -0.308160 0.952840 0.283804 0.107478 0.952939 0.139808 -0.269001 0.953613 0.065193 -0.293893 0.954444 -0.185604 0.233642 0.956570 -0.244641 -0.158508 0.956856 -0.241679 -0.161298 0.958026 0.194490 0.210617 0.967724 -0.212051 -0.136176 0.967881 0.214839 0.130574 0.971630 0.235838 0.017777 0.978100 -0.208120 0.002492 0.981868 -0.178624 0.063471 0.983617 0.125606 0.129312 0.990860 0.134826 -0.004278 0.992479 -0.119087 0.028343 -0.008969 -0.798809 0.601518 -0.009686 0.960435 -0.278335 -0.009991 -0.512900 0.858390 -0.011660 -0.775289 0.631499 -0.015431 0.950117 -0.311512 -0.018285 0.882076 -0.470752 -0.018987 -0.999819 -0.001092 -0.019338 -0.122357 0.992298 -0.020991 0.971608 0.235664 -0.021867 -0.970349 -0.240717 -0.024775 0.998881 0.040295 -0.028889 -0.938469 -0.344152 -0.029439 -0.515923 0.856129 -0.032877 -0.852136 -0.522286 -0.034997 -0.093554 -0.994999 -0.035993 0.644795 -0.763508 -0.041829 -0.973072 -0.226676 -0.045004 0.877594 -0.477288 -0.046900 0.685150 -0.726891 -0.048371 -0.676113 0.735209 -0.048980 0.822731 0.566317 -0.049279 -0.522319 -0.851325 -0.053786 0.983656 -0.171837 -0.062610 -0.998007 0.007888 -0.062817 0.214314 -0.974743 -0.064623 -0.991972 0.108699 -0.071499 0.545229 -0.835232 -0.072690 -0.774413 0.628490 -0.075044 -0.993380 0.086970 -0.078253 -0.841279 0.534908 -0.078600 -0.970413 0.228299 -0.087235 -0.668403 -0.738666 -0.089002 -0.966664 0.240082 -0.089009 -0.972892 0.213445 -0.090232 -0.987648 -0.128099 -0.094778 0.474882 0.874931 -0.096737 -0.926479 0.363703 -0.100028 -0.768504 0.631978 -0.103167 0.894814 0.434354 -0.104032 -0.919256 -0.379664 -0.105549 0.528625 -0.842268 -0.109819 0.147592 -0.982933 -0.110106 -0.145026 -0.983282 -0.136450 0.037267 -0.989946 -0.137807 0.166309 0.976397 -0.142918 -0.375581 -0.915704 -0.143785 0.988063 -0.055288 -0.150407 -0.782669 0.603993 -0.150882 0.962325 0.226199 -0.153943 -0.496041 0.854544 -0.156318 -0.155896 0.975326 -0.164724 0.171256 0.971358 -0.164994 0.166626 -0.972118 -0.166515 -0.823063 0.542992 -0.175301 0.517679 0.837424 -0.175386 0.289062 -0.941107 -0.175839 -0.060626 -0.982550 -0.182464 0.806372 -0.562558 -0.186866 -0.891108 0.413530 -0.187161 0.527819 -0.828479 -0.197814 -0.241938 -0.949913 -0.201102 -0.967789 0.151470 -0.201594 0.260137 0.944292 -0.205490 0.914694 0.348008 -0.212115 -0.830336 -0.515316 -0.215108 -0.973301 0.080082 -0.222429 0.119426 0.967607 -0.227792 0.969734 -0.087903 -0.234175 -0.578724 0.781179 -0.238605 0.966949 -0.089870 -0.239101 0.045977 -0.969906 -0.247580 -0.889611 0.383791 -0.247721 -0.871666 0.422887 -0.248079 0.967387 0.051179 -0.251320 0.233812 -0.939239 -0.255084 0.138524 -0.956945 -0.256666 -0.893121 0.369402 -0.280791 0.259696 0.923967 -0.280875 -0.925953 -0.252427 -0.284959 0.916494 0.280779 -0.288723 -0.657401 0.696034 -0.291838 -0.116310 0.949369 -0.300568 -0.543842 -0.783515 -0.301082 -0.685603 -0.662796 -0.304408 0.837005 0.454707 -0.305533 0.058716 -0.950369 -0.313254 0.153536 -0.937176 -0.313892 0.112934 0.942718 -0.328261 -0.531679 -0.780745 -0.328832 -0.262607 0.907142 -0.336199 -0.803064 -0.491994 -0.338354 -0.779837 -0.526660 -0.339109 -0.907599 0.247526 -0.347734 -0.893545 -0.284004 -0.350252 -0.164683 -0.922065 -0.351512 -0.161173 -0.922205 -0.354296 -0.837114 -0.416791 -0.354909 0.913231 -0.200124 -0.358848 -0.933280 0.014726 -0.366799 0.697118 -0.616024 -0.367910 -0.847228 0.383206 -0.369197 -0.469595 0.801981 -0.370077 -0.797633 0.476261 -0.375622 -0.833242 0.405729 -0.380756 -0.177317 0.907515 -0.381315 0.924372 -0.011626 -0.389436 -0.699018 0.599761 -0.389633 -0.448998 0.804106 -0.391005 0.748572 -0.535496 -0.395329 -0.498943 -0.771214 -0.400108 0.236209 -0.885505 -0.400308 0.236209 -0.885414 -0.401477 0.875260 -0.269697 -0.401711 -0.369899 -0.837737 -0.404751 0.863221 -0.301705 -0.407117 0.679277 0.610605 -0.411061 0.837774 -0.359393 -0.422971 -0.190367 0.885921 -0.432795 0.872233 0.227813 -0.436976 0.347500 0.829636 -0.440723 0.403722 0.801731 -0.443180 0.841035 -0.310245 -0.444263 -0.895285 0.033087 -0.447708 0.877985 0.169411 -0.449648 0.665705 -0.595528 -0.453194 0.111692 0.884387 -0.455798 0.501029 -0.735675 -0.463922 -0.194199 -0.864328 -0.469648 0.082177 -0.879021 -0.471486 -0.594886 -0.651008 -0.485539 -0.859943 0.157322 -0.489691 -0.509463 0.707566 -0.496401 0.255925 0.829511 -0.498406 0.086745 0.862593 -0.505378 0.106139 -0.856345 -0.509822 -0.060864 -0.858124 -0.515036 0.081027 0.853330 -0.515158 0.264412 -0.815291 -0.526081 0.241200 -0.815513 -0.527624 -0.826598 0.195828 -0.528754 0.667350 -0.524464 -0.540973 -0.032051 -0.840429 -0.542573 -0.839978 -0.007183 -0.545903 -0.732505 0.406725 -0.548988 -0.637566 0.540483 -0.551947 0.430969 0.713876 -0.555399 -0.466122 0.688667 -0.556556 -0.808903 -0.189527 -0.557830 0.806789 -0.194722 -0.572879 0.650964 -0.498052 -0.584313 0.700680 0.409422 -0.588578 0.320701 0.742110 -0.595733 -0.326354 0.733890 -0.595876 -0.231008 0.769134 -0.607343 -0.555614 0.567827 -0.612531 0.627675 -0.480448 -0.616287 -0.387307 0.685700 -0.623402 0.776184 -0.094380 -0.626179 0.163097 -0.762429 -0.626494 0.074002 0.775905 -0.627125 -0.746223 0.223306 -0.630025 -0.323619 0.705932 -0.630655 -0.749973 -0.199536 -0.634418 -0.753101 -0.174221 -0.647599 -0.599773 -0.469986 -0.648939 -0.656594 0.384398 -0.655735 -0.389292 0.646887 -0.655954 -0.754552 -0.019394 -0.657421 -0.660300 -0.363043 -0.658723 0.441701 -0.609084 -0.667763 0.717512 0.198162 -0.672702 -0.701358 -0.235732 -0.673056 -0.726659 -0.137700 -0.677154 0.269616 0.684668 -0.685603 0.652597 0.322592 -0.687287 -0.721670 0.082639 -0.697009 -0.219747 -0.682561 -0.704426 0.660754 0.259207 -0.712408 -0.698714 -0.065370 -0.716630 -0.237158 0.655895 -0.723512 -0.629773 0.282695 -0.732223 -0.314361 0.604174 -0.732228 -0.659451 -0.170197 -0.738101 -0.601860 -0.304913 -0.739095 -0.432288 -0.516590 -0.743114 -0.184597 0.643199 -0.747193 -0.416254 -0.518107 -0.747953 0.127048 0.651479 -0.759657 -0.012909 -0.650196 -0.767732 -0.117515 -0.629903 -0.768388 0.427723 -0.476061 -0.768637 0.045601 -0.638058 -0.792909 0.419585 -0.441863 -0.795696 0.548303 -0.257358 -0.803401 0.415609 0.426399 -0.804295 -0.568802 0.171968 -0.814401 0.576731 0.064281 -0.816914 0.285584 0.501092 -0.820060 0.485790 0.302506 -0.820981 -0.533303 -0.203909 -0.821062 -0.080327 -0.565159 -0.821314 -0.195529 -0.535921 -0.829475 -0.534046 0.163604 -0.831826 0.553804 0.036974 -0.832269 -0.513492 -0.208933 -0.832945 0.348901 -0.429502 -0.834350 0.105050 -0.541133 -0.839825 0.201912 0.503910 -0.847305 0.149602 0.509602 -0.850088 0.522195 0.068287 -0.850447 0.295756 0.435050 -0.852610 -0.489944 -0.181690 -0.856508 0.341495 -0.387007 -0.862600 -0.492033 -0.117576 -0.863344 0.451676 -0.225001 -0.868145 -0.109028 0.484187 -0.871891 0.114833 -0.476045 -0.886529 0.354227 0.297640 -0.894379 0.134013 0.426762 -0.896713 -0.163735 -0.411214 -0.897218 -0.288318 -0.334475 -0.901754 -0.431394 -0.027186 -0.905178 -0.356989 0.230678 -0.908533 0.388509 0.153713 -0.911112 0.411494 0.023394 -0.913223 -0.222675 0.341234 -0.924887 0.034215 -0.378700 -0.937520 0.144949 0.316300 -0.942386 -0.287078 0.171738 -0.942580 -0.199975 -0.267495 -0.945294 -0.177507 -0.273699 -0.946292 -0.322622 -0.021125 -0.957811 0.159805 -0.238872 -0.961161 -0.211112 0.177768 -0.971481 -0.214988 -0.100022 -0.973154 -0.220369 0.066402 -0.973539 0.122988 -0.192604 -0.979123 -0.009808 -0.203033 -0.982769 0.184819 -0.002751 -0.984243 0.141111 0.106551 -0.990880 0.134733 -0.001832 0.018823 0.911524 -0.410816 0.037527 -0.561961 0.826312 0.045777 0.854592 -0.517279 0.051961 -0.953294 0.297539 0.055218 -0.527141 -0.847982 0.061286 0.893098 0.445667 0.074013 0.761217 0.644260 0.077730 -0.168833 -0.982575 0.085923 -0.665882 0.741093 0.087304 0.979398 -0.182091 0.113256 -0.986248 -0.120367 0.138815 -0.246282 -0.959206 0.154877 -0.965453 -0.209554 0.156947 0.873649 0.460548 0.165009 -0.627778 0.760702 0.176276 -0.107069 0.978500 0.177782 -0.924221 -0.337947 0.188925 -0.302764 -0.934153 0.234247 0.169918 0.957213 0.244073 0.095409 0.965052 0.244309 0.397179 0.884625 0.246109 -0.945185 0.214606 0.247699 0.823332 -0.510657 0.251210 0.906890 -0.338296 0.254345 -0.901490 0.350179 0.265832 -0.938934 0.218486 0.280441 0.355439 -0.891637 0.282056 -0.418993 -0.863070 0.293202 -0.954893 -0.047043 0.303205 0.844199 -0.442035 0.319319 -0.894326 -0.313394 0.320829 -0.417177 -0.850313 0.327088 0.942268 0.071723 0.328236 0.048149 0.943368 0.338456 -0.892684 -0.297595 0.341837 -0.885008 0.316082 0.353572 -0.896043 0.268504 0.365585 -0.227526 -0.902541 0.366564 0.730201 -0.576575 0.369567 -0.475000 0.798621 0.376830 -0.001546 0.926281 0.382977 -0.543934 -0.746635 0.386046 -0.919310 0.076401 0.386519 -0.017381 -0.922118 0.403128 0.898161 0.175485 0.403617 0.818159 0.409523 0.422990 0.442119 -0.790955 0.429241 0.836081 0.341645 0.433358 -0.588678 0.682392 0.435802 0.070877 -0.897247 0.443676 0.042578 0.895175 0.447210 -0.268038 -0.853323 0.455876 -0.028578 -0.889584 0.468347 0.089908 0.878958 0.470126 -0.236951 -0.850197 0.474271 0.782683 0.403080 0.478481 0.269692 -0.835657 0.482673 0.439710 -0.757418 0.489515 -0.838056 -0.240910 0.491651 0.516073 -0.701390 0.499758 -0.718998 0.482995 0.511428 -0.796205 -0.323264 0.513901 0.773997 0.369913 0.531409 -0.845629 -0.050169 0.549207 -0.559100 -0.621112 0.551431 0.124062 0.824944 0.579565 -0.802358 0.142568 0.585285 -0.809309 -0.049609 0.595829 0.476711 -0.646324 0.596602 -0.763503 0.247243 0.599894 -0.770026 0.217225 0.610111 -0.475615 -0.633684 0.610997 -0.581287 -0.537390 0.617534 -0.683735 0.388790 0.620381 0.781344 -0.068039 0.626888 0.473165 -0.618972 0.629762 0.033019 0.776086 0.638006 0.651796 0.410014 0.642474 -0.692030 0.329122 0.644183 0.709491 0.285746 0.646579 -0.762682 -0.015854 0.651594 0.530110 0.542594 0.654406 0.006600 -0.756114 0.663980 -0.366404 0.651827 0.668091 -0.691566 -0.274574 0.676009 0.531409 -0.510505 0.681122 -0.124074 -0.721581 0.686533 -0.647489 -0.330802 0.702883 0.701510 -0.117642 0.708824 0.495325 0.502216 0.713496 -0.590508 0.377125 0.715193 -0.661797 0.224776 0.717597 -0.689705 -0.096754 0.730099 -0.252231 -0.635086 0.738378 -0.584182 -0.336941 0.738880 0.088484 0.668003 0.744146 -0.592202 0.309101 0.745497 -0.647503 -0.158030 0.748403 -0.635555 0.189637 0.751138 -0.564843 -0.341680 0.752131 -0.609301 0.251099 0.752387 -0.083706 -0.653381 0.753002 0.552495 -0.357404 0.757434 -0.652903 -0.003459 0.770901 -0.488470 0.408790 0.775383 0.603517 0.185872 0.783402 0.435077 -0.443835 0.789759 -0.568197 0.231158 0.795221 0.266570 0.544576 0.803425 -0.388809 -0.450928 0.809771 0.135990 0.570769 0.810303 -0.334744 -0.480995 0.815903 -0.578154 0.006304 0.816230 0.570332 0.092143 0.825003 -0.349582 0.444029 0.835586 -0.154965 0.527051 0.844708 -0.529003 0.081388 0.852262 -0.021378 0.522678 0.853917 -0.212735 -0.474941 0.858127 -0.099484 -0.503706 0.860987 -0.083295 -0.501760 0.863719 -0.492062 -0.108925 0.863770 -0.500974 -0.054087 0.865008 0.360133 0.349378 0.865126 0.360089 0.349132 0.866681 0.165077 0.470759 0.879927 -0.471368 0.059514 0.884093 0.362219 -0.295257 0.885425 0.095625 0.454838 0.885820 0.062819 -0.459757 0.887615 0.362759 -0.283807 0.888237 -0.144491 -0.436071 0.893712 -0.007881 0.448572 0.902892 -0.115227 -0.414135 0.928071 0.095594 0.359926 0.932317 -0.180670 -0.313280 0.933368 -0.039796 0.356709 0.934187 -0.354098 -0.043690 0.936212 -0.222977 0.271639 0.952922 0.139992 -0.268964 0.956229 0.079688 -0.281560 0.956778 -0.241992 -0.161295 0.961771 0.234470 -0.141494 0.966928 0.087392 0.239608 0.970805 0.239866 0.001078 0.979510 0.093294 -0.178486 0.986396 -0.155194 -0.054199 0.990640 -0.114631 -0.074102 0.999488 0.019792 0.025154 0.999788 -0.003068 0.020377 -0.016508 0.172989 0.984785 -0.042126 0.288081 0.956679 -0.043338 -0.959922 0.276896 -0.046720 -0.668007 -0.742687 -0.047068 -0.965731 0.255242 -0.051841 -0.269278 0.961666 -0.066520 -0.021078 0.997562 -0.071106 -0.615401 -0.785000 -0.075759 0.982943 0.167584 -0.079308 0.386378 0.918925 -0.086925 0.978995 0.184424 -0.096409 0.712289 0.695234 -0.096664 0.162713 0.981927 -0.110413 0.522729 0.845319 -0.133614 -0.692972 -0.708475 -0.147081 0.974862 0.167364 -0.160611 -0.958631 -0.235014 -0.164055 -0.986181 -0.023072 -0.169082 0.395886 0.902599 -0.170222 -0.957147 -0.234295 -0.173898 0.977920 -0.115900 -0.174079 0.850921 0.495610 -0.178498 -0.832945 -0.523776 -0.184154 -0.975030 -0.124114 -0.191601 -0.800404 -0.568017 -0.197886 0.459901 0.865640 -0.199468 0.955600 -0.216888 -0.200361 0.899186 -0.388999 -0.205493 0.918775 0.337083 -0.229883 0.967912 -0.101489 -0.271731 0.719190 0.639475 -0.272348 -0.962141 -0.010530 -0.274075 -0.593794 0.756499 -0.276722 0.958074 0.074296 -0.284023 0.958308 0.031263 -0.301292 0.951126 -0.067697 -0.305361 -0.313890 0.899015 -0.307100 -0.037042 0.950956 -0.313412 0.153445 -0.937138 -0.317493 0.944064 -0.089115 -0.321992 -0.673250 0.665624 -0.323438 0.700729 0.635898 -0.331236 -0.936534 -0.114833 -0.331591 -0.244700 -0.911136 -0.334055 0.749727 -0.571242 -0.342181 0.574803 0.743312 -0.349353 -0.064988 0.934735 -0.350114 0.244819 -0.904148 -0.350465 -0.164648 -0.921990 -0.367663 -0.362888 -0.856234 -0.368740 0.795029 0.481622 -0.373041 -0.924475 -0.078660 -0.375237 0.440058 0.815811 -0.379202 0.650580 -0.657990 -0.383252 0.922711 -0.041491 -0.396765 -0.917910 -0.004389 -0.400357 0.819495 -0.410052 -0.408757 -0.912485 0.017016 -0.418221 0.740408 -0.526201 -0.419339 -0.767629 -0.484666 -0.420594 -0.219706 0.880244 -0.422245 0.404956 0.810999 -0.426613 0.623687 -0.654993 -0.432965 -0.392406 -0.811516 -0.440412 -0.801711 -0.404099 -0.445162 -0.761387 -0.471296 -0.447154 0.784089 0.430416 -0.447683 -0.892732 0.051084 -0.477486 0.106172 0.872201 -0.481383 0.871023 0.097930 -0.485757 -0.870685 -0.077122 -0.488991 0.002459 -0.872286 -0.489797 0.807409 0.328921 -0.493753 -0.474301 -0.728867 -0.510703 -0.743052 0.432500 -0.519598 -0.457807 0.721409 -0.532584 0.682539 -0.500495 -0.539350 0.427796 -0.725322 -0.552310 -0.620543 0.556668 -0.560791 -0.803342 0.200386 -0.563963 0.764028 0.313379 -0.564462 -0.559479 0.606931 -0.565313 0.428732 0.704705 -0.571413 0.819149 0.049819 -0.577970 0.099586 -0.809959 -0.591297 0.329192 -0.736206 -0.593028 -0.797850 -0.108411 -0.607526 0.151464 0.779725 -0.615594 0.105967 0.780907 -0.620295 -0.681904 0.387609 -0.620805 -0.155018 0.768486 -0.621702 -0.656959 0.426487 -0.627615 0.727245 -0.277874 -0.632891 -0.012493 0.774140 -0.638108 0.769607 0.022881 -0.650060 -0.386490 0.654254 -0.657360 0.728410 -0.193123 -0.661212 -0.680502 0.315777 -0.662719 -0.107692 0.741084 -0.685982 0.710596 0.156469 -0.691109 -0.486786 0.534237 -0.695399 0.070404 -0.715167 -0.695982 -0.707102 -0.124961 -0.711992 -0.668169 0.215912 -0.724099 0.614329 0.313497 -0.729919 0.495644 0.470697 -0.736790 -0.620735 -0.268010 -0.736823 -0.609009 0.293597 -0.743964 -0.656399 0.125127 -0.749126 0.615227 0.245573 -0.759311 0.289115 0.582975 -0.762635 -0.601318 -0.238338 -0.764696 -0.453217 0.458076 -0.769712 0.591218 0.240842 -0.774885 -0.481889 0.409067 -0.775707 -0.629151 -0.049478 -0.776968 -0.628172 -0.041485 -0.786980 0.197677 0.584453 -0.788966 -0.254907 -0.559067 -0.791068 -0.574992 0.208794 -0.794407 -0.480777 -0.371176 -0.797797 -0.372619 -0.474000 -0.801894 0.296955 -0.518443 -0.804300 -0.575712 -0.147167 -0.812694 -0.447583 0.373092 -0.816135 0.494493 -0.298999 -0.824785 0.203218 0.527667 -0.834635 -0.302731 0.460150 -0.843110 -0.366009 0.393957 -0.848193 -0.456204 0.269157 -0.848970 -0.087019 -0.521227 -0.849755 -0.135603 0.509439 -0.858804 0.500055 0.111362 -0.859468 0.361480 -0.361451 -0.859909 0.466896 -0.206313 -0.863122 -0.503785 -0.034933 -0.865491 -0.146288 -0.479087 -0.868491 0.477779 -0.132096 -0.874934 -0.202298 0.439960 -0.890923 -0.050711 0.451315 -0.899064 0.260469 -0.351909 -0.912899 -0.373577 0.164486 -0.913755 -0.087281 -0.396779 -0.914405 0.318297 -0.250101 -0.917006 0.223301 -0.330510 -0.919937 0.061563 -0.387202 -0.924569 0.051689 -0.377491 -0.932079 -0.179392 -0.314717 -0.935823 -0.058280 -0.347618 -0.935946 -0.250595 0.247400 -0.936501 -0.170119 0.306636 -0.941172 -0.148505 0.303549 -0.945989 0.319044 -0.057584 -0.948252 0.290618 0.127900 -0.951771 -0.225166 -0.208404 -0.954113 -0.203049 0.220089 -0.964696 -0.175429 0.196436 -0.974419 0.223311 0.025280 -0.975142 -0.047107 0.216516 -0.990835 0.100482 0.090269 -0.991767 -0.028957 -0.124736 0.004542 0.019955 -0.999790 0.017492 -0.981218 -0.192106 0.019393 0.956609 0.290728 0.021199 0.601423 0.798649 0.034067 -0.323702 -0.945545 0.035096 -0.035401 0.998757 0.046574 -0.958279 -0.282016 0.048338 -0.222109 0.973823 0.050608 -0.512018 -0.857482 0.052713 -0.869061 0.491889 0.055126 0.589165 -0.806130 0.065059 0.089840 -0.993829 0.067309 0.634095 0.770320 0.068378 0.239157 0.968570 0.069504 -0.950340 0.303353 0.073254 0.241526 0.967626 0.077432 -0.784333 0.615489 0.081419 -0.982621 -0.166816 0.101804 -0.102167 -0.989544 0.104324 0.926363 -0.361895 0.109157 0.993801 -0.021091 0.115321 -0.966782 0.228108 0.118307 -0.729824 0.673320 0.122798 0.977083 -0.173865 0.125599 0.913915 -0.385985 0.129445 -0.959890 0.248705 0.146156 -0.972994 -0.178664 0.146778 0.167682 0.974853 0.149096 0.589258 -0.794068 0.149228 0.589199 -0.794088 0.153910 -0.782136 0.603800 0.155849 0.919786 -0.360145 0.161611 -0.526072 0.834943 0.162351 -0.645625 -0.746198 0.175568 -0.775941 0.605881 0.181188 -0.868807 -0.460810 0.182182 -0.966553 0.180516 0.184526 -0.981445 0.052114 0.186426 -0.646909 0.739428 0.191406 -0.937724 0.289893 0.195524 -0.577629 -0.792538 0.202303 -0.700972 0.683894 0.203108 0.163399 -0.965426 0.203624 -0.240879 0.948955 0.205187 -0.978677 -0.009496 0.207032 0.697132 0.686400 0.209974 0.949381 -0.233638 0.217351 -0.115440 -0.969243 0.229823 -0.154980 0.960813 0.229959 -0.972782 -0.028521 0.232398 -0.044779 0.971589 0.238165 0.281034 -0.929676 0.239095 -0.854236 0.461644 0.243774 0.718411 0.651506 0.247797 0.863308 0.439656 0.271688 0.948515 0.162802 0.278879 -0.240364 0.929759 0.284797 -0.118108 0.951284 0.286968 -0.902198 0.322006 0.290056 0.824824 -0.485318 0.291329 0.072860 -0.953844 0.292557 0.116541 -0.949120 0.292690 -0.913181 -0.283606 0.295426 0.044902 -0.954310 0.299736 0.951584 0.068167 0.302387 0.161743 -0.939362 0.302525 0.161731 -0.939320 0.305338 0.914008 0.267130 0.308050 0.200470 0.930009 0.309199 -0.880929 -0.358273 0.309926 -0.184323 0.932722 0.313246 -0.937829 -0.149511 0.318428 0.546838 0.774321 0.321345 -0.897803 0.301142 0.326619 -0.914983 -0.236909 0.329748 0.884692 0.329525 0.332251 -0.379162 0.863623 0.332293 -0.459038 -0.823932 0.338492 -0.039676 0.940132 0.344594 0.848513 0.401597 0.347726 -0.903137 0.251855 0.349910 0.935322 -0.052309 0.351889 -0.609735 -0.710210 0.351891 -0.049795 -0.934716 0.352042 0.313255 -0.882008 0.356921 0.519763 -0.776179 0.361921 -0.813795 0.454699 0.363274 0.931515 -0.017667 0.364011 -0.160286 -0.917499 0.378252 0.195036 0.904923 0.386769 0.067340 -0.919715 0.390551 0.237509 -0.889415 0.395158 -0.095136 0.913673 0.401473 0.381252 0.832746 0.407572 0.281638 -0.868657 0.415761 -0.906899 -0.068386 0.416310 -0.063615 0.906995 0.427476 -0.891290 0.151220 0.428495 0.277240 0.859959 0.433942 -0.522657 0.733842 0.441508 0.598278 -0.668682 0.442703 0.486675 0.753101 0.445416 0.770003 0.456838 0.448470 0.862350 -0.235007 0.449570 0.281454 0.847744 0.458091 -0.665783 -0.588969 0.459300 -0.879172 0.126887 0.459407 0.625433 -0.630697 0.464666 -0.188966 0.865088 0.464900 0.851103 0.243908 0.468319 0.089831 0.878981 0.484795 0.851911 0.198044 0.486883 0.241166 0.839514 0.499015 0.208593 -0.841114 0.499052 0.208804 -0.841039 0.499172 -0.516072 -0.696058 0.499622 -0.248404 -0.829864 0.500341 -0.708548 0.497613 0.511269 0.823878 0.244600 0.538494 -0.819816 -0.194746 0.549787 0.835262 0.008398 0.557075 -0.083082 0.826296 0.558284 -0.786362 -0.264487 0.565464 0.286810 -0.773299 0.573723 -0.818917 0.014697 0.579895 -0.448673 0.680010 0.583719 0.126741 0.802003 0.590419 -0.782487 0.197787 0.593370 0.321378 -0.737989 0.596659 -0.700929 -0.390764 0.602533 -0.679869 -0.418010 0.606562 -0.751391 0.259796 0.614248 0.219225 0.758050 0.618274 -0.711856 -0.333164 0.622382 0.201857 0.756237 0.622820 0.114631 -0.773922 0.626539 0.225497 -0.746056 0.630338 -0.720076 -0.290113 0.635321 -0.651825 -0.414115 0.636982 -0.638231 -0.432337 0.644023 -0.249328 0.723236 0.645510 0.759697 0.078604 0.646209 -0.057348 -0.761002 0.648832 0.640417 -0.410954 0.656270 -0.729305 -0.193452 0.659014 0.741823 0.124097 0.664699 0.680978 -0.307317 0.676305 -0.455528 0.578883 0.680977 0.721921 0.122883 0.683591 0.694564 0.224241 0.692981 -0.695899 0.188419 0.702935 -0.412225 0.579614 0.712428 0.602010 -0.360596 0.718145 0.644845 0.261616 0.718293 -0.268341 -0.641910 0.721842 0.168714 0.671178 0.722224 -0.689735 -0.051559 0.727902 0.045261 0.684186 0.731486 -0.676774 0.083097 0.731973 0.529102 0.429262 0.735987 0.050492 -0.675110 0.741234 0.384009 0.550553 0.745615 -0.039861 0.665184 0.751717 0.605796 -0.260638 0.755419 0.649402 -0.087290 0.758890 -0.532837 -0.374393 0.759124 -0.503892 0.412096 0.772641 0.227104 -0.592833 0.773193 -0.262049 -0.577497 0.775984 -0.549383 0.309884 0.787676 0.615606 -0.024409 0.787840 -0.089632 0.609323 0.803343 -0.522035 -0.286567 0.805736 -0.316959 -0.500326 0.806993 0.033617 -0.589603 0.808472 -0.582265 0.085683 0.814878 -0.277778 0.508737 0.819906 0.475199 -0.319281 0.820589 -0.259783 -0.509064 0.822174 0.194537 -0.534962 0.823066 -0.567049 0.031916 0.823797 0.528370 0.205388 0.831587 -0.220356 0.509809 0.832018 -0.522066 -0.187598 0.843319 -0.138297 0.519313 0.843676 -0.316309 -0.433773 0.849513 -0.332479 0.409615 0.867387 0.494682 -0.054126 0.867908 -0.091876 -0.488155 0.868092 0.495409 0.031407 0.871994 -0.028008 0.488715 0.882897 -0.463219 -0.076951 0.886846 -0.461556 0.021684 0.887309 -0.431085 0.163854 0.888393 -0.310833 0.337847 0.888440 -0.144517 -0.435649 0.891108 -0.004761 -0.453766 0.891949 -0.201777 0.404614 0.893370 -0.425626 0.143989 0.894989 -0.199223 0.399129 0.895802 -0.099908 0.433078 0.898206 -0.233895 0.372183 0.898827 -0.218776 0.379798 0.903551 0.124589 0.409966 0.907697 -0.314490 -0.277818 0.909407 -0.408318 -0.079088 0.912671 0.378612 0.153897 0.915035 -0.389137 0.106225 0.916159 -0.092600 0.389973 0.919407 0.007510 0.393235 0.923802 0.360074 -0.130143 0.925283 0.370527 -0.080997 0.928744 -0.052882 -0.366930 0.928749 -0.052914 -0.366912 0.929126 -0.369635 -0.009728 0.929592 -0.265617 0.255550 0.930063 0.015919 0.367056 0.932900 0.114667 -0.341392 0.934841 -0.040514 -0.352749 0.943379 -0.264661 -0.199977 0.946259 0.318984 0.053313 0.948278 0.135101 0.287256 0.949420 0.311092 -0.042708 0.949782 0.306529 0.062876 0.952977 0.139914 -0.268810 0.953309 0.182803 0.240385 0.959739 0.006696 0.280815 0.963117 -0.219817 -0.155194 0.971395 0.222076 0.084107 0.975736 0.139804 0.168509 0.984150 -0.064768 0.165086 0.992856 0.040670 -0.112175 0.995079 0.085626 -0.049860 -0.019190 -0.122528 0.992280 -0.022272 -0.008926 -0.999712 -0.022498 -0.777059 0.629025 -0.026492 -0.823909 0.566102 -0.034386 -0.303633 -0.952168 -0.034524 -0.905564 0.422803 -0.042604 0.689494 -0.723037 -0.044511 0.030967 0.998529 -0.050756 0.993741 -0.099513 -0.060302 -0.237411 0.969536 -0.071617 0.277361 0.958093 -0.080482 -0.791376 0.606008 -0.103266 -0.974074 0.201284 -0.111177 0.175015 -0.978269 -0.118075 0.849605 -0.514033 -0.119305 -0.259778 0.958270 -0.120188 -0.858113 0.499196 -0.123351 -0.325569 0.937438 -0.135882 0.846532 -0.514704 -0.136288 0.037574 -0.989956 -0.137306 0.754369 -0.641930 -0.141045 -0.125371 -0.982033 -0.141046 0.276503 -0.950606 -0.144525 -0.842329 0.519225 -0.145179 0.828605 0.540682 -0.148348 0.856656 0.494098 -0.151607 0.037760 -0.987719 -0.151646 0.037697 -0.987716 -0.156319 -0.158009 -0.974986 -0.156699 -0.546781 -0.822482 -0.161202 0.973018 -0.165074 -0.170426 0.985217 -0.017358 -0.175494 -0.981967 0.070311 -0.183276 0.842069 -0.507277 -0.191298 0.258480 0.946886 -0.201411 0.951144 0.234006 -0.203117 -0.972966 -0.109912 -0.207126 0.948520 -0.239600 -0.211617 -0.308596 -0.927355 -0.215956 -0.075960 -0.973444 -0.216732 0.964208 -0.152743 -0.221313 0.511809 0.830104 -0.221898 0.392241 -0.892697 -0.226473 -0.208228 -0.951499 -0.237577 -0.863016 0.445825 -0.244028 -0.763103 0.598435 -0.247582 -0.871714 0.422868 -0.249888 -0.817885 -0.518286 -0.251715 -0.626802 0.737400 -0.258152 -0.963292 0.073659 -0.260203 0.153292 -0.953308 -0.260404 0.829310 -0.494404 -0.263055 0.913685 -0.309808 -0.263317 0.878371 0.398909 -0.264032 -0.081407 0.961072 -0.264204 0.940877 -0.212004 -0.264305 -0.964437 -0.002002 -0.273727 -0.178295 0.945137 -0.281738 -0.951166 -0.126124 -0.282712 0.958163 0.044700 -0.289674 0.299472 -0.909069 -0.296114 -0.291346 -0.909634 -0.304398 -0.867122 0.394260 -0.316128 -0.831414 0.456961 -0.318819 -0.946477 0.050349 -0.325640 0.905613 -0.271706 -0.326008 0.342777 -0.881035 -0.334531 0.420204 0.843515 -0.338349 0.782219 -0.523119 -0.339989 0.904715 0.256707 -0.343735 0.819306 -0.458895 -0.343929 0.931665 0.117103 -0.345879 0.711597 -0.611553 -0.347114 -0.853021 -0.389701 -0.348586 -0.716390 -0.604378 -0.353156 0.346796 -0.868915 -0.368898 -0.469794 0.802002 -0.370907 0.881705 0.291588 -0.378558 -0.664964 -0.643830 -0.387849 -0.921478 0.021234 -0.392064 0.406881 -0.825066 -0.395899 -0.083276 0.914510 -0.397350 -0.596306 -0.697519 -0.402539 0.224172 -0.887530 -0.409260 -0.095294 0.907428 -0.414760 -0.117986 -0.902249 -0.421562 -0.896497 0.136304 -0.421748 0.612475 0.668583 -0.442180 -0.896925 -0.001435 -0.443219 0.829823 0.339044 -0.445036 -0.227300 -0.866186 -0.450692 0.890729 0.058983 -0.455424 -0.874397 -0.167389 -0.457572 0.775575 0.434869 -0.459692 -0.844612 0.274435 -0.461018 -0.178739 -0.869204 -0.470955 0.555856 0.685000 -0.473774 -0.879561 -0.043702 -0.474828 -0.430105 0.767820 -0.477315 0.574199 -0.665182 -0.480108 -0.337279 0.809778 -0.480707 0.228852 -0.846491 -0.484262 0.373701 0.791099 -0.488988 0.002489 -0.872287 -0.495670 -0.156852 -0.854230 -0.496559 0.635525 0.591217 -0.501483 -0.020647 0.864921 -0.508127 -0.849662 0.141005 -0.518283 -0.702721 0.487408 -0.532297 -0.587705 -0.609313 -0.535708 0.189604 -0.822841 -0.540483 0.713781 0.445416 -0.540872 -0.032199 -0.840488 -0.542045 -0.839280 -0.042379 -0.558757 -0.352662 0.750613 -0.559909 0.138913 -0.816827 -0.566543 0.273886 0.777184 -0.566989 -0.752302 -0.335508 -0.568152 0.285238 0.771908 -0.572411 0.646337 0.504573 -0.573316 0.525403 0.628698 -0.594073 0.774503 -0.217308 -0.601380 -0.588706 -0.540155 -0.609144 0.180821 0.772170 -0.610541 -0.672386 0.418494 -0.614035 0.592973 -0.520907 -0.618888 -0.779893 -0.093513 -0.620041 -0.611130 0.492006 -0.627341 -0.371606 0.684363 -0.632724 -0.677077 -0.375802 -0.644017 0.746061 0.169220 -0.649725 0.192421 0.735413 -0.651477 -0.652815 -0.386536 -0.661174 -0.680527 0.315804 -0.661291 -0.680372 0.315892 -0.663783 0.070901 -0.744557 -0.663873 0.248378 -0.705394 -0.663916 0.643641 -0.380713 -0.673608 -0.724981 0.143716 -0.684584 -0.391927 -0.614603 -0.685830 -0.461207 0.562962 -0.693403 -0.229701 -0.682957 -0.699456 -0.255209 -0.667555 -0.710012 -0.168368 -0.683765 -0.712335 -0.580288 -0.394771 -0.712521 -0.673567 -0.196522 -0.713933 0.063807 -0.697301 -0.715289 -0.600880 0.356798 -0.724630 -0.642160 0.250085 -0.725398 -0.635869 0.263569 -0.726041 -0.528823 0.439557 -0.742739 0.398745 -0.537905 -0.747228 0.267305 -0.608440 -0.748607 -0.573311 0.333021 -0.753091 -0.655047 0.061374 -0.763282 0.417776 -0.492812 -0.767606 0.353929 0.534337 -0.777298 -0.511166 -0.366765 -0.778806 -0.440810 0.446260 -0.781952 -0.467872 -0.411883 -0.785976 0.432791 -0.441513 -0.787194 -0.152757 -0.597487 -0.792824 -0.601137 0.100323 -0.795809 -0.594392 -0.115699 -0.797294 -0.597640 -0.084545 -0.800414 0.583030 -0.139332 -0.801955 0.296888 -0.518387 -0.804779 -0.574175 0.150511 -0.805716 -0.227003 -0.547075 -0.822515 -0.494793 -0.280444 -0.825606 0.033022 0.563280 -0.827479 0.555097 0.084530 -0.830487 0.421371 -0.364332 -0.832117 -0.554215 -0.020662 -0.837517 0.026521 0.545768 -0.843870 0.521049 -0.128030 -0.849523 -0.140783 0.508419 -0.850501 0.295861 0.434873 -0.855182 0.515514 0.053932 -0.856632 -0.020654 0.515515 -0.862774 -0.281865 0.419729 -0.863102 -0.413886 -0.289400 -0.874442 -0.018004 0.484797 -0.874562 0.083032 -0.477753 -0.874916 -0.116814 -0.469975 -0.884239 -0.395737 -0.248021 -0.890620 0.020400 0.454290 -0.899168 0.260418 -0.351681 -0.902325 0.372442 -0.217019 -0.905205 -0.419727 -0.066586 -0.907984 0.325998 -0.263230 -0.921221 0.301452 -0.245925 -0.936209 -0.325005 0.133732 -0.937545 0.144357 0.316497 -0.939902 -0.337913 0.048986 -0.943186 0.332250 -0.003183 -0.952661 -0.046695 0.300428 -0.959111 -0.282630 -0.015026 -0.959403 0.279010 0.041216 -0.961957 0.117608 -0.246590 -0.963220 -0.265630 -0.040598 -0.964583 0.028431 0.262242 -0.964841 0.102531 0.242010 -0.966955 -0.197626 -0.161064 -0.970454 0.144092 0.193536 -0.975706 -0.122986 -0.181305 -0.979541 0.033439 0.198449 -0.980807 0.052863 0.187677 -0.985682 -0.020503 -0.167364 -0.987438 -0.065501 0.143791 -0.997292 -0.038038 -0.062936 0.004897 0.971028 -0.238917 0.017691 0.798304 0.601994 0.020201 0.261019 -0.965122 0.023816 -0.952571 0.303385 0.040672 -0.975744 -0.215102 0.065492 -0.945802 0.318071 0.065693 -0.997828 -0.004821 0.079982 -0.573506 -0.815287 0.084288 0.536272 0.839826 0.090879 -0.367976 0.925383 0.104693 -0.185204 0.977108 0.106805 -0.720290 0.685401 0.111706 0.305814 -0.945515 0.112563 -0.920473 0.374246 0.114908 -0.974964 -0.190372 0.116500 0.992656 -0.032603 0.127699 -0.984261 -0.122162 0.129816 -0.196924 -0.971786 0.141265 0.405474 0.903125 0.144759 0.974977 0.168716 0.147806 -0.943514 -0.296539 0.149419 -0.901396 -0.406398 0.156946 -0.986272 0.051335 0.169107 0.895684 -0.411281 0.172414 -0.720969 0.671176 0.184949 0.967296 -0.173589 0.196134 -0.313113 -0.929242 0.199335 -0.340498 -0.918872 0.205844 -0.220452 0.953430 0.234919 -0.950217 0.204697 0.240260 0.787015 -0.568227 0.245309 0.243388 -0.938395 0.252861 -0.448965 0.857025 0.254373 -0.706209 0.660729 0.259340 -0.950865 -0.169111 0.262294 0.611505 0.746501 0.269320 -0.958584 -0.092644 0.272491 0.720428 -0.637756 0.274187 -0.805226 0.525768 0.282443 0.094843 -0.954584 0.292596 -0.904384 -0.310608 0.294300 -0.411983 -0.862356 0.302422 -0.268861 0.914469 0.302577 -0.268590 0.914498 0.303571 0.907989 0.288793 0.319814 -0.848822 0.420975 0.328557 0.504082 0.798719 0.330492 0.127462 -0.935162 0.340421 -0.819708 0.460643 0.341595 -0.027383 0.939448 0.345223 0.632509 0.693364 0.351696 -0.004505 -0.936103 0.363323 0.348712 0.863943 0.368310 0.873514 -0.318311 0.378104 -0.449785 0.809154 0.382039 0.434802 0.815471 0.388227 0.188240 0.902134 0.390358 0.919695 0.042206 0.405814 0.853732 -0.326278 0.425334 -0.537650 -0.728027 0.426912 0.182399 -0.885707 0.437212 -0.800789 0.409367 0.442087 -0.406674 0.799484 0.444358 -0.834700 -0.325302 0.447026 -0.464117 -0.764698 0.447170 0.426498 -0.786218 0.451903 0.677985 -0.579758 0.455899 0.571550 0.682266 0.455972 -0.882479 0.115416 0.458167 0.453907 -0.764233 0.463203 0.833575 0.300992 0.468196 0.090107 0.879018 0.471678 0.532222 -0.703036 0.478101 -0.849108 -0.224578 0.480108 0.816503 0.320653 0.489862 -0.864199 0.114876 0.492326 -0.141625 0.858812 0.493695 -0.122304 0.860992 0.500781 -0.281990 0.818352 0.500798 0.675258 0.541506 0.503190 0.810206 0.300610 0.507080 -0.156630 0.847547 0.522437 -0.815852 -0.247883 0.523661 -0.488123 0.698223 0.526955 -0.354174 -0.772580 0.533794 0.837082 0.119823 0.536189 0.577547 -0.615581 0.537087 0.524069 -0.660976 0.541949 -0.839771 0.032811 0.543775 0.483702 -0.685814 0.545670 0.381840 0.745951 0.547354 0.834807 -0.059169 0.551619 0.092914 -0.828905 0.552184 0.160770 -0.818074 0.555405 0.360593 -0.749332 0.555817 -0.807650 -0.196900 0.564390 0.567925 -0.599104 0.565295 0.637635 0.523319 0.584197 -0.395871 0.708520 0.584939 -0.019566 -0.810841 0.586181 -0.765663 -0.264864 0.593041 0.767666 -0.242880 0.596608 -0.602199 -0.530486 0.599784 -0.331704 0.728170 0.605809 0.527296 0.595781 0.607594 0.586608 -0.535463 0.609971 0.610717 0.504936 0.622713 0.114626 -0.774009 0.622818 0.114420 -0.773955 0.626418 0.225417 -0.746182 0.626421 0.225432 -0.746175 0.636624 -0.547781 -0.542812 0.637264 -0.744398 -0.199414 0.639289 -0.601980 0.478466 0.645150 -0.605341 -0.466202 0.650446 0.052732 0.757720 0.655052 0.754729 -0.035919 0.677151 0.734595 0.042858 0.678188 -0.056171 -0.732738 0.679219 -0.522925 0.514986 0.683619 0.694583 0.224095 0.683700 -0.396156 0.612875 0.695392 -0.511873 0.504397 0.696258 -0.041930 -0.716566 0.698101 0.375357 -0.609723 0.699406 -0.713592 -0.040214 0.708813 -0.564524 0.422961 0.713839 0.172879 0.678636 0.722929 0.657949 0.210897 0.723510 0.667181 0.177209 0.731207 -0.377127 -0.568429 0.731800 0.593097 -0.335714 0.735206 0.455329 0.502143 0.735795 -0.415696 -0.534605 0.742505 0.602997 0.291686 0.745449 0.161718 -0.646647 0.750367 0.223988 -0.621915 0.750609 0.629488 -0.200823 0.757457 -0.652877 -0.003253 0.759530 -0.557674 0.334833 0.764867 0.641802 0.055394 0.771283 -0.599728 -0.213189 0.771319 -0.534266 0.345870 0.776747 0.453606 0.436929 0.783891 -0.102379 -0.612400 0.790725 0.583390 -0.185501 0.795482 0.454861 -0.400388 0.807626 0.216088 0.548677 0.825526 0.477332 0.301099 0.825596 -0.316859 0.466895 0.835242 0.241347 -0.494087 0.839696 -0.198717 0.505392 0.845110 0.518198 -0.131379 0.845218 -0.050872 -0.531995 0.849907 0.336683 -0.405343 0.851145 -0.120944 -0.510808 0.852186 -0.316369 -0.416761 0.859321 -0.304797 0.410691 0.865068 0.359924 0.349446 0.865740 -0.499166 0.036442 0.875103 -0.012315 0.483780 0.877789 0.356682 0.319789 0.886586 -0.176640 -0.427508 0.888970 0.457393 0.022883 0.894852 0.427793 0.127410 0.897642 0.398379 0.188504 0.908218 0.202152 -0.366434 0.916367 0.083782 -0.391475 0.927822 -0.004388 0.372997 0.939907 0.042124 0.338822 0.940974 -0.104950 0.321797 0.941925 0.335706 0.008802 0.943277 0.070966 0.324333 0.945364 0.104575 0.308790 0.948226 0.135278 0.287346 0.948293 -0.195400 0.250118 0.952754 -0.189714 0.237209 0.955783 -0.234268 -0.177754 0.968393 0.191030 0.160384 0.975313 0.038698 -0.217409 0.977735 -0.144426 -0.152232 0.983326 -0.146095 0.108288 0.985750 0.068890 0.153466 0.986614 0.160976 -0.026081 0.987882 -0.013870 -0.154588 0.988664 -0.101806 -0.110363 0.995076 0.078505 0.060501 -0.023741 0.608039 0.793552 -0.033394 0.970201 -0.239991 -0.038080 -0.896812 -0.440769 -0.046370 0.976355 0.211142 -0.058882 -0.495814 -0.866430 -0.064991 0.772509 -0.631669 -0.072601 -0.297090 -0.952086 -0.074375 -0.979063 0.189484 -0.085417 -0.801605 -0.591721 -0.094666 -0.730229 0.676612 -0.111205 -0.971521 -0.209240 -0.111800 -0.675344 0.728980 -0.116041 -0.618107 0.777482 -0.118022 -0.139511 -0.983162 -0.122849 -0.982095 -0.142818 -0.123578 -0.763521 0.633849 -0.148308 0.978938 -0.140306 -0.154776 -0.442730 -0.883196 -0.156125 -0.985502 0.066410 -0.161990 -0.181303 -0.969994 -0.164620 0.166572 -0.972190 -0.168162 0.924476 -0.342148 -0.178507 0.583301 -0.792399 -0.184106 0.787620 -0.588013 -0.189554 0.457877 -0.868572 -0.202729 -0.666922 0.717019 -0.219285 -0.958290 -0.183291 -0.219937 0.066704 0.973231 -0.224791 -0.968186 0.109931 -0.231035 0.552826 0.800629 -0.239964 -0.278430 0.929997 -0.240915 -0.970216 0.025321 -0.248520 0.352022 -0.902396 -0.248934 -0.865333 -0.435006 -0.255139 0.061300 -0.964959 -0.258336 -0.960276 -0.105506 -0.271525 0.719096 0.639668 -0.275114 -0.699631 0.659415 -0.281512 -0.863689 -0.418082 -0.285813 -0.896430 -0.338708 -0.293294 0.868494 0.399621 -0.303020 0.952463 -0.031500 -0.311200 -0.652347 0.691085 -0.318624 0.908101 -0.271718 -0.335940 -0.913899 0.227887 -0.339513 0.937790 0.072671 -0.345923 -0.917441 -0.196570 -0.352461 -0.930620 -0.098584 -0.355810 0.924404 0.137392 -0.364240 -0.222986 -0.904216 -0.371097 0.689507 -0.621987 -0.371623 -0.918766 0.133287 -0.373744 0.850239 0.370687 -0.376853 -0.607589 -0.699154 -0.384304 -0.145365 0.911690 -0.389456 -0.254100 0.885301 -0.401452 -0.915759 -0.014914 -0.413347 -0.679634 0.606005 -0.425023 0.893318 0.146075 -0.428130 0.871751 0.238231 -0.430960 -0.779982 0.453765 -0.444208 0.827820 -0.342627 -0.457691 -0.312639 0.832331 -0.462087 -0.167971 -0.870782 -0.471294 -0.843919 0.256285 -0.476036 0.212529 -0.853359 -0.478475 0.548517 0.685704 -0.484092 -0.418112 0.768659 -0.498212 -0.723997 -0.477088 -0.517603 -0.840207 -0.161676 -0.517919 -0.846313 0.124554 -0.528130 0.816678 0.232628 -0.529877 -0.848073 -0.001698 -0.545975 0.791285 0.275282 -0.558392 0.742700 0.369588 -0.561764 0.227763 -0.795327 -0.579020 0.399154 -0.710923 -0.582067 -0.706877 0.401900 -0.608816 -0.217460 0.762925 -0.615684 0.105769 0.780862 -0.635604 0.236944 -0.734755 -0.648340 0.252885 0.718126 -0.651101 0.638594 0.410201 -0.659386 -0.317630 0.681411 -0.660908 -0.730987 0.169876 -0.662444 -0.116392 -0.740014 -0.667894 -0.710374 -0.222003 -0.673692 -0.426693 -0.603384 -0.677311 -0.219476 -0.702196 -0.682987 0.479201 0.551267 -0.686808 -0.208991 -0.696145 -0.696197 0.454913 0.555305 -0.700401 0.641813 0.312274 -0.700550 0.138294 -0.700074 -0.726086 0.172124 -0.665712 -0.726241 -0.637905 -0.256224 -0.731828 -0.617797 0.287671 -0.736389 -0.415911 0.533620 -0.739384 -0.589295 -0.325642 -0.743061 0.313332 0.591340 -0.744510 0.660157 0.099483 -0.747908 0.127213 0.651499 -0.748362 0.141092 -0.648111 -0.749204 0.502179 0.431867 -0.754275 -0.651785 -0.079030 -0.760783 0.559720 -0.328518 -0.760791 -0.648537 0.024414 -0.784020 0.609483 -0.117655 -0.787155 -0.037500 -0.615615 -0.792124 -0.062719 0.607129 -0.794438 0.585810 -0.160295 -0.796599 0.600645 0.068232 -0.798006 -0.388879 -0.460391 -0.800872 -0.440576 0.405583 -0.817110 -0.543554 -0.192040 -0.818157 0.094764 -0.567133 -0.825473 -0.439472 0.354201 -0.849619 -0.519184 -0.092711 -0.850641 -0.458809 -0.256720 -0.852332 -0.258010 -0.454929 -0.858468 -0.411404 -0.306235 -0.870362 -0.409277 0.273792 -0.871474 -0.292119 -0.393953 -0.879985 0.133360 -0.455896 -0.885776 -0.275339 -0.373618 -0.894346 -0.389121 -0.220749 -0.904727 -0.385691 0.180865 -0.910626 -0.255952 -0.324421 -0.929285 -0.354266 0.104520 -0.930900 0.341685 -0.129138 -0.936562 -0.210838 0.279996 -0.937539 -0.344705 0.046899 -0.942727 -0.009676 0.333425 -0.955436 0.280063 0.093313 -0.956414 0.147446 0.252056 -0.958885 0.281805 0.033545 -0.960315 0.041472 0.275818 -0.964386 0.086907 0.249814 -0.985748 -0.018057 0.167255 -0.986588 0.147016 -0.070927 -0.989176 0.139693 0.044902 -0.995953 0.069450 0.057055</float_array>
          <technique_common>
            <accessor count="3134" source="#Mesh1.0-lib-Normal0-array" stride="3">
              <param name="X" type="float"/>
              <param name="Y" type="float"/>
              <param name="Z" type="float"/>
            </accessor>
          </technique_common>
        </source>
        <source id="Mesh1.0-lib-UV0" name="map1">
          <float_array id="Mesh1.0-lib-UV0-array" count="15514"> 0.029894 0.000000 0.160752 0.000000 0.272833 0.000000 0.329845 0.000000 0.498327 0.000000 0.531139 0.000000 0.617250 0.000000 0.687816 0.000000 0.734817 0.000000 0.789882 0.000000 0.827290 0.000000 0.859862 0.000000 0.894821 0.000000 0.927008 0.000000 0.948694 0.000000 0.974393 0.000000 0.978661 0.000000 0.980370 0.000000 0.834289 0.000035 0.941136 0.000073 0.840932 0.000111 0.837344 0.000544 0.822796 0.000678 0.143734 0.000835 0.809370 0.001020 0.934969 0.001062 0.815524 0.001129 0.429795 0.001566 0.047985 0.001911 0.798774 0.001938 0.961762 0.002058 0.545073 0.002180 0.834541 0.002301 0.845313 0.002600 0.827605 0.002787 0.585884 0.003574 0.823279 0.003684 0.819348 0.003863 0.828516 0.003951 0.932532 0.004062 0.812175 0.004235 0.940030 0.004294 0.172802 0.004359 0.815712 0.004584 0.436130 0.004617 0.980370 0.004798 0.056612 0.005347 0.948938 0.005537 0.047696 0.005594 0.930314 0.005648 0.814562 0.005668 0.410281 0.006005 0.718055 0.006079 0.914412 0.006125 0.768566 0.006288 0.508910 0.006545 0.617496 0.006636 0.390793 0.006727 0.188646 0.006738 0.595818 0.006889 0.937751 0.006989 0.011877 0.007071 0.654050 0.007734 0.230868 0.007911 0.641726 0.008074 0.422279 0.008268 0.116177 0.008447 0.508136 0.008511 0.033496 0.008544 0.780298 0.008654 0.941136 0.009526 0.757149 0.009843 0.082611 0.009900 0.746066 0.009985 0.808688 0.010302 0.445617 0.012475 0.094036 0.012540 0.921580 0.013011 0.811369 0.013704 0.925447 0.013728 0.974393 0.014238 0.353225 0.014253 0.939236 0.014455 0.935256 0.014871 0.794152 0.014888 0.798774 0.014981 0.256283 0.015219 0.985207 0.015340 0.716407 0.015715 0.487248 0.016198 0.960561 0.016501 0.485861 0.016683 0.959445 0.016712 0.961762 0.016719 0.447896 0.016765 0.921725 0.017256 0.817058 0.017452 0.445359 0.017552 0.979976 0.017897 0.293715 0.018261 0.468962 0.018545 0.714881 0.018915 0.851528 0.019212 0.474850 0.019223 0.450879 0.019529 0.133808 0.020107 0.954160 0.020440 0.469161 0.020785 0.483899 0.021035 0.983391 0.021647 0.811922 0.021713 0.005530 0.021810 0.332093 0.022835 0.496637 0.023633 0.973379 0.024308 0.901478 0.024408 0.546660 0.024831 0.968353 0.024837 0.439039 0.024866 0.932316 0.024995 0.228639 0.025091 0.798184 0.025143 0.213519 0.025282 0.159453 0.025432 0.508136 0.026041 0.558299 0.026419 0.977452 0.026558 0.813600 0.026905 0.974393 0.026907 0.122738 0.027016 0.121278 0.027140 0.908755 0.027640 0.029038 0.028031 0.169590 0.028232 0.054169 0.028256 0.236262 0.028541 0.229660 0.028650 0.980370 0.029652 0.859020 0.029945 0.247860 0.030104 0.914164 0.030114 0.511084 0.030255 0.894581 0.030263 0.952667 0.030596 0.312378 0.030954 0.974227 0.031516 0.967628 0.032007 0.520640 0.032777 0.422279 0.032997 0.252775 0.033061 0.467083 0.033074 0.933247 0.033131 0.281561 0.033184 0.515186 0.033592 0.574213 0.033852 0.849928 0.034114 0.980370 0.034141 0.193424 0.034273 0.560647 0.034459 0.973336 0.034583 0.816644 0.034677 0.516627 0.034724 0.217585 0.034809 0.510126 0.034830 0.983636 0.035380 0.987803 0.035380 0.577879 0.035401 0.259168 0.035958 0.086981 0.036086 0.255955 0.036720 0.926249 0.036746 0.931191 0.037073 0.964293 0.037272 0.972836 0.037530 0.975048 0.037530 0.975048 0.037530 0.876125 0.037652 0.821715 0.037916 0.544036 0.037959 0.202644 0.038310 0.934450 0.039181 0.586438 0.039377 0.916122 0.039573 0.797038 0.040407 0.976850 0.040473 0.205501 0.040791 0.258874 0.040926 0.961761 0.041041 0.084901 0.041198 0.816358 0.041382 0.615962 0.041726 0.642778 0.042180 0.969954 0.042405 0.975048 0.042836 0.976886 0.042836 0.821251 0.043014 0.973592 0.043295 0.976917 0.043747 0.202644 0.043926 0.210063 0.043933 0.206596 0.044796 0.851385 0.045015 0.967543 0.045204 0.646780 0.045222 0.985234 0.045859 0.261183 0.046095 0.264730 0.046331 0.796747 0.046395 0.983636 0.046395 0.987803 0.046720 0.975048 0.046784 0.901478 0.047133 0.407416 0.047413 0.851528 0.047786 0.976830 0.048011 0.976886 0.048011 0.975048 0.048720 0.948755 0.049001 0.310056 0.049568 0.955609 0.049830 0.762694 0.050217 0.833498 0.050920 0.546909 0.051009 0.844344 0.051044 0.950361 0.051058 0.518044 0.051145 0.973620 0.051643 0.984696 0.051945 0.935830 0.052437 0.831283 0.052448 0.982482 0.052832 0.976794 0.053259 0.976830 0.053259 0.980360 0.053269 0.987610 0.053497 0.946722 0.053954 0.039602 0.054258 0.890209 0.054514 0.859428 0.054521 0.975048 0.054687 0.835258 0.054811 0.941136 0.055708 0.941136 0.055708 0.943036 0.055708 0.946756 0.055708 0.948511 0.055708 0.950281 0.055708 0.038998 0.055758 0.716407 0.055788 0.792537 0.055837 0.926407 0.055854 0.945780 0.056146 0.883723 0.056329 0.329845 0.056357 0.827787 0.056427 0.941136 0.056515 0.851528 0.056976 0.875033 0.056976 0.422279 0.057029 0.944937 0.057181 0.946756 0.057348 0.055036 0.057459 0.961761 0.057908 0.061039 0.058095 0.040520 0.058168 0.569329 0.058358 0.263368 0.058538 0.976794 0.058591 0.050159 0.058603 0.944937 0.058605 0.772022 0.058980 0.948511 0.059048 0.943036 0.059085 0.505375 0.059095 0.031986 0.059370 0.819592 0.059938 0.036928 0.059994 0.717942 0.060198 0.943036 0.060365 0.440789 0.060406 0.941136 0.060446 0.946756 0.060543 0.950281 0.060562 0.948511 0.060628 0.364260 0.060654 0.877405 0.060673 0.911996 0.060673 0.935473 0.060673 0.969963 0.060673 0.976917 0.060673 0.983202 0.060673 0.983636 0.060673 0.987394 0.060673 0.853327 0.061576 0.926785 0.061683 0.028846 0.062474 0.860783 0.062636 0.797075 0.062736 0.068324 0.062765 0.854419 0.062841 0.950114 0.063117 0.965539 0.063324 0.976917 0.064090 0.967238 0.064362 0.795493 0.065090 0.122738 0.065481 0.417362 0.065550 0.944002 0.066159 0.026549 0.066188 0.952683 0.066302 0.490531 0.066389 0.900780 0.066699 0.021011 0.067108 0.341504 0.067400 0.023136 0.067673 0.808704 0.067703 0.000000 0.068020 0.812143 0.068797 0.267915 0.069301 0.798299 0.069552 0.891730 0.069790 0.465884 0.070131 0.014260 0.070683 0.851528 0.072202 0.952819 0.073154 0.080464 0.073344 0.278790 0.073648 0.925603 0.073663 0.798774 0.073798 0.810093 0.073798 0.919819 0.074309 0.803166 0.074618 0.926785 0.074981 0.853599 0.076384 0.903741 0.076596 0.970974 0.076973 0.949964 0.077501 0.986777 0.077778 0.007909 0.078055 0.911691 0.078518 0.983202 0.078724 0.798675 0.079363 0.938264 0.079703 0.079317 0.079802 0.987394 0.079868 0.005599 0.080829 0.570466 0.081338 0.952602 0.081427 0.970024 0.081630 0.974253 0.082556 0.084930 0.083086 0.798774 0.083338 0.831298 0.083524 0.842968 0.084176 0.083989 0.084179 0.301812 0.084266 0.086818 0.084577 0.080056 0.085547 0.798774 0.085888 0.956978 0.085888 0.893014 0.086064 0.759307 0.086171 0.434069 0.087290 0.970565 0.087537 0.097051 0.087662 0.254412 0.087857 0.158227 0.088263 0.167761 0.088391 0.118452 0.088597 0.135476 0.088778 0.545244 0.088826 0.646780 0.088868 0.767486 0.089019 0.313988 0.089184 0.960039 0.089397 0.899426 0.089459 0.507702 0.089766 0.948183 0.090073 0.951160 0.090092 0.957131 0.090196 0.982398 0.090295 0.983202 0.090295 0.987444 0.090295 0.971768 0.090372 0.517038 0.090686 0.646780 0.090982 0.422279 0.090990 0.207811 0.091016 0.193337 0.091060 0.124649 0.091587 0.110636 0.091798 0.084423 0.091812 0.969963 0.092102 0.796354 0.092235 0.972215 0.092339 0.961583 0.092455 0.878552 0.092475 0.201445 0.092654 0.699664 0.092969 0.084477 0.093799 0.574213 0.093962 0.112537 0.094137 0.856619 0.094174 0.789980 0.094552 0.081722 0.094871 0.583044 0.095057 0.326492 0.095190 0.904554 0.095407 0.898902 0.096077 0.970964 0.096077 0.636517 0.096129 0.950240 0.096591 0.463112 0.096990 0.088587 0.097124 0.977603 0.097278 0.007983 0.097588 0.947871 0.097708 0.950289 0.097816 0.495821 0.097915 0.610344 0.098164 0.239442 0.098431 0.648379 0.099567 0.673165 0.099567 0.674025 0.099567 0.703516 0.099567 0.948584 0.099687 0.976917 0.099737 0.562199 0.099754 0.544702 0.099772 0.376002 0.099947 0.238071 0.100577 0.169727 0.100926 0.902991 0.101178 0.976309 0.101199 0.976917 0.101576 0.716407 0.101739 0.192138 0.101793 0.079030 0.102408 0.085037 0.102410 0.712050 0.102726 0.749559 0.103216 0.587778 0.103336 0.158148 0.103428 0.577280 0.103461 0.083258 0.103519 0.787796 0.103560 0.163510 0.103594 0.138283 0.103641 0.439773 0.103885 0.351373 0.103930 0.173581 0.103996 0.516470 0.104065 0.518644 0.104187 0.759307 0.104262 0.942124 0.104690 0.631669 0.104714 0.932469 0.104888 0.983220 0.104957 0.131178 0.105040 0.185011 0.105273 0.150807 0.105303 0.625269 0.105550 0.612368 0.105640 0.137356 0.106017 0.948264 0.106316 0.575179 0.106359 0.594739 0.106359 0.610972 0.106359 0.620513 0.106359 0.646216 0.106359 0.686204 0.106684 0.945791 0.106764 0.977735 0.106796 0.077895 0.106908 0.957662 0.107071 0.360073 0.107094 0.969963 0.107799 0.769806 0.107843 0.715560 0.107946 0.949363 0.108147 0.952820 0.108154 0.005294 0.108157 0.785781 0.108203 0.082085 0.108230 0.773720 0.108259 0.517560 0.108342 0.202644 0.108501 0.621339 0.108669 0.891729 0.108793 0.983219 0.108897 0.790786 0.109117 0.987444 0.109196 0.765690 0.109485 0.557114 0.109843 0.907345 0.109870 0.079120 0.110186 0.613222 0.110525 0.158807 0.110769 0.489741 0.111143 0.976917 0.111184 0.790571 0.111327 0.960540 0.111630 0.796917 0.111843 0.469900 0.112187 0.080402 0.112248 0.763629 0.112614 0.769055 0.112614 0.798151 0.112614 0.124008 0.112662 0.983067 0.113182 0.448804 0.113235 0.461256 0.113235 0.463735 0.113235 0.480390 0.113235 0.507787 0.113235 0.453387 0.113288 0.544951 0.113420 0.189228 0.113504 0.955163 0.113632 0.969963 0.113654 0.945865 0.113674 0.381788 0.113753 0.012922 0.113808 0.502314 0.113967 0.473575 0.114170 0.016184 0.114384 0.479998 0.114716 0.082926 0.114803 0.420616 0.114890 0.759307 0.114894 0.355713 0.114903 0.360142 0.114903 0.380609 0.114903 0.389784 0.114903 0.400945 0.114903 0.421352 0.114903 0.260050 0.114973 0.681740 0.116029 0.638039 0.116085 0.453387 0.116104 0.605087 0.116205 0.766165 0.116293 0.375908 0.116500 0.978157 0.116529 0.988004 0.116529 0.077404 0.116703 0.424900 0.116817 0.404965 0.117014 0.964188 0.117163 0.964224 0.117163 0.976309 0.117163 0.978157 0.117163 0.085957 0.117597 0.948845 0.117692 0.421352 0.117748 0.015081 0.117845 0.401296 0.117870 0.000936 0.117927 0.478769 0.117929 0.970484 0.118201 0.949545 0.118257 0.454261 0.118316 0.022399 0.118609 0.798774 0.118811 0.374892 0.118819 0.359390 0.119118 0.122738 0.119251 0.843964 0.119441 0.451652 0.119485 0.026240 0.119734 0.224191 0.120238 0.831984 0.120343 0.716572 0.120384 0.505204 0.120405 0.783722 0.120502 0.773951 0.120791 0.381069 0.121040 0.770797 0.121219 0.978764 0.121551 0.442133 0.121648 0.904789 0.121808 0.948639 0.121843 0.329845 0.122032 0.033528 0.122153 0.966966 0.122208 0.646780 0.122282 0.422186 0.122720 0.949966 0.122974 0.574213 0.123040 0.381069 0.123360 0.966966 0.123389 0.388587 0.123441 0.777158 0.123530 0.955753 0.123723 0.071821 0.123800 0.583781 0.124094 0.378621 0.124814 0.952819 0.125299 0.949061 0.125762 0.980622 0.125855 0.609136 0.126103 0.781804 0.126132 0.685452 0.126192 0.591445 0.126262 0.983694 0.126296 0.983694 0.126368 0.839554 0.126408 0.977938 0.126417 0.401198 0.126760 0.783722 0.126820 0.643837 0.127040 0.053621 0.127051 0.288592 0.127117 0.827338 0.127197 0.046401 0.127516 0.814458 0.127859 0.805184 0.127931 0.926785 0.127997 0.937176 0.127997 0.951314 0.127997 0.774437 0.128021 0.878862 0.128067 0.605087 0.128129 0.059553 0.128140 0.837145 0.128251 0.575515 0.128466 0.385002 0.128472 0.062127 0.128526 0.421352 0.128582 0.422277 0.128582 0.857815 0.128834 0.941481 0.128901 0.508136 0.129178 0.716407 0.129254 0.731169 0.129254 0.744000 0.129254 0.749022 0.129254 0.756545 0.129254 0.756545 0.129254 0.703211 0.129282 0.614947 0.129492 0.775914 0.129756 0.751930 0.129913 0.714537 0.129943 0.046198 0.130022 0.355713 0.130070 0.043590 0.130185 0.545646 0.130333 0.673479 0.130368 0.371944 0.130788 0.578120 0.130807 0.942274 0.131075 0.308924 0.131361 0.744000 0.131620 0.891730 0.132042 0.960554 0.132062 0.156380 0.132160 0.404965 0.132338 0.577842 0.132606 0.764924 0.132631 0.976352 0.132870 0.951551 0.132920 0.187783 0.133080 0.638039 0.133184 0.400635 0.133217 0.895005 0.133493 0.906396 0.133493 0.906396 0.133493 0.917466 0.133493 0.922402 0.133493 0.926747 0.133493 0.926785 0.133493 0.652551 0.133525 0.988004 0.133656 0.852652 0.133694 0.979679 0.133826 0.686204 0.134050 0.712928 0.134140 0.923985 0.134534 0.357166 0.134570 0.123076 0.134725 0.891729 0.134874 0.952820 0.135008 0.844390 0.135449 0.634799 0.135476 0.576432 0.135979 0.370111 0.135982 0.912571 0.136141 0.703976 0.136196 0.644298 0.136292 0.805457 0.136412 0.377016 0.136480 0.584585 0.136751 0.422279 0.136762 0.731169 0.136775 0.895938 0.136857 0.578148 0.137343 0.921644 0.137480 0.508136 0.137722 0.515983 0.137722 0.518199 0.137722 0.523575 0.137722 0.530256 0.137722 0.531394 0.137722 0.532664 0.137722 0.543718 0.137722 0.543718 0.137722 0.552149 0.137722 0.556121 0.137722 0.570226 0.137722 0.559488 0.137726 0.917466 0.137836 0.862536 0.137925 0.770040 0.138243 0.549756 0.138263 0.574213 0.138267 0.893671 0.138298 0.925740 0.138306 0.907036 0.138447 0.612080 0.138450 0.450589 0.138537 0.559522 0.138672 0.564724 0.138672 0.511499 0.138726 0.897573 0.139151 0.912571 0.139395 0.481236 0.139437 0.453387 0.139464 0.876470 0.139529 0.614661 0.139671 0.706801 0.139741 0.564724 0.139776 0.441772 0.139809 0.421352 0.139857 0.638039 0.139860 0.505204 0.140088 0.536979 0.140260 0.232430 0.140384 0.554744 0.140542 0.966966 0.140668 0.605087 0.140833 0.554584 0.140932 0.899870 0.140971 0.972401 0.141077 0.575435 0.141171 0.518303 0.141327 0.842204 0.141372 0.480390 0.141454 0.549756 0.141771 0.605087 0.142019 0.609017 0.142019 0.611437 0.142019 0.612471 0.142019 0.614400 0.142019 0.614400 0.142019 0.616784 0.142019 0.619223 0.142019 0.621600 0.142019 0.623749 0.142019 0.624642 0.142019 0.628833 0.142019 0.646216 0.142031 0.570196 0.142623 0.898893 0.142659 0.978157 0.142759 0.819831 0.142922 0.507787 0.143108 0.493448 0.143186 0.804474 0.143299 0.670838 0.143301 0.371452 0.143405 0.571398 0.143414 0.832810 0.143578 0.510317 0.143761 0.609017 0.143900 0.611437 0.143966 0.798151 0.143982 0.891729 0.143996 0.922402 0.144021 0.958367 0.144064 0.906396 0.144065 0.686204 0.144088 0.396839 0.144090 0.568794 0.144092 0.692304 0.144143 0.748577 0.144180 0.357756 0.144241 0.765124 0.144306 0.621600 0.144310 0.381069 0.144373 0.853599 0.144392 0.884609 0.144392 0.626601 0.144472 0.731197 0.144483 0.453387 0.144553 0.549756 0.144626 0.616784 0.144655 0.759307 0.144700 0.759178 0.144772 0.574596 0.144792 0.899870 0.144876 0.446481 0.144905 0.355713 0.145052 0.543718 0.145097 0.623749 0.145097 0.626601 0.145097 0.543718 0.145200 0.756545 0.145226 0.614400 0.145309 0.530256 0.145400 0.536979 0.145400 0.951551 0.145417 0.906396 0.145429 0.564724 0.145471 0.554744 0.145515 0.922402 0.145551 0.941481 0.145553 0.897882 0.145603 0.554744 0.145645 0.515983 0.145660 0.523575 0.145660 0.459034 0.145712 0.619223 0.145718 0.512679 0.145789 0.934510 0.145860 0.619223 0.145872 0.628833 0.145876 0.609059 0.145877 0.716407 0.145900 0.559522 0.145903 0.559522 0.145903 0.744000 0.145914 0.529274 0.145936 0.621600 0.145936 0.570226 0.145979 0.912311 0.146004 0.926785 0.146004 0.480390 0.146013 0.605087 0.146030 0.616417 0.146042 0.926747 0.146053 0.611401 0.146069 0.421352 0.146072 0.422277 0.146072 0.679713 0.146109 0.967189 0.146116 0.978157 0.146116 0.623749 0.146132 0.917466 0.146135 0.240460 0.146157 0.271616 0.146157 0.331158 0.146157 0.392593 0.146157 0.537569 0.146157 0.555259 0.146157 0.634455 0.146157 0.669797 0.146157 0.749897 0.146157 0.787920 0.146157 0.827637 0.146157 0.871718 0.146157 0.901943 0.146157 0.941821 0.146157 0.961369 0.146157 0.965774 0.146157 0.974028 0.146157 0.980581 0.146157 0.985642 0.146317 0.521394 0.146483 0.612994 0.146514 0.970307 0.146914 0.946200 0.146967 0.958725 0.147120 0.693120 0.147371 0.257428 0.147711 0.760067 0.147829 0.923181 0.148049 0.085916 0.148272 0.838618 0.149340 0.727953 0.149403 0.713781 0.149999 0.852828 0.150103 0.844302 0.150517 0.476232 0.150859 0.227038 0.151210 0.665528 0.151611 0.419085 0.152110 0.772055 0.152145 0.976277 0.152278 0.456253 0.152328 0.962832 0.152884 0.214692 0.152977 0.303630 0.153043 0.980582 0.153553 0.887259 0.154061 0.978687 0.155176 0.121939 0.155217 0.734421 0.156073 0.052972 0.156190 0.443619 0.156203 0.029798 0.156482 0.961369 0.156977 0.743960 0.157490 0.280284 0.158123 0.821391 0.158540 0.772309 0.159508 0.838763 0.159553 0.183760 0.160156 0.887259 0.160452 0.843225 0.161034 0.388911 0.161138 0.772309 0.162052 0.334629 0.162072 0.005207 0.163056 0.122738 0.164309 0.152708 0.164536 0.417553 0.164873 0.960720 0.165450 0.265778 0.166165 0.304695 0.166346 0.262719 0.167806 0.776349 0.168431 0.778711 0.168811 0.843963 0.168907 0.178311 0.169139 0.929467 0.169181 0.935650 0.169296 0.238972 0.169370 0.543154 0.169474 0.444491 0.169592 0.779872 0.169840 0.963045 0.170274 0.455536 0.170549 0.557359 0.171339 0.279115 0.172085 0.974028 0.172113 0.178106 0.173210 0.095333 0.173634 0.277625 0.173824 0.126326 0.174272 0.980581 0.174307 0.228813 0.176070 0.134260 0.177045 0.809100 0.177201 0.031963 0.177392 0.155581 0.177418 0.116166 0.177552 0.847118 0.178069 0.844913 0.178336 0.901778 0.178849 0.011818 0.178963 0.665528 0.179079 0.205388 0.179271 0.936919 0.179335 0.074764 0.179433 0.078458 0.179465 0.054997 0.179847 0.929123 0.179967 0.152949 0.180032 0.455536 0.180275 0.928303 0.180474 0.133892 0.181158 0.974028 0.181500 0.974028 0.181500 0.985541 0.181500 0.157049 0.181557 0.046557 0.181589 0.775489 0.181594 0.888132 0.181630 0.730478 0.181666 0.771841 0.181911 0.959561 0.182256 0.963049 0.182338 0.528387 0.182544 0.869945 0.182633 0.928303 0.183082 0.043385 0.183265 0.793988 0.183324 0.778446 0.184087 0.720840 0.184168 0.936558 0.184292 0.691584 0.184567 0.956443 0.184635 0.882802 0.184831 0.030057 0.185663 0.052255 0.185663 0.121822 0.185663 0.850075 0.187282 0.847422 0.187439 0.039378 0.187544 0.482042 0.187982 0.985896 0.188961 0.064273 0.190038 0.787361 0.190265 0.962262 0.190280 0.053044 0.190369 0.563506 0.190608 0.879972 0.191046 0.559239 0.191156 0.013107 0.191521 0.870394 0.192305 0.984538 0.193461 0.051531 0.193603 0.056482 0.193764 0.980930 0.194021 0.456043 0.194294 0.855536 0.194660 0.870762 0.195845 0.971199 0.196526 0.119780 0.196682 0.054292 0.196945 0.122738 0.198026 0.157564 0.198104 0.038458 0.198293 0.027906 0.198519 0.848015 0.198534 0.962984 0.198693 0.855612 0.199508 0.843980 0.200155 0.178453 0.200398 0.788483 0.201397 0.961369 0.201400 0.969343 0.202446 0.160139 0.202655 0.624123 0.203663 0.186084 0.204136 0.157855 0.204159 0.154501 0.204178 0.955916 0.204242 0.958568 0.204375 0.975049 0.204670 0.345924 0.204717 0.565738 0.204892 0.930959 0.206143 0.985255 0.206328 0.985896 0.206328 0.939711 0.206694 0.848812 0.206740 0.026291 0.207006 0.790512 0.207362 0.189532 0.207629 0.887259 0.208266 0.160974 0.208806 0.136110 0.208854 0.177718 0.208869 0.118951 0.208947 0.456835 0.209998 0.162724 0.210094 0.075490 0.210360 0.120683 0.210469 0.942783 0.210560 0.980930 0.210653 0.934595 0.210785 0.789421 0.210860 0.077675 0.211019 0.901554 0.211671 0.967083 0.212085 0.887259 0.212614 0.933321 0.213066 0.887259 0.213627 0.903579 0.213627 0.903579 0.213627 0.919229 0.213627 0.925082 0.213627 0.927783 0.213627 0.974028 0.213724 0.875220 0.213848 0.961369 0.214209 0.962945 0.214209 0.980147 0.214209 0.972565 0.214398 0.564013 0.214526 0.919228 0.214691 0.180844 0.214935 0.898895 0.215010 0.156054 0.215026 0.162851 0.215789 0.950447 0.215859 0.140920 0.215954 0.818407 0.216018 0.161146 0.216588 0.859210 0.216720 0.849872 0.217479 0.847150 0.217549 0.019788 0.217726 0.946200 0.217944 0.888175 0.218061 0.799567 0.218215 0.002295 0.218435 0.157233 0.218520 0.793583 0.218674 0.918713 0.218706 0.952157 0.219001 0.961369 0.219215 0.953782 0.219216 0.485647 0.219266 0.140052 0.219387 0.792492 0.219855 0.956346 0.220361 0.977564 0.221473 0.014306 0.221545 0.081962 0.221569 0.525885 0.222223 0.913911 0.222522 0.277625 0.222554 0.091934 0.222690 0.947644 0.223230 0.972565 0.223638 0.084490 0.224030 0.895034 0.224135 0.118643 0.224712 0.946200 0.224860 0.978320 0.224906 0.457638 0.224937 0.785150 0.225177 0.937318 0.225962 0.887797 0.226642 0.570325 0.226882 0.980930 0.227035 0.850075 0.227078 0.784022 0.227134 0.566434 0.227209 0.956346 0.227209 0.118643 0.227398 0.120397 0.227398 0.122738 0.227398 0.562569 0.227858 0.109867 0.228406 0.164006 0.228496 0.962528 0.229078 0.939691 0.229103 0.779741 0.229162 0.848339 0.229801 0.961302 0.229809 0.471002 0.229855 0.886019 0.230246 0.576710 0.230336 0.786208 0.230590 0.981275 0.230803 0.020460 0.230870 0.879484 0.231264 0.905118 0.231317 0.889641 0.231323 0.926634 0.231603 0.185819 0.231677 0.576586 0.231874 0.776214 0.231985 0.919228 0.232049 0.779269 0.232122 0.980147 0.232326 0.972565 0.232426 0.563410 0.232676 0.978037 0.232704 0.559219 0.232739 0.579568 0.232953 0.169088 0.233035 0.985255 0.233207 0.258866 0.233234 0.956346 0.233318 0.226201 0.233495 0.946200 0.233544 0.956346 0.233544 0.869404 0.233638 0.890106 0.233638 0.914316 0.233638 0.937107 0.233638 0.961761 0.233638 0.973978 0.233638 0.980865 0.233638 0.236802 0.233649 0.772309 0.233801 0.596820 0.233916 0.543154 0.233931 0.262144 0.234088 0.979935 0.234711 0.585551 0.234752 0.775743 0.234967 0.202644 0.235157 0.122738 0.235419 0.668476 0.235666 0.804817 0.235687 0.966199 0.235696 0.588560 0.235699 0.654072 0.235845 0.958340 0.235900 0.557030 0.235937 0.162235 0.236481 0.665528 0.236506 0.120397 0.236695 0.567461 0.236772 0.020952 0.236829 0.271587 0.236867 0.146485 0.237260 0.202644 0.237260 0.367978 0.237355 0.969190 0.237569 0.618671 0.237631 0.590800 0.238181 0.359847 0.238265 0.983961 0.238530 0.079417 0.239365 0.966649 0.239443 0.917820 0.239449 0.979310 0.239468 0.368589 0.239530 0.481721 0.239716 0.022228 0.239769 0.692998 0.239868 0.596470 0.240276 0.979936 0.240967 0.777557 0.241073 0.780083 0.241073 0.898647 0.241289 0.720219 0.241291 0.595401 0.241431 0.972200 0.241959 0.730478 0.242087 0.848846 0.242821 0.886882 0.243078 0.843379 0.244093 0.850075 0.244352 0.000000 0.244396 0.120339 0.244542 0.225836 0.245011 0.074892 0.245694 0.203500 0.245825 0.238576 0.246046 0.547955 0.246362 0.600243 0.246569 0.672225 0.246576 0.032199 0.247087 0.770357 0.247187 0.984800 0.247210 0.678892 0.247264 0.982315 0.247576 0.237121 0.247661 0.977714 0.247689 0.229630 0.247794 0.072916 0.247813 0.257047 0.247886 0.818407 0.248100 0.772309 0.248345 0.692422 0.248361 0.596820 0.248400 0.894484 0.248410 0.911459 0.248797 0.971426 0.248822 0.248784 0.249088 0.254156 0.249156 0.680651 0.249264 0.210803 0.249443 0.650517 0.249621 0.916653 0.249772 0.259989 0.250226 0.716045 0.250351 0.067737 0.250418 0.785765 0.250568 0.077763 0.250774 0.730478 0.250894 0.738764 0.250978 0.726777 0.251360 0.980068 0.251493 0.041331 0.251544 0.063534 0.251652 0.609282 0.251791 0.616487 0.251791 0.665961 0.251791 0.692922 0.251791 0.718858 0.251791 0.730085 0.251791 0.255064 0.252178 0.052356 0.252804 0.059311 0.252828 0.107824 0.253122 0.678559 0.253401 0.818363 0.254239 0.982282 0.254295 0.403015 0.254355 0.613939 0.254363 0.913564 0.254409 0.904722 0.254416 0.847921 0.254526 0.728483 0.254610 0.898647 0.254718 0.644541 0.254799 0.324854 0.254822 0.236731 0.255136 0.676923 0.255385 0.499598 0.255496 0.522431 0.255496 0.526966 0.255496 0.543029 0.255496 0.624955 0.255514 0.543154 0.255597 0.618650 0.255922 0.726848 0.256189 0.775304 0.256382 0.970966 0.256598 0.476384 0.256629 0.041901 0.256684 0.119896 0.256921 0.625332 0.257037 0.526574 0.257209 0.205626 0.257300 0.074738 0.257552 0.628279 0.257561 0.521910 0.257600 0.271323 0.257674 0.979936 0.257710 0.641161 0.257862 0.596820 0.258072 0.983569 0.258566 0.947393 0.258811 0.649549 0.258995 0.362882 0.259234 0.778039 0.259345 0.850075 0.259751 0.434087 0.259884 0.632835 0.260022 0.447197 0.260287 0.294310 0.260605 0.969190 0.260878 0.367978 0.260937 0.845214 0.261808 0.282709 0.262548 0.979335 0.262995 0.499755 0.263063 0.982759 0.263255 0.954960 0.263428 0.954960 0.263958 0.177884 0.263995 0.642527 0.264016 0.969403 0.264478 0.963526 0.264577 0.593870 0.264644 0.679803 0.264834 0.894631 0.265159 0.142237 0.266015 0.832450 0.266018 0.914127 0.266513 0.772309 0.266553 0.200211 0.266877 0.976702 0.267142 0.720536 0.267171 0.684158 0.267675 0.034721 0.267708 0.618927 0.267888 0.822588 0.268817 0.843993 0.268817 0.849381 0.268817 0.948257 0.268970 0.549692 0.269152 0.350132 0.269305 0.118643 0.270233 0.120356 0.270233 0.120738 0.270479 0.541502 0.270658 0.472327 0.270877 0.896081 0.270919 0.823853 0.271250 0.969190 0.271787 0.978646 0.271787 0.979935 0.271787 0.983642 0.271787 0.505276 0.272192 0.383792 0.272325 0.958457 0.272768 0.118628 0.272824 0.850023 0.272858 0.848148 0.273226 0.720536 0.273615 0.543029 0.273748 0.543052 0.273748 0.987882 0.274334 0.905820 0.274666 0.967083 0.274764 0.206263 0.275339 0.614126 0.275369 0.236955 0.275511 0.741638 0.275628 0.749955 0.275628 0.768723 0.275628 0.848147 0.275629 0.979236 0.275678 0.641161 0.275949 0.849459 0.276206 0.078523 0.276688 0.818660 0.276707 0.937107 0.276782 0.733671 0.277252 0.517229 0.277317 0.271642 0.277602 0.824001 0.277603 0.462269 0.277638 0.515007 0.277705 0.764994 0.277956 0.521910 0.277994 0.957354 0.278109 0.462592 0.278566 0.780580 0.278577 0.894821 0.278685 0.436336 0.278916 0.118643 0.278932 0.760369 0.278959 0.533052 0.279415 0.776061 0.279590 0.541502 0.279606 0.983642 0.279655 0.000000 0.279844 0.476179 0.279998 0.766830 0.280023 0.501172 0.280131 0.295046 0.280574 0.402457 0.280954 0.328140 0.280955 0.539573 0.281068 0.301069 0.281751 0.850075 0.282360 0.679803 0.282385 0.692941 0.282663 0.399847 0.282872 0.732429 0.283366 0.883881 0.283400 0.978358 0.283442 0.331853 0.283495 0.760759 0.283653 0.753658 0.283740 0.771323 0.284095 0.850023 0.285139 0.848148 0.285140 0.777364 0.285366 0.971833 0.285732 0.746396 0.285977 0.934069 0.286191 0.753658 0.286514 0.941280 0.286604 0.978377 0.286874 0.641161 0.287578 0.969326 0.287591 0.713719 0.287820 0.599914 0.288293 0.896167 0.288771 0.675459 0.288789 0.641161 0.288804 0.849858 0.288910 0.983642 0.289280 0.985727 0.289280 0.789195 0.289583 0.983642 0.289591 0.771323 0.289658 0.540333 0.290633 0.818363 0.290635 0.541502 0.291616 0.543052 0.291616 0.577186 0.292246 0.761762 0.292333 0.979699 0.292425 0.453091 0.292690 0.030277 0.292971 0.987722 0.292986 0.458997 0.293012 0.532137 0.293086 0.700738 0.293388 0.541502 0.293462 0.774500 0.293864 0.969190 0.293866 0.898647 0.293912 0.625518 0.293942 0.429662 0.294051 0.771253 0.294069 0.518086 0.294704 0.954960 0.294943 0.958569 0.294943 0.959805 0.294943 0.962235 0.294943 0.968190 0.294943 0.726620 0.295030 0.728304 0.295030 0.730085 0.295030 0.887156 0.295395 0.853582 0.295405 0.860330 0.295405 0.863407 0.295405 0.869287 0.295405 0.871950 0.295405 0.874522 0.295405 0.882522 0.295405 0.882522 0.295405 0.888281 0.295405 0.890480 0.295405 0.853582 0.295406 0.856639 0.295406 0.866459 0.295406 0.866459 0.295406 0.877779 0.295406 0.890480 0.295406 0.893020 0.295406 0.895419 0.295406 0.984103 0.295618 0.277821 0.295638 0.300431 0.295763 0.691110 0.296092 0.863407 0.296118 0.965342 0.296236 0.898197 0.296289 0.695559 0.297032 0.885614 0.297540 0.596820 0.297589 0.857087 0.297597 0.874522 0.297674 0.880187 0.297842 0.680850 0.298019 0.885614 0.298077 0.980053 0.298318 0.730478 0.298408 0.874891 0.298586 0.686271 0.298893 0.769023 0.299040 0.854263 0.299047 0.543035 0.299297 0.679803 0.299401 0.685689 0.299401 0.691476 0.299401 0.691476 0.299401 0.692276 0.299401 0.702416 0.299401 0.707144 0.299401 0.871950 0.299402 0.864847 0.299412 0.965698 0.299440 0.461528 0.299504 0.716300 0.299661 0.719879 0.299661 0.859195 0.299763 0.898647 0.299966 0.901905 0.299966 0.931638 0.299966 0.932482 0.299966 0.932482 0.299966 0.934777 0.299966 0.912655 0.299984 0.914644 0.300009 0.917216 0.300009 0.693559 0.300016 0.707144 0.300036 0.962235 0.300078 0.783855 0.300124 0.922535 0.300280 0.922535 0.300280 0.927072 0.300280 0.711650 0.300291 0.716300 0.300291 0.908696 0.300310 0.911990 0.300310 0.753658 0.300333 0.901905 0.300376 0.905254 0.300376 0.906116 0.300376 0.877779 0.300380 0.888281 0.300392 0.919832 0.300404 0.880187 0.300474 0.856014 0.300532 0.930335 0.300641 0.966967 0.300764 0.925066 0.300777 0.460222 0.300783 0.983642 0.301042 0.851797 0.301047 0.971575 0.301179 0.863466 0.301301 0.977997 0.301403 0.745653 0.301413 0.753658 0.301413 0.746225 0.301441 0.746225 0.301441 0.750461 0.301441 0.740891 0.301446 0.743110 0.301446 0.733236 0.301448 0.735864 0.301462 0.728170 0.301549 0.853257 0.301550 0.848148 0.301692 0.930358 0.301730 0.697199 0.301777 0.848147 0.301807 0.733236 0.301820 0.120356 0.301847 0.120714 0.301847 0.869288 0.301882 0.754725 0.302012 0.596820 0.302032 0.600026 0.302032 0.618132 0.302032 0.603003 0.302123 0.617608 0.302205 0.620662 0.302205 0.625618 0.302205 0.857087 0.302222 0.561623 0.302228 0.593801 0.302228 0.596820 0.302228 0.556553 0.302230 0.556553 0.302230 0.560182 0.302230 0.563721 0.302230 0.563721 0.302230 0.567004 0.302230 0.567004 0.302230 0.573720 0.302230 0.561621 0.302231 0.860330 0.302249 0.580274 0.302252 0.583180 0.302252 0.586087 0.302252 0.589119 0.302252 0.713256 0.302303 0.573720 0.302323 0.627985 0.302406 0.620247 0.302418 0.589119 0.302421 0.937107 0.302425 0.735413 0.302449 0.688326 0.302465 0.927649 0.302499 0.965342 0.302518 0.813936 0.302534 0.614669 0.302538 0.586087 0.302552 0.209876 0.302563 0.605704 0.302597 0.610270 0.302597 0.614669 0.302597 0.608701 0.302625 0.979437 0.302638 0.598977 0.302676 0.748307 0.302681 0.623214 0.302721 0.882522 0.302749 0.769159 0.302765 0.874522 0.302814 0.934739 0.302827 0.919915 0.303001 0.685341 0.303037 0.893020 0.303046 0.888280 0.303053 0.554329 0.303104 0.608701 0.303119 0.895419 0.303130 0.118643 0.303148 0.927649 0.303290 0.751602 0.303301 0.611659 0.303324 0.541502 0.303376 0.969190 0.303412 0.818407 0.303438 0.548245 0.303488 0.895419 0.303493 0.911764 0.303538 0.978358 0.303592 0.887016 0.303641 0.743765 0.303723 0.925066 0.303726 0.702416 0.303812 0.541502 0.303815 0.740891 0.303818 0.958569 0.303889 0.934739 0.303891 0.937108 0.303934 0.823780 0.304006 0.890480 0.304013 0.592269 0.304166 0.646497 0.304199 0.906861 0.304375 0.893020 0.304380 0.730298 0.304539 0.850075 0.304543 0.661151 0.304612 0.583180 0.304639 0.730298 0.304723 0.617608 0.304766 0.570342 0.304796 0.748307 0.304813 0.738499 0.304815 0.603003 0.304845 0.738499 0.304903 0.711650 0.304935 0.701607 0.305043 0.577170 0.305050 0.869287 0.305074 0.620247 0.305179 0.623214 0.305179 0.577170 0.305184 0.983642 0.305227 0.871950 0.305232 0.985631 0.305238 0.866459 0.305251 0.877779 0.305251 0.882522 0.305302 0.958569 0.305304 0.890480 0.305348 0.691476 0.305385 0.560182 0.305458 0.866459 0.305489 0.697199 0.305498 0.605703 0.305509 0.642115 0.305517 0.720536 0.305520 0.728304 0.305520 0.679803 0.305527 0.691068 0.305569 0.570342 0.305575 0.960502 0.305579 0.863407 0.305584 0.733236 0.305601 0.697199 0.305607 0.707144 0.305636 0.707144 0.305636 0.715752 0.305636 0.719075 0.305636 0.968190 0.305665 0.925066 0.305701 0.930335 0.305701 0.860330 0.305706 0.685689 0.305709 0.932482 0.305713 0.750461 0.305717 0.589119 0.305718 0.589119 0.305718 0.934739 0.305740 0.905253 0.305743 0.908696 0.305743 0.909100 0.305743 0.911990 0.305743 0.914644 0.305743 0.916509 0.305743 0.917216 0.305743 0.919915 0.305743 0.922535 0.305743 0.580274 0.305750 0.614669 0.305759 0.614669 0.305759 0.617608 0.305759 0.853582 0.305776 0.552849 0.305800 0.573720 0.305813 0.573720 0.305813 0.580274 0.305813 0.600026 0.305831 0.596820 0.305847 0.625618 0.305863 0.625618 0.305863 0.628098 0.305863 0.586087 0.305868 0.979373 0.305870 0.987657 0.305870 0.954960 0.305876 0.583180 0.305878 0.922535 0.305907 0.900701 0.305921 0.902749 0.305921 0.608701 0.305928 0.600026 0.305934 0.603003 0.305934 0.605704 0.305934 0.962235 0.305934 0.932482 0.305945 0.563721 0.305950 0.743110 0.305957 0.567004 0.305966 0.611659 0.305973 0.728304 0.305980 0.733236 0.305980 0.735864 0.305980 0.735864 0.305980 0.740891 0.305980 0.853582 0.306000 0.746225 0.306011 0.101326 0.306014 0.753658 0.306022 0.557493 0.306023 0.565037 0.306030 0.596326 0.306030 0.556553 0.306032 0.590824 0.306032 0.638135 0.306032 0.738620 0.306032 0.746225 0.306032 0.760814 0.306032 0.790627 0.306032 0.837834 0.306032 0.899480 0.306032 0.929287 0.306032 0.939703 0.306032 0.969969 0.306032 0.979130 0.306032 0.543580 0.306130 0.027869 0.306173 0.720657 0.306481 0.676387 0.307000 0.770506 0.307228 0.239026 0.307884 0.829417 0.308159 0.270907 0.308753 0.786429 0.308815 0.073235 0.308896 0.832130 0.308927 0.129168 0.308976 0.549464 0.309518 0.774499 0.309539 0.874751 0.309664 0.697729 0.309665 0.705944 0.310263 0.746224 0.311678 0.174797 0.311696 0.544701 0.312214 0.757306 0.312559 0.519214 0.312823 0.785440 0.313038 0.213242 0.313440 0.200599 0.313549 0.984400 0.313962 0.912060 0.314218 0.517247 0.314390 0.957469 0.314475 0.964657 0.314686 0.455536 0.314972 0.213474 0.315143 0.939390 0.315363 0.269602 0.315709 0.969969 0.317111 0.907498 0.317129 0.531169 0.317252 0.656635 0.317567 0.974171 0.317849 0.550098 0.317947 0.539581 0.318062 0.521910 0.318252 0.914404 0.318884 0.343271 0.319303 0.234778 0.319654 0.239366 0.319797 0.388965 0.319808 0.265114 0.319877 0.719531 0.320131 0.026739 0.320356 0.544216 0.320387 0.987657 0.320413 0.552849 0.320714 0.984400 0.320849 0.565667 0.321008 0.536625 0.321149 0.715957 0.321160 0.259357 0.321184 0.740861 0.321315 0.269545 0.321395 0.831253 0.321679 0.527344 0.322260 0.716974 0.322510 0.786429 0.322720 0.235889 0.322725 0.606696 0.322919 0.746225 0.323318 0.239030 0.323560 0.742198 0.323772 0.477647 0.323802 0.564428 0.323985 0.559934 0.324028 0.261732 0.324508 0.391681 0.325040 0.258564 0.325184 0.340437 0.325305 0.739277 0.325652 0.629564 0.325723 0.499555 0.326185 0.939355 0.326406 0.567958 0.326507 0.734950 0.326532 0.720859 0.326710 0.976874 0.326802 0.120714 0.327011 0.120714 0.327011 0.979130 0.327080 0.585329 0.327141 0.423268 0.327558 0.307800 0.327945 0.729043 0.327992 0.057558 0.328273 0.066636 0.328273 0.099692 0.328273 0.725767 0.328450 0.543324 0.328712 0.060639 0.329112 0.945773 0.329283 0.118965 0.329599 0.692012 0.330213 0.029313 0.330433 0.580713 0.330538 0.578971 0.331216 0.981775 0.331528 0.692012 0.331626 0.721955 0.331649 0.455536 0.332341 0.542901 0.332806 0.552414 0.333051 0.113165 0.333444 0.726322 0.333667 0.127327 0.333815 0.308414 0.333831 0.984400 0.333957 0.979130 0.334022 0.940114 0.334569 0.974693 0.334849 0.975284 0.334849 0.979795 0.334849 0.981075 0.334849 0.277625 0.335031 0.982441 0.335188 0.524483 0.335849 0.961441 0.335981 0.234496 0.336006 0.533042 0.336200 0.724544 0.336329 0.455581 0.336600 0.521344 0.336675 0.726640 0.337366 0.452178 0.337793 0.544745 0.338483 0.521910 0.338600 0.899178 0.339013 0.477465 0.339113 0.499552 0.339173 0.531351 0.340121 0.541502 0.340121 0.939355 0.340175 0.281556 0.340185 0.320544 0.340185 0.398762 0.340185 0.507227 0.340185 0.110071 0.340290 0.118630 0.340399 0.925138 0.341252 0.985337 0.341374 0.972854 0.341736 0.212389 0.342052 0.892691 0.342234 0.431567 0.342399 0.348495 0.343011 0.494240 0.343678 0.467576 0.343775 0.725116 0.343901 0.533360 0.344408 0.235026 0.344485 0.969969 0.344539 0.614021 0.344706 0.979795 0.344881 0.453635 0.345252 0.942585 0.345283 0.902518 0.345759 0.033585 0.345898 0.837822 0.345917 0.953404 0.346093 0.231281 0.346114 0.832103 0.346322 0.005893 0.346626 0.500235 0.347137 0.586537 0.347317 0.985542 0.347548 0.042708 0.347816 0.033730 0.347834 0.877012 0.348269 0.669655 0.348392 0.912060 0.348413 0.937011 0.348947 0.055464 0.348997 0.305640 0.349080 0.469090 0.349263 0.927106 0.349382 0.895716 0.349402 0.268553 0.349790 0.494289 0.349818 0.236627 0.349858 0.260379 0.349973 0.202644 0.350221 0.964211 0.350638 0.068447 0.351324 0.256081 0.351907 0.463412 0.352140 0.499285 0.352221 0.032594 0.352359 0.175961 0.352562 0.214542 0.352612 0.979795 0.353499 0.983987 0.353545 0.983987 0.353545 0.924242 0.353689 0.939355 0.353757 0.917830 0.353834 0.229659 0.354037 0.233213 0.354394 0.588255 0.354594 0.944953 0.354909 0.130834 0.355023 0.987716 0.355501 0.099692 0.355559 0.552849 0.355813 0.065101 0.355843 0.062305 0.355870 0.087980 0.356112 0.277625 0.356128 0.118659 0.356608 0.120714 0.356608 0.256069 0.356696 0.211602 0.357309 0.979828 0.357315 0.750709 0.357371 0.964237 0.357813 0.236578 0.357865 0.264360 0.358099 0.614021 0.358162 0.057516 0.358702 0.120714 0.358862 0.012104 0.358884 0.230916 0.358893 0.692012 0.359246 0.722026 0.359273 0.229289 0.359368 0.370510 0.359557 0.103890 0.359804 0.033874 0.359854 0.060088 0.359866 0.977791 0.359889 0.251734 0.360203 0.957394 0.360416 0.334106 0.360429 0.067063 0.360446 0.099692 0.360578 0.034626 0.360754 0.969969 0.360918 0.959356 0.361149 0.969969 0.361149 0.975196 0.361149 0.342798 0.361163 0.098428 0.361562 0.256899 0.361610 0.234091 0.361978 0.029933 0.362727 0.112424 0.362894 0.602589 0.363024 0.265555 0.363072 0.967125 0.363449 0.314669 0.363934 0.253132 0.363937 0.069886 0.364479 0.013671 0.364728 0.781604 0.364733 0.102530 0.365563 0.102815 0.365563 0.107599 0.365563 0.024794 0.365781 0.290911 0.365852 0.593412 0.365857 0.727746 0.366017 0.277625 0.366630 0.966165 0.366711 0.118659 0.366957 0.000000 0.366959 0.969921 0.367023 0.135636 0.367067 0.177249 0.367067 0.832103 0.367274 0.639375 0.367766 0.022024 0.367816 0.726244 0.367834 0.968816 0.367930 0.315123 0.367946 0.074017 0.370092 0.340371 0.370152 0.922878 0.370461 0.936919 0.370616 0.726209 0.370659 0.310985 0.370755 0.947707 0.370761 0.097267 0.370818 0.953404 0.370846 0.314015 0.371236 0.314957 0.371854 0.727224 0.371930 0.983987 0.372424 0.987619 0.372424 0.278446 0.372879 0.108388 0.372924 0.182353 0.372935 0.108430 0.373295 0.983987 0.373407 0.340954 0.373703 0.344953 0.373811 0.969921 0.374010 0.307983 0.374097 0.079623 0.374258 0.099692 0.374470 0.977049 0.374789 0.829745 0.374918 0.207767 0.375827 0.101125 0.376139 0.168178 0.376166 0.225692 0.376588 0.786429 0.376615 0.725675 0.376700 0.877012 0.376875 0.351334 0.376905 0.224470 0.377197 0.791309 0.377551 0.252457 0.378230 0.368346 0.378308 0.885632 0.378475 0.678655 0.379029 0.099692 0.379199 0.953404 0.379340 0.358004 0.379731 0.376527 0.380033 0.456409 0.380192 0.079816 0.380274 0.353900 0.380519 0.261071 0.380697 0.726800 0.380838 0.231532 0.381094 0.226975 0.381414 0.248647 0.381414 0.260117 0.381414 0.275941 0.381414 0.725300 0.382573 0.205960 0.382790 0.488037 0.382837 0.592238 0.382862 0.464250 0.382927 0.494298 0.383033 0.301009 0.383122 0.832103 0.384016 0.102433 0.384213 0.279701 0.384477 0.979692 0.385108 0.887146 0.385439 0.725012 0.385513 0.876170 0.385640 0.297344 0.386151 0.838078 0.386214 0.863050 0.386214 0.488930 0.386474 0.107599 0.386686 0.107599 0.386686 0.476947 0.386799 0.876534 0.386978 0.839648 0.386996 0.277489 0.387054 0.939355 0.387409 0.873363 0.387539 0.893066 0.387791 0.874024 0.388044 0.969921 0.388064 0.467301 0.388143 0.921712 0.388498 0.616816 0.388559 0.463327 0.388690 0.987619 0.388744 0.969921 0.388916 0.979828 0.388916 0.982683 0.388916 0.983987 0.388916 0.984090 0.388916 0.825779 0.389086 0.941744 0.389126 0.941744 0.389126 0.944227 0.389126 0.944908 0.389126 0.949130 0.389126 0.951401 0.389126 0.953081 0.389127 0.931317 0.389654 0.880363 0.389716 0.726027 0.389754 0.951401 0.390418 0.277625 0.390549 0.135339 0.390690 0.018594 0.391218 0.016386 0.391281 0.873363 0.391423 0.490756 0.391472 0.946657 0.391576 0.495210 0.391715 0.079017 0.391749 0.904603 0.391801 0.926470 0.391846 0.953367 0.391864 0.101992 0.392039 0.939355 0.392084 0.081045 0.392178 0.944227 0.392194 0.593696 0.392210 0.876534 0.392215 0.010139 0.392332 0.949130 0.392362 0.946657 0.392419 0.979389 0.392420 0.834709 0.392541 0.725599 0.392651 0.114477 0.392676 0.951378 0.392679 0.792216 0.392958 0.806300 0.392958 0.822551 0.392958 0.811993 0.393007 0.982683 0.393375 0.720544 0.394174 0.463729 0.394217 0.912060 0.394261 0.951401 0.394296 0.831855 0.394315 0.949130 0.394315 0.108196 0.394342 0.941744 0.394387 0.944227 0.394419 0.101576 0.394493 0.869871 0.394604 0.869871 0.394694 0.951401 0.394703 0.941744 0.394734 0.869871 0.394798 0.873363 0.394798 0.874666 0.394798 0.924691 0.394798 0.948753 0.394798 0.948753 0.394798 0.172589 0.395013 0.901601 0.395820 0.824579 0.395918 0.986991 0.396203 0.982006 0.396419 0.893830 0.396627 0.952404 0.396781 0.692942 0.397081 0.107599 0.397192 0.170471 0.397288 0.819877 0.397381 0.863395 0.397390 0.931977 0.397560 0.924691 0.397617 0.183693 0.397698 0.614608 0.398006 0.650117 0.398006 0.675106 0.398006 0.676298 0.398006 0.692004 0.398006 0.622471 0.398022 0.199876 0.398244 0.591702 0.398893 0.023584 0.398943 0.200929 0.399333 0.978841 0.399348 0.084137 0.399602 0.658756 0.399845 0.775259 0.400031 0.650072 0.400137 0.976204 0.400491 0.746224 0.400741 0.664838 0.400750 0.366150 0.400948 0.726313 0.400948 0.069002 0.401875 0.589380 0.402049 0.099692 0.402263 0.359482 0.402698 0.107599 0.402972 0.602930 0.403079 0.626679 0.403079 0.676298 0.403158 0.648688 0.403163 0.297427 0.403627 0.664378 0.403832 0.030265 0.403885 0.691054 0.404082 0.589012 0.404719 0.686493 0.405142 0.721852 0.405227 0.365910 0.405539 0.976827 0.405577 0.036636 0.405771 0.831520 0.405781 0.086189 0.406424 0.300756 0.406500 0.836989 0.406675 0.645798 0.406818 0.868744 0.406836 0.104762 0.407274 0.066321 0.407376 0.063642 0.407768 0.703794 0.408483 0.353635 0.408769 0.832103 0.409129 0.614021 0.409957 0.275941 0.409965 0.277489 0.409965 0.682233 0.410082 0.101188 0.411274 0.107991 0.411274 0.713596 0.411498 0.579013 0.411566 0.819877 0.411686 0.829614 0.411800 0.976204 0.412397 0.978593 0.412474 0.305726 0.412730 0.697868 0.412871 0.501031 0.412884 0.982683 0.412965 0.982683 0.412965 0.822329 0.413156 0.987249 0.413644 0.801673 0.413953 0.953404 0.414032 0.967546 0.414032 0.969921 0.414032 0.576465 0.414047 0.692012 0.414108 0.700331 0.414108 0.743230 0.414108 0.349929 0.414247 0.868293 0.414890 0.291241 0.415016 0.718924 0.415098 0.741447 0.415098 0.962699 0.415486 0.691054 0.415757 0.692004 0.415757 0.778990 0.416496 0.495701 0.417535 0.831549 0.418090 0.966301 0.418149 0.709194 0.418258 0.775477 0.418267 0.703571 0.418447 0.982845 0.418485 0.692012 0.418494 0.966301 0.418813 0.569578 0.419167 0.310721 0.419219 0.715461 0.419319 0.982255 0.419356 0.982683 0.419356 0.968995 0.419392 0.099692 0.419443 0.803993 0.419467 0.709194 0.419691 0.726356 0.419811 0.691054 0.419843 0.695580 0.420139 0.646791 0.420193 0.502598 0.420440 0.795341 0.420604 0.676298 0.420674 0.863972 0.420685 0.615366 0.420940 0.663602 0.421174 0.625034 0.421439 0.831855 0.421557 0.467146 0.421594 0.747106 0.422066 0.330175 0.422175 0.753676 0.422293 0.945146 0.422476 0.739257 0.422714 0.837276 0.423204 0.741956 0.423303 0.564425 0.423389 0.786429 0.423532 0.976204 0.423536 0.868431 0.423591 0.646791 0.423777 0.726356 0.423806 0.614021 0.423819 0.485382 0.423901 0.384798 0.424327 0.502698 0.424745 0.901664 0.424761 0.476915 0.424828 0.575958 0.425135 0.932830 0.425150 0.892886 0.425240 0.260956 0.425396 0.969699 0.425623 0.865879 0.425734 0.969921 0.425740 0.748925 0.425784 0.751903 0.425784 0.751924 0.425784 0.756717 0.425977 0.772685 0.426013 0.551971 0.426091 0.011576 0.426139 0.762901 0.426499 0.762901 0.426499 0.785915 0.426573 0.769513 0.426671 0.271141 0.426687 0.779083 0.426910 0.782053 0.427015 0.831081 0.427260 0.471476 0.427353 0.946107 0.427423 0.691995 0.427490 0.927040 0.427500 0.376527 0.427987 0.741813 0.428411 0.173386 0.428557 0.625078 0.428587 0.185547 0.428898 0.202644 0.429031 0.897218 0.429047 0.897218 0.429292 0.750561 0.429346 0.559590 0.429378 0.558022 0.429479 0.767571 0.429489 0.692483 0.429550 0.642162 0.429586 0.709194 0.429588 0.030808 0.429624 0.776216 0.429625 0.784083 0.429685 0.709194 0.429847 0.739158 0.429890 0.107991 0.430335 0.276227 0.430463 0.114730 0.430568 0.869871 0.430669 0.085246 0.430841 0.726133 0.430902 0.987535 0.431019 0.473826 0.431137 0.966301 0.431168 0.786212 0.431170 0.924691 0.431297 0.953404 0.431328 0.949671 0.431529 0.043786 0.431632 0.059602 0.431632 0.101542 0.431632 0.108302 0.431632 0.788693 0.431652 0.676298 0.431697 0.767774 0.431945 0.229486 0.431977 0.974569 0.432160 0.644451 0.432171 0.953261 0.432402 0.765056 0.432477 0.746224 0.432504 0.931439 0.432578 0.746225 0.432620 0.948753 0.432715 0.967341 0.432884 0.982683 0.432927 0.822827 0.433123 0.831297 0.433224 0.618674 0.433312 0.620961 0.433312 0.646791 0.433312 0.621810 0.433337 0.626146 0.433337 0.630728 0.433337 0.634243 0.433337 0.692012 0.433390 0.694693 0.433390 0.694693 0.433390 0.697333 0.433390 0.702655 0.433390 0.715275 0.433390 0.094202 0.433417 0.634243 0.433523 0.637621 0.433523 0.639690 0.433523 0.691054 0.433533 0.644532 0.433534 0.511827 0.433658 0.138352 0.433661 0.903054 0.433768 0.614599 0.433807 0.965295 0.433873 0.838573 0.433999 0.856646 0.433999 0.891291 0.433999 0.507185 0.434075 0.561630 0.434413 0.641205 0.434782 0.741447 0.434836 0.765619 0.434938 0.660470 0.435139 0.754504 0.435178 0.948753 0.435284 0.420044 0.435307 0.806298 0.435348 0.819877 0.435423 0.772685 0.435504 0.643512 0.435605 0.757224 0.435608 0.751903 0.435818 0.614021 0.435831 0.751903 0.435939 0.757224 0.435939 0.762901 0.435939 0.650840 0.435949 0.982255 0.435986 0.958798 0.435989 0.741813 0.436110 0.644533 0.436288 0.762901 0.436497 0.767774 0.436497 0.772685 0.436497 0.777229 0.436497 0.777229 0.436497 0.782053 0.436497 0.782053 0.436497 0.703864 0.436595 0.776999 0.436595 0.805619 0.436595 0.855560 0.436595 0.902233 0.436595 0.915163 0.436595 0.944787 0.436595 0.975695 0.436595 0.981793 0.436595 0.984432 0.436595 0.833064 0.436776 0.770044 0.436980 0.644532 0.437056 0.966048 0.437145 0.668426 0.437181 0.683287 0.437200 0.904951 0.437268 0.105090 0.437800 0.630957 0.437837 0.520800 0.437853 0.637621 0.437910 0.641192 0.437910 0.641192 0.437910 0.620772 0.437951 0.697161 0.438026 0.627424 0.438059 0.630957 0.438059 0.623208 0.438079 0.627424 0.438079 0.618674 0.438090 0.618674 0.438090 0.623208 0.438090 0.347431 0.438118 0.646791 0.438191 0.634243 0.438225 0.635325 0.438225 0.694332 0.438258 0.474387 0.438273 0.478644 0.438273 0.535282 0.438273 0.552849 0.438273 0.592766 0.438273 0.654895 0.438273 0.843432 0.438350 0.533369 0.438580 0.580264 0.438770 0.459944 0.438800 0.367474 0.439047 0.067059 0.439139 0.098692 0.439340 0.541122 0.439392 0.970799 0.439475 0.448764 0.439530 0.978529 0.439821 0.873398 0.440089 0.520362 0.440462 0.561922 0.440911 0.758465 0.440999 0.923510 0.441157 0.987704 0.441201 0.585024 0.441349 0.107199 0.441371 0.938229 0.441552 0.292886 0.441840 0.456409 0.441943 0.976358 0.442271 0.021608 0.442326 0.877887 0.442341 0.345796 0.442887 0.542067 0.442976 0.728310 0.443080 0.929454 0.443376 0.982950 0.443560 0.033383 0.443585 0.921426 0.443724 0.299742 0.443856 0.318092 0.443856 0.356279 0.443856 0.375346 0.443856 0.979553 0.443857 0.094202 0.444100 0.918661 0.444339 0.177671 0.444343 0.277489 0.444349 0.277596 0.444385 0.888891 0.444751 0.976979 0.444789 0.876935 0.444877 0.544129 0.445874 0.965288 0.446186 0.892531 0.447220 0.697782 0.447781 0.331393 0.448096 0.327399 0.448331 0.836003 0.448488 0.833064 0.448875 0.774868 0.449018 0.978216 0.449059 0.917642 0.449064 0.982950 0.449212 0.752513 0.449226 0.787190 0.449258 0.097763 0.449321 0.163448 0.449388 0.682450 0.449481 0.986050 0.449740 0.628324 0.450017 0.875900 0.450155 0.883222 0.450260 0.755930 0.450293 0.983667 0.450550 0.276661 0.450756 0.386404 0.451300 0.294921 0.451660 0.108430 0.451769 0.877887 0.451933 0.542067 0.452011 0.584732 0.452232 0.727303 0.452324 0.628324 0.452339 0.356764 0.452662 0.580259 0.453059 0.978234 0.453060 0.591697 0.453065 0.987704 0.453430 0.984611 0.454012 0.831670 0.454336 0.374282 0.454710 0.944787 0.454926 0.921700 0.455263 0.294010 0.455654 0.563487 0.455727 0.373123 0.456030 0.986819 0.456454 0.987028 0.456454 0.275941 0.456509 0.545457 0.456552 0.978125 0.456945 0.932312 0.457464 0.323748 0.457615 0.307947 0.457927 0.872748 0.459639 0.917821 0.459968 0.187105 0.460024 0.140865 0.460137 0.289293 0.460651 0.874972 0.461233 0.319012 0.461409 0.914445 0.461542 0.580891 0.461812 0.185086 0.461829 0.750228 0.461936 0.275941 0.462118 0.277596 0.462118 0.750467 0.462143 0.456409 0.462278 0.585972 0.462662 0.966048 0.462777 0.978125 0.463024 0.541874 0.463823 0.097060 0.464404 0.441365 0.464501 0.316845 0.464899 0.982950 0.464902 0.615613 0.464998 0.107429 0.465402 0.108302 0.465402 0.067467 0.465416 0.377258 0.466080 0.411745 0.466080 0.427455 0.466080 0.456287 0.466080 0.267621 0.466236 0.088290 0.466318 0.585770 0.467104 0.978216 0.467250 0.982950 0.467286 0.031459 0.467424 0.376527 0.467686 0.751009 0.467780 0.321812 0.467982 0.921842 0.468054 0.975309 0.468445 0.589224 0.468806 0.277541 0.468866 0.444813 0.469117 0.275941 0.469293 0.610966 0.469677 0.002065 0.469789 0.096657 0.470278 0.022043 0.470344 0.439000 0.470777 0.986819 0.471048 0.919040 0.471689 0.946276 0.471901 0.979603 0.471937 0.980306 0.471937 0.988339 0.471937 0.912802 0.472224 0.619283 0.472595 0.592854 0.473458 0.231324 0.473541 0.872475 0.473563 0.119744 0.473694 0.162034 0.473694 0.165926 0.473694 0.201231 0.473694 0.201386 0.473694 0.198810 0.473725 0.976282 0.473810 0.900891 0.474131 0.375326 0.474323 0.375346 0.474323 0.171686 0.474410 0.845225 0.474600 0.986300 0.474617 0.436105 0.475259 0.918430 0.475499 0.469281 0.475515 0.860931 0.475834 0.787190 0.475983 0.920500 0.476089 0.888874 0.476330 0.453574 0.476495 0.515238 0.477045 0.915163 0.477058 0.202644 0.477104 0.588350 0.477222 0.984204 0.477270 0.599132 0.477592 0.828434 0.477704 0.096437 0.477901 0.830793 0.478020 0.902035 0.478274 0.376527 0.478642 0.429973 0.478906 0.625007 0.478934 0.104146 0.480338 0.541827 0.480722 0.386462 0.481695 0.984204 0.481797 0.921710 0.482075 0.920687 0.482095 0.387450 0.482449 0.983122 0.482531 0.425405 0.482555 0.622996 0.482599 0.918088 0.482623 0.624780 0.483056 0.872144 0.483128 0.384594 0.483201 0.097200 0.483510 0.917644 0.483525 0.275941 0.484847 0.276065 0.484847 0.935071 0.484900 0.985552 0.485066 0.697782 0.485577 0.917981 0.485778 0.409060 0.485889 0.427970 0.485894 0.202644 0.485945 0.096949 0.486107 0.410470 0.486172 0.402852 0.486568 0.388032 0.486760 0.833064 0.486767 0.969069 0.486891 0.829741 0.486897 0.831591 0.486989 0.924738 0.487007 0.976477 0.487795 0.623756 0.488000 0.982692 0.488056 0.917681 0.488204 0.283978 0.488343 0.984204 0.488531 0.988339 0.488531 0.885881 0.488675 0.108302 0.488892 0.920056 0.489032 0.376527 0.489066 0.918603 0.489391 0.167023 0.490024 0.916749 0.490100 0.873288 0.490147 0.946625 0.490210 0.949974 0.490218 0.965926 0.490218 0.966048 0.490218 0.182022 0.490296 0.751717 0.490645 0.316434 0.490672 0.277621 0.490849 0.311962 0.490907 0.830486 0.490963 0.268820 0.491140 0.978125 0.491329 0.978042 0.491629 0.121239 0.491961 0.275941 0.492315 0.964045 0.492334 0.988180 0.492372 0.984204 0.492437 0.097483 0.492470 0.434015 0.492513 0.623017 0.492681 0.108430 0.492884 0.970612 0.493175 0.886203 0.493621 0.284594 0.493648 0.625906 0.494326 0.624486 0.494450 0.624833 0.494544 0.898205 0.494701 0.269209 0.494982 0.099910 0.494983 0.916626 0.495114 0.291685 0.495176 0.918884 0.495240 0.298179 0.495786 0.263127 0.495846 0.318015 0.496055 0.892066 0.496162 0.375326 0.496546 0.376356 0.496546 0.107429 0.496757 0.108189 0.496768 0.313392 0.496780 0.837286 0.496920 0.983375 0.496979 0.628324 0.496992 0.541974 0.497554 0.965926 0.497946 0.965981 0.497946 0.896687 0.497976 0.262991 0.498006 0.623099 0.498482 0.774871 0.498537 0.406544 0.499043 0.285459 0.499532 0.979083 0.499654 0.201386 0.499681 0.202644 0.499681 0.000000 0.499701 0.907952 0.499725 0.017377 0.500140 0.986203 0.500219 0.310625 0.500443 0.894543 0.500722 0.626610 0.500782 0.915163 0.500857 0.257708 0.501064 0.829923 0.501087 0.582016 0.501620 0.247127 0.501655 0.099593 0.502022 0.277625 0.502387 0.029395 0.502522 0.625355 0.502522 0.209231 0.502621 0.964045 0.502655 0.827485 0.503348 0.830746 0.503855 0.973002 0.503952 0.217936 0.504143 0.107199 0.504223 0.731858 0.504385 0.088273 0.504451 0.832795 0.505041 0.965981 0.505324 0.966028 0.505324 0.984204 0.505360 0.108372 0.505960 0.966048 0.506529 0.978125 0.506529 0.979814 0.506529 0.987462 0.506529 0.915979 0.507045 0.927048 0.507045 0.941017 0.507045 0.941034 0.507045 0.976764 0.507296 0.218401 0.507299 0.235069 0.507299 0.277443 0.507299 0.277621 0.507299 0.932786 0.508120 0.100691 0.508396 0.877887 0.508487 0.513240 0.508540 0.626046 0.508625 0.064470 0.508897 0.980692 0.509310 0.264730 0.509553 0.628324 0.510199 0.964045 0.510416 0.139590 0.510965 0.750228 0.511014 0.154898 0.511144 0.107199 0.511391 0.108307 0.511391 0.965913 0.511986 0.966028 0.511986 0.802245 0.512119 0.616902 0.512419 0.964045 0.512635 0.474254 0.512769 0.889490 0.513081 0.542067 0.513300 0.978082 0.513372 0.184959 0.513418 0.264943 0.513460 0.877887 0.513493 0.268905 0.513498 0.944733 0.513931 0.267909 0.514160 0.981484 0.514180 0.844913 0.514277 0.172730 0.514291 0.275610 0.515171 0.880792 0.515272 0.107199 0.515457 0.375326 0.515635 0.262402 0.516098 0.942755 0.516149 0.896706 0.516359 0.869286 0.516702 0.838733 0.516837 0.836537 0.516933 0.201245 0.517067 0.160426 0.517075 0.530762 0.517341 0.257866 0.517483 0.132199 0.517933 0.982451 0.518267 0.964045 0.518478 0.889929 0.518641 0.583988 0.518713 0.964045 0.518997 0.965913 0.518997 0.841695 0.519016 0.851914 0.519016 0.983314 0.519064 0.883568 0.519693 0.909536 0.519693 0.910050 0.519693 0.202644 0.520337 0.201871 0.520338 0.836537 0.520354 0.627542 0.520559 0.853958 0.520896 0.860036 0.521285 0.965913 0.521447 0.883568 0.521464 0.833064 0.521482 0.376356 0.521562 0.038244 0.521741 0.787190 0.521999 0.806408 0.521999 0.836537 0.521999 0.838733 0.521999 0.838769 0.521999 0.376419 0.522001 0.835589 0.522005 0.250199 0.522510 0.943132 0.522612 0.944787 0.522729 0.983036 0.522815 0.983036 0.523047 0.094202 0.523437 0.198551 0.523502 0.696289 0.523588 0.201231 0.523616 0.201750 0.523616 0.273650 0.523988 0.185642 0.524051 0.794929 0.524126 0.913093 0.524222 0.453964 0.524874 0.206049 0.525277 0.853948 0.525475 0.851914 0.525868 0.964045 0.525968 0.964045 0.525968 0.941034 0.525988 0.375130 0.526173 0.976764 0.526386 0.976764 0.526721 0.521822 0.527098 0.986442 0.527116 0.987462 0.527116 0.460060 0.527256 0.809355 0.527294 0.227079 0.527837 0.944633 0.527868 0.107199 0.528208 0.941224 0.528299 0.944503 0.528299 0.837448 0.528316 0.432809 0.528568 0.812908 0.528574 0.930573 0.528622 0.941034 0.528655 0.202644 0.529153 0.267909 0.529475 0.232995 0.529603 0.284856 0.530271 0.982953 0.530466 0.915163 0.530824 0.015507 0.531134 0.233950 0.531141 0.098449 0.531204 0.965900 0.531229 0.838769 0.531294 0.453512 0.531368 0.914102 0.531489 0.321115 0.531568 0.903950 0.531697 0.201871 0.531787 0.202439 0.531787 0.453574 0.531900 0.851914 0.531963 0.316789 0.532219 0.324057 0.532381 0.131678 0.532480 0.938961 0.532638 0.930397 0.532697 0.964045 0.532937 0.965981 0.532937 0.290487 0.533259 0.636169 0.533471 0.406555 0.533566 0.094202 0.533775 0.098421 0.533893 0.108307 0.533893 0.818681 0.534213 0.162052 0.534436 0.506597 0.534526 0.002673 0.534606 0.061609 0.534606 0.091791 0.534606 0.105831 0.534606 0.964045 0.534829 0.734441 0.535032 0.917247 0.535085 0.321705 0.535113 0.914150 0.535532 0.043281 0.535884 0.750228 0.536086 0.273764 0.536173 0.453574 0.536191 0.456287 0.536191 0.600517 0.536415 0.625090 0.536517 0.702094 0.536539 0.930510 0.536597 0.086113 0.536619 0.189764 0.536675 0.018125 0.536787 0.375130 0.536820 0.851914 0.537182 0.853806 0.537182 0.230536 0.537200 0.976764 0.537250 0.977860 0.537250 0.355973 0.537406 0.382814 0.537691 0.094867 0.538213 0.316795 0.538279 0.776685 0.538494 0.669839 0.538535 0.748185 0.538535 0.987336 0.538862 0.787190 0.538912 0.605448 0.539317 0.613713 0.539317 0.669987 0.539317 0.747170 0.539317 0.750182 0.539317 0.171320 0.539541 0.965961 0.539568 0.965981 0.539568 0.140268 0.539591 0.561298 0.539700 0.201871 0.539769 0.455414 0.540217 0.614420 0.540364 0.198551 0.540614 0.734771 0.540659 0.852158 0.541049 0.983036 0.541466 0.329867 0.541835 0.339603 0.541835 0.351894 0.541835 0.372610 0.541835 0.375983 0.541835 0.376419 0.541835 0.109295 0.541953 0.941034 0.542228 0.372462 0.542403 0.909251 0.542808 0.853465 0.542810 0.848294 0.542892 0.747170 0.542912 0.125966 0.543247 0.882157 0.543268 0.090276 0.543542 0.964045 0.543847 0.179650 0.544018 0.884286 0.544162 0.840346 0.544359 0.455059 0.544700 0.861330 0.544839 0.942606 0.545093 0.645663 0.545383 0.914538 0.545560 0.965961 0.545608 0.120499 0.545873 0.138066 0.546189 0.944787 0.546336 0.950243 0.546336 0.950243 0.546336 0.955241 0.546336 0.958009 0.546336 0.958009 0.546336 0.960620 0.546336 0.964045 0.546336 0.965232 0.546336 0.987336 0.546602 0.373127 0.546737 0.701352 0.546763 0.856281 0.546948 0.909536 0.546968 0.127218 0.547041 0.477293 0.547220 0.490867 0.547220 0.539390 0.547220 0.541948 0.547220 0.202439 0.547233 0.133114 0.547281 0.966048 0.547365 0.967915 0.547426 0.970200 0.547426 0.972710 0.547426 0.974868 0.547426 0.459700 0.547554 0.686930 0.547619 0.375681 0.547662 0.967915 0.548159 0.529332 0.548320 0.952689 0.548330 0.453574 0.548375 0.275085 0.548464 0.454814 0.548516 0.198551 0.548578 0.940997 0.548835 0.976699 0.549137 0.851914 0.549308 0.970200 0.549390 0.960620 0.549434 0.675864 0.549494 0.914538 0.549829 0.966455 0.549909 0.186964 0.549938 0.162259 0.549990 0.972710 0.550094 0.947448 0.550123 0.947448 0.550295 0.374264 0.550388 0.513172 0.550589 0.944503 0.550865 0.955240 0.551019 0.851914 0.551336 0.853806 0.551336 0.177092 0.551617 0.793195 0.551748 0.750594 0.551882 0.965232 0.551925 0.974868 0.551938 0.071322 0.552062 0.853901 0.552234 0.952689 0.552295 0.931327 0.552494 0.300995 0.552495 0.917404 0.552509 0.883568 0.552567 0.982273 0.552898 0.963025 0.553121 0.974868 0.553164 0.958009 0.553356 0.142291 0.553389 0.963025 0.553533 0.970200 0.553593 0.856834 0.553603 0.958009 0.553647 0.960620 0.553808 0.950243 0.553828 0.139568 0.553830 0.970099 0.553885 0.524744 0.554189 0.944787 0.554223 0.955241 0.554259 0.972710 0.554308 0.228098 0.554343 0.551078 0.554381 0.965232 0.554392 0.967915 0.554392 0.967915 0.554392 0.439929 0.554405 0.976764 0.554472 0.905093 0.554486 0.645104 0.554519 0.913335 0.554617 0.564847 0.554640 0.950243 0.554708 0.376523 0.554864 0.926565 0.555043 0.857317 0.555044 0.861952 0.555044 0.890485 0.555044 0.941635 0.555044 0.957136 0.555044 0.971963 0.555044 0.983952 0.555044 0.987777 0.555044 0.850646 0.555229 0.456273 0.555490 0.375612 0.556125 0.083097 0.556451 0.840061 0.556556 0.949412 0.556890 0.966763 0.556891 0.763139 0.556968 0.146504 0.556975 0.375983 0.557638 0.144594 0.557783 0.858043 0.557939 0.351325 0.558005 0.787190 0.558561 0.918460 0.558640 0.624775 0.558677 0.374041 0.558796 0.811774 0.558875 0.751762 0.559190 0.755239 0.559190 0.762604 0.559190 0.762604 0.559190 0.770443 0.559190 0.770443 0.559190 0.774529 0.559190 0.778039 0.559190 0.781893 0.559190 0.785274 0.559190 0.787099 0.559190 0.983951 0.559319 0.150324 0.559403 0.758488 0.559410 0.766528 0.559411 0.766528 0.559445 0.967939 0.559501 0.524744 0.559568 0.610663 0.559606 0.530664 0.559608 0.834558 0.559899 0.774296 0.560039 0.781893 0.560047 0.754526 0.560357 0.456309 0.560391 0.778039 0.560857 0.853958 0.560933 0.370797 0.561036 0.966763 0.561148 0.226312 0.561310 0.108019 0.561824 0.977441 0.561989 0.766363 0.561992 0.850799 0.562048 0.782707 0.562190 0.770751 0.562329 0.337900 0.562352 0.750182 0.562362 0.202644 0.562430 0.785274 0.562509 0.947436 0.562680 0.820387 0.562821 0.858061 0.563042 0.165318 0.563142 0.774296 0.563560 0.970284 0.563591 0.453574 0.563730 0.456309 0.563730 0.147995 0.563818 0.198551 0.563869 0.201750 0.563869 0.378257 0.563930 0.861009 0.563968 0.778666 0.564170 0.781077 0.564170 0.750228 0.564296 0.754570 0.564296 0.093164 0.564317 0.375983 0.564317 0.762604 0.564317 0.774296 0.564334 0.762604 0.564371 0.770443 0.564380 0.778039 0.564413 0.851914 0.564494 0.754570 0.564603 0.758488 0.564603 0.812908 0.564744 0.841739 0.564744 0.785274 0.564802 0.273669 0.565022 0.812908 0.565037 0.787099 0.565047 0.763696 0.565068 0.840033 0.565068 0.624775 0.565141 0.964648 0.565573 0.214697 0.565645 0.408641 0.565686 0.539390 0.565746 0.878897 0.566651 0.862451 0.567245 0.315882 0.567388 0.267908 0.567583 0.277443 0.567583 0.000000 0.567656 0.202505 0.567808 0.070457 0.568149 0.099553 0.568381 0.949412 0.568551 0.179099 0.568792 0.826044 0.568885 0.162938 0.569465 0.865718 0.569721 0.972896 0.569758 0.016370 0.570178 0.372462 0.570190 0.853958 0.570454 0.046772 0.570490 0.930507 0.570540 0.166527 0.570561 0.794030 0.570617 0.987777 0.570772 0.225482 0.570831 0.843988 0.570890 0.434630 0.570970 0.961855 0.570975 0.375983 0.571207 0.278977 0.571981 0.105831 0.571991 0.107194 0.571991 0.840085 0.572121 0.532305 0.572356 0.276238 0.573188 0.986096 0.573461 0.747170 0.573591 0.280579 0.573616 0.761051 0.573705 0.541948 0.573933 0.541948 0.573933 0.924102 0.574057 0.752674 0.574071 0.198551 0.574453 0.150500 0.574661 0.189822 0.574661 0.198332 0.574661 0.385329 0.574685 0.577359 0.574985 0.372462 0.575248 0.373516 0.575248 0.376357 0.575248 0.191106 0.575583 0.767074 0.575630 0.973906 0.575725 0.750458 0.575812 0.774040 0.576359 0.957662 0.576588 0.271366 0.576917 0.868796 0.576918 0.591251 0.577610 0.533417 0.577909 0.539396 0.578396 0.773036 0.578666 0.977568 0.578678 0.558197 0.578771 0.528185 0.578947 0.784244 0.579136 0.374220 0.579372 0.983952 0.579489 0.398613 0.579524 0.408981 0.579524 0.424856 0.579524 0.174832 0.580081 0.191106 0.580568 0.778378 0.580733 0.569326 0.581638 0.453660 0.581997 0.940453 0.582600 0.121869 0.583091 0.098629 0.583235 0.974551 0.583595 0.340274 0.583765 0.977787 0.584040 0.780984 0.584054 0.981608 0.584054 0.983312 0.584054 0.801432 0.584248 0.452038 0.584421 0.105831 0.584606 0.987552 0.584788 0.813626 0.584805 0.985720 0.584917 0.917625 0.585283 0.598296 0.585336 0.202176 0.586311 0.271718 0.586330 0.388864 0.586394 0.977568 0.586694 0.086113 0.587131 0.819535 0.587138 0.108430 0.587335 0.276990 0.587600 0.546912 0.587891 0.456027 0.587979 0.456309 0.587979 0.195601 0.588297 0.781395 0.588439 0.535649 0.589387 0.815184 0.590785 0.105831 0.591058 0.825638 0.591529 0.435810 0.591564 0.108112 0.592300 0.872984 0.592367 0.810314 0.592597 0.978733 0.593003 0.966763 0.593247 0.977864 0.593247 0.294595 0.593492 0.817238 0.593558 0.230013 0.594392 0.783813 0.594521 0.926565 0.595500 0.270665 0.595521 0.961073 0.595802 0.193621 0.595880 0.539396 0.596374 0.541948 0.596374 0.936586 0.596865 0.598433 0.597140 0.402957 0.597396 0.105831 0.598253 0.108158 0.598253 0.812582 0.598470 0.805212 0.598733 0.785306 0.599123 0.977864 0.599205 0.824899 0.599530 0.230685 0.599678 0.889453 0.599901 0.105831 0.600014 0.102781 0.600069 0.542067 0.600372 0.567523 0.600964 0.118805 0.601129 0.978502 0.601533 0.352507 0.601888 0.874340 0.602007 0.983312 0.602012 0.986801 0.602012 0.562683 0.602088 0.701909 0.602107 0.231913 0.602251 0.373879 0.602525 0.966763 0.602570 0.791505 0.602881 0.424243 0.603056 0.108241 0.603329 0.787081 0.603548 0.566452 0.603665 0.588318 0.603938 0.966763 0.604159 0.537186 0.604194 0.091886 0.604348 0.784150 0.604916 0.219501 0.605412 0.141477 0.605426 0.351325 0.605427 0.642986 0.605443 0.270043 0.605647 0.956100 0.606034 0.553015 0.606045 0.787950 0.606123 0.983312 0.606636 0.825964 0.606727 0.237283 0.607180 0.453660 0.607904 0.977864 0.607990 0.805212 0.608021 0.627580 0.608887 0.372713 0.609127 0.140420 0.609187 0.983312 0.609202 0.871230 0.609253 0.604034 0.609442 0.589296 0.609461 0.784121 0.609748 0.372462 0.610053 0.542003 0.610581 0.985277 0.610632 0.812811 0.610697 0.826546 0.611155 0.604741 0.611187 0.455891 0.611274 0.456027 0.611274 0.243044 0.611452 0.557696 0.611495 0.978156 0.611521 0.593188 0.612045 0.189041 0.612146 0.624775 0.612295 0.567058 0.612469 0.093035 0.612931 0.247185 0.613036 0.613547 0.613042 0.170873 0.613123 0.595284 0.613159 0.367840 0.613253 0.601185 0.613735 0.779575 0.614109 0.551276 0.614369 0.805778 0.614565 0.977864 0.615332 0.982002 0.615332 0.589430 0.615358 0.537240 0.615550 0.868276 0.615567 0.917261 0.615583 0.356004 0.615979 0.889453 0.616115 0.986801 0.616763 0.356847 0.616786 0.359588 0.616786 0.955175 0.616890 0.966698 0.616890 0.970117 0.616890 0.977188 0.616890 0.982689 0.616890 0.539396 0.616947 0.542003 0.616947 0.564812 0.616971 0.253437 0.617127 0.105831 0.617521 0.905531 0.617550 0.914915 0.617610 0.779437 0.617729 0.912699 0.617745 0.900194 0.617782 0.376410 0.617816 0.544952 0.617915 0.987203 0.617921 0.267908 0.617925 0.086113 0.618033 0.093690 0.618033 0.093690 0.618033 0.102978 0.618033 0.107048 0.618033 0.910255 0.618276 0.925166 0.618586 0.775466 0.618750 0.811306 0.618805 0.700051 0.618916 0.108381 0.618954 0.586095 0.619074 0.929789 0.619312 0.086113 0.619468 0.590403 0.619470 0.587425 0.619540 0.587641 0.619575 0.453574 0.619725 0.949412 0.620026 0.890468 0.620061 0.737085 0.620176 0.975992 0.620178 0.086113 0.620323 0.914645 0.620603 0.097146 0.620771 0.590032 0.621045 0.017274 0.621139 0.351325 0.621224 0.777585 0.621260 0.825785 0.621456 0.867895 0.621520 0.258386 0.621774 0.982689 0.621786 0.277625 0.621793 0.580345 0.621847 0.865218 0.622109 0.773732 0.622538 0.977830 0.622546 0.963918 0.622633 0.582832 0.622874 0.905331 0.622954 0.453660 0.623018 0.972375 0.623374 0.945283 0.623601 0.088880 0.623715 0.271058 0.623950 0.585800 0.624201 0.318741 0.624214 0.686930 0.624411 0.267909 0.624506 0.950014 0.624551 0.265230 0.624553 0.381945 0.624627 0.747170 0.624897 0.091022 0.624961 0.364562 0.625687 0.780200 0.625785 0.832676 0.626091 0.072478 0.626256 0.864728 0.626371 0.771016 0.626601 0.093690 0.626603 0.834442 0.626661 0.100433 0.626748 0.107048 0.626748 0.581051 0.626862 0.100433 0.627391 0.268167 0.627571 0.107048 0.627590 0.369442 0.627725 0.578684 0.627841 0.538595 0.627852 0.086113 0.628052 0.034811 0.628081 0.047816 0.628081 0.064630 0.628081 0.089203 0.628081 0.837288 0.628266 0.891957 0.628444 0.914612 0.628444 0.926565 0.628444 0.766381 0.628549 0.046017 0.628595 0.762203 0.628855 0.562046 0.628877 0.191106 0.628927 0.202176 0.628927 0.908040 0.629070 0.873924 0.629202 0.758421 0.629405 0.963131 0.629465 0.848025 0.629562 0.009490 0.629927 0.861259 0.630130 0.357696 0.630411 0.853334 0.630535 0.098979 0.630601 0.565868 0.630611 0.771899 0.630680 0.952840 0.630803 0.747344 0.630905 0.243854 0.631137 0.261964 0.631137 0.075757 0.631369 0.573993 0.631911 0.755950 0.631938 0.921593 0.631950 0.540134 0.632016 0.978081 0.632199 0.981783 0.632244 0.879751 0.632266 0.456409 0.632604 0.949860 0.632677 0.549776 0.632810 0.191301 0.633085 0.272539 0.633230 0.949412 0.633271 0.858715 0.633320 0.361984 0.634031 0.752737 0.634146 0.455891 0.634150 0.919648 0.634250 0.566556 0.634267 0.921471 0.634297 0.456409 0.634318 0.454463 0.634783 0.940499 0.634956 0.916198 0.635101 0.925535 0.635115 0.940676 0.635115 0.542067 0.635171 0.562657 0.635171 0.608264 0.635171 0.615647 0.635171 0.910458 0.635327 0.554208 0.635642 0.818525 0.635878 0.372407 0.635975 0.889453 0.636002 0.640937 0.636402 0.853958 0.636418 0.609753 0.636736 0.912602 0.636795 0.792902 0.636984 0.456409 0.637498 0.895623 0.637839 0.738560 0.637966 0.672982 0.638059 0.686930 0.638160 0.731064 0.638171 0.982689 0.638178 0.986831 0.638178 0.975992 0.638281 0.453593 0.638456 0.456409 0.638456 0.587087 0.638516 0.924475 0.638527 0.720349 0.638540 0.948906 0.638936 0.950960 0.639016 0.489517 0.639076 0.937212 0.639371 0.812971 0.639735 0.940676 0.639818 0.419069 0.639908 0.453652 0.639921 0.609719 0.640066 0.070517 0.640077 0.731272 0.640123 0.977617 0.640336 0.729299 0.640364 0.747170 0.640468 0.698436 0.640967 0.514179 0.641054 0.980361 0.641624 0.524744 0.642066 0.933406 0.642594 0.693283 0.642747 0.779347 0.642747 0.805212 0.642747 0.722399 0.642749 0.722508 0.642749 0.729424 0.642749 0.741673 0.642749 0.741674 0.642749 0.747177 0.642749 0.542003 0.642794 0.781240 0.642834 0.783635 0.642834 0.790491 0.642834 0.790491 0.642834 0.794256 0.642834 0.732127 0.642977 0.752717 0.642999 0.757708 0.642999 0.767674 0.642999 0.772343 0.642999 0.776996 0.642999 0.735530 0.643393 0.696789 0.643541 0.713087 0.643541 0.757708 0.643728 0.715245 0.643826 0.686930 0.643843 0.539390 0.643879 0.799643 0.643887 0.526274 0.644055 0.533679 0.644055 0.538550 0.644055 0.936768 0.644059 0.533328 0.644097 0.928111 0.644144 0.762289 0.644162 0.797866 0.644326 0.794256 0.644354 0.801821 0.644500 0.805212 0.644696 0.812702 0.644696 0.853958 0.644696 0.854461 0.644696 0.889453 0.644696 0.938993 0.644759 0.865126 0.644918 0.868232 0.644918 0.873498 0.644918 0.776996 0.644920 0.722508 0.645029 0.884701 0.645070 0.884701 0.645070 0.982689 0.645211 0.854835 0.645225 0.861941 0.645225 0.865126 0.645225 0.879739 0.645235 0.881405 0.645289 0.824762 0.645314 0.828639 0.645314 0.828639 0.645314 0.836436 0.645314 0.351325 0.645387 0.949188 0.645409 0.974087 0.645481 0.772343 0.645525 0.840456 0.645646 0.840456 0.645646 0.847426 0.645646 0.847426 0.645646 0.854047 0.645646 0.812702 0.645930 0.950279 0.645973 0.356390 0.646087 0.876396 0.646151 0.816881 0.646182 0.887401 0.646346 0.716420 0.646480 0.922034 0.646518 0.861941 0.646520 0.837696 0.646611 0.459486 0.646640 0.786075 0.646644 0.851178 0.646700 0.831497 0.646776 0.731703 0.646862 0.705938 0.646890 0.978144 0.646911 0.982689 0.646911 0.367778 0.646949 0.694301 0.646961 0.762289 0.647007 0.303075 0.647032 0.301721 0.647033 0.336475 0.647033 0.365511 0.647033 0.369790 0.647033 0.975992 0.647295 0.876396 0.647349 0.763009 0.647511 0.975993 0.647525 0.795251 0.647610 0.965561 0.647634 0.759240 0.647804 0.712862 0.647812 0.735530 0.647851 0.773515 0.648030 0.925535 0.648034 0.843966 0.648078 0.767674 0.648082 0.851178 0.648148 0.924480 0.648159 0.808992 0.648478 0.873498 0.648491 0.848253 0.648635 0.802019 0.648801 0.816881 0.649077 0.681724 0.649116 0.832479 0.649340 0.821027 0.649366 0.755051 0.649423 0.369790 0.649496 0.870837 0.649530 0.918570 0.649625 0.954880 0.649669 0.821027 0.649687 0.936928 0.649922 0.949412 0.649993 0.858261 0.650049 0.797866 0.650194 0.729424 0.650204 0.659922 0.650237 0.882267 0.650248 0.445643 0.650287 0.882267 0.650333 0.920051 0.650477 0.813986 0.650740 0.837446 0.650782 0.858261 0.650804 0.832479 0.650901 0.912602 0.650905 0.739269 0.650921 0.829162 0.650948 0.808992 0.651000 0.879739 0.651010 0.824762 0.651025 0.764467 0.651101 0.847426 0.651129 0.854835 0.651160 0.816390 0.651173 0.963918 0.651276 0.887316 0.651324 0.971368 0.651484 0.851178 0.651547 0.393292 0.651551 0.321794 0.651664 0.696789 0.651711 0.816881 0.651732 0.608264 0.651806 0.809660 0.651884 0.867939 0.652050 0.978144 0.652068 0.916097 0.652083 0.304537 0.652140 0.781240 0.652313 0.786075 0.652313 0.931411 0.652376 0.673385 0.652395 0.843966 0.652401 0.867939 0.652556 0.836436 0.652608 0.940676 0.652640 0.912602 0.652641 0.767674 0.652742 0.279482 0.652853 0.870837 0.652887 0.722508 0.652898 0.790491 0.652942 0.736292 0.652962 0.940676 0.653051 0.840456 0.653231 0.752717 0.653262 0.861941 0.653307 0.669390 0.653322 0.741674 0.653380 0.897650 0.653430 0.889453 0.653471 0.836436 0.653522 0.840456 0.653522 0.884701 0.653549 0.747177 0.653577 0.608264 0.653747 0.608347 0.653747 0.847426 0.653786 0.747177 0.653865 0.752717 0.653865 0.854634 0.653937 0.854835 0.653937 0.776996 0.653938 0.781240 0.653938 0.509081 0.653970 0.870837 0.653976 0.772343 0.653996 0.794256 0.654004 0.801821 0.654004 0.828639 0.654073 0.757708 0.654094 0.828639 0.654105 0.729424 0.654147 0.705938 0.654166 0.715245 0.654166 0.715245 0.654166 0.805212 0.654359 0.865126 0.654361 0.865126 0.654361 0.805212 0.654383 0.490815 0.654417 0.812702 0.654442 0.812702 0.654442 0.818654 0.654442 0.824762 0.654442 0.986831 0.654443 0.741673 0.654458 0.844894 0.654501 0.889453 0.654521 0.873498 0.654536 0.876396 0.654536 0.876396 0.654536 0.879739 0.654536 0.884701 0.654536 0.759607 0.654623 0.790491 0.654636 0.843114 0.654654 0.644069 0.654667 0.647592 0.654667 0.686930 0.654667 0.695596 0.654667 0.696789 0.654667 0.767133 0.654667 0.796894 0.654667 0.826286 0.654667 0.895729 0.654667 0.916089 0.654667 0.952258 0.654667 0.967465 0.654667 0.978399 0.654667 0.983890 0.654667 0.983890 0.654667 0.960709 0.654959 0.876415 0.654995 0.942922 0.655086 0.715767 0.655236 0.319088 0.655275 0.036478 0.655805 0.533328 0.655846 0.846839 0.656177 0.533328 0.656370 0.541921 0.656370 0.001601 0.656451 0.524744 0.656518 0.979738 0.656674 0.453652 0.656677 0.456409 0.656677 0.477995 0.656677 0.491347 0.656677 0.539702 0.656677 0.542004 0.656677 0.037357 0.656917 0.988090 0.657132 0.108430 0.657360 0.540438 0.657508 0.277625 0.657522 0.794619 0.657529 0.002064 0.657572 0.739486 0.658006 0.281648 0.658007 0.242120 0.658053 0.952894 0.658274 0.761501 0.658483 0.732312 0.658501 0.770897 0.658703 0.755638 0.658883 0.206252 0.658985 0.952894 0.659605 0.609719 0.660481 0.943677 0.660722 0.540438 0.660929 0.677404 0.661083 0.370830 0.661253 0.463438 0.661287 0.277346 0.661652 0.934235 0.661840 0.754082 0.661926 0.079392 0.662080 0.791829 0.662467 0.175612 0.662489 0.162852 0.662564 0.103199 0.662792 0.821633 0.662935 0.202176 0.662973 0.826441 0.663108 0.496582 0.663447 0.955602 0.663725 0.108430 0.663727 0.132434 0.663727 0.183381 0.663727 0.202175 0.663727 0.372671 0.664204 0.868042 0.664265 0.773630 0.665341 0.785721 0.665596 0.848595 0.665606 0.682824 0.665701 0.744299 0.665866 0.482164 0.666196 0.200106 0.666331 0.456379 0.666569 0.811748 0.666705 0.978399 0.666817 0.370401 0.666860 0.721804 0.667197 0.453652 0.667548 0.195179 0.668713 0.958551 0.668717 0.135804 0.669194 0.694573 0.669296 0.177878 0.669725 0.715140 0.670028 0.799656 0.670201 0.164180 0.670371 0.455572 0.670391 0.718909 0.670444 0.414981 0.670508 0.436545 0.670508 0.455259 0.670508 0.417667 0.670509 0.074864 0.670672 0.495054 0.670746 0.456409 0.670802 0.202389 0.671113 0.910524 0.671135 0.608347 0.671192 0.609719 0.671192 0.369790 0.671537 0.372688 0.671537 0.744132 0.671923 0.476619 0.672089 0.983890 0.672234 0.983890 0.672234 0.437349 0.672249 0.382385 0.673064 0.969918 0.673162 0.445393 0.673333 0.956336 0.673628 0.624775 0.673806 0.075757 0.673896 0.540438 0.674038 0.542004 0.674038 0.191188 0.675063 0.202644 0.675137 0.488499 0.675428 0.853207 0.675478 0.929746 0.676387 0.714656 0.676478 0.435478 0.676493 0.525392 0.676504 0.785764 0.676572 0.710589 0.676673 0.936944 0.676910 0.983667 0.677028 0.685548 0.677175 0.868042 0.677629 0.987538 0.677675 0.744132 0.677875 0.514615 0.677965 0.444589 0.679078 0.109129 0.679685 0.465898 0.679702 0.456401 0.679764 0.517222 0.679885 0.515460 0.680481 0.904689 0.680596 0.624775 0.680641 0.520983 0.680861 0.934235 0.681045 0.517334 0.681556 0.501416 0.681618 0.619371 0.681780 0.180164 0.681793 0.190959 0.681847 0.886393 0.682429 0.390348 0.682630 0.136521 0.682638 0.541337 0.682649 0.342563 0.682890 0.348278 0.682980 0.396472 0.683040 0.200106 0.683134 0.202389 0.683134 0.408073 0.683151 0.518605 0.683247 0.414826 0.684038 0.983890 0.684235 0.683314 0.684281 0.969918 0.684927 0.625865 0.686095 0.876581 0.686551 0.967174 0.686975 0.608484 0.687080 0.851052 0.687147 0.000000 0.687437 0.983890 0.687618 0.590391 0.687778 0.979146 0.688171 0.978399 0.688172 0.983721 0.688172 0.608239 0.688513 0.888375 0.688903 0.541976 0.689281 0.609719 0.689401 0.609719 0.689401 0.821242 0.689472 0.369790 0.689754 0.879460 0.689895 0.519641 0.690170 0.826663 0.690178 0.383043 0.690606 0.032612 0.690945 0.422138 0.691107 0.455259 0.691163 0.455290 0.691163 0.838257 0.691362 0.200499 0.691465 0.183433 0.691515 0.277133 0.691629 0.540438 0.691693 0.540438 0.691693 0.637337 0.691720 0.034621 0.692231 0.177878 0.692292 0.902427 0.692331 0.905128 0.692740 0.937889 0.692963 0.435478 0.693004 0.826856 0.693137 0.957842 0.693162 0.159171 0.693252 0.886501 0.693409 0.180378 0.693524 0.107596 0.693672 0.969268 0.693737 0.242839 0.694386 0.714386 0.694460 0.541870 0.694806 0.516347 0.695236 0.369790 0.695297 0.372688 0.695297 0.515460 0.695865 0.451324 0.695967 0.857202 0.696200 0.615119 0.696266 0.608617 0.696339 0.971203 0.696359 0.521305 0.696586 0.904688 0.696719 0.904120 0.697186 0.086606 0.697208 0.941703 0.697427 0.382220 0.697560 0.456401 0.697573 0.922939 0.697628 0.372713 0.698205 0.455259 0.699002 0.979146 0.699642 0.911525 0.699982 0.959088 0.700704 0.522250 0.700962 0.192349 0.701144 0.070981 0.701454 0.342563 0.701454 0.337374 0.701587 0.984467 0.701910 0.934235 0.702228 0.205993 0.702495 0.926671 0.702551 0.106198 0.702913 0.974067 0.703323 0.378602 0.703567 0.111178 0.703595 0.906106 0.703799 0.075757 0.704078 0.540438 0.704166 0.540438 0.704166 0.524119 0.704757 0.509210 0.705050 0.945655 0.705069 0.913274 0.705396 0.200418 0.705620 0.202389 0.705620 0.979609 0.706483 0.452048 0.706840 0.380725 0.707302 0.608319 0.707337 0.609719 0.707337 0.915227 0.707477 0.712742 0.707496 0.952894 0.707509 0.928705 0.707542 0.694573 0.707753 0.455290 0.707757 0.456345 0.707757 0.382959 0.708592 0.348889 0.708786 0.947074 0.709164 0.091235 0.709183 0.455290 0.709744 0.372642 0.709966 0.593496 0.710382 0.935638 0.710720 0.194737 0.710826 0.873893 0.710958 0.519246 0.711237 0.448133 0.711348 0.966869 0.711440 0.967811 0.711440 0.955939 0.711509 0.959734 0.711509 0.962394 0.711509 0.422630 0.711631 0.962394 0.711977 0.965084 0.711977 0.967771 0.711977 0.979181 0.712058 0.952894 0.712108 0.530008 0.712334 0.092689 0.712382 0.969918 0.712758 0.909641 0.712801 0.180540 0.712932 0.202389 0.713051 0.777236 0.713536 0.956775 0.713544 0.542018 0.713730 0.160434 0.713820 0.086442 0.713853 0.177877 0.714360 0.527034 0.714630 0.197287 0.714715 0.609719 0.715002 0.744411 0.715152 0.882911 0.715203 0.874812 0.715360 0.540438 0.715417 0.542018 0.715417 0.956775 0.715436 0.608264 0.715461 0.979146 0.715597 0.380177 0.715617 0.382774 0.715675 0.328900 0.715707 0.863030 0.715775 0.951540 0.716098 0.558323 0.716189 0.089047 0.716236 0.969918 0.716470 0.954109 0.716633 0.879531 0.716841 0.959734 0.716962 0.085918 0.717060 0.003180 0.717503 0.369790 0.717867 0.372641 0.717867 0.965084 0.717934 0.807547 0.717948 0.959734 0.717961 0.883742 0.717995 0.185145 0.718111 0.829507 0.718272 0.505169 0.718287 0.190566 0.718498 0.613860 0.718537 0.967601 0.718582 0.962394 0.718590 0.962394 0.718591 0.906993 0.718676 0.619697 0.718694 0.609753 0.718695 0.020787 0.718761 0.030523 0.718761 0.092718 0.718761 0.979146 0.718809 0.665127 0.718843 0.967811 0.719091 0.972952 0.719199 0.972952 0.719199 0.981861 0.719199 0.509822 0.719215 0.331504 0.719276 0.444626 0.719468 0.898267 0.719622 0.608319 0.719732 0.608400 0.719732 0.533260 0.719748 0.456345 0.719818 0.455290 0.719819 0.181150 0.719837 0.913884 0.720254 0.382834 0.720400 0.548465 0.720695 0.949569 0.720823 0.053381 0.720827 0.244041 0.721302 0.881366 0.721581 0.380699 0.721708 0.896528 0.722050 0.624775 0.722213 0.212925 0.722227 0.243812 0.722227 0.267233 0.722227 0.271387 0.722227 0.273789 0.722227 0.893628 0.722377 0.950461 0.722416 0.614606 0.722612 0.273546 0.722951 0.442408 0.723334 0.609719 0.723851 0.535128 0.724073 0.501767 0.724227 0.540552 0.724353 0.136574 0.724570 0.423169 0.725498 0.416302 0.725683 0.895800 0.725762 0.200106 0.726053 0.180032 0.726163 0.443344 0.726386 0.542018 0.726701 0.542018 0.726701 0.200418 0.726815 0.202389 0.726815 0.373056 0.726985 0.456326 0.727029 0.441794 0.727129 0.213349 0.727934 0.952894 0.728136 0.952894 0.728136 0.954325 0.728136 0.945000 0.728219 0.411875 0.728352 0.109109 0.728415 0.612371 0.728490 0.391982 0.728550 0.905356 0.728556 0.372089 0.728573 0.195254 0.728618 0.349874 0.729004 0.595939 0.729059 0.452416 0.729096 0.391440 0.729553 0.390971 0.730013 0.400795 0.730072 0.980077 0.730085 0.455290 0.730126 0.455290 0.730126 0.369790 0.730257 0.956914 0.730307 0.344894 0.730313 0.260812 0.730343 0.613424 0.730478 0.573941 0.730733 0.868042 0.730985 0.043523 0.731029 0.540498 0.731034 0.435478 0.731064 0.047860 0.731096 0.254947 0.731097 0.586574 0.731126 0.276165 0.731369 0.537741 0.731373 0.035030 0.731405 0.027662 0.731499 0.390752 0.731606 0.196897 0.731866 0.107926 0.731954 0.608400 0.731967 0.249239 0.732132 0.868042 0.732147 0.261131 0.732266 0.592435 0.732434 0.200291 0.732474 0.559040 0.732748 0.598101 0.732943 0.709832 0.732976 0.256952 0.733010 0.177878 0.733096 0.266457 0.733269 0.237266 0.733410 0.572867 0.733459 0.609753 0.733497 0.624383 0.733497 0.019608 0.733510 0.980077 0.733520 0.436237 0.733699 0.535476 0.733801 0.456409 0.733852 0.291492 0.733976 0.946109 0.733991 0.826253 0.734149 0.829744 0.734149 0.854683 0.734149 0.854683 0.734149 0.857745 0.734149 0.542018 0.734201 0.858707 0.734293 0.863948 0.734293 0.866875 0.734293 0.516838 0.734329 0.516839 0.734329 0.527548 0.734329 0.540438 0.734329 0.540438 0.734329 0.540438 0.734329 0.850432 0.734420 0.602974 0.734450 0.456366 0.734515 0.857745 0.734549 0.224329 0.734991 0.821243 0.735141 0.564606 0.735396 0.596419 0.735396 0.604220 0.735396 0.617913 0.735396 0.624771 0.735396 0.416534 0.735627 0.394689 0.735794 0.372641 0.735848 0.436673 0.736005 0.851169 0.736035 0.164300 0.736071 0.875846 0.736130 0.230158 0.736242 0.527548 0.736264 0.949100 0.736355 0.177878 0.736394 0.182275 0.736394 0.183181 0.736394 0.185756 0.736394 0.190309 0.736394 0.194990 0.736394 0.194991 0.736394 0.482098 0.736684 0.370063 0.737020 0.372539 0.737020 0.860843 0.737124 0.135689 0.737226 0.866599 0.737478 0.863948 0.737645 0.912358 0.737772 0.919631 0.737772 0.933837 0.737772 0.291535 0.738171 0.276534 0.738176 0.458161 0.738209 0.615216 0.738249 0.542056 0.738280 0.184893 0.738343 0.226452 0.738451 0.934321 0.738464 0.622756 0.738545 0.860843 0.738633 0.181551 0.738712 0.054039 0.738939 0.438744 0.739015 0.905699 0.739128 0.455290 0.739348 0.542067 0.739612 0.890985 0.739970 0.896037 0.739970 0.927460 0.740013 0.709416 0.740075 0.714133 0.740090 0.206814 0.740121 0.190309 0.740243 0.185756 0.740298 0.980187 0.740686 0.863948 0.740790 0.573526 0.740833 0.683800 0.740962 0.856503 0.740974 0.857745 0.740974 0.463515 0.741005 0.011277 0.741012 0.866875 0.741111 0.880544 0.741128 0.894293 0.741128 0.854683 0.741159 0.000000 0.741230 0.267493 0.741277 0.200106 0.741321 0.277625 0.741327 0.314898 0.741327 0.342459 0.741327 0.857165 0.741334 0.515511 0.741450 0.649130 0.742140 0.664612 0.742140 0.692359 0.742140 0.014936 0.742221 0.202389 0.742247 0.104390 0.742251 0.613949 0.742367 0.670573 0.742481 0.369791 0.742651 0.225130 0.742657 0.516839 0.742706 0.516839 0.742706 0.934235 0.742835 0.219822 0.742986 0.490825 0.742996 0.462456 0.743087 0.177878 0.743111 0.194991 0.743123 0.872835 0.743125 0.189615 0.743145 0.467290 0.743227 0.194990 0.743326 0.182275 0.743544 0.108430 0.743573 0.151380 0.743573 0.197559 0.743573 0.540438 0.743799 0.540438 0.743799 0.159347 0.743925 0.273546 0.744032 0.984844 0.744065 0.474727 0.744213 0.742406 0.744291 0.101666 0.744332 0.339370 0.744479 0.054842 0.744735 0.639341 0.744759 0.559053 0.745218 0.919685 0.745244 0.202292 0.745336 0.618609 0.745475 0.679992 0.745629 0.325325 0.745836 0.541987 0.746022 0.926061 0.746075 0.112230 0.746124 0.155433 0.746132 0.652339 0.746171 0.622756 0.746226 0.225225 0.746602 0.855218 0.746623 0.384692 0.746652 0.905871 0.746705 0.062540 0.746836 0.515461 0.746862 0.901714 0.746953 0.644499 0.747335 0.339370 0.747427 0.821242 0.747563 0.055251 0.747580 0.542348 0.747716 0.323593 0.747962 0.873426 0.748146 0.785764 0.748225 0.666264 0.748255 0.669806 0.748293 0.709187 0.748413 0.309176 0.748560 0.435478 0.748566 0.277587 0.749224 0.980077 0.749300 0.985743 0.749300 0.417109 0.749547 0.418181 0.749547 0.429876 0.749547 0.516839 0.749818 0.539439 0.749881 0.071108 0.750031 0.644441 0.750130 0.703934 0.750223 0.222832 0.750361 0.362484 0.750452 0.540438 0.750555 0.812411 0.750774 0.273546 0.750815 0.273546 0.750815 0.526816 0.751103 0.747183 0.751104 0.527548 0.751462 0.424368 0.751551 0.475960 0.751667 0.473321 0.751668 0.505316 0.751668 0.532367 0.751668 0.927350 0.751736 0.648153 0.751744 0.785765 0.751985 0.057411 0.752058 0.920975 0.752298 0.593036 0.752630 0.904689 0.752907 0.370692 0.752981 0.372539 0.752981 0.223413 0.753247 0.103698 0.753429 0.646226 0.753580 0.954404 0.753710 0.898863 0.753908 0.694573 0.753977 0.474535 0.754032 0.972952 0.754231 0.975572 0.754231 0.680758 0.754313 0.407102 0.754409 0.904689 0.754410 0.697400 0.754421 0.319131 0.754544 0.221269 0.754827 0.109760 0.754888 0.155433 0.755233 0.789585 0.755293 0.277625 0.755348 0.778030 0.755520 0.569796 0.755681 0.104439 0.755745 0.880471 0.755936 0.980044 0.756000 0.624771 0.756084 0.624771 0.756084 0.689047 0.756162 0.086878 0.756174 0.926061 0.757017 0.892938 0.757205 0.372028 0.757339 0.397702 0.757366 0.715432 0.757723 0.422319 0.757766 0.736374 0.757835 0.938625 0.758014 0.342459 0.758036 0.342546 0.758036 0.980077 0.758136 0.721678 0.758440 0.013238 0.758647 0.369791 0.758700 0.985241 0.759140 0.852514 0.759341 0.685002 0.759497 0.219623 0.759535 0.956914 0.759560 0.694573 0.759615 0.714922 0.759615 0.740961 0.759615 0.414825 0.759958 0.873426 0.759988 0.404711 0.760017 0.690078 0.760102 0.979931 0.760168 0.422319 0.760371 0.688021 0.760497 0.826927 0.760597 0.630380 0.760747 0.316359 0.760784 0.099209 0.760971 0.821243 0.761126 0.372660 0.761273 0.052439 0.761441 0.851169 0.761464 0.862694 0.761718 0.740961 0.762277 0.368350 0.762304 0.217139 0.762540 0.093677 0.763031 0.983686 0.763101 0.096600 0.763181 0.718149 0.763243 0.276504 0.763284 0.537189 0.763288 0.933837 0.763314 0.930089 0.763344 0.364247 0.763435 0.269537 0.763576 0.979620 0.763716 0.730570 0.764139 0.054995 0.764251 0.339370 0.764284 0.638513 0.764317 0.202644 0.764324 0.472740 0.764447 0.012651 0.764699 0.878791 0.764798 0.221654 0.764827 0.610743 0.764927 0.902924 0.765158 0.792353 0.765354 0.694573 0.765376 0.972952 0.765524 0.701133 0.765631 0.873426 0.766192 0.827063 0.766382 0.906220 0.766408 0.697513 0.766502 0.985743 0.766812 0.340541 0.766959 0.342546 0.766959 0.311957 0.767078 0.342647 0.767137 0.369790 0.767137 0.404378 0.767248 0.745816 0.767249 0.294288 0.767359 0.930013 0.767378 0.095949 0.767443 0.369791 0.767616 0.371605 0.767616 0.750154 0.767912 0.847437 0.768058 0.851169 0.768058 0.895494 0.768058 0.696350 0.768103 0.920975 0.768635 0.506974 0.768935 0.956914 0.768987 0.052728 0.769276 0.744109 0.769325 0.222113 0.769485 0.690974 0.769519 0.744132 0.769683 0.055469 0.769728 0.339370 0.769829 0.009918 0.769835 0.980044 0.769927 0.984148 0.769975 0.809418 0.770207 0.592490 0.770263 0.091166 0.770288 0.351152 0.770412 0.945837 0.770419 0.972952 0.770419 0.904689 0.770549 0.367309 0.770780 0.018008 0.770902 0.361459 0.770964 0.896037 0.771055 0.815189 0.771056 0.827832 0.771056 0.847219 0.771056 0.897213 0.771056 0.932350 0.771056 0.963768 0.771056 0.971045 0.771056 0.981551 0.771056 0.981551 0.771056 0.697510 0.771173 0.622811 0.771456 0.823359 0.771528 0.925045 0.771652 0.340592 0.772236 0.814575 0.772244 0.806693 0.772293 0.390693 0.772627 0.531887 0.772660 0.885546 0.773338 0.536961 0.773477 0.263075 0.773572 0.109606 0.773706 0.841178 0.773723 0.019193 0.773782 0.893856 0.773895 0.089649 0.773905 0.400164 0.774062 0.740961 0.774101 0.397820 0.774191 0.921335 0.774228 0.008580 0.774330 0.093487 0.774379 0.762464 0.774438 0.399750 0.774441 0.061402 0.774493 0.368409 0.774857 0.743747 0.774908 0.228324 0.775033 0.375216 0.775059 0.270078 0.775116 0.351117 0.775166 0.327913 0.775310 0.927076 0.775434 0.622811 0.775879 0.624771 0.775879 0.396200 0.775948 0.340541 0.776037 0.370395 0.776101 0.986410 0.776486 0.230439 0.776737 0.974359 0.776946 0.541884 0.777234 0.564093 0.777368 0.039294 0.777539 0.777743 0.777542 0.743921 0.777608 0.764991 0.777608 0.771989 0.777608 0.697192 0.777719 0.984306 0.778173 0.841178 0.778334 0.044523 0.778408 0.044198 0.778432 0.025720 0.778481 0.969349 0.778504 0.000000 0.779231 0.269876 0.779327 0.624775 0.779547 0.829146 0.779647 0.637351 0.779972 0.091035 0.780145 0.922234 0.780375 0.370544 0.780389 0.978051 0.780493 0.431415 0.780580 0.909078 0.780755 0.230868 0.781389 0.372660 0.781435 0.464847 0.781516 0.796367 0.781544 0.395213 0.781571 0.943997 0.781581 0.400564 0.781668 0.234736 0.781866 0.953594 0.781915 0.786642 0.781967 0.690753 0.782212 0.196416 0.782244 0.767833 0.782293 0.905226 0.782457 0.770234 0.782566 0.385444 0.782929 0.935988 0.783169 0.087582 0.783370 0.201447 0.783465 0.225532 0.783469 0.437456 0.783493 0.518521 0.783635 0.468461 0.783744 0.301057 0.783759 0.332170 0.783813 0.019233 0.783892 0.604220 0.784332 0.237241 0.784671 0.044487 0.785249 0.269510 0.785274 0.961889 0.785380 0.393448 0.785654 0.370395 0.785749 0.372660 0.785750 0.244116 0.785973 0.611275 0.786607 0.459738 0.786872 0.641834 0.786925 0.428360 0.787000 0.237015 0.787019 0.461830 0.787026 0.563142 0.787170 0.698638 0.787212 0.940663 0.787540 0.921335 0.787637 0.624603 0.787639 0.250771 0.787719 0.372713 0.787754 0.973279 0.788762 0.062540 0.788778 0.259577 0.788862 0.273546 0.789021 0.274226 0.789021 0.334437 0.789156 0.462585 0.789357 0.645238 0.789404 0.400562 0.789460 0.340592 0.789612 0.628961 0.789861 0.154465 0.790238 0.506974 0.790388 0.435528 0.790424 0.943894 0.790512 0.369790 0.790735 0.458913 0.790962 0.351557 0.791143 0.156286 0.791329 0.083104 0.791412 0.149474 0.791653 0.087223 0.791759 0.919570 0.791992 0.701971 0.792242 0.460181 0.792309 0.273546 0.792384 0.370183 0.792758 0.086904 0.792937 0.591254 0.793099 0.761709 0.793326 0.519540 0.793406 0.372660 0.793454 0.214491 0.793516 0.699769 0.793971 0.506974 0.794461 0.400808 0.794470 0.093380 0.794494 0.395094 0.794528 0.976080 0.794528 0.981551 0.794746 0.765768 0.794780 0.944646 0.794842 0.742815 0.794852 0.768195 0.794971 0.649497 0.795026 0.565809 0.795044 0.459422 0.795150 0.050614 0.795351 0.268057 0.795472 0.669282 0.795574 0.646666 0.795613 0.973640 0.796055 0.622811 0.796243 0.624603 0.796243 0.654215 0.796611 0.260812 0.796901 0.396099 0.796979 0.507660 0.797519 0.018063 0.797799 0.025013 0.797799 0.056718 0.797799 0.060211 0.797799 0.394217 0.797832 0.000000 0.797849 0.402567 0.797855 0.096598 0.798003 0.054748 0.798206 0.093700 0.798311 0.566943 0.798474 0.885546 0.798793 0.029179 0.798890 0.511603 0.799506 0.393724 0.799547 0.273780 0.799644 0.228839 0.799824 0.256229 0.799824 0.256229 0.799824 0.650160 0.799841 0.689244 0.800184 0.694573 0.800184 0.694573 0.800184 0.974359 0.800474 0.981551 0.800474 0.981582 0.800474 0.370228 0.800615 0.334241 0.800855 0.607543 0.800880 0.691568 0.801023 0.277394 0.801226 0.056718 0.801330 0.251712 0.801370 0.228732 0.801613 0.102146 0.801763 0.062540 0.801861 0.728962 0.802149 0.369806 0.802150 0.372560 0.802150 0.053248 0.802345 0.969349 0.802695 0.972970 0.802782 0.224576 0.802917 0.397767 0.802984 0.516745 0.803119 0.658963 0.803196 0.044702 0.803232 0.577627 0.803488 0.456409 0.803607 0.372660 0.803697 0.653778 0.803948 0.409597 0.804006 0.974600 0.804015 0.977857 0.804065 0.001979 0.804106 0.622881 0.804244 0.701275 0.804256 0.274107 0.804581 0.712007 0.804660 0.960508 0.804730 0.618230 0.805021 0.372021 0.805161 0.107926 0.805367 0.208460 0.805439 0.506974 0.805611 0.532806 0.805611 0.459897 0.805647 0.310695 0.805807 0.564777 0.805897 0.936601 0.805913 0.048351 0.805968 0.364920 0.805969 0.644442 0.805994 0.951799 0.806132 0.689047 0.806174 0.340689 0.806296 0.346547 0.806296 0.346547 0.806296 0.349099 0.806296 0.353608 0.806296 0.353608 0.806296 0.354336 0.806296 0.355818 0.806296 0.360164 0.806296 0.360164 0.806296 0.364401 0.806296 0.366204 0.806296 0.367719 0.806296 0.898387 0.806346 0.530274 0.806977 0.550300 0.806977 0.574031 0.806977 0.587846 0.806977 0.600265 0.806977 0.600265 0.806977 0.689244 0.807095 0.660512 0.807104 0.672442 0.807104 0.679813 0.807104 0.978001 0.807141 0.975819 0.807515 0.339370 0.807620 0.586025 0.807648 0.343487 0.807676 0.204649 0.807817 0.355818 0.807943 0.369790 0.808009 0.673173 0.808093 0.251809 0.808111 0.107681 0.808138 0.358006 0.808148 0.362223 0.808215 0.260812 0.808243 0.414540 0.808263 0.973240 0.808325 0.841532 0.808414 0.510308 0.808474 0.077180 0.808508 0.358006 0.808517 0.596415 0.808750 0.274530 0.808794 0.343881 0.808973 0.510263 0.809025 0.847192 0.809065 0.885546 0.809147 0.364401 0.809193 0.691568 0.809219 0.598840 0.809252 0.362223 0.809831 0.898811 0.810009 0.380823 0.810151 0.351360 0.810440 0.364401 0.810492 0.349099 0.810515 0.351360 0.810719 0.267507 0.810929 0.355818 0.811063 0.360164 0.811093 0.346547 0.811188 0.369806 0.811207 0.360164 0.811214 0.346547 0.811257 0.353608 0.811271 0.367719 0.811276 0.340592 0.811296 0.343881 0.811296 0.366204 0.811297 0.353608 0.811301 0.349099 0.811303 0.320569 0.811337 0.327991 0.811337 0.361260 0.811337 0.372482 0.811337 0.060211 0.811582 0.007307 0.811704 0.027046 0.811781 0.973164 0.811827 0.961303 0.811877 0.604220 0.811981 0.023555 0.812051 0.982381 0.812085 0.911072 0.812192 0.002646 0.812284 0.274051 0.812536 0.324059 0.812830 0.087153 0.813004 0.105618 0.813004 0.573271 0.813464 0.366030 0.813494 0.321130 0.813856 0.073115 0.813888 0.932427 0.814039 0.897306 0.814049 0.644845 0.814178 0.617748 0.814343 0.638275 0.814391 0.885935 0.814619 0.600265 0.814891 0.226594 0.815319 0.911850 0.815404 0.665548 0.815481 0.273546 0.815598 0.273718 0.815642 0.276738 0.815643 0.042973 0.815694 0.699516 0.815736 0.600265 0.815824 0.957954 0.815921 0.622756 0.815970 0.542067 0.816029 0.603441 0.816038 0.097869 0.816155 0.276613 0.816157 0.247521 0.816338 0.973470 0.816497 0.624603 0.816505 0.609639 0.816593 0.623120 0.816593 0.828649 0.816692 0.251962 0.816864 0.320569 0.816872 0.975556 0.816897 0.301948 0.816981 0.208593 0.816987 0.984148 0.817025 0.932221 0.817115 0.785765 0.817226 0.693964 0.817255 0.257811 0.817473 0.455493 0.817791 0.623120 0.817801 0.632740 0.818033 0.213099 0.818078 0.841178 0.818107 0.108430 0.818208 0.951799 0.818692 0.795666 0.818816 0.967684 0.818844 0.986527 0.819060 0.981582 0.819319 0.447597 0.819326 0.573215 0.819562 0.598777 0.819668 0.156542 0.820266 0.273546 0.820372 0.658095 0.820479 0.416592 0.820661 0.283598 0.820737 0.304326 0.820983 0.969349 0.821042 0.411658 0.821128 0.308750 0.821313 0.422319 0.821404 0.669572 0.821708 0.296485 0.821845 0.973547 0.822023 0.206975 0.822119 0.690591 0.822263 0.005575 0.822406 0.304968 0.822410 0.318158 0.822412 0.479613 0.822496 0.256321 0.822639 0.033653 0.822744 0.260453 0.822984 0.300131 0.823011 0.277505 0.823134 0.981582 0.823441 0.057584 0.823521 0.974359 0.823522 0.286986 0.823797 0.680054 0.823886 0.273546 0.824394 0.222068 0.824467 0.259297 0.824886 0.059886 0.825065 0.240543 0.825072 0.624761 0.825269 0.617614 0.825476 0.158560 0.825557 0.799280 0.825628 0.823425 0.825740 0.202292 0.825793 0.311435 0.826156 0.806166 0.826182 0.051196 0.826204 0.975586 0.826288 0.085051 0.826684 0.445366 0.826812 0.277625 0.826927 0.276589 0.827109 0.913929 0.827109 0.368031 0.827225 0.422173 0.827232 0.248453 0.827433 0.256229 0.827433 0.155433 0.827498 0.273546 0.827592 0.047509 0.827996 0.112746 0.828153 0.262292 0.828241 0.974455 0.828328 0.256421 0.828439 0.632396 0.828673 0.623120 0.828689 0.624761 0.828689 0.974359 0.828765 0.218924 0.829242 0.165001 0.829273 0.196643 0.829273 0.974359 0.829287 0.976774 0.829287 0.981961 0.829287 0.962909 0.829437 0.967252 0.829437 0.967252 0.829437 0.202644 0.829551 0.206761 0.829844 0.056718 0.829893 0.056718 0.829893 0.453548 0.830026 0.506974 0.830223 0.616010 0.830314 0.257359 0.830323 0.630146 0.830330 0.900863 0.830429 0.138574 0.830464 0.150141 0.830464 0.060242 0.830599 0.737710 0.830736 0.471965 0.830743 0.480585 0.830743 0.510291 0.830743 0.543918 0.830829 0.980917 0.831289 0.142589 0.831432 0.265029 0.831513 0.598777 0.831595 0.420955 0.831773 0.405818 0.831782 0.415740 0.831782 0.694573 0.831882 0.694573 0.831882 0.005426 0.832137 0.434595 0.832141 0.921335 0.832248 0.969349 0.832484 0.985232 0.832850 0.165258 0.833021 0.248571 0.833247 0.632744 0.833310 0.617167 0.833326 0.382839 0.833639 0.904097 0.833712 0.623272 0.834278 0.797824 0.834476 0.264758 0.834606 0.964467 0.834847 0.969309 0.835234 0.309796 0.835343 0.058170 0.835548 0.184816 0.835577 0.613637 0.835656 0.134542 0.835717 0.758726 0.835792 0.765301 0.836142 0.632190 0.836176 0.893327 0.836177 0.904692 0.836507 0.608606 0.836844 0.422319 0.837196 0.967252 0.837582 0.930281 0.837737 0.937698 0.837737 0.938008 0.837737 0.947187 0.837737 0.824236 0.837771 0.034221 0.838015 0.624761 0.838075 0.624761 0.838075 0.181018 0.838160 0.692598 0.838184 0.598472 0.838208 0.123839 0.838233 0.060451 0.838412 0.934343 0.838492 0.269240 0.838515 0.277242 0.838518 0.944242 0.838638 0.694573 0.839420 0.945131 0.839799 0.124604 0.839858 0.107926 0.840042 0.961715 0.840048 0.727759 0.840167 0.816599 0.840419 0.974342 0.840711 0.974359 0.840711 0.790858 0.840843 0.831537 0.841146 0.366482 0.841243 0.118578 0.841451 0.823584 0.841645 0.049700 0.841658 0.373007 0.841668 0.834338 0.841860 0.797655 0.841861 0.951799 0.841904 0.963701 0.842128 0.542067 0.842348 0.113868 0.842395 0.629637 0.842398 0.789501 0.842424 0.801783 0.842481 0.033228 0.842534 0.982505 0.842664 0.926687 0.842741 0.430088 0.842912 0.454882 0.842912 0.454882 0.842912 0.627885 0.842946 0.219733 0.843083 0.248052 0.843091 0.109483 0.843706 0.456409 0.843784 0.521192 0.843790 0.704010 0.843890 0.714136 0.843890 0.047271 0.843948 0.435412 0.844029 0.421609 0.844136 0.921335 0.844280 0.202644 0.844485 0.826161 0.844502 0.699906 0.844577 0.673173 0.844578 0.805481 0.844599 0.795978 0.844682 0.981907 0.844947 0.831252 0.844997 0.820440 0.845060 0.945905 0.845145 0.945131 0.845189 0.968065 0.845272 0.456381 0.845356 0.050073 0.845372 0.220780 0.845552 0.385145 0.845635 0.831303 0.845843 0.109551 0.845854 0.623327 0.846291 0.615495 0.846471 0.203026 0.846576 0.809853 0.846818 0.508468 0.846832 0.450056 0.846892 0.826363 0.847166 0.980243 0.847170 0.321093 0.847175 0.983189 0.847298 0.268919 0.847397 0.951736 0.847485 0.934092 0.847519 0.623134 0.847694 0.624761 0.847694 0.986682 0.847845 0.981961 0.847877 0.924150 0.847915 0.910072 0.848013 0.205949 0.848032 0.508468 0.848061 0.510291 0.848061 0.741357 0.848269 0.257845 0.848548 0.691344 0.848617 0.510308 0.848730 0.108430 0.848797 0.883239 0.848801 0.841365 0.848916 0.747952 0.849010 0.203079 0.849100 0.741275 0.849372 0.984067 0.849453 0.755149 0.849558 0.375125 0.849764 0.625885 0.849945 0.539444 0.850182 0.046405 0.850229 0.628097 0.850308 0.847499 0.850750 0.848213 0.850750 0.885002 0.850750 0.921335 0.850868 0.934343 0.850868 0.130048 0.850889 0.446189 0.850980 0.256229 0.851000 0.454882 0.851074 0.454882 0.851074 0.934343 0.851336 0.809560 0.851359 0.919280 0.851375 0.259321 0.851386 0.753288 0.851824 0.508468 0.852027 0.770738 0.852042 0.736503 0.852181 0.981961 0.852202 0.624761 0.852298 0.947456 0.852303 0.755047 0.852349 0.903876 0.852377 0.751564 0.852394 0.780138 0.852405 0.749013 0.852564 0.366030 0.852817 0.523898 0.852853 0.746090 0.852971 0.761004 0.852971 0.623134 0.852997 0.967252 0.853015 0.785764 0.853078 0.945131 0.853347 0.979337 0.853467 0.164002 0.853689 0.206881 0.853731 0.775879 0.854012 0.456350 0.854047 0.780339 0.854084 0.954625 0.854272 0.615463 0.854404 0.974359 0.854448 0.974359 0.854562 0.003351 0.854627 0.540316 0.854639 0.510140 0.854709 0.056718 0.854857 0.057035 0.854857 0.060242 0.854857 0.785764 0.854916 0.767717 0.854936 0.637334 0.854942 0.983432 0.855088 0.894008 0.855190 0.909403 0.855190 0.927854 0.855190 0.971091 0.855190 0.975751 0.855190 0.514444 0.855381 0.444823 0.855479 0.624775 0.855547 0.524146 0.855585 0.623248 0.855631 0.624634 0.855631 0.277242 0.855672 0.757326 0.855675 0.749330 0.855714 0.840957 0.855804 0.056718 0.855844 0.694573 0.855886 0.694573 0.855887 0.753681 0.855995 0.915920 0.856333 0.270420 0.856450 0.604742 0.856457 0.808689 0.856477 0.007686 0.856545 0.776132 0.856667 0.366217 0.857031 0.780556 0.857064 0.770302 0.857226 0.030236 0.857416 0.741357 0.857561 0.760824 0.857561 0.783172 0.857561 0.620199 0.857708 0.263429 0.858004 0.454882 0.858084 0.454976 0.858084 0.513744 0.858229 0.727022 0.858322 0.316800 0.858705 0.275200 0.858778 0.785549 0.858924 0.841178 0.859063 0.857075 0.859876 0.881611 0.859893 0.943190 0.859912 0.622741 0.859936 0.270651 0.860102 0.623134 0.860184 0.032207 0.860421 0.456350 0.860514 0.681618 0.860590 0.669808 0.860685 0.985413 0.860694 0.971091 0.860720 0.081749 0.860933 0.874903 0.860961 0.747327 0.860965 0.783172 0.861255 0.573261 0.861280 0.250509 0.861645 0.505356 0.861829 0.563525 0.861947 0.691300 0.862044 0.624634 0.862170 0.223109 0.862617 0.980756 0.862644 0.883783 0.862734 0.490796 0.862804 0.508468 0.862853 0.510242 0.862853 0.057904 0.863109 0.503471 0.863142 0.441971 0.863158 0.066080 0.863173 0.621479 0.863219 0.608665 0.863575 0.098376 0.863673 0.926963 0.863933 0.041820 0.863971 0.059667 0.863971 0.005969 0.863972 0.042678 0.863972 0.853658 0.864106 0.937422 0.864235 0.595847 0.864381 0.623120 0.864497 0.696174 0.864647 0.785040 0.864767 0.754003 0.864954 0.855742 0.865050 0.454949 0.865052 0.454976 0.865052 0.759843 0.865479 0.269334 0.865961 0.618922 0.866450 0.865172 0.866726 0.852760 0.866736 0.880752 0.866782 0.849801 0.866912 0.985899 0.867190 0.213457 0.867579 0.927735 0.867611 0.678070 0.867684 0.375276 0.867755 0.624767 0.868165 0.621432 0.868481 0.197080 0.868556 0.208848 0.868795 0.240602 0.868795 0.257382 0.868795 0.260897 0.868795 0.062059 0.868838 0.456350 0.869281 0.693948 0.869575 0.957657 0.869588 0.623120 0.869850 0.838560 0.870060 0.101719 0.870106 0.619256 0.870218 0.691332 0.870232 0.457796 0.870531 0.776277 0.870587 0.850994 0.870735 0.882280 0.870995 0.504500 0.871432 0.454949 0.871862 0.456219 0.871862 0.251740 0.871872 0.566726 0.871970 0.589711 0.871970 0.616063 0.871970 0.620143 0.871970 0.623120 0.871970 0.624714 0.871970 0.785764 0.872347 0.962417 0.872387 0.880681 0.872827 0.623072 0.872872 0.435735 0.872875 0.762847 0.872894 0.968307 0.873038 0.627382 0.873346 0.582797 0.873484 0.541852 0.873544 0.320707 0.873814 0.524139 0.873898 0.954772 0.873934 0.783193 0.873996 0.785183 0.873997 0.454949 0.874235 0.980756 0.874604 0.508468 0.874744 0.375153 0.874839 0.617500 0.874944 0.317761 0.874991 0.503514 0.875471 0.624775 0.875996 0.854047 0.876043 0.977508 0.876338 0.513174 0.876458 0.253471 0.876580 0.762789 0.876588 0.968489 0.876609 0.694573 0.876637 0.694573 0.876637 0.510242 0.876689 0.510293 0.876689 0.264580 0.876751 0.681682 0.876780 0.944302 0.876800 0.542067 0.877048 0.880681 0.877094 0.883879 0.877196 0.651275 0.877236 0.508468 0.877335 0.422319 0.877492 0.858575 0.877992 0.952224 0.878076 0.247986 0.878142 0.061572 0.878436 0.673173 0.878463 0.859417 0.878503 0.730293 0.878633 0.623168 0.879031 0.456219 0.879345 0.456325 0.879345 0.637546 0.879501 0.639342 0.879501 0.688884 0.879501 0.503291 0.879548 0.624773 0.879575 0.376948 0.879596 0.235108 0.879733 0.155912 0.880085 0.437044 0.880283 0.502092 0.880612 0.066614 0.880861 0.080724 0.880861 0.101708 0.880861 0.104152 0.880861 0.372482 0.880908 0.202644 0.881082 0.627810 0.881110 0.650213 0.881203 0.322886 0.881699 0.971091 0.881883 0.971091 0.881883 0.985722 0.881883 0.985899 0.881883 0.246822 0.882012 0.881731 0.882118 0.421609 0.882199 0.313821 0.882277 0.619825 0.882310 0.311542 0.882312 0.265114 0.882547 0.454949 0.882607 0.934555 0.882723 0.623072 0.882878 0.950361 0.882963 0.302339 0.883145 0.612739 0.883146 0.310335 0.883204 0.785549 0.883260 0.624773 0.883283 0.624773 0.883283 0.307165 0.883419 0.366030 0.883592 0.296105 0.883887 0.277068 0.883962 0.388951 0.883993 0.299342 0.884189 0.254996 0.884235 0.855520 0.884306 0.710325 0.884345 0.783193 0.884735 0.627346 0.884774 0.357341 0.884784 0.361267 0.884784 0.364552 0.884784 0.371054 0.884784 0.684166 0.884784 0.198000 0.884788 0.129685 0.884834 0.623072 0.884925 0.498758 0.885024 0.163761 0.885097 0.060451 0.885399 0.049668 0.885775 0.765692 0.885799 0.456325 0.885929 0.108430 0.885993 0.202292 0.886033 0.553155 0.886323 0.963342 0.886390 0.586132 0.886418 0.735698 0.886534 0.885546 0.886678 0.862025 0.886789 0.456409 0.886987 0.439887 0.887275 0.727099 0.887546 0.372713 0.887569 0.502016 0.887617 0.857367 0.887640 0.363079 0.887952 0.860271 0.888170 0.862887 0.888410 0.320569 0.888524 0.374725 0.888614 0.510293 0.888665 0.244297 0.888729 0.363767 0.889096 0.161338 0.889206 0.261832 0.889410 0.668613 0.889970 0.267359 0.889976 0.884183 0.889980 0.692311 0.890118 0.864862 0.890124 0.454915 0.890184 0.311907 0.890216 0.305510 0.890281 0.910345 0.890419 0.784461 0.890496 0.785001 0.890496 0.655250 0.890636 0.102297 0.890741 0.110002 0.890749 0.134954 0.890749 0.160553 0.890749 0.854459 0.890761 0.946783 0.890847 0.981541 0.890923 0.766268 0.891078 0.120099 0.891080 0.954772 0.891150 0.536796 0.891346 0.248575 0.891359 0.157884 0.891443 0.114016 0.891902 0.692482 0.891908 0.620957 0.891918 0.674452 0.891988 0.527415 0.892147 0.741275 0.892389 0.456409 0.892505 0.294035 0.892540 0.316289 0.892540 0.317927 0.892540 0.456409 0.892661 0.460701 0.892661 0.462844 0.892661 0.486638 0.892661 0.495959 0.892661 0.136778 0.892847 0.968066 0.892942 0.126712 0.893397 0.142556 0.893444 0.521261 0.893494 0.528660 0.893494 0.365518 0.893498 0.007072 0.893542 0.715875 0.893577 0.984130 0.893594 0.442171 0.893808 0.925485 0.893971 0.005062 0.894178 0.041532 0.894216 0.721810 0.894429 0.624775 0.894545 0.623097 0.894589 0.624773 0.894589 0.456409 0.894599 0.692395 0.894692 0.694573 0.894692 0.113107 0.894837 0.277614 0.894907 0.509145 0.895161 0.881269 0.895450 0.694573 0.895458 0.320569 0.895499 0.585992 0.895566 0.372681 0.895725 0.137343 0.895773 0.962688 0.895787 0.383632 0.895860 0.383732 0.895860 0.409992 0.895860 0.422165 0.895860 0.313953 0.896208 0.313366 0.896346 0.457753 0.896555 0.964787 0.896593 0.808482 0.896642 0.879425 0.896659 0.707567 0.896749 0.370604 0.897020 0.785703 0.897217 0.885002 0.897239 0.971091 0.897267 0.401208 0.897401 0.788550 0.897552 0.962343 0.897558 0.783193 0.897561 0.187849 0.897930 0.681978 0.897960 0.383737 0.898117 0.794554 0.898151 0.818898 0.898151 0.819772 0.898151 0.832142 0.898151 0.291523 0.898193 0.785765 0.898283 0.149179 0.898625 0.791541 0.898663 0.983789 0.898728 0.765657 0.898955 0.849624 0.899008 0.731054 0.899106 0.381791 0.899107 0.023901 0.899140 0.624773 0.899173 0.962779 0.899533 0.442211 0.899667 0.670429 0.900019 0.615750 0.900346 0.980917 0.900562 0.486230 0.900707 0.702625 0.900778 0.621225 0.900855 0.367177 0.900931 0.486638 0.901253 0.465945 0.901487 0.927735 0.901487 0.765211 0.901978 0.531401 0.902051 0.816452 0.902056 0.315440 0.902076 0.189782 0.902241 0.792486 0.902407 0.694573 0.902418 0.108537 0.902469 0.883811 0.902560 0.783172 0.902685 0.372681 0.902702 0.372681 0.902702 0.551308 0.902839 0.623097 0.903112 0.624765 0.903112 0.677531 0.903170 0.980917 0.903191 0.981697 0.903312 0.248575 0.903395 0.818898 0.903401 0.282787 0.903568 0.253708 0.903761 0.260885 0.903858 0.157880 0.903943 0.818898 0.904229 0.153420 0.904402 0.445299 0.904417 0.141834 0.904446 0.405156 0.904467 0.160303 0.904821 0.370707 0.904951 0.505654 0.904970 0.927735 0.905422 0.764641 0.905564 0.785429 0.905838 0.785703 0.905838 0.843037 0.905889 0.826590 0.906361 0.421963 0.906380 0.798221 0.906622 0.435636 0.906848 0.741275 0.906859 0.700352 0.906860 0.718886 0.906860 0.970156 0.907006 0.313953 0.907367 0.167378 0.907368 0.677535 0.907423 0.538494 0.907464 0.245553 0.907585 0.623097 0.907652 0.060613 0.907659 0.720758 0.907796 0.971091 0.907933 0.491198 0.907958 0.985722 0.908004 0.066794 0.908095 0.883489 0.908354 0.372681 0.908398 0.316897 0.908410 0.448361 0.908497 0.507043 0.908524 0.420229 0.908562 0.624765 0.908659 0.847689 0.908674 0.255262 0.908865 0.370417 0.908921 0.241546 0.908930 0.842137 0.909136 0.420240 0.909255 0.422165 0.909255 0.692395 0.909258 0.694573 0.909259 0.429707 0.909450 0.269588 0.909539 0.098493 0.909669 0.840957 0.909847 0.412446 0.910065 0.368083 0.910076 0.000000 0.910177 0.927735 0.910573 0.940249 0.910573 0.955830 0.910573 0.974047 0.910573 0.980579 0.910573 0.984332 0.910574 0.165001 0.910847 0.108425 0.910974 0.700223 0.911267 0.845610 0.911435 0.569329 0.911529 0.589666 0.911664 0.448962 0.911688 0.372713 0.911798 0.049668 0.911815 0.318970 0.911903 0.988303 0.912039 0.980589 0.912284 0.934808 0.912352 0.169836 0.912512 0.188482 0.912512 0.202030 0.912512 0.544253 0.912645 0.963439 0.912668 0.978886 0.912691 0.358727 0.912884 0.175126 0.912890 0.694854 0.912998 0.692382 0.913388 0.816452 0.913428 0.817462 0.913428 0.802079 0.913751 0.818797 0.914036 0.811731 0.914583 0.320410 0.914852 0.933032 0.914858 0.458572 0.914989 0.783193 0.915000 0.675142 0.915026 0.772146 0.915210 0.370976 0.915219 0.372702 0.915219 0.422165 0.915337 0.326001 0.915362 0.496158 0.915418 0.454882 0.915499 0.705784 0.915534 0.830048 0.915570 0.846914 0.915578 0.318270 0.915690 0.852666 0.915808 0.551133 0.915857 0.978886 0.915908 0.959381 0.916073 0.245328 0.916419 0.051641 0.916420 0.053658 0.916420 0.059667 0.916420 0.406488 0.916471 0.922447 0.916745 0.049668 0.916816 0.971251 0.916967 0.843869 0.917465 0.368456 0.917581 0.258318 0.917876 0.880681 0.917888 0.881835 0.917888 0.883672 0.917888 0.542067 0.918249 0.251505 0.918370 0.386176 0.918381 0.701963 0.918487 0.051641 0.918545 0.108411 0.918612 0.049916 0.918692 0.202644 0.918795 0.232087 0.918850 0.370604 0.918967 0.694573 0.919197 0.885546 0.919356 0.017529 0.919615 0.885451 0.919697 0.676202 0.919773 0.785490 0.919913 0.785429 0.919914 0.467157 0.920017 0.200260 0.920120 0.026037 0.920376 0.566919 0.920622 0.053658 0.920707 0.984332 0.920726 0.042605 0.920772 0.841178 0.920885 0.051641 0.920942 0.420240 0.921046 0.420366 0.921046 0.014285 0.921057 0.018692 0.921057 0.020923 0.921057 0.058460 0.921057 0.045375 0.921080 0.104152 0.921115 0.104152 0.921116 0.000000 0.921169 0.486109 0.921600 0.883672 0.921839 0.616168 0.921858 0.905218 0.922179 0.907526 0.922179 0.925312 0.922179 0.926275 0.922179 0.953028 0.922257 0.037787 0.922292 0.370707 0.922462 0.621746 0.922577 0.658356 0.923013 0.880681 0.923127 0.277625 0.923219 0.675025 0.923487 0.692410 0.923496 0.694573 0.923496 0.905218 0.923577 0.676949 0.923595 0.045375 0.923665 0.441952 0.923822 0.446319 0.923822 0.454099 0.923822 0.553420 0.924118 0.883611 0.924338 0.883672 0.924428 0.586132 0.924436 0.463754 0.924439 0.720601 0.924468 0.861532 0.924555 0.694257 0.924687 0.367510 0.924780 0.844350 0.924832 0.845050 0.924832 0.858354 0.924832 0.884746 0.924832 0.783193 0.924926 0.008690 0.925158 0.319164 0.925228 0.020923 0.925295 0.457972 0.925547 0.872289 0.925821 0.858354 0.925832 0.741357 0.925898 0.745485 0.925898 0.765983 0.925898 0.783172 0.925898 0.670429 0.925961 0.879509 0.926080 0.816452 0.926135 0.818638 0.926135 0.980181 0.926165 0.670600 0.926302 0.454321 0.926335 0.370707 0.926369 0.372702 0.926369 0.542067 0.926603 0.549221 0.927009 0.816314 0.927151 0.574217 0.927167 0.984332 0.927281 0.984332 0.927281 0.160373 0.927294 0.059297 0.927370 0.405156 0.927423 0.158065 0.927427 0.806199 0.927690 0.927595 0.927749 0.945351 0.927975 0.426750 0.928068 0.925313 0.928265 0.624775 0.928327 0.277614 0.928591 0.446319 0.928631 0.414445 0.928634 0.602513 0.928667 0.694573 0.928715 0.207616 0.928729 0.237706 0.928729 0.238417 0.928729 0.242263 0.928729 0.949631 0.928754 0.466724 0.928767 0.873589 0.928965 0.483721 0.929034 0.244770 0.929324 0.816452 0.929551 0.692470 0.929738 0.711760 0.929790 0.460778 0.929954 0.422165 0.929970 0.741357 0.930035 0.852068 0.930108 0.707507 0.930162 0.760248 0.930229 0.172438 0.930604 0.618978 0.930657 0.164141 0.930676 0.830077 0.930760 0.411907 0.930902 0.311913 0.931069 0.154039 0.931118 0.683838 0.931263 0.366083 0.931459 0.697423 0.931853 0.616501 0.931854 0.969701 0.932291 0.317134 0.932429 0.590173 0.932429 0.616023 0.932429 0.622113 0.932429 0.623072 0.932429 0.185918 0.932554 0.647112 0.932589 0.889482 0.932594 0.784766 0.932632 0.785490 0.932632 0.650208 0.932639 0.849183 0.932751 0.851797 0.932868 0.175251 0.932939 0.945531 0.932983 0.770610 0.932993 0.420366 0.933054 0.422308 0.933054 0.233696 0.933055 0.313953 0.933099 0.170709 0.933150 0.656514 0.933199 0.181001 0.933202 0.319213 0.933243 0.984254 0.933288 0.416871 0.933450 0.880440 0.933642 0.485071 0.933692 0.542067 0.933752 0.566337 0.933752 0.579745 0.933752 0.583956 0.933752 0.507043 0.933783 0.638717 0.933909 0.372502 0.933914 0.442465 0.934083 0.925312 0.934127 0.927595 0.934127 0.188482 0.934161 0.248575 0.934324 0.586132 0.934333 0.461273 0.934334 0.641562 0.934548 0.699845 0.934858 0.220053 0.934876 0.420229 0.934902 0.496131 0.934926 0.385322 0.934960 0.634817 0.935293 0.586132 0.935329 0.707318 0.935467 0.011876 0.935681 0.108430 0.935682 0.164141 0.935856 0.447412 0.935991 0.692410 0.935993 0.692410 0.935993 0.590158 0.936116 0.806613 0.936189 0.153420 0.936190 0.164950 0.936190 0.108383 0.936270 0.279622 0.936298 0.153420 0.936347 0.187728 0.936550 0.629184 0.936552 0.659993 0.936669 0.632570 0.936670 0.659993 0.936670 0.663611 0.936670 0.485319 0.936761 0.172523 0.936857 0.060451 0.936887 0.420366 0.937168 0.366820 0.937178 0.381763 0.937205 0.364643 0.937266 0.783193 0.937421 0.664666 0.937455 0.545098 0.937586 0.248575 0.937599 0.265070 0.937599 0.273604 0.937599 0.104152 0.937747 0.142878 0.937911 0.370707 0.937951 0.372412 0.937951 0.893353 0.938045 0.924161 0.938081 0.312935 0.938094 0.691499 0.938096 0.818638 0.938142 0.818807 0.938142 0.829316 0.938162 0.785683 0.938184 0.944211 0.938187 0.577942 0.938197 0.599228 0.938227 0.602770 0.938287 0.195721 0.938308 0.047509 0.938331 0.898927 0.938338 0.066022 0.938383 0.761406 0.938393 0.585835 0.938558 0.060451 0.938562 0.092586 0.938562 0.097250 0.938562 0.104152 0.938562 0.105768 0.938562 0.372713 0.938626 0.969701 0.938860 0.816452 0.938883 0.953028 0.939012 0.624651 0.939116 0.467812 0.939285 0.057185 0.939555 0.980559 0.939560 0.905218 0.939605 0.745292 0.939722 0.560758 0.939888 0.766005 0.940075 0.774056 0.940135 0.276741 0.940207 0.978886 0.940304 0.695784 0.940603 0.987775 0.940711 0.316092 0.940776 0.511003 0.940785 0.479312 0.940905 0.798450 0.940917 0.318143 0.940954 0.078615 0.940989 0.978886 0.940999 0.197628 0.941377 0.283587 0.941390 0.305948 0.941589 0.363767 0.941612 0.583441 0.941612 0.047262 0.941701 0.007568 0.941725 0.422319 0.941772 0.074446 0.941799 0.623228 0.941943 0.804596 0.942239 0.363767 0.942254 0.583185 0.942257 0.596801 0.942257 0.689252 0.942500 0.606928 0.942546 0.711335 0.942616 0.941542 0.942697 0.320569 0.942878 0.327134 0.942988 0.339997 0.942988 0.359794 0.942988 0.363767 0.942988 0.592903 0.943003 0.887167 0.943066 0.504168 0.943103 0.562786 0.943194 0.984332 0.943202 0.783193 0.943364 0.785560 0.943364 0.438386 0.943408 0.230776 0.943419 0.233721 0.943568 0.823181 0.943604 0.422085 0.943620 0.422308 0.943620 0.408121 0.943693 0.831357 0.943699 0.135162 0.943877 0.489364 0.943948 0.118966 0.944109 0.705097 0.944307 0.352318 0.944366 0.761552 0.944640 0.664962 0.944642 0.518039 0.944702 0.518039 0.944702 0.530917 0.944702 0.534261 0.944702 0.129496 0.944717 0.059171 0.944787 0.898826 0.944844 0.783193 0.944849 0.455512 0.944870 0.346613 0.944891 0.974263 0.944922 0.979131 0.944922 0.979588 0.944922 0.984380 0.944922 0.274101 0.944934 0.791240 0.944974 0.584279 0.945007 0.927406 0.945091 0.338423 0.945101 0.670405 0.945135 0.604785 0.945221 0.372713 0.945278 0.390147 0.945278 0.390954 0.945278 0.402914 0.945278 0.261987 0.945534 0.925312 0.945546 0.925312 0.945546 0.876617 0.945563 0.380418 0.945620 0.651873 0.945684 0.586132 0.945734 0.983772 0.945738 0.938215 0.945794 0.746930 0.945868 0.370707 0.945894 0.346613 0.945965 0.074446 0.945983 0.108430 0.946038 0.113505 0.946038 0.138433 0.946038 0.140353 0.946038 0.148992 0.946038 0.668633 0.946043 0.264652 0.946065 0.218398 0.946078 0.752980 0.946183 0.000000 0.946213 0.448084 0.946267 0.821617 0.946273 0.094228 0.946291 0.124746 0.946461 0.927724 0.946514 0.810885 0.946641 0.792136 0.946815 0.404942 0.946831 0.004638 0.946867 0.880122 0.946920 0.818807 0.946931 0.361029 0.946979 0.876617 0.946989 0.694523 0.947182 0.692410 0.947220 0.639701 0.947237 0.827484 0.947305 0.837270 0.947394 0.670429 0.947477 0.683585 0.947477 0.692311 0.947477 0.640602 0.947488 0.891039 0.947495 0.621159 0.947522 0.761552 0.947576 0.420366 0.947638 0.486638 0.947684 0.108394 0.947697 0.858354 0.947739 0.885546 0.947808 0.313953 0.948028 0.315645 0.948071 0.026902 0.948119 0.832056 0.948205 0.675466 0.948215 0.343400 0.948311 0.900727 0.948487 0.818898 0.948610 0.585835 0.948827 0.586132 0.948827 0.046103 0.948838 0.303497 0.948872 0.059033 0.948875 0.545516 0.949015 0.457386 0.949075 0.339733 0.949214 0.136624 0.949269 0.548229 0.949461 0.372412 0.949519 0.785765 0.949628 0.785765 0.949717 0.798443 0.949717 0.800584 0.949717 0.803108 0.949717 0.816314 0.949717 0.818304 0.949717 0.253329 0.949792 0.277625 0.949793 0.283525 0.949793 0.291945 0.949793 0.300684 0.949793 0.318130 0.949793 0.841178 0.949805 0.388974 0.949846 0.401097 0.949889 0.665987 0.949900 0.171161 0.949922 0.761710 0.950217 0.288539 0.950423 0.238417 0.950532 0.800584 0.950573 0.138433 0.950650 0.145044 0.950768 0.125438 0.950786 0.979885 0.950823 0.900796 0.951044 0.388974 0.951136 0.816314 0.951190 0.561124 0.951263 0.359981 0.951389 0.606788 0.951458 0.969701 0.951474 0.045375 0.951505 0.306858 0.951512 0.105768 0.951613 0.177708 0.951656 0.153420 0.951667 0.233828 0.951949 0.320071 0.951962 0.294630 0.952078 0.785560 0.952088 0.785560 0.952088 0.267220 0.952132 0.593395 0.952137 0.005467 0.952232 0.305549 0.952349 0.640602 0.952350 0.790463 0.952444 0.803192 0.952483 0.188482 0.952506 0.694573 0.952560 0.596673 0.952720 0.848851 0.952810 0.058161 0.952978 0.933758 0.953007 0.165001 0.953092 0.676841 0.953172 0.979131 0.953311 0.365234 0.953317 0.372706 0.953317 0.846479 0.953324 0.456063 0.953345 0.140662 0.953467 0.984380 0.953514 0.623942 0.953674 0.624651 0.953674 0.925312 0.953806 0.927724 0.953806 0.105768 0.953903 0.108427 0.953903 0.811459 0.953920 0.373533 0.953944 0.464252 0.953995 0.937959 0.954051 0.542067 0.954082 0.721130 0.954163 0.402914 0.954166 0.402914 0.954166 0.977633 0.954294 0.783207 0.954306 0.693052 0.954316 0.583248 0.954357 0.818888 0.954436 0.446319 0.954544 0.665261 0.954576 0.380879 0.954665 0.582683 0.954769 0.221635 0.954807 0.422085 0.954961 0.486638 0.955161 0.494980 0.955161 0.500115 0.955161 0.505706 0.955161 0.621158 0.955201 0.140353 0.955236 0.140380 0.955236 0.669126 0.955449 0.272639 0.955514 0.422314 0.955584 0.683781 0.955706 0.535159 0.955805 0.903904 0.955991 0.138433 0.956139 0.045375 0.956159 0.456409 0.956214 0.468139 0.956214 0.477894 0.956214 0.480120 0.956214 0.047907 0.956251 0.621158 0.956271 0.765983 0.956499 0.970080 0.956521 0.476159 0.956588 0.821488 0.956635 0.825833 0.956635 0.840957 0.956635 0.501285 0.956775 0.826239 0.956792 0.344487 0.956799 0.358895 0.956831 0.604785 0.956833 0.105768 0.956853 0.360687 0.956864 0.546118 0.956900 0.599268 0.956938 0.447213 0.956950 0.705002 0.957109 0.045375 0.957120 0.055118 0.957120 0.056552 0.957120 0.818918 0.957124 0.227375 0.957170 0.238417 0.957170 0.238216 0.957171 0.816314 0.957183 0.816314 0.957183 0.611572 0.957206 0.842355 0.957209 0.927926 0.957256 0.020923 0.957406 0.031856 0.957406 0.041519 0.957406 0.045185 0.957406 0.320569 0.957438 0.800584 0.957465 0.800704 0.957466 0.987741 0.957654 0.480008 0.957719 0.171146 0.957853 0.172549 0.957853 0.176341 0.957853 0.185029 0.957853 0.429160 0.957873 0.430938 0.957873 0.442172 0.957873 0.442978 0.957873 0.902368 0.957952 0.810912 0.958102 0.269060 0.958116 0.935638 0.958243 0.783172 0.958280 0.562786 0.958312 0.563581 0.958315 0.564132 0.958315 0.574503 0.958315 0.574690 0.958315 0.577646 0.958315 0.608435 0.958385 0.905218 0.958398 0.264652 0.958429 0.074446 0.958474 0.601869 0.958591 0.883271 0.958606 0.702431 0.958633 0.703681 0.958633 0.710027 0.958633 0.711287 0.958633 0.717510 0.958633 0.720752 0.958633 0.505892 0.958693 0.675390 0.958712 0.484958 0.958725 0.925417 0.958763 0.039852 0.958924 0.420229 0.958944 0.979956 0.959034 0.395266 0.959038 0.812013 0.959085 0.295174 0.959344 0.741357 0.959355 0.741357 0.959355 0.751451 0.959355 0.764490 0.959355 0.692653 0.959392 0.850090 0.959569 0.590497 0.959750 0.186986 0.959769 0.803192 0.959772 0.052379 0.959778 0.586132 0.959829 0.551310 0.959849 0.558123 0.959849 0.558596 0.959849 0.562630 0.959849 0.818585 0.959868 0.874814 0.959895 0.454802 0.959920 0.721136 0.959934 0.060396 0.959946 0.810096 0.960055 0.927735 0.960120 0.927735 0.960120 0.941473 0.960120 0.945925 0.960120 0.953028 0.960120 0.185029 0.960190 0.783482 0.960251 0.785560 0.960251 0.405139 0.960301 0.624775 0.960318 0.823214 0.960351 0.310657 0.960424 0.623942 0.960505 0.360218 0.960651 0.662767 0.960714 0.735986 0.960760 0.735986 0.960760 0.741275 0.960760 0.720757 0.960761 0.728541 0.960761 0.110941 0.960940 0.191950 0.960987 0.197658 0.960987 0.202030 0.960987 0.351770 0.960999 0.031856 0.961031 0.238491 0.961081 0.197960 0.961119 0.571539 0.961166 0.586005 0.961219 0.586132 0.961219 0.153420 0.961388 0.647052 0.961444 0.647052 0.961444 0.656337 0.961444 0.659993 0.961444 0.092585 0.961626 0.360335 0.961693 0.830007 0.961716 0.927617 0.961766 0.927724 0.961766 0.074446 0.961900 0.076196 0.961900 0.079620 0.961900 0.093206 0.961900 0.980766 0.961915 0.402914 0.961998 0.752791 0.962074 0.405156 0.962091 0.422314 0.962091 0.864215 0.962091 0.867055 0.962091 0.873126 0.962091 0.414968 0.962092 0.414968 0.962092 0.288539 0.962199 0.329237 0.962203 0.924462 0.962207 0.709384 0.962225 0.402914 0.962257 0.402914 0.962257 0.446124 0.962271 0.766005 0.962303 0.775017 0.962303 0.775831 0.962303 0.777017 0.962303 0.657854 0.962319 0.538828 0.962354 0.174353 0.962467 0.586132 0.962512 0.592786 0.962512 0.597266 0.962512 0.604785 0.962596 0.189452 0.962628 0.335301 0.962744 0.905606 0.962762 0.912990 0.962762 0.912990 0.962762 0.918618 0.962762 0.919713 0.962762 0.571539 0.962838 0.180120 0.962843 0.634548 0.963055 0.405020 0.963071 0.582386 0.963128 0.897179 0.963145 0.611379 0.963273 0.415133 0.963291 0.776730 0.963291 0.984380 0.963318 0.984380 0.963318 0.943481 0.963357 0.446319 0.963363 0.446319 0.963364 0.200390 0.963378 0.637838 0.963383 0.785561 0.963404 0.199929 0.963414 0.467382 0.963465 0.945925 0.963518 0.558596 0.963568 0.430938 0.963594 0.346613 0.963646 0.274239 0.963678 0.611686 0.963707 0.613877 0.963707 0.618821 0.963707 0.624401 0.963707 0.891241 0.963733 0.894351 0.963733 0.901815 0.963733 0.904688 0.963733 0.278338 0.963776 0.171591 0.963844 0.140380 0.963977 0.140448 0.963977 0.895101 0.963992 0.757109 0.964009 0.422319 0.964044 0.202030 0.964094 0.810677 0.964196 0.551310 0.964217 0.227375 0.964249 0.867055 0.964333 0.852046 0.964338 0.194798 0.964351 0.095456 0.964360 0.149541 0.964427 0.800704 0.964553 0.803004 0.964553 0.056552 0.964589 0.143494 0.964678 0.830698 0.964683 0.505717 0.964691 0.596210 0.964778 0.084640 0.964885 0.583248 0.964949 0.816314 0.964957 0.818677 0.964957 0.710144 0.965070 0.300684 0.965114 0.138433 0.965165 0.573699 0.965329 0.902461 0.965385 0.108059 0.965422 0.108427 0.965422 0.133864 0.965425 0.138433 0.965448 0.187112 0.965666 0.185029 0.965725 0.185029 0.965725 0.186846 0.965725 0.575640 0.965813 0.977612 0.965835 0.775017 0.965861 0.165001 0.965867 0.247490 0.965895 0.928624 0.965971 0.953028 0.965989 0.959284 0.965989 0.962526 0.965989 0.969701 0.965989 0.530917 0.966017 0.244272 0.966035 0.380543 0.966046 0.420647 0.966081 0.742284 0.966116 0.677034 0.966152 0.702160 0.966278 0.174353 0.966279 0.925211 0.966284 0.300684 0.966302 0.880481 0.966308 0.876617 0.966341 0.884746 0.966341 0.884756 0.966341 0.349671 0.966589 0.338423 0.966719 0.269782 0.966770 0.094228 0.966778 0.818898 0.966784 0.659993 0.966850 0.807123 0.966873 0.124460 0.966893 0.242117 0.966897 0.244097 0.966897 0.248575 0.966897 0.979469 0.966932 0.450346 0.966940 0.076181 0.967088 0.749723 0.967156 0.943481 0.967183 0.945925 0.967183 0.248575 0.967272 0.253807 0.967272 0.256719 0.967272 0.259530 0.967272 0.253807 0.967290 0.925417 0.967297 0.816314 0.967324 0.305575 0.967335 0.140622 0.967350 0.310687 0.967372 0.202644 0.967429 0.202644 0.967429 0.215151 0.967429 0.218398 0.967429 0.218728 0.967429 0.196998 0.967484 0.541949 0.967498 0.899160 0.967573 0.896786 0.967583 0.194906 0.967608 0.206292 0.967615 0.953647 0.967704 0.297493 0.967766 0.472080 0.967818 0.076636 0.967860 0.640602 0.967874 0.507043 0.967992 0.630760 0.968030 0.630760 0.968030 0.634096 0.968030 0.636215 0.968030 0.542067 0.968100 0.749723 0.968101 0.875145 0.968158 0.272662 0.968181 0.854294 0.968188 0.456791 0.968211 0.583185 0.968212 0.244097 0.968213 0.747042 0.968335 0.454778 0.968368 0.858354 0.968422 0.467382 0.968435 0.783482 0.968449 0.785560 0.968449 0.444404 0.968484 0.372713 0.968498 0.382934 0.968498 0.372713 0.968499 0.382934 0.968499 0.074446 0.968546 0.378879 0.968586 0.215151 0.968592 0.894351 0.968596 0.694573 0.968619 0.346613 0.968657 0.351664 0.968657 0.355927 0.968657 0.363161 0.968657 0.818835 0.968719 0.388974 0.968726 0.218761 0.968772 0.320569 0.968817 0.332279 0.968817 0.332290 0.968817 0.335007 0.968817 0.560497 0.968861 0.354036 0.968862 0.328287 0.968893 0.775017 0.968927 0.775017 0.968927 0.200199 0.968935 0.963610 0.968943 0.891839 0.968979 0.702431 0.969049 0.359183 0.969122 0.275669 0.969212 0.108430 0.969240 0.113057 0.969240 0.113057 0.969240 0.119349 0.969240 0.656121 0.969340 0.617588 0.969378 0.800704 0.969425 0.486638 0.969474 0.927617 0.969495 0.927617 0.969495 0.845925 0.969662 0.848037 0.969662 0.851093 0.969662 0.854835 0.969662 0.858354 0.969662 0.537807 0.969692 0.405156 0.969710 0.355262 0.969751 0.545493 0.969787 0.635431 0.969803 0.737966 0.969888 0.902826 0.969949 0.684739 0.969969 0.748238 0.969993 0.640594 0.970005 0.480008 0.970009 0.094228 0.970041 0.260191 0.970050 0.959285 0.970112 0.333122 0.970142 0.858354 0.970148 0.611686 0.970226 0.402914 0.970241 0.402914 0.970241 0.358158 0.970320 0.555402 0.970397 0.943712 0.970474 0.476795 0.970495 0.943404 0.970516 0.945750 0.970534 0.138433 0.970541 0.140448 0.970541 0.105768 0.970571 0.288539 0.970572 0.382420 0.970597 0.718083 0.970619 0.312144 0.970626 0.971803 0.970632 0.900796 0.970696 0.378007 0.970701 0.500115 0.970713 0.144591 0.970801 0.282833 0.970888 0.783172 0.970962 0.140482 0.971011 0.203147 0.971035 0.710144 0.971043 0.671416 0.971061 0.966854 0.971071 0.905218 0.971096 0.926246 0.971125 0.816314 0.971133 0.816456 0.971133 0.718457 0.971142 0.720752 0.971142 0.904608 0.971156 0.904688 0.971156 0.264527 0.971166 0.557947 0.971199 0.004563 0.971218 0.009862 0.971218 0.013259 0.971218 0.020923 0.971218 0.242091 0.971273 0.306236 0.971280 0.931829 0.971469 0.187033 0.971499 0.307662 0.971525 0.902461 0.971562 0.800917 0.971710 0.803004 0.971710 0.589930 0.971758 0.683585 0.971796 0.090922 0.971806 0.124460 0.971854 0.124460 0.971854 0.129072 0.971854 0.138433 0.971854 0.084640 0.971858 0.185857 0.971880 0.803230 0.971923 0.332004 0.971928 0.194798 0.971998 0.389801 0.972093 0.391261 0.972093 0.393877 0.972093 0.396777 0.972093 0.402914 0.972093 0.108430 0.972121 0.720752 0.972146 0.387649 0.972155 0.105834 0.972212 0.108059 0.972212 0.108059 0.972212 0.656438 0.972218 0.124460 0.972272 0.800452 0.972290 0.867055 0.972292 0.691540 0.972315 0.405067 0.972331 0.741088 0.972341 0.060451 0.972343 0.060451 0.972343 0.064503 0.972343 0.072271 0.972343 0.076126 0.972343 0.362201 0.972410 0.185029 0.972434 0.562786 0.972447 0.783240 0.972487 0.795586 0.972491 0.317661 0.972494 0.818835 0.972496 0.310687 0.972561 0.238491 0.972694 0.387685 0.972700 0.896577 0.972707 0.277625 0.972844 0.288539 0.972860 0.296740 0.972860 0.296772 0.972860 0.296882 0.972860 0.674393 0.972892 0.898999 0.972943 0.767421 0.972984 0.248575 0.972985 0.262451 0.973025 0.309048 0.973038 0.934889 0.973053 0.736403 0.973082 0.776781 0.973124 0.981924 0.973176 0.984380 0.973176 0.840957 0.973178 0.271810 0.973184 0.789133 0.973188 0.789133 0.973188 0.792733 0.973188 0.793284 0.973188 0.795763 0.973188 0.797533 0.973188 0.209941 0.973235 0.663362 0.973291 0.663937 0.973291 0.666522 0.973291 0.666522 0.973291 0.454403 0.973326 0.670429 0.973326 0.143534 0.973396 0.146597 0.973396 0.148712 0.973396 0.150003 0.973396 0.153420 0.973396 0.153420 0.973396 0.624775 0.973399 0.306925 0.973440 0.640602 0.973448 0.338423 0.973568 0.149682 0.973620 0.571539 0.973643 0.574503 0.973643 0.586005 0.973643 0.586099 0.973643 0.482515 0.973655 0.296740 0.973676 0.943481 0.973769 0.774421 0.973783 0.757109 0.973866 0.506293 0.973909 0.892197 0.973946 0.966371 0.973947 0.105768 0.973959 0.670429 0.974023 0.673411 0.974023 0.680185 0.974023 0.682183 0.974023 0.248412 0.974116 0.327211 0.974125 0.304702 0.974131 0.363767 0.974145 0.710144 0.974208 0.357565 0.974240 0.518039 0.974313 0.759640 0.974374 0.741357 0.974399 0.126206 0.974407 0.867055 0.974407 0.644004 0.974474 0.414968 0.974514 0.861573 0.974527 0.276741 0.974533 0.543074 0.974591 0.332497 0.974596 0.210139 0.974598 0.369403 0.974608 0.583248 0.974671 0.041098 0.974707 0.031856 0.974734 0.964109 0.974775 0.925438 0.974862 0.785560 0.974868 0.357565 0.974870 0.274982 0.974872 0.492290 0.974877 0.292959 0.974968 0.785765 0.974977 0.164950 0.975015 0.709940 0.975037 0.097920 0.975073 0.323206 0.975076 0.438979 0.975080 0.571539 0.975088 0.586132 0.975199 0.775017 0.975204 0.140469 0.975216 0.845925 0.975274 0.414968 0.975280 0.438979 0.975316 0.979131 0.975322 0.943404 0.975325 0.728541 0.975358 0.133332 0.975421 0.129072 0.975465 0.610693 0.975503 0.114192 0.975525 0.604785 0.975533 0.282193 0.975601 0.351664 0.975608 0.744767 0.975618 0.088257 0.975652 0.392028 0.975664 0.673411 0.975668 0.718083 0.975684 0.475627 0.975782 0.680621 0.975864 0.902460 0.975924 0.300199 0.975925 0.382394 0.975938 0.927617 0.976062 0.406881 0.976105 0.636215 0.976119 0.585639 0.976120 0.816314 0.976260 0.138433 0.976346 0.133371 0.976361 0.202644 0.976364 0.326646 0.976367 0.389801 0.976384 0.848037 0.976394 0.041098 0.976421 0.402914 0.976432 0.084640 0.976464 0.313448 0.976464 0.290358 0.976465 0.841755 0.976465 0.885546 0.976467 0.193236 0.976520 0.800584 0.976527 0.206431 0.976611 0.064503 0.976726 0.061872 0.976778 0.816456 0.976805 0.187033 0.976817 0.803004 0.976832 0.964158 0.976891 0.775017 0.976892 0.647052 0.976912 0.202030 0.976944 0.676207 0.976954 0.718457 0.977008 0.379605 0.977110 0.734313 0.977141 0.904608 0.977360 0.292959 0.977366 0.076196 0.977379 0.305818 0.977422 0.464189 0.977441 0.953028 0.977447 0.789133 0.977457 0.363660 0.977481 0.227375 0.977491 0.389801 0.977601 0.934710 0.977636 0.860141 0.977661 0.146598 0.977668 0.045185 0.977673 0.178703 0.977703 0.443279 0.977735 0.786149 0.977807 0.118787 0.977845 0.683585 0.977856 0.604785 0.977862 0.894351 0.977909 0.423301 0.977929 0.106904 0.977937 0.800917 0.977992 0.045375 0.978101 0.238417 0.978140 0.934710 0.978140 0.551310 0.978198 0.020923 0.978225 0.426426 0.978234 0.209941 0.978240 0.530917 0.978254 0.446319 0.978259 0.079770 0.978265 0.922023 0.978304 0.372706 0.978434 0.987628 0.978458 0.894351 0.978464 0.327190 0.978525 0.741459 0.978571 0.562630 0.978623 0.830007 0.978630 0.867872 0.978652 0.848489 0.978712 0.925313 0.978867 0.583519 0.978881 0.296740 0.978895 0.013773 0.978967 0.320071 0.978990 0.056552 0.979104 0.912990 0.979189 0.398507 0.979315 0.365749 0.979491 0.659993 0.979504 0.323155 0.979510 0.188650 0.979560 0.597266 0.979595 0.564470 0.979644 0.661678 0.979646 0.128833 0.979730 0.346613 0.979747 0.004098 0.979752 0.879989 0.979764 0.009862 0.979776 0.398507 0.979784 0.602056 0.979788 0.984380 0.979832 0.574690 0.979870 0.504838 0.979957 0.833005 0.980012 0.744314 0.980027 0.725470 0.980052 0.149682 0.980065 0.518039 0.980116 0.792733 0.980127 0.221931 0.980141 0.456409 0.980158 0.430938 0.980281 0.137764 0.980505 0.362856 0.980536 0.043534 0.980566 0.584841 0.980633 0.788218 0.980694 0.735986 0.980805 0.982340 0.980895 0.571539 0.980897 0.020570 0.980905 0.391393 0.980908 0.201991 0.981055 0.618821 0.981062 0.210943 0.981128 0.205195 0.981136 0.787062 0.981150 0.574514 0.981181 0.209638 0.981186 0.172784 0.981188 0.618821 0.981236 0.165001 0.981251 0.259530 0.981252 0.716909 0.981281 0.683585 0.981358 0.658119 0.981366 0.979131 0.981391 0.841178 0.981412 0.430938 0.981480 0.659993 0.981555 0.500115 0.981615 0.326646 0.981631 0.656337 0.981655 0.015257 0.981660 0.702431 0.981669 0.034879 0.981674 0.136288 0.981711 0.333211 0.981845 0.611686 0.981912 0.333122 0.981913 0.706451 0.981972 0.299271 0.982056 0.953028 0.982220 0.764490 0.982243 0.068070 0.982268 0.757109 0.982351 0.680574 0.982375 0.480120 0.982477 0.628272 0.982501 0.853519 0.982541 0.969701 0.982647 0.124985 0.982658 0.357565 0.982745 0.558596 0.982759 0.128645 0.982831 0.669482 0.982840 0.446124 0.982851 0.363181 0.982906 0.320569 0.982990 0.140482 0.983108 0.683585 0.983131 0.072271 0.983285 0.927735 0.983449 0.351664 0.983501 0.647052 0.983597 0.113057 0.983657 0.777017 0.983750 0.630760 0.983781 0.504844 0.983792 0.844856 0.983845 0.215151 0.983887 0.016502 0.983960 0.393877 0.984004 0.630760 0.984213 0.382934 0.984278 0.853519 0.984487 0.378007 0.984545 0.009862 0.984550 0.848489 0.984773 0.014023 0.984796 0.218728 0.984842 0.138433 0.984890 0.586099 0.984891 0.288539 0.984915 0.143534 0.984946 0.663362 0.984968 0.125217 0.984986 0.843556 0.985062 0.959284 0.985074 0.633378 0.985202 0.072271 0.985224 0.913132 0.985225 0.338423 0.985240 0.253807 0.985244 0.004563 0.985253 0.393877 0.985263 0.789810 0.985286 0.068070 0.985314 0.624401 0.985323 0.681570 0.985324 0.673411 0.985329 0.919713 0.985360 0.152657 0.985402 0.670429 0.985554 0.372713 0.985623 0.663362 0.985643 0.000000 0.985654 0.244097 0.985692 0.119349 0.985731 0.416189 0.985933 0.148418 0.985985 0.571860 0.986004 0.735986 0.986012 0.346613 0.986081 0.296740 0.986126 0.060451 0.986161 0.966899 0.986182 0.959285 0.986211 0.076126 0.986212 0.213375 0.986245 0.573805 0.986258 0.666522 0.986337 0.402914 0.986358 0.858354 0.986426 0.788815 0.986484 0.128146 0.986514 0.146597 0.986558 0.129072 0.986686 0.143534 0.986723 0.244097 0.986758 0.845925 0.986800 0.379396 0.986801 0.124460 0.986880 0.297786 0.986901 0.389801 0.986987 0.263648 0.987052 0.259530 0.987094 0.636215 0.987144 0.253807 0.987178 0.795763 0.987179 0.666522 0.987209 0.982340 0.987294 0.382934 0.987384 0.113057 0.987388 0.797533 0.987388 0.004563 0.987709 0.020923 0.987763 0.000000 0.987897 0.001651 0.987897 0.003369 0.987897 0.005474 0.987897 0.007924 0.987897 0.007924 0.987897 0.009023 0.987897 0.010586 0.987897 0.011995 0.987897 0.014735 0.987897 0.018959 0.987897 0.020919 0.987897 0.022511 0.987897 0.023522 0.987897 0.024925 0.987897 0.027051 0.987897 0.027051 0.987897 0.028016 0.987897 0.029792 0.987897 0.031433 0.987897 0.033714 0.987897 0.035759 0.987897 0.037200 0.987897 0.039615 0.987897 0.039615 0.987897 0.041131 0.987897 0.043251 0.987897 0.044817 0.987897 0.047332 0.987897 0.047332 0.987897 0.049865 0.987897 0.052106 0.987897 0.052106 0.987897 0.054822 0.987897 0.054822 0.987897 0.056279 0.987897 0.059634 0.987897 0.061099 0.987897 0.063281 0.987897 0.063281 0.987897 0.064503 0.987897 0.065344 0.987897 0.069302 0.987897 0.069302 0.987897 0.071915 0.987897 0.073164 0.987897 0.074044 0.987897 0.074044 0.987897 0.077156 0.987897 0.078088 0.987897 0.078088 0.987897 0.081429 0.987897 0.083688 0.987897 0.083688 0.987897 0.085063 0.987897 0.087083 0.987897 0.087083 0.987897 0.087704 0.987897 0.088606 0.987897 0.089446 0.987897 0.093048 0.987897 0.093048 0.987897 0.095125 0.987897 0.097057 0.987897 0.098644 0.987897 0.099176 0.987897 0.101515 0.987897 0.104489 0.987897 0.104489 0.987897 0.105383 0.987897 0.106221 0.987897 0.108064 0.987897 0.108064 0.987897 0.110157 0.987897 0.110943 0.987897 0.111959 0.987897 0.113520 0.987897 0.113520 0.987897 0.116856 0.987897 0.118014 0.987897 0.118543 0.987897 0.118543 0.987897 0.119134 0.987897 0.121678 0.987897 0.121678 0.987897 0.123020 0.987897 0.124795 0.987897 0.126340 0.987897 0.126340 0.987897 0.127426 0.987897 0.128030 0.987897 0.129033 0.987897 0.131178 0.987897 0.131178 0.987897 0.131678 0.987897 0.133994 0.987897 0.133994 0.987897 0.134836 0.987897 0.134836 0.987897 0.135548 0.987897 0.135852 0.987897 0.136119 0.987897 0.136432 0.987897 0.006289 0.987938 0.115449 0.987989 0.014735 0.988018 0.018959 0.988106 0.095125 0.988272 0.049865 0.988295 0.124795 0.988330 0.016130 0.988355 0.090962 0.988398 0.072339 0.988418 0.135548 0.988422 0.100865 0.988708 0.091680 0.988732 0.098644 0.988807 0.127426 0.988898 0.005474 0.988922 0.132695 0.989032 0.001651 0.989291 0.110943 0.989307 0.033714 0.989326 0.044817 0.989348 0.102878 0.989360 0.038887 0.989431 0.123020 0.989455 0.070128 0.989487 0.065344 0.989590 0.009023 0.989604 0.067005 0.989616 0.003368 0.989667 0.117199 0.989702 0.056279 0.989724 0.132695 0.989726 0.097057 0.989743 0.128030 0.989858 0.129759 0.989858 0.133994 0.989891 0.110157 0.989929 0.121052 0.989946 0.062707 0.989960 0.119134 0.989969 0.123020 0.990054 0.080435 0.990066 0.129759 0.990104 0.131178 0.990110 0.089446 0.990185 0.043251 0.990197 0.113520 0.990222 0.109510 0.990239 0.085063 0.990376 0.125398 0.990396 0.115449 0.990422 0.117199 0.990422 0.111959 0.990427 0.076128 0.990465 0.077156 0.990479 0.091680 0.990492 0.119134 0.990512 0.131678 0.990519 0.100865 0.990588 0.102878 0.990588 0.078088 0.990589 0.107981 0.990599 0.131678 0.990605 0.082538 0.990623 0.093048 0.990623 0.134463 0.990635 0.054753 0.990636 0.070128 0.990668 0.072525 0.990668 0.136652 0.990703 0.018959 0.990737 0.121052 0.990763 0.121678 0.990764 0.058747 0.990767 0.067005 0.990776 0.028016 0.990793 0.056279 0.990800 0.095125 0.990807 0.089446 0.990820 0.113520 0.990828 0.069302 0.990831 0.134836 0.990834 0.011995 0.990850 0.080435 0.990889 0.082538 0.990889 0.047332 0.990903 0.085864 0.990905 0.105383 0.990921 0.058747 0.990936 0.061099 0.990936 0.048744 0.990950 0.074044 0.991026 0.072525 0.991073 0.035759 0.991143 0.088606 0.991156 0.010586 0.991166 0.099176 0.991182 0.022511 0.991199 0.024925 0.991199 0.104489 0.991213 0.126340 0.991218 0.052106 0.991219 0.011995 0.991246 0.063281 0.991250 0.007924 0.991282 0.037200 0.991306 0.031433 0.991337 0.136432 0.991400 0.076128 0.991401 0.097057 0.991423 0.041541 0.991480 0.016130 0.991522 0.004312 0.991525 0.135852 0.991561 0.020919 0.991577 0.041131 0.991609 0.026689 0.991638 0.073164 0.991650 0.033714 0.991728 0.126340 0.991863 0.106221 0.991879 0.031433 0.991896 0.020919 0.991989 0.065344 0.991996 0.093048 0.992078 0.136432 0.992156 0.118014 0.992171 0.029792 0.992281 0.083688 0.992323 0.028016 0.992324 0.061099 0.992339 0.125398 0.992373 0.037200 0.992445 0.136118 0.992518 0.038887 0.992560 0.111959 0.992560 0.062707 0.992673 0.029792 0.992685 0.044817 0.992733 0.048744 0.992733 0.001651 0.992819 0.039615 0.992918 0.022511 0.992921 0.087703 0.992938 0.136119 0.992938 0.054822 0.992961 0.000000 0.993021 0.118014 0.993098 0.009023 0.993174 0.047332 0.993207 0.035759 0.993276 0.083688 0.993312 0.127724 0.993390 0.014735 0.993659 0.131178 0.993678 0.010586 0.993734 0.004311 0.993816 0.104489 0.993838 0.135548 0.993930 0.110943 0.994011 0.105383 0.994063 0.121678 0.994167 0.077156 0.994177 0.124795 0.994182 0.087704 0.994527 0.127724 0.994547 0.049865 0.994578 0.099176 0.994592 0.118543 0.994636 0.135852 0.994731 0.078088 0.994748 0.088606 0.994804 0.005474 0.995087 0.074044 0.995369 0.007924 0.995414 0.118543 0.995496 0.069302 0.996058 0.027051 0.996064 0.003369 0.996836 0.087083 0.997677 0.073164 0.998207 0.098644 0.998318 0.039615 0.998415 0.128030 0.999374 0.127426 0.999833 0.063281 1.000000</float_array>
          <technique_common>
            <accessor count="7757" source="#Mesh1.0-lib-UV0-array" stride="2">
              <param name="S" type="float"/>
              <param name="T" type="float"/>
            </accessor>
          </technique_common>
        </source>
        <vertices id="Mesh1.0-lib-Vertex">
          <input semantic="POSITION" source="#Mesh1.0-lib-Position"/>
        </vertices>
        <polylist material="Material.001SG" count="5932">
          <input semantic="VERTEX" offset="0" source="#Mesh1.0-lib-Vertex"/>
          <input semantic="NORMAL" offset="1" source="#Mesh1.0-lib-Normal0"/>
          <input semantic="TEXCOORD" offset="2" set="0" source="#Mesh1.0-lib-UV0"/>
          <vcount> 3 3 3 3 3 3 3 3 3 3 3 3 3 3 3 3 3 3 3 3 3 3 3 3 3 3 3 3 3 3 3 3 3 3 3 3 3 3 3 3 3 3 3 3 3 3 3 3 3 3 3 3 3 3 3 3 3 3 3 3 3 3 3 3 3 3 3 3 3 3 3 3 3 3 3 3 3 3 3 3 3 3 3 3 3 3 3 3 3 3 3 3 3 3 3 3 3 3 3 3 3 3 3 3 3 3 3 3 3 3 3 3 3 3 3 3 3 3 3 3 3 3 3 3 3 3 3 3 3 3 3 3 3 3 3 3 3 3 3 3 3 3 3 3 3 3 3 3 3 3 3 3 3 3 3 3 3 3 3 3 3 3 3 3 3 3 3 3 3 3 3 3 3 3 3 3 3 3 3 3 3 3 3 3 3 3 3 3 3 3 3 3 3 3 3 3 3 3 3 3 3 3 3 3 3 3 3 3 3 3 3 3 3 3 3 3 3 3 3 3 3 3 3 3 3 3 3 3 3 3 3 3 3 3 3 3 3 3 3 3 3 3 3 3 3 3 3 3 3 3 3 3 3 3 3 3 3 3 3 3 3 3 3 3 3 3 3 3 3 3 3 3 3 3 3 3 3 3 3 3 3 3 3 3 3 3 3 3 3 3 3 3 3 3 3 3 3 3 3 3 3 3 3 3 3 3 3 3 3 3 3 3 3 3 3 3 3 3 3 3 3 3 3 3 3 3 3 3 3 3 3 3 3 3 3 3 3 3 3 3 3 3 3 3 3 3 3 3 3 3 3 3 3 3 3 3 3 3 3 3 3 3 3 3 3 3 3 3 3 3 3 3 3 3 3 3 3 3 3 3 3 3 3 3 3 3 3 3 3 3 3 3 3 3 3 3 3 3 3 3 3 3 3 3 3 3 3 3 3 3 3 3 3 3 3 3 3 3 3 3 3 3 3 3 3 3 3 3 3 3 3 3 3 3 3 3 3 3 3 3 3 3 3 3 3 3 3 3 3 3 3 3 3 3 3 3 3 3 3 3 3 3 3 3 3 3 3 3 3 3 3 3 3 3 3 3 3 3 3 3 3 3 3 3 3 3 3 3 3 3 3 3 3 3 3 3 3 3 3 3 3 3 3 3 3 3 3 3 3 3 3 3 3 3 3 3 3 3 3 3 3 3 3 3 3 3 3 3 3 3 3 3 3 3 3 3 3 3 3 3 3 3 3 3 3 3 3 3 3 3 3 3 3 3 3 3 3 3 3 3 3 3 3 3 3 3 3 3 3 3 3 3 3 3 3 3 3 3 3 3 3 3 3 3 3 3 3 3 3 3 3 3 3 3 3 3 3 3 3 3 3 3 3 3 3 3 3 3 3 3 3 3 3 3 3 3 3 3 3 3 3 3 3 3 3 3 3 3 3 3 3 3 3 3 3 3 3 3 3 3 3 3 3 3 3 3 3 3 3 3 3 3 3 3 3 3 3 3 3 3 3 3 3 3 3 3 3 3 3 3 3 3 3 3 3 3 3 3 3 3 3 3 3 3 3 3 3 3 3 3 3 3 3 3 3 3 3 3 3 3 3 3 3 3 3 3 3 3 3 3 3 3 3 3 3 3 3 3 3 3 3 3 3 3 3 3 3 3 3 3 3 3 3 3 3 3 3 3 3 3 3 3 3 3 3 3 3 3 3 3 3 3 3 3 3 3 3 3 3 3 3 3 3 3 3 3 3 3 3 3 3 3 3 3 3 3 3 3 3 3 3 3 3 3 3 3 3 3 3 3 3 3 3 3 3 3 3 3 3 3 3 3 3 3 3 3 3 3 3 3 3 3 3 3 3 3 3 3 3 3 3 3 3 3 3 3 3 3 3 3 3 3 3 3 3 3 3 3 3 3 3 3 3 3 3 3 3 3 3 3 3 3 3 3 3 3 3 3 3 3 3 3 3 3 3 3 3 3 3 3 3 3 3 3 3 3 3 3 3 3 3 3 3 3 3 3 3 3 3 3 3 3 3 3 3 3 3 3 3 3 3 3 3 3 3 3 3 3 3 3 3 3 3 3 3 3 3 3 3 3 3 3 3 3 3 3 3 3 3 3 3 3 3 3 3 3 3 3 3 3 3 3 3 3 3 3 3 3 3 3 3 3 3 3 3 3 3 3 3 3 3 3 3 3 3 3 3 3 3 3 3 3 3 3 3 3 3 3 3 3 3 3 3 3 3 3 3 3 3 3 3 3 3 3 3 3 3 3 3 3 3 3 3 3 3 3 3 3 3 3 3 3 3 3 3 3 3 3 3 3 3 3 3 3 3 3 3 3 3 3 3 3 3 3 3 3 3 3 3 3 3 3 3 3 3 3 3 3 3 3 3 3 3 3 3 3 3 3 3 3 3 3 3 3 3 3 3 3 3 3 3 3 3 3 3 3 3 3 3 3 3 3 3 3 3 3 3 3 3 3 3 3 3 3 3 3 3 3 3 3 3 3 3 3 3 3 3 3 3 3 3 3 3 3 3 3 3 3 3 3 3 3 3 3 3 3 3 3 3 3 3 3 3 3 3 3 3 3 3 3 3 3 3 3 3 3 3 3 3 3 3 3 3 3 3 3 3 3 3 3 3 3 3 3 3 3 3 3 3 3 3 3 3 3 3 3 3 3 3 3 3 3 3 3 3 3 3 3 3 3 3 3 3 3 3 3 3 3 3 3 3 3 3 3 3 3 3 3 3 3 3 3 3 3 3 3 3 3 3 3 3 3 3 3 3 3 3 3 3 3 3 3 3 3 3 3 3 3 3 3 3 3 3 3 3 3 3 3 3 3 3 3 3 3 3 3 3 3 3 3 3 3 3 3 3 3 3 3 3 3 3 3 3 3 3 3 3 3 3 3 3 3 3 3 3 3 3 3 3 3 3 3 3 3 3 3 3 3 3 3 3 3 3 3 3 3 3 3 3 3 3 3 3 3 3 3 3 3 3 3 3 3 3 3 3 3 3 3 3 3 3 3 3 3 3 3 3 3 3 3 3 3 3 3 3 3 3 3 3 3 3 3 3 3 3 3 3 3 3 3 3 3 3 3 3 3 3 3 3 3 3 3 3 3 3 3 3 3 3 3 3 3 3 3 3 3 3 3 3 3 3 3 3 3 3 3 3 3 3 3 3 3 3 3 3 3 3 3 3 3 3 3 3 3 3 3 3 3 3 3 3 3 3 3 3 3 3 3 3 3 3 3 3 3 3 3 3 3 3 3 3 3 3 3 3 3 3 3 3 3 3 3 3 3 3 3 3 3 3 3 3 3 3 3 3 3 3 3 3 3 3 3 3 3 3 3 3 3 3 3 3 3 3 3 3 3 3 3 3 3 3 3 3 3 3 3 3 3 3 3 3 3 3 3 3 3 3 3 3 3 3 3 3 3 3 3 3 3 3 3 3 3 3 3 3 3 3 3 3 3 3 3 3 3 3 3 3 3 3 3 3 3 3 3 3 3 3 3 3 3 3 3 3 3 3 3 3 3 3 3 3 3 3 3 3 3 3 3 3 3 3 3 3 3 3 3 3 3 3 3 3 3 3 3 3 3 3 3 3 3 3 3 3 3 3 3 3 3 3 3 3 3 3 3 3 3 3 3 3 3 3 3 3 3 3 3 3 3 3 3 3 3 3 3 3 3 3 3 3 3 3 3 3 3 3 3 3 3 3 3 3 3 3 3 3 3 3 3 3 3 3 3 3 3 3 3 3 3 3 3 3 3 3 3 3 3 3 3 3 3 3 3 3 3 3 3 3 3 3 3 3 3 3 3 3 3 3 3 3 3 3 3 3 3 3 3 3 3 3 3 3 3 3 3 3 3 3 3 3 3 3 3 3 3 3 3 3 3 3 3 3 3 3 3 3 3 3 3 3 3 3 3 3 3 3 3 3 3 3 3 3 3 3 3 3 3 3 3 3 3 3 3 3 3 3 3 3 3 3 3 3 3 3 3 3 3 3 3 3 3 3 3 3 3 3 3 3 3 3 3 3 3 3 3 3 3 3 3 3 3 3 3 3 3 3 3 3 3 3 3 3 3 3 3 3 3 3 3 3 3 3 3 3 3 3 3 3 3 3 3 3 3 3 3 3 3 3 3 3 3 3 3 3 3 3 3 3 3 3 3 3 3 3 3 3 3 3 3 3 3 3 3 3 3 3 3 3 3 3 3 3 3 3 3 3 3 3 3 3 3 3 3 3 3 3 3 3 3 3 3 3 3 3 3 3 3 3 3 3 3 3 3 3 3 3 3 3 3 3 3 3 3 3 3 3 3 3 3 3 3 3 3 3 3 3 3 3 3 3 3 3 3 3 3 3 3 3 3 3 3 3 3 3 3 3 3 3 3 3 3 3 3 3 3 3 3 3 3 3 3 3 3 3 3 3 3 3 3 3 3 3 3 3 3 3 3 3 3 3 3 3 3 3 3 3 3 3 3 3 3 3 3 3 3 3 3 3 3 3 3 3 3 3 3 3 3 3 3 3 3 3 3 3 3 3 3 3 3 3 3 3 3 3 3 3 3 3 3 3 3 3 3 3 3 3 3 3 3 3 3 3 3 3 3 3 3 3 3 3 3 3 3 3 3 3 3 3 3 3 3 3 3 3 3 3 3 3 3 3 3 3 3 3 3 3 3 3 3 3 3 3 3 3 3 3 3 3 3 3 3 3 3 3 3 3 3 3 3 3 3 3 3 3 3 3 3 3 3 3 3 3 3 3 3 3 3 3 3 3 3 3 3 3 3 3 3 3 3 3 3 3 3 3 3 3 3 3 3 3 3 3 3 3 3 3 3 3 3 3 3 3 3 3 3 3 3 3 3 3 3 3 3 3 3 3 3 3 3 3 3 3 3 3 3 3 3 3 3 3 3 3 3 3 3 3 3 3 3 3 3 3 3 3 3 3 3 3 3 3 3 3 3 3 3 3 3 3 3 3 3 3 3 3 3 3 3 3 3 3 3 3 3 3 3 3 3 3 3 3 3 3 3 3 3 3 3 3 3 3 3 3 3 3 3 3 3 3 3 3 3 3 3 3 3 3 3 3 3 3 3 3 3 3 3 3 3 3 3 3 3 3 3 3 3 3 3 3 3 3 3 3 3 3 3 3 3 3 3 3 3 3 3 3 3 3 3 3 3 3 3 3 3 3 3 3 3 3 3 3 3 3 3 3 3 3 3 3 3 3 3 3 3 3 3 3 3 3 3 3 3 3 3 3 3 3 3 3 3 3 3 3 3 3 3 3 3 3 3 3 3 3 3 3 3 3 3 3 3 3 3 3 3 3 3 3 3 3 3 3 3 3 3 3 3 3 3 3 3 3 3 3 3 3 3 3 3 3 3 3 3 3 3 3 3 3 3 3 3 3 3 3 3 3 3 3 3 3 3 3 3 3 3 3 3 3 3 3 3 3 3 3 3 3 3 3 3 3 3 3 3 3 3 3 3 3 3 3 3 3 3 3 3 3 3 3 3 3 3 3 3 3 3 3 3 3 3 3 3 3 3 3 3 3 3 3 3 3 3 3 3 3 3 3 3 3 3 3 3 3 3 3 3 3 3 3 3 3 3 3 3 3 3 3 3 3 3 3 3 3 3 3 3 3 3 3 3 3 3 3 3 3 3 3 3 3 3 3 3 3 3 3 3 3 3 3 3 3 3 3 3 3 3 3 3 3 3 3 3 3 3 3 3 3 3 3 3 3 3 3 3 3 3 3 3 3 3 3 3 3 3 3 3 3 3 3 3 3 3 3 3 3 3 3 3 3 3 3 3 3 3 3 3 3 3 3 3 3 3 3 3 3 3 3 3 3 3 3 3 3 3 3 3 3 3 3 3 3 3 3 3 3 3 3 3 3 3 3 3 3 3 3 3 3 3 3 3 3 3 3 3 3 3 3 3 3 3 3 3 3 3 3 3 3 3 3 3 3 3 3 3 3 3 3 3 3 3 3 3 3 3 3 3 3 3 3 3 3 3 3 3 3 3 3 3 3 3 3 3 3 3 3 3 3 3 3 3 3 3 3 3 3 3 3 3 3 3 3 3 3 3 3 3 3 3 3 3 3 3 3 3 3 3 3 3 3 3 3 3 3 3 3 3 3 3 3 3 3 3 3 3 3 3 3 3 3 3 3 3 3 3 3 3 3 3 3 3 3 3 3 3 3 3 3 3 3 3 3 3 3 3 3 3 3 3 3 3 3 3 3 3 3 3 3 3 3 3 3 3 3 3 3 3 3 3 3 3 3 3 3 3 3 3 3 3 3 3 3 3 3 3 3 3 3 3 3 3 3 3 3 3 3 3 3 3 3 3 3 3 3 3 3 3 3 3 3 3 3 3 3 3 3 3 3 3 3 3 3 3 3 3 3 3 3 3 3 3 3 3 3 3 3 3 3 3 3 3 3 3 3 3 3 3 3 3 3 3 3 3 3 3 3 3 3 3 3 3 3 3 3 3 3 3 3 3 3 3 3 3 3 3 3 3 3 3 3 3 3 3 3 3 3 3 3 3 3 3 3 3 3 3 3 3 3 3 3 3 3 3 3 3 3 3 3 3 3 3 3 3 3 3 3 3 3 3 3 3 3 3 3 3 3 3 3 3 3 3 3 3 3 3 3 3 3 3 3 3 3 3 3 3 3 3 3 3 3 3 3 3 3 3 3 3 3 3 3 3 3 3 3 3 3 3 3 3 3 3 3 3 3 3 3 3 3 3 3 3 3 3 3 3 3 3 3 3 3 3 3 3 3 3 3 3 3 3 3 3 3 3 3 3 3 3 3 3 3 3 3 3 3 3 3 3 3 3 3 3 3 3 3 3 3 3 3 3 3 3 3 3 3 3 3 3 3 3 3 3 3 3 3 3 3 3 3 3 3 3 3 3 3 3 3 3 3 3 3 3 3 3 3 3 3 3 3 3 3 3 3 3 3 3 3 3 3 3 3 3 3 3 3 3 3 3 3 3 3 3 3 3 3 3 3 3 3 3 3 3 3 3 3 3 3 3 3 3 3 3 3 3 3 3 3 3 3 3 3 3 3 3 3 3 3 3 3 3 3 3 3 3 3 3 3 3 3 3 3 3 3 3 3 3 3 3 3 3 3 3 3 3 3 3 3 3 3 3 3 3 3 3 3 3 3 3 3 3 3 3 3 3 3 3 3 3 3 3 3 3 3 3 3 3 3 3 3 3 3 3 3 3 3 3 3 3 3 3 3 3 3 3 3 3 3 3 3 3 3 3 3 3 3 3 3 3 3 3 3 3 3 3 3 3 3 3 3 3 3 3 3 3 3 3 3 3 3 3 3 3 3 3 3 3 3 3 3 3 3 3 3 3 3 3 3 3 3 3 3 3 3 3 3 3 3 3 3 3 3 3 3 3 3 3 3 3 3 3 3 3 3 3 3 3 3 3 3 3 3 3 3 3 3 3 3 3 3 3 3 3 3 3 3 3 3 3 3 3 3 3 3 3 3 3 3 3 3 3 3 3 3 3 3 3 3 3 3 3 3 3 3 3 3 3 3 3 3 3 3 3 3 3 3 3 3 3 3 3 3 3 3 3 3 3 3 3 3 3 3 3 3 3 3 3 3 3 3 3 3 3 3 3 3 3 3 3 3 3 3 3 3 3 3 3 3 3 3 3 3 3 3 3 3 3 3 3 3 3 3 3 3 3 3 3 3 3 3 3 3 3 3 3 3 3 3 3 3 3 3 3 3 3 3 3 3 3 3 3 3 3 3 3 3 3 3 3 3 3 3 3 3 3 3 3 3 3 3 3 3 3 3 3 3 3 3 3 3 3 3 3 3 3 3 3 3 3 3 3 3 3 3 3 3 3 3 3 3 3 3 3 3 3 3 3 3 3 3 3 3 3 3 3 3 3 3 3 3 3 3 3 3 3 3 3 3 3 3 3 3 3 3 3 3 3 3 3 3 3 3 3 3 3 3 3 3 3 3 3 3 3 3 3 3 3 3 3 3 3 3 3 3 3 3 3 3 3 3 3 3 3 3 3 3 3 3 3 3 3 3 3 3 3 3 3 3 3 3 3 3 3 3 3 3 3 3 3 3 3 3 3 3 3 3 3 3 3 3 3 3 3 3 3 3 3 3 3 3 3 3 3 3 3 3 3 3 3 3 3 3 3 3 3 3 3 3 3 3 3 3 3 3 3 3 3 3 3 3 3 3 3 3 3 3 3 3 3 3 3 3 3 3 3 3 3 3 3 3 3 3 3 3 3 3 3 3 3 3 3 3 3 3 3 3 3 3 3 3 3 3 3 3 3 3 3 3 3 3 3 3 3 3 3 3 3 3 3 3 3 3 3 3 3 3 3 3 3 3 3 3 3 3 3 3 3 3 3 3 3 3 3 3 3 3 3 3 3 3 3 3 3 3 3 3 3 3 3 3 3 3 3 3 3 3 3 3 3 3 3 3 3 3 3 3 3 3 3 3 3 3 3 3 3 3 3 3 3 3 3 3 3 3 3 3 3 3 3 3 3 3 3 3 3 3 3 3 3 3 3 3 3 3 3 3 3 3 3 3 3 3 3 3 3 3 3 3 3 3 3 3 3 3 3 3 3 3 3 3 3 3 3 3 3 3 3 3 3 3 3 3 3 3 3 3 3 3 3 3 3 3 3 3 3 3 3 3 3 3 3 3 3 3 3 3 3 3 3 3 3 3 3 3 3 3 3 3 3 3 3 3 3 3 3 3 3 3 3 3 3 3 3 3 3 3 3 3 3 3 3 3 3 3 3 3 3 3 3 3 3 3 3 3 3 3 3 3 3 3 3 3 3 3 3 3 3 3 3 3 3 3 3 3 3 3 3 3 3 3 3 3 3 3 3 3 3 3 3 3 3 3 3 3 3 3 3 3 3 3 3 3 3 3 3 3 3 3 3 3 3 3 3 3 3 3 3 3 3 3 3 3 3 3 3 3 3 3 3 3 3 3 3 3 3 3 3 3 3 3 3 3 3 3 3 3 3 3 3 3 3 3 3 3 3 3 3 3 3 3 3 3 3 3 3 3 3 3 3 3 3 3 3 3 3 3 3 3 3 3 3 3 3 3 3 3 3 3 3 3 3 3 3 3 3 3 3 3 3 3 3 3 3 3 3 3 3 3 3 3 3 3 3 3 3 3 3 3 3 3 3 3 3 3 3 3 3 3 3 3 3 3 3 3 3 3 3 3 3 3 3 3 3 3 3 3 3 3 3 3 3 3 3 3 3 3 3 3 3 3 3 3 3 3 3 3 3 3 3 3 3 3 3 3 3 3 3 3 3 3 3 3 3 3 3 3 3 3 3 3 3 3 3 3 3 3 3 3 3 3 3 3 3 3 3 3 3 3 3 3 3 3 3 3 3 3 3 3 3 3 3 3 3 3 3 3 3 3 3 3 3 3 3 3 3 3 3 3 3 3 3 3 3 3 3 3 3 3 3 3 3 3 3 3 3 3 3 3 3 3 3 3 3 3 3 3 3 3 3 3 3 3 3 3 3 3 3 3 3 3 3 3 3 3 3 3 3 3 3 3 3 3 3 3 3 3 3 3 3 3 3 3 3 3 3 3 3 3 3 3 3 3 3 3 3 3 3 3 3 3 3 3 3 3 3 3 3 3 3 3 3 3 3 3 3 3 3 3 3 3 3 3 3 3 3 3 3 3 3 3 3 3 3 3 3 3 3 3 3 3 3 3 3 3 3 3 3 3 3 3 3 3 3 3 3 3 3 3 3 3 3 3 3 3 3 3 3 3 3 3 3 3 3 3 3 3 3 3 3 3 3 3 3 3 3 3 3 3 3 3 3 3 3 3 3 3 3 3 3 3 3 3 3 3 3 3 3 3 3 3 3 3 3 3 3 3 3 3 3 3 3 3 3 3 3 3 3 3 3 3 3 3 3 3 3 3 3 3 3 3 3 3 3 3 3 3 3 3 3 3 3 3 3 3 3 3 3 3 3 3 3 3 3 3 3 3 3 3 3 3 3 3 3 3 3 3 3 3 3 3 3 3 3 3 3 3 3 3 3 3 3 3 3 3 3 3 3 3 3 3 3 3 3 3 3 3 3 3 3 3 3 3 3 3 3 3 3 3 3 3 3 3 3 3 3 3 3 3 3 3 3 3 3 3 3 3 3 3 3 3 3 3 3 3 3 3 3 3 3 3 3 3 3 3 3 3 3 3 3 3 3 3 3 3 3 3 3 3 3 3 3 3 3 3 3 3 3 3 3 3 3 3 3 3 3 3 3 3 3 3 3 3 3 3 3 3 3 3 3 3 3 3 3 3 3 3 3 3 3 3 3 3 3 3 3 3 3 3 3 3 3 3 3 3 3 3 3 3 3 3 3 3 3 3 3 3 3 3 3 3 3 3 3 3 3 3 3 3 3 3 3 3 3 3 3 3 3 3 3 3 3 3 3 3 3 3 3 3 3 3 3 3 3 3 3 3 3 3 3 3 3 3 3 3 3 3 3 3 3 3 3 3 3 3 3 3 3 3 3 3 3 3 3 3 3 3 3 3 3 3 3 3 3 3 3 3 3 3 3 3 3 3 3 3 3 3 3 3 3 3 3 3 3 3 3 3 3 3 3 3 3 3 3 3 3 3 3 3 3 3 3 3 3 3 3 3 3 3 3 3 3 3 3 3 3 3 3 3 3 3 3 3 3 3 3 3 3 3 3 3 3 3 3 3 3 3 3 3 3 3 3 3 3 3 3 3 3 3 3 3 3 3 3 3 3 3 3 3 3 3 3 3 3 3 3 3 3 3 3 3 3 3 3 3 3 3 3 3 3 3 3 3 3 3 3 3 3 3 3 3 3 3 3 3 3 3 3 3 3 3 3 3 3 3 3 3 3 3 3 3 3 3 3 3 3 3 3 3 3 3 3 3 3 3 3 3 3 3 3 3 3 3 3 3 3 3 3 3 3 3 3 3 3 3 3 3 3 3 3 3 3 3 3 3 3 3 3 3 3 3 3 3 3 3 3 3 3 3 3 3 3 3 3 3 3 3 3 3 3 3 3 3 3 3 3 3 3 3 3 3 3 3 3 3 3 3 3 3 3 3 3 3 3 3 3 3 3 3 3 3 3 3 3 3 3 3 3 3 3 3 3 3 3 3 3 3 3 3 3 3 3 3 3 3 3 3 3 3 3 3 3 3 3 3 3 3 3 3 3 3 3 3 3 3 3 3 3 3 3 3 3 3 3 3 3 3 3 3 3 3 3 3 3 3 3 3 3 3 3 3 3 3 3 3 3 3 3 3 3 3 3 3 3 3 3 3 3 3 3 3 3 3 3 3 3 3 3 3 3 3 3 3 3 3 3 3 3 3 3 3 3 3 3 3 3 3 3 3 3 3 3 3 3 3 3 3 3 3 3 3 3 3 3 3 3 3 3 3 3 3 3 3 3 3 3 3 3 3 3 3 3 3 3 3 3 3 3 3 3 3 3 3 3 3 3 3 3 3 3 3 3 3 3 3 3 3 3 3 3 3 3 3 3 3 3 3 3 3 3 3 3 3 3 3 3 3 3 3 3 3 3 3 3 3 3 3 3 3 3 3 3 3 3 3 3 3 3 3 3 3 3 3 3 3 3 3 3 3 3 3 3 3 3 3 3 3 3 3 3 3 3 3 3 3 3 3 3 3 3 3 3 3 3 3 3 3 3 3 3 3 3 3 3 3 3 3 3 3 3 3 3 3 3 3 3 3 3 3 3 3 3 3 3 3 3 3 3 3 3 3 3 3 3 3 3 3 3 3 3 3 3 3 3 3 3 3 3 3 3 3 3 3 3 3 3 3 3 3 3 3 3 3 3 3 3 3 3 3 3 3 3 3 3 3 3 3 3 3 3 3 3 3 3 3 3 3 3 3 3 3 3 3 3 3 3 3 3 3 3 3 3 3 3 3 3 3 3 3 3 3 3 3 3 3 3 3 3 3 3 3 3 3 3 3 3 3 3 3 3 3 3 3 3 3 3 3 3 3 3 3 3 3 3 3 3 3 3 3 3 3 3 3 3 3 3 3 3 3 3 3 3 3 3 3 3 3 3 3 3 3 3 3 3 3 3 3 3 3 3 3 3 3 3 3 3 3 3 3 3 3 3 3 3 3 3 3 3 3 3 3 3 3 3 3 3 3 3 3 3 3 3 3 3 3 3 3 3 3 3 3 3 3 3 3 3 3 3 3 3 3 3 3 3 3 3 3 3 3 3 3 3 3 3 3 3 3 3 3 3 3 3 3 3 3 3 3 3 3 3 3 3 3 3 3 3 3 3 3 3 3 3 3 3 3 3 3 3 3 3 3 3 3 3 3 3 3 3 3 3 3 3 3 3 3 3 3 3 3 3 3 3 3 3 3 3 3 3 3 3 3 3 3 3 3 3 3 3 3 3 3 3 3 3 3 3 3 3 3 3 3 3 3 3 3 3 3 3 3 3 3 3 3 3 3 3 3 3 3 3 3 3 3 3 3 3 3 3 3 3 3 3 3 3 3 3 3 3 3 3 3 3 3 3 3 3 3 3 3 3 3 3 3 3 3 3 3 3 3 3 3 3 3 3 3 3 3 3 3 3 3 3 3 3 3 3 3 3 3 3 3 3 3 3 3 3 3 3 3 3 3 3 3 3 3 3 3 3 3 3 3 3 3 3 3 3 3 3 3 3 3 3 3 3 3 3 3 3 3 3 3 3 3 3 3 3 3 3 3 3 3 3 3 3 3 3 3 3 3 3 3 3 3 3 3 3 3 3 3 3 3 3 3 3 3 3 3 3 3 3 3 3 3 3 3 3 3 3 3 3 3 3 3 3 3 3 3 3 3 3 3 3 3 3 3 3 3 3 3 3 3 3 3 3 3 3 3 3 3 3 3 3 3 3 3 3 3 3 3 3 3 3 3 3 3 3 3 3 3 3 3 3 3 3 3 3 3 3 3 3 3 3 3 3 3 3 3 3 3 3 3 3 3 3 3 3 3 3 3 3 3 3 3 3 3 3 3 3 3 3 3 3 3 3 3 3 3 3 3 3 3 3 3 3 3 3 3 3 3 3 3 3 3 3 3 3 3 3 3 3 3 3 3 3 3 3 3 3 3 3 3 3 3 3 3 3 3 3 3 3 3 3 3 3 3 3 3 3 3 3 3 3 3 3 3 3 3 3 3 3 3 3 3 3 3 3 3 3 3 3 3 3 3 3 3 3 3 3 3 3 3 3 3 3 3 3 3 3 3 3 3 3 3 3 3 3 3 3 3 3 3 3 3 3 3 3 3 3 3 3 3 3 3 3 3 3 3 3 3 3 3 3 3 3 3 3 3 3 3 3 3 3 3 3 3 3 3 3 3 3 3 3 3 3 3 3 3 3 3 3</vcount>
          <p> 0 815 1961 1 2600 1964 2 730 1791 3 534 386 4 1855 284 5 2862 212 4 1855 284 6 1034 81 5 2862 212 7 2685 1808 8 1064 1337 9 1260 1815 1 2600 1964 10 2654 1807 2 730 1791 11 1249 5120 12 1330 5466 13 236 5112 9 1260 1815 8 1064 1337 14 2056 1330 15 3074 112 6 1034 81 4 1855 284 0 815 1961 16 518 2139 1 2600 1964 4 1855 284 3 534 386 17 1826 429 18 1145 1908 7 2685 1808 9 1260 1815 7 2685 1808 19 3095 1355 8 1064 1337 13 236 5112 20 1966 4817 11 1249 5120 11 1249 5120 20 1966 4817 21 1416 5121 12 1330 5466 22 2107 5455 13 236 5112 13 236 5112 23 693 4837 20 1966 4817 16 518 2139 0 815 1961 24 2525 2147 2 730 1791 25 1924 1811 0 815 1961 26 1516 313 15 3074 112 4 1855 284 20 1966 4817 27 703 4833 21 1416 5121 28 1501 449 4 1855 284 17 1826 429 3 534 386 5 2862 212 29 1348 306 26 1516 313 4 1855 284 28 1501 449 11 1249 5120 30 2884 5454 12 1330 5466 0 815 1961 31 2806 1971 32 111 2145 18 1145 99 33 2018 86 7 2685 2 33 2018 86 19 3095 63 7 2685 2 34 2414 57 5 2862 212 6 1034 81 13 236 248 22 2107 398 35 893 423 0 815 1961 32 111 2145 24 2525 2147 11 1249 5120 21 1416 5121 30 2884 5454 36 1456 4103 37 486 4029 38 2215 4067 9 1260 1815 39 2050 1991 18 1145 1908 40 579 1341 41 2531 1821 9 1260 1815 14 2056 1330 40 579 1341 9 1260 1815 0 815 1961 25 1924 1811 31 2806 1971 42 1125 951 38 2215 873 43 2993 981 38 2215 873 44 1661 979 43 2993 981 45 334 181 46 2618 59 47 2824 56 38 2215 873 37 486 880 44 1661 979 9 1260 1815 48 134 1984 39 2050 1991 9 1260 1815 41 2531 1821 48 134 1984 49 545 4422 41 2531 4433 50 948 4278 29 1348 776 5 2862 609 51 192 507 51 192 148 5 2862 212 52 163 51 34 2414 57 52 163 51 5 2862 212 30 2884 4940 21 1416 4648 53 2 4701 54 2805 190 47 2824 56 55 139 191 45 334 181 47 2824 56 54 2805 190 55 139 191 47 2824 56 56 569 64 42 1125 951 57 3084 856 38 2215 873 58 897 6 56 569 64 47 2824 56 58 897 375 47 2824 360 46 2618 311 58 897 375 46 2618 311 59 2450 334 17 1826 429 60 1935 475 28 1501 449 61 2258 2003 18 1145 1908 39 2050 1991 28 1501 4346 62 2715 4226 26 1516 4148 41 2531 4433 49 545 4422 63 544 4652 26 1516 4148 62 2715 4226 64 1138 4153 49 545 998 64 1138 996 62 2715 1032 26 1516 4148 64 1138 4153 15 3074 3722 65 2294 4381 66 2629 4203 67 2059 4357 36 1456 4103 38 2215 4067 57 3084 4140 44 1661 979 37 486 880 68 965 969 58 897 375 69 121 408 56 569 488 46 2618 311 70 3021 286 59 2450 334 71 1868 521 60 1935 475 17 1826 429 72 1634 2070 39 2050 1991 48 134 1984 48 134 4751 41 2531 4433 63 544 4652 49 545 998 50 948 933 64 1138 996 66 2629 4203 73 905 4169 67 2059 4357 41 2531 4433 40 579 4160 50 948 4278 74 644 3753 75 1475 3641 76 71 3503 13 236 248 77 3011 62 23 693 101 68 965 969 37 486 880 78 490 879 36 1456 4103 79 1871 4080 37 486 4029 37 486 4029 79 1871 4080 78 490 4055 80 1687 3899 74 644 3753 81 2509 3606 81 2509 3606 74 644 3753 76 71 3503 73 905 4169 66 2629 4203 82 107 4053 75 1475 3641 83 1044 3477 76 71 3503 10 2654 2627 1 2600 2780 16 518 2995 84 327 405 45 334 181 54 2805 190 85 348 1351 86 818 1189 87 1677 1334 86 818 1189 88 562 1243 87 1677 1334 85 348 1351 89 1179 1293 86 818 1189 86 818 1189 90 30 1214 88 562 1243 71 1868 521 17 1826 429 91 2371 534 63 544 1071 49 545 998 62 2715 1032 51 192 2810 92 2572 2929 29 1348 2990 18 1145 99 93 447 152 33 2018 86 6 1034 81 15 3074 112 94 3058 3 83 1044 3477 95 843 3416 76 71 3503 66 2629 4203 96 2406 4000 82 107 4053 13 236 248 35 893 423 77 3011 62 10 2654 5785 97 440 6020 2 730 5757 12 1330 5716 30 2884 5807 98 632 5971 99 2027 6038 25 1924 5861 2 730 5757 100 1189 166 70 3021 35 46 2618 59 100 1189 166 46 2618 59 45 334 181 86 818 1189 101 651 1197 90 30 1214 86 818 1189 89 1179 1293 102 2647 1227 102 2647 1227 103 227 1185 86 818 1189 71 1868 7105 104 326 6738 60 1935 6546 103 227 1185 105 2381 1151 86 818 1189 48 134 4751 63 544 4652 106 514 4741 28 1501 4346 107 697 4352 62 2715 4226 108 2253 4571 65 2294 4381 67 2059 4357 50 948 933 109 40 854 64 1138 996 64 1138 4153 109 40 3730 15 3074 3722 40 579 4160 109 40 4161 50 948 4278 110 2177 4136 73 905 4169 82 107 4053 65 2294 4381 111 1983 4171 66 2629 4203 75 1475 3641 112 2334 3585 83 1044 3477 16 518 1936 24 2525 1917 113 1796 1886 22 2107 5767 12 1330 5716 98 632 5971 114 808 977 31 2806 943 25 1924 1079 27 703 4355 53 2 4701 21 1416 4648 114 808 977 32 111 858 31 2806 943 115 1540 400 45 334 181 84 327 405 85 348 1351 87 1677 1334 116 1248 1454 117 718 4152 36 1456 4103 57 3084 4140 118 1930 3442 89 1179 3380 85 348 3448 119 1434 4126 79 1871 4080 36 1456 4103 59 2450 334 120 89 407 58 897 375 121 2464 2998 87 1677 3028 88 562 2937 122 677 5733 118 1930 5822 123 29 5906 122 677 5733 123 29 5906 124 2228 5741 125 2875 1284 126 863 1313 121 2464 1331 102 2647 813 89 1179 722 127 1474 783 128 1607 1518 72 1634 1744 129 851 1490 129 851 5813 72 1634 5727 130 1312 5844 131 838 7738 103 227 7752 102 2647 7532 101 651 1197 86 818 1189 132 2227 1175 72 1634 5727 48 134 5970 130 1312 5844 132 2227 1175 86 818 1189 133 2226 1154 130 1312 5844 48 134 5970 134 1692 5896 134 1692 5896 48 134 5970 135 69 5932 136 2693 6507 28 1501 6417 60 1935 6546 63 544 1071 62 2715 1032 107 697 1117 67 2059 4357 137 51 4554 108 2253 4571 138 1165 937 139 1074 877 8 1064 896 112 2334 3585 140 339 3500 83 1044 3477 111 1983 2596 141 1157 2589 66 2629 2445 83 1044 3477 142 328 3443 95 843 3416 24 2525 1917 32 111 1499 143 1010 1500 144 472 1207 43 2993 981 44 1661 979 145 2021 3552 57 3084 3420 42 1125 3546 115 1540 388 100 1189 157 45 334 179 146 2858 1384 121 2464 1331 126 863 1313 120 89 407 69 121 408 58 897 375 146 2858 3073 87 1677 3028 121 2464 2998 118 1930 3442 122 677 3404 89 1179 3380 147 784 5775 124 2228 5741 123 29 5906 88 562 2937 125 2875 2943 121 2464 2998 122 677 3404 148 307 3350 89 1179 3380 88 562 1243 90 30 1214 149 1319 1208 89 1179 722 148 307 762 127 1474 783 149 1319 6780 71 1868 6858 150 816 7161 72 1634 1722 151 1641 1565 148 307 1625 127 1474 5978 151 1641 5965 72 1634 5929 152 2631 7303 71 1868 7426 90 30 7350 71 1868 6858 149 1319 6780 90 30 6746 72 1634 1744 128 1607 1518 127 1474 1562 152 2631 6880 104 326 6738 71 1868 7105 102 2647 6885 129 851 6784 130 1312 6696 130 1312 6628 153 2896 6680 102 2647 6821 153 2896 4800 131 838 4774 102 2647 4861 104 326 6738 132 2227 6668 60 1935 6546 134 1692 6510 131 838 6565 130 1312 6617 130 1312 6051 131 838 6084 153 2896 6067 134 1692 6510 103 227 6488 131 838 6565 133 2226 6540 60 1935 6546 132 2227 6668 134 1692 5896 135 69 5932 103 227 5907 86 818 1189 154 1819 1145 133 2226 1154 136 2693 6507 60 1935 6546 133 2226 6540 48 134 1126 105 2381 1151 135 69 1153 105 2381 1161 154 1819 1098 86 818 1133 48 134 4751 106 514 4741 105 2381 4778 105 2381 1151 106 514 1121 154 1819 1145 136 2693 6507 107 697 6397 28 1501 6417 106 514 1121 63 544 1071 107 697 1117 155 673 4101 74 644 3753 80 1687 3899 76 71 3503 156 561 3418 157 2520 3458 110 2177 4136 82 107 4053 158 185 4078 159 3092 3527 140 339 3500 112 2334 3585 140 339 3500 142 328 3443 83 1044 3477 53 2 4701 160 2083 4958 30 2884 4940 55 139 3352 56 569 3062 161 2970 3082 57 3084 4140 162 792 4223 117 718 4152 123 29 5906 118 1930 5822 163 1441 5910 120 89 407 164 2902 432 69 121 408 36 1456 4103 117 718 4152 119 1434 4126 79 1871 4080 119 1434 4126 165 1256 4112 59 2450 334 166 813 339 120 89 407 125 2875 705 167 2082 803 126 863 736 88 562 2937 149 1319 2908 125 2875 2943 72 1634 2917 148 307 2939 168 868 2935 72 1269 1547 169 239 1663 148 1085 1759 71 1868 6858 91 2371 7430 150 816 7161 102 2647 1508 127 1474 1562 128 1607 1518 128 1607 1518 129 851 1490 102 2647 1508 90 30 7730 101 651 7607 104 326 7542 104 326 7115 152 2631 7303 90 30 7350 170 3053 5213 171 2436 4883 172 2072 5195 72 1634 2070 61 2258 2003 39 2050 1991 101 651 1197 132 2227 1175 104 326 1182 135 69 1153 105 2381 1151 103 227 1185 154 1819 1145 136 2693 1136 133 2226 1154 136 2693 1136 154 1819 1145 107 697 1117 107 697 1117 154 1819 1145 106 514 1121 74 644 3753 155 673 4101 173 2731 3920 173 2731 3920 75 1475 3641 74 644 3753 73 905 4169 174 1781 4274 67 2059 4357 65 2294 2571 175 2006 2700 111 1983 2596 76 71 3503 157 2520 3458 81 2509 3606 176 2454 1193 40 579 1341 14 2056 1330 54 2805 190 55 139 191 177 2835 410 178 1039 419 84 327 405 54 2805 190 42 1125 951 43 2993 981 179 1466 1179 180 1323 1507 116 1248 1454 87 1677 1334 126 863 1313 181 2052 1673 146 2858 1384 69 121 408 161 2970 580 56 569 488 180 1323 3337 87 1677 3028 146 2858 3073 85 348 3448 163 1441 3470 118 1930 3442 120 89 5372 182 2094 5353 164 2902 5379 70 3021 58 100 1189 157 183 1115 42 149 1319 6685 167 2082 6998 125 2875 6814 149 1319 6685 150 816 7031 167 2082 6998 148 307 1625 151 1641 1565 127 1474 1549 3 534 386 91 2371 534 17 1826 429 170 3053 5213 184 1421 4894 171 2436 4883 185 2663 351 186 1669 571 187 1866 563 18 1145 99 188 2749 218 93 447 152 80 1687 2094 81 2509 2069 189 203 2184 51 192 1088 52 163 999 190 1007 1014 109 40 401 191 1120 390 15 3074 368 192 649 552 176 2454 413 14 2056 566 97 440 6020 99 2027 6038 2 730 5757 193 1556 1468 27 703 1457 20 1966 1903 25 1924 1079 194 1092 1087 114 808 977 44 1661 979 195 1308 1213 144 472 1207 196 95 222 197 1923 370 198 77 225 116 1248 1454 199 2662 1600 85 348 1351 85 348 3448 199 2662 3634 200 2325 3516 201 1671 3176 180 1323 3337 146 2858 3073 163 1441 3470 85 348 3448 200 2325 3516 120 89 5372 202 2619 5332 182 2094 5353 182 2094 5353 202 2619 5332 203 83 5258 117 718 768 204 1140 690 119 1434 765 120 89 5372 166 813 5383 202 2619 5332 205 907 613 165 1256 772 119 1434 765 204 1140 690 205 907 613 119 1434 765 206 1606 615 207 301 616 187 1866 563 208 1427 5673 122 677 5733 124 2228 5741 122 677 5733 208 1427 5673 148 307 5657 209 1061 2956 72 1634 2917 208 1427 2947 208 1427 2947 72 1634 2917 168 868 2935 148 307 5657 208 1427 5673 168 868 5651 206 1606 615 187 1866 563 186 1669 571 185 2663 351 210 489 352 186 1669 571 137 51 4554 67 2059 4357 174 1781 4274 211 2772 139 33 2018 86 93 447 152 75 1475 2118 173 2731 2289 212 2793 2260 33 2018 86 211 2772 139 19 3095 63 213 2026 2009 140 339 2005 159 3092 2044 66 2629 4203 141 1157 4120 96 2406 4000 95 843 3416 156 561 3418 76 71 3503 16 518 1936 113 1796 1886 214 2503 1909 98 632 5971 30 2884 5807 215 2175 5990 216 2364 4604 53 2 4701 27 703 4355 217 1908 1379 218 1914 1259 219 946 1231 220 1185 2002 221 358 2085 222 246 2083 54 2805 190 177 2835 410 178 1039 419 43 2993 981 144 472 1207 179 1466 1179 223 1893 384 198 77 225 197 1923 370 198 77 5234 223 1893 5582 224 3040 5570 225 1782 3362 55 139 3352 161 2970 3082 164 2902 432 226 593 494 69 121 408 164 2902 5379 182 2094 5353 226 593 5376 207 301 616 206 1606 615 204 1140 690 124 2228 2348 227 1472 2512 208 1427 2376 187 1866 3245 207 301 3295 228 715 3343 187 1866 3245 228 715 3343 229 1964 3373 72 1634 2917 209 1061 2956 227 1472 2988 170 3053 5213 172 2072 5195 203 83 5258 187 1866 5317 230 2032 5424 185 2663 5329 171 2436 4883 184 1421 4894 231 2602 4826 155 673 4116 80 1687 4098 232 302 4157 108 2253 2603 233 2746 2696 65 2294 2571 212 2793 2260 112 2334 2084 75 1475 2118 34 2414 130 234 160 76 52 163 66 235 1577 4019 95 843 3662 142 328 3671 32 111 858 114 808 977 236 1259 930 237 2891 1340 217 1908 1379 219 946 1231 238 1300 440 239 2244 572 221 358 435 239 2244 2175 222 246 2083 221 358 2085 240 1720 1281 241 1275 1219 222 246 1217 242 46 1110 243 1857 1049 244 2235 1125 197 1923 370 245 2309 451 223 1893 384 180 1323 3337 201 1671 3176 246 523 3351 78 490 891 247 116 884 68 965 952 59 2450 334 248 1593 330 166 813 339 166 813 5383 248 1593 5375 202 2619 5332 147 784 3559 227 1472 3508 124 2228 3464 249 660 5261 203 83 5258 202 2619 5332 203 83 5258 249 660 5261 170 3053 5213 208 1427 6374 227 1472 6571 209 1061 6458 205 907 613 206 1606 615 186 1669 571 170 3053 3592 249 660 3653 250 726 3652 205 907 1241 186 1669 1211 251 2583 1256 51 192 1088 252 2977 1100 92 2572 1221 252 2977 1100 51 192 1088 190 1007 1014 19 3095 946 138 1165 937 8 1064 896 23 693 1927 253 2348 1885 20 1966 1903 25 1924 1079 99 2027 1180 194 1092 1087 254 699 1240 241 1275 1219 255 2724 1347 239 2244 2175 256 265 2156 222 246 2083 257 361 2342 242 46 2315 244 2235 2318 244 2235 5018 243 1857 4901 258 1141 4679 242 46 3793 219 946 3796 259 2506 3660 44 1661 979 68 965 969 260 609 1216 180 1323 1507 199 2662 1600 116 1248 1454 57 3084 3420 145 2021 3552 162 792 3419 123 29 5906 163 1441 5910 261 2828 6101 199 2662 3634 262 1925 3588 200 2325 3516 181 2052 1673 201 1671 1437 146 2858 1384 123 29 5906 263 2745 6006 147 784 5775 207 301 4049 204 1140 4014 228 715 4068 172 2072 5834 264 566 5969 203 83 5912 187 1866 3245 229 1964 3373 265 394 3356 266 2860 327 59 2450 334 70 3021 286 79 1871 4080 165 1256 4112 78 490 4055 250 726 5257 249 660 5261 202 2619 5332 167 2082 1849 91 2371 1851 267 1684 1868 167 2082 6998 150 816 7031 91 2371 7374 206 1606 615 205 907 613 204 1140 690 170 3053 5213 268 1559 5203 184 1421 4894 186 1669 571 210 489 352 251 2583 567 185 2663 5329 230 2032 5424 232 302 5381 231 2602 4826 269 2124 4816 171 2436 4883 232 302 331 210 489 352 185 2663 351 232 302 331 270 826 329 210 489 352 231 2602 4826 184 1421 4894 271 1041 4829 137 51 4376 231 2602 4438 108 2253 4353 231 2602 4438 271 1041 4446 108 2253 4353 137 51 2586 174 1781 2329 272 581 2599 80 1687 4098 273 62 4165 270 826 4162 108 2253 4353 274 2220 4447 275 2296 4467 276 97 4167 273 62 4165 80 1687 4098 73 905 2183 110 2177 2141 174 1781 2329 211 2772 139 277 457 120 19 3095 63 81 2509 3606 157 2520 3458 278 592 3434 213 2026 3756 142 328 3671 140 339 3664 35 893 5966 22 2107 5767 98 632 5971 236 1259 930 279 132 905 32 111 858 280 2069 993 236 1259 930 114 808 977 255 2724 1347 241 1275 1219 281 823 1338 240 1720 1281 282 1693 1323 241 1275 1219 244 2235 3072 279 132 3273 283 1124 3200 244 2235 3072 284 1715 3093 279 132 3273 285 1691 6663 219 946 6451 242 46 6467 242 46 1110 259 2506 1045 243 1857 1049 286 2428 1132 220 1185 1119 222 246 1217 222 246 1353 287 2472 1123 286 2428 1300 241 1275 1219 287 2472 1018 222 246 1217 220 1185 2002 288 408 1894 221 358 2085 195 1308 1213 289 1657 1242 144 472 1207 262 1925 3588 199 2662 3634 224 3040 3656 264 566 5969 172 2072 5834 290 2484 5946 248 1593 2707 59 2450 2776 266 2860 2675 291 257 4143 78 490 4055 165 1256 4112 183 1115 294 266 2860 327 70 3021 286 126 863 3968 167 2082 3875 267 1684 3785 291 257 4143 247 116 4104 78 490 4055 202 2619 5629 292 2225 5794 250 726 5647 172 2072 5195 171 2436 4883 293 2581 4875 231 2602 4438 137 51 4376 269 2124 4441 232 302 4157 80 1687 4098 270 826 4162 294 1038 2946 210 489 2848 270 826 2979 274 2220 5934 184 1421 5891 275 2296 5952 274 2220 4447 108 2253 4353 271 1041 4446 295 158 4899 210 489 4820 296 1370 4921 234 160 76 34 2414 130 297 2070 168 298 184 2061 158 185 2091 82 107 2064 82 107 6912 96 2406 6385 298 184 7318 20 1966 1903 253 2348 1885 193 1556 1468 30 2884 4940 160 2083 4958 215 2175 5114 27 703 4355 255 2724 4450 216 2364 4604 194 1092 1087 280 2069 993 114 808 977 282 1693 1323 281 823 1338 241 1275 1219 299 2088 636 239 2244 572 238 1300 440 283 1124 2438 257 361 2342 244 2235 2318 240 1720 1281 222 246 1217 256 265 1316 244 2235 3072 300 902 2861 284 1715 3093 244 2235 3072 258 1141 2814 300 902 2861 259 2506 3660 219 946 3796 301 1731 3562 287 2472 1018 241 1275 1219 254 699 1240 221 358 435 288 408 277 238 1300 440 178 1039 419 302 3035 466 84 327 405 303 2645 346 197 1923 370 196 95 222 245 2309 5688 304 3050 5622 223 1893 5582 305 1649 5248 306 115 5104 198 77 5234 224 3040 5570 305 1649 5248 198 77 5234 199 2662 2240 305 1649 2444 224 3040 2232 180 1323 2455 305 1649 2444 199 2662 2240 123 29 5906 261 2828 6101 307 696 6174 261 2828 6101 163 1441 5910 262 1925 6109 262 1925 3588 163 1441 3470 200 2325 3516 126 863 1313 308 958 1442 181 2052 1673 182 2094 4071 203 83 4088 226 593 4092 309 1437 6667 91 1590 6581 267 114 6742 267 1684 1868 91 2371 1851 310 2817 1867 310 2817 1867 91 2371 1851 311 91 1877 91 2371 534 3 534 386 312 869 528 313 1203 5729 170 3053 5628 250 726 5698 230 2032 5424 187 1866 5317 265 394 5407 29 1348 2990 92 2572 2929 314 1748 3150 315 2717 4900 184 1421 4894 268 1559 5203 293 2581 1218 171 2436 1163 269 2124 1212 137 51 4376 272 581 4624 269 2124 4441 294 1038 6850 276 97 7271 210 489 7383 271 1041 4829 184 1421 4894 274 2220 4830 273 62 7038 276 97 7271 294 1038 6850 276 97 4879 296 1370 4921 210 489 4820 275 2296 4467 233 2746 4563 108 2253 4353 211 2772 139 93 447 152 316 2327 167 317 1240 2197 112 2334 2084 212 2793 2260 317 1240 2197 318 1534 2100 112 2334 2084 319 1137 2166 94 3058 2264 15 3074 2453 213 2026 2009 159 3092 2044 112 2334 2084 23 693 101 77 3011 62 253 2348 7 27 703 1457 193 1556 1468 255 2724 1401 320 2218 4743 321 50 4840 53 2 4701 53 2 4701 321 50 4840 160 2083 4958 322 1814 3256 283 1124 3200 279 132 3273 299 2088 7305 323 676 6468 239 2244 6421 237 2891 1883 219 946 1755 285 1691 1850 257 361 6539 285 1691 6663 242 46 6467 259 2506 1045 301 1731 1009 243 1857 1049 243 1857 4901 324 1605 4797 258 1141 4679 286 2428 1300 287 2472 1123 325 2479 1222 220 1185 2002 326 1932 1958 288 408 1894 218 1914 1259 327 2481 970 219 946 1231 328 1436 5542 329 2055 5477 330 963 5534 328 1436 5542 331 1506 5498 329 2055 5477 302 3035 466 178 1039 419 332 3014 462 302 3035 466 333 1135 441 84 327 405 197 1923 370 334 1056 428 335 704 452 197 1923 962 335 704 895 245 2309 893 307 696 6174 261 2828 6101 336 1060 6195 261 2828 6101 262 1925 6109 336 1060 6195 246 523 1707 201 1671 1437 181 2052 1673 115 1540 388 337 1538 133 100 1189 157 161 2970 580 69 121 408 338 1395 671 69 121 4655 226 593 4747 338 1395 4942 267 1684 1868 310 2817 1867 311 91 1877 165 1256 772 205 907 613 339 85 683 205 907 1241 251 2583 1256 340 2163 1296 313 1203 5729 268 1559 5712 170 3053 5628 172 2072 5195 293 2581 4875 290 2484 5210 18 1145 99 61 2258 144 188 2749 218 3 534 6724 29 1348 6266 314 1748 7179 230 2032 5424 341 356 5461 232 302 5381 341 356 4192 155 673 4116 232 302 4157 270 826 6693 273 62 7038 294 1038 6850 315 2717 5991 275 2296 5952 184 1421 5891 342 1926 1137 194 1092 1087 99 2027 1180 236 1259 930 280 2069 993 343 68 978 216 2364 4604 344 1258 4675 53 2 4701 344 1258 4675 320 2218 4743 53 2 4701 217 1908 4146 237 2891 4031 345 1265 4052 282 1693 7051 346 1697 6910 281 823 6735 282 1693 1323 240 1720 1281 256 265 1316 347 2612 2462 257 361 2342 283 1124 2438 257 361 6539 347 2612 6860 285 1691 6663 286 2428 1132 325 2479 1083 326 1932 1082 286 2428 1132 326 1932 1082 220 1185 1119 243 1857 1049 301 1731 1009 324 1605 1011 254 699 1240 348 2272 904 287 2472 1018 219 946 3796 349 1386 3509 301 1731 3562 287 2472 1018 350 2208 1037 325 2479 1083 326 1932 1958 350 2208 1912 288 408 1894 219 946 3796 327 2481 3412 349 1386 3509 144 472 1207 289 1657 1242 351 1122 1249 289 1657 1242 195 1308 1213 352 2096 1254 353 2842 265 303 2645 346 196 95 222 354 3086 4062 145 2021 3552 179 1466 4061 195 1308 1213 44 1661 979 260 609 1216 355 1303 147 198 77 225 356 2953 161 356 2953 5095 198 77 5234 306 115 5104 224 3040 5570 223 1893 5582 304 3050 5622 305 1649 2444 180 1323 2455 246 523 2499 263 2745 6006 123 29 5906 307 696 6174 264 566 4124 226 593 4092 203 83 4088 229 1964 4089 228 715 4068 204 1140 4014 183 1115 42 100 1189 157 337 1538 133 126 863 4221 267 1684 4282 311 91 4336 72 1634 2917 357 3024 3017 61 2258 2906 248 1593 5687 292 2225 5794 202 2619 5629 210 489 352 295 158 353 251 2583 567 341 356 4192 358 3094 4237 155 673 4116 155 673 2436 358 3094 2446 173 2731 2289 80 1687 4098 296 1370 4194 276 97 4167 80 1687 3164 189 203 2897 359 1361 3011 212 2793 2260 360 1531 2295 317 1240 2197 361 1667 2290 174 1781 2329 362 962 2278 317 1240 2334 363 385 2281 318 1534 2253 174 1781 2329 110 2177 2141 362 962 2278 109 40 401 364 2465 399 191 1120 390 15 3074 2453 191 1120 2392 319 1137 2166 139 1074 877 14 2056 566 8 1064 896 365 663 356 6 1034 305 94 3058 364 10 2654 2627 366 1080 2642 97 440 2565 24 2525 1917 143 1010 1500 113 1796 1886 367 119 921 279 132 905 236 1259 930 255 2724 4450 368 2627 4576 216 2364 4604 236 1259 7617 322 1814 7544 367 119 7572 322 1814 5744 279 132 5852 367 119 5764 281 823 4082 368 2627 4087 255 2724 4027 281 823 3085 346 1697 3125 216 2364 3113 216 2364 3113 346 1697 3125 344 1258 3181 194 1092 1087 369 2992 1020 280 2069 993 283 1124 6979 322 1814 6747 370 1878 7189 217 1908 4146 345 1265 4052 371 2625 4131 372 481 1402 323 676 1354 299 2088 1588 299 2088 3304 373 1632 3127 372 481 3102 345 1265 1900 237 2891 1883 374 927 1910 370 1878 7189 347 2612 7212 283 1124 6979 239 2244 6421 323 676 6468 256 265 6360 237 2891 1883 285 1691 1850 374 927 1910 325 2479 1083 350 2208 1037 326 1932 1082 324 1605 4797 375 479 4727 258 1141 4679 327 2481 3412 376 1658 3454 349 1386 3509 377 1872 2632 300 902 2861 258 1141 2814 218 1914 1259 378 1071 902 327 2481 970 288 408 277 379 64 73 238 1300 440 330 963 5534 329 2055 5477 380 1288 5416 381 1170 5186 382 2221 5164 383 2442 5218 332 3014 462 178 1039 419 384 313 461 384 313 461 178 1039 419 177 2835 410 144 472 1207 385 1426 1229 179 1466 1179 144 472 1207 386 1653 1233 385 1426 1229 144 472 1207 351 1122 1249 386 1653 1233 387 1810 4054 302 3035 3862 332 3014 4073 352 2096 1254 195 1308 1213 388 570 1260 333 1135 441 389 2301 443 84 327 405 389 2301 436 115 1540 388 84 327 397 390 949 385 177 2835 410 55 139 191 196 95 222 198 77 225 355 1303 147 307 696 6174 336 1060 6195 304 3050 6204 336 1060 6195 262 1925 6109 224 3040 6210 391 1520 4117 204 1140 4014 117 718 4010 126 863 1313 311 91 1266 392 1752 1287 311 91 1877 91 2371 1851 393 844 1898 72 1634 2917 227 1472 2988 394 3016 3029 291 257 746 165 1256 772 339 85 683 293 2581 1218 269 2124 1212 395 1807 1244 396 3113 6135 211 2772 6078 316 2327 6215 252 2977 1100 397 2502 1084 398 971 1139 189 203 2184 81 2509 2069 399 620 2243 397 2502 1084 252 2977 1100 400 128 1038 252 2977 1100 190 1007 1014 400 128 1038 211 2772 5192 401 2800 5052 277 457 4992 402 176 2146 110 2177 2141 403 928 2138 138 1165 122 19 3095 63 277 457 120 234 160 989 190 1007 1014 52 163 999 279 132 1412 143 1010 1500 32 111 1499 404 2604 1039 194 1092 1087 405 342 1090 404 2604 1039 369 2992 1020 194 1092 1087 280 2069 3969 406 1142 3867 407 2062 3802 370 1878 967 322 1814 922 236 1259 930 281 823 4082 216 2364 4096 368 2627 4087 321 50 4840 408 850 4908 160 2083 4958 345 1265 7145 280 2069 7204 407 2062 7424 345 1265 6292 407 2062 6481 406 1142 6420 345 1265 1900 374 927 1910 280 2069 1916 409 2266 4734 320 2218 4743 344 1258 4675 410 708 4745 372 481 4806 320 2218 4743 372 481 6240 321 50 6291 320 2218 6153 346 1697 6910 282 1693 7051 411 1252 7278 410 708 6478 323 676 6468 372 481 6601 411 1252 1639 282 1693 1486 256 265 1506 410 708 6478 256 265 6360 323 676 6468 374 927 7020 285 1691 6663 347 2612 6860 412 1016 1416 279 132 1412 284 1715 1324 217 1908 2684 413 782 2575 218 1914 2587 301 1731 1009 349 1386 986 324 1605 1011 414 195 453 238 1300 440 415 2139 71 375 479 4219 324 1605 4257 349 1386 4201 287 2472 1018 416 1054 1015 350 2208 1037 376 1658 4573 258 1141 4679 375 479 4727 416 1054 1876 288 408 1894 350 2208 1912 417 2885 2619 300 902 2861 377 1872 2632 416 1054 1876 418 2653 1829 288 408 1894 287 2472 1018 348 2272 904 419 2440 906 420 2280 88 379 64 73 288 408 277 421 2934 911 327 2481 970 378 1071 902 328 1436 5542 330 963 5534 422 2468 5636 381 1170 5186 351 2681 5087 382 2221 5164 423 688 6760 382 2221 6387 351 2681 6902 329 2055 5014 424 532 5205 380 1288 5239 332 3014 4073 380 2848 4109 425 245 4085 332 3014 462 384 313 461 380 2848 468 177 2835 410 426 1630 455 384 313 461 382 2221 6387 423 688 6760 427 2233 6583 428 1631 5430 387 1810 5417 329 2055 5477 329 2055 5477 387 1810 5417 424 532 5433 332 3014 4073 425 245 4085 387 1810 4054 289 1657 6013 429 1813 6030 430 2446 5995 427 2233 4420 429 1813 4431 382 2221 4337 382 2221 7129 429 1813 6725 431 828 7160 331 1506 5498 302 3035 5413 329 2055 5477 302 3035 5413 428 1631 5430 329 2055 5477 432 2922 5099 383 2442 5218 382 2221 5164 428 1631 5430 302 3035 5413 387 1810 5417 431 828 7149 429 1813 7450 433 1331 6878 289 1657 6013 433 1331 6167 429 1813 6030 289 1657 6013 352 2096 6180 433 1331 6167 302 3035 3339 434 741 3306 333 1135 3277 195 1308 1213 260 609 1216 388 570 1260 196 95 222 355 1303 147 435 2073 178 179 1466 4061 145 2021 3552 42 1125 3546 334 1056 428 436 2646 516 335 704 452 435 2073 178 355 1303 147 437 2385 116 438 2699 1746 335 704 1618 439 271 1693 305 1649 1429 246 523 1444 306 115 1583 224 3040 6210 304 3050 6204 336 1060 6195 308 958 1442 440 1698 1678 181 2052 1673 441 615 1335 308 958 1442 126 863 1313 68 965 952 247 116 884 442 2966 941 126 863 1313 392 1752 1287 441 615 1335 147 784 7364 443 2002 7156 227 1472 6675 72 1634 2917 394 3016 3029 357 3024 3017 357 3024 3017 188 2749 3003 61 2258 2906 205 907 613 340 2163 624 339 85 683 268 1559 5712 313 1203 5729 444 1553 5791 92 2572 1221 252 2977 1100 445 1020 1206 316 2327 167 446 3099 169 396 3113 149 211 2772 6322 362 962 6306 447 2250 6094 401 2800 6162 211 2772 6322 447 2250 6094 397 2502 3134 400 128 3037 448 2659 3126 448 2659 2191 363 385 2123 317 1240 2197 402 176 6095 447 2250 6094 362 962 6306 362 962 2278 110 2177 2141 402 176 2146 112 2334 2084 449 2782 2007 213 2026 2009 278 592 5968 157 2520 5725 450 2952 5931 192 649 552 14 2056 566 139 1074 877 156 561 3681 95 843 3662 451 587 4024 404 2604 1039 371 2625 1053 369 2992 1020 280 2069 3969 369 2992 3780 406 1142 3867 369 2992 3224 452 728 3143 406 1142 3190 370 1878 967 236 1259 930 343 68 978 453 1028 4783 373 1268 4846 372 42 4806 373 1632 4846 321 50 4840 372 481 4806 321 50 4840 373 1632 4846 408 850 4908 373 1632 4846 299 2088 4966 408 850 4908 454 2872 4885 160 2083 4958 408 850 4908 369 2992 4936 371 2625 4991 345 1265 4858 345 1265 5194 455 258 5254 369 2992 5281 406 1142 1645 455 258 1671 345 1265 1495 406 1142 2475 452 728 2547 455 258 2473 374 927 7020 456 2463 7095 280 2069 7120 456 2463 6300 457 2857 6283 280 2069 6214 457 2857 586 343 68 628 280 2069 554 410 708 4745 320 2218 4743 409 2266 4734 410 708 823 411 1252 723 256 265 699 255 2724 1401 458 794 1317 254 699 1319 299 2088 636 238 1300 440 414 195 453 349 1386 1356 376 1658 1291 375 479 1371 218 1914 1259 413 782 1258 378 1071 902 287 2472 1018 418 2653 988 416 1054 1015 287 2472 1018 459 1636 948 418 2653 988 376 1658 3630 460 2425 3540 258 1141 3709 258 1141 3317 460 2425 3111 377 1872 2997 287 2472 1018 419 2440 906 459 1636 948 327 2481 3412 460 2425 3407 376 1658 3454 421 2934 3284 460 2425 3407 327 2481 3412 419 2440 906 461 2254 923 459 1636 948 462 1672 3379 421 2934 3284 463 886 3286 378 1071 902 464 1706 887 421 2934 911 465 1221 3342 466 1888 3235 467 1876 3515 353 2842 1288 468 289 1357 303 2645 1298 423 688 4349 289 1657 4295 430 2446 4338 424 532 5433 387 1810 5417 425 245 5410 423 688 4502 430 2446 4518 429 1813 4431 423 688 4502 429 1813 4431 427 2233 4420 431 828 7160 432 2922 7385 382 2221 7129 431 828 426 433 1331 409 432 2922 394 388 570 6319 433 1331 6167 352 2096 6180 333 1135 6288 434 741 6329 389 2301 6429 469 2892 158 353 2842 265 196 95 222 436 2646 516 439 271 485 335 704 452 438 2699 888 245 2309 893 335 704 895 355 1303 2519 356 2953 2503 470 2127 2428 470 2127 2428 356 2953 2503 306 115 2397 471 3051 5700 304 3050 5622 245 2309 5688 306 115 5392 246 523 5289 181 2052 5324 306 115 5392 181 2052 5324 440 1698 5442 226 593 4092 264 566 4124 472 1776 4154 339 85 683 340 2163 624 473 1014 606 313 1203 5729 250 726 5698 292 2225 5818 312 869 1884 3 534 1785 314 1748 1862 473 1014 1315 340 2163 1296 251 2583 1256 395 1807 3818 269 2124 3740 272 581 3987 474 994 2312 174 1781 2329 361 1667 2290 446 3099 6475 211 2772 6322 396 3113 6390 475 3015 3249 398 971 3253 448 2659 3126 398 971 3253 397 2502 3134 448 2659 3126 361 1667 6345 211 2772 6322 446 3099 6475 448 2659 2191 317 1240 2197 360 1531 2295 211 2772 6322 361 1667 6345 362 962 6306 400 128 3037 363 385 3045 448 2659 3126 401 2800 135 447 2250 136 277 457 120 400 128 3037 318 1534 3005 363 385 3045 399 620 2243 81 2509 2069 278 592 2234 110 2177 2141 476 596 2099 403 928 2138 213 2026 2009 449 2782 2007 477 422 1893 158 185 2091 298 184 2061 478 973 2052 175 2006 2700 141 1157 2589 111 1983 2596 142 328 3671 213 2026 3756 477 422 4102 95 843 3662 479 560 4039 451 587 4024 454 2872 4885 480 1600 4960 160 2083 4958 343 68 6368 457 2857 6283 456 2463 6300 454 2872 6274 408 850 6284 299 2088 6404 455 258 6665 452 728 6550 369 2992 6733 409 2266 773 411 1252 723 410 708 823 456 2463 7095 347 2612 6860 370 1878 7045 374 927 7020 347 2612 6860 456 2463 7095 284 1715 1324 481 617 1320 412 1016 1416 238 1300 440 379 64 73 415 2139 71 418 2653 1829 482 3102 1794 288 408 1894 377 1872 2632 460 2425 2702 462 1672 2677 421 2934 3284 462 1672 3379 460 2425 3407 288 408 2689 482 3102 2584 461 2254 2448 377 1872 2632 462 1672 2677 463 886 2623 288 408 3674 461 2254 3472 420 2280 3441 483 1273 2890 484 881 2641 485 2969 2674 383 2442 5218 486 3042 5310 381 1170 5186 330 963 5706 380 1288 5676 487 930 5661 466 1888 3235 488 878 3184 467 1876 3515 380 1288 5239 424 532 5205 487 930 5251 425 245 5410 489 945 5425 424 532 5433 380 2848 7714 384 313 7750 425 245 7523 351 1122 5671 289 1657 5589 386 1653 5685 289 1657 6948 490 641 7299 386 1653 7379 423 688 3904 490 641 3963 289 1657 3819 485 2969 2674 484 881 2641 491 2487 2593 434 741 6329 492 430 6399 389 2301 6429 197 1923 370 303 2645 346 493 369 427 494 2941 6220 433 1331 6167 388 570 6319 197 1923 370 493 369 427 334 1056 428 390 949 3615 55 139 3352 225 1782 3362 439 271 3226 471 3051 3167 438 2699 3202 438 2699 888 471 3051 865 245 2309 893 304 3050 3013 471 3051 3096 307 696 3114 225 1782 3362 161 2970 3082 338 1395 3071 226 593 4092 472 1776 4154 338 1395 4214 290 2484 5946 495 1778 6039 264 566 5969 443 2002 7156 394 3016 7140 227 1472 6675 392 1752 1287 311 91 1266 393 844 1274 266 2860 5735 292 2225 5794 248 1593 5687 496 870 5796 292 2225 5794 266 2860 5735 496 870 5796 183 1115 5749 497 1486 5857 496 870 3788 266 2860 3852 183 1115 4003 291 257 746 498 1863 674 247 116 790 292 2225 5794 444 1553 5752 313 1203 5680 499 2788 6071 315 2717 5721 268 1559 5712 275 2296 5952 315 2717 5991 500 464 6042 475 3015 2269 448 2659 2191 360 1531 2295 233 2746 2696 501 2357 2690 65 2294 2571 402 176 7411 403 928 7365 447 2250 7077 502 1954 162 277 457 120 447 2250 136 190 1007 1014 234 160 989 503 1301 1013 364 2465 399 319 1137 391 191 1120 390 109 40 4161 40 579 4160 364 2465 3887 175 2006 4180 504 781 4170 141 1157 4011 6 1034 305 297 2070 168 34 2414 130 157 2520 2106 156 561 2093 451 587 2255 298 184 6896 96 2406 6176 505 2937 6899 141 1157 3704 506 824 4042 96 2406 3690 342 1926 1137 405 342 1090 194 1092 1087 143 1010 1500 279 132 1412 412 1016 1416 405 342 5694 507 1958 5686 404 2604 5790 507 1958 1097 371 2625 1053 404 2604 1039 454 2872 6148 508 2877 6024 480 1600 6027 507 1958 4151 217 1908 4146 371 2625 4131 454 2872 6274 299 2088 6404 508 2877 6428 409 2266 773 509 1603 698 411 1252 723 299 2088 2883 414 195 2749 510 2125 2888 413 782 1258 511 3083 897 378 1071 902 418 2653 988 459 1636 948 482 3102 947 459 1636 948 461 2254 923 482 3102 947 461 2254 923 419 2440 906 512 230 909 461 2254 3472 512 230 3452 420 2280 3441 513 528 5578 486 3042 5310 383 2442 5218 487 929 5251 384 314 5272 380 2847 5239 514 1552 6978 423 688 6760 351 2681 6902 384 313 2581 515 2057 2597 425 245 2528 425 245 5410 515 2057 5382 489 945 5425 354 3086 332 179 1466 287 385 1426 307 514 1552 7352 490 641 7299 423 688 7182 302 3035 5413 516 2705 5414 434 741 5390 516 2705 1308 492 430 1311 434 741 1327 433 1331 409 494 2941 392 432 2922 394 437 2385 116 355 1303 147 517 1754 5 470 2127 153 518 2863 141 355 1303 147 439 271 3241 519 1070 3319 471 3051 3293 440 1698 5442 518 2863 5436 306 115 5392 117 718 4152 162 792 4223 391 1520 4260 442 2966 941 247 116 884 520 196 927 472 1776 4154 264 566 4124 495 1778 4155 204 1140 4014 391 1520 4117 229 1964 4089 357 3024 3017 394 3016 3029 521 679 3086 473 1014 1315 251 2583 1256 522 1402 1399 295 158 4899 296 1370 4921 523 959 5212 275 2296 4467 500 464 4574 524 1861 4558 296 1370 4194 80 1687 4098 359 1361 4209 316 2327 167 525 1220 186 446 3099 169 65 2294 2571 501 2357 2690 175 2006 2700 403 928 3792 526 642 3856 447 2250 4001 502 1954 3922 447 2250 4001 526 642 3856 504 781 2713 527 382 2711 141 1157 2589 77 3011 1870 528 695 1843 253 2348 1885 35 893 5966 98 632 5971 529 903 6278 97 440 6020 366 1080 6343 530 417 6361 531 2188 1551 532 1859 1617 480 1600 1550 532 1859 7627 533 1719 7739 480 1600 7548 480 1600 4960 533 1719 4975 160 2083 4958 534 2882 5006 160 2083 4958 533 1719 4975 405 342 4145 535 1527 4149 507 1958 4151 531 2188 1619 480 1600 1753 508 2877 1751 456 2463 7095 370 1878 7045 343 68 7147 346 1697 3125 509 1603 3197 344 1258 3181 344 1258 4675 509 1603 4695 409 2266 4734 299 2088 6404 510 2125 6579 508 2877 6428 411 1252 7278 509 1603 7247 346 1697 6910 284 1715 1324 300 902 1104 481 617 1320 536 2635 2580 377 1872 2632 463 886 2623 512 230 909 419 2440 906 537 885 878 421 2934 3284 464 1706 3173 463 886 3286 538 2664 3078 483 1273 2890 539 1619 3067 540 785 3526 465 1221 3342 467 1876 3515 381 1170 3099 541 1242 2928 351 2681 3077 483 1273 2890 542 3032 2614 484 881 2641 424 532 5205 489 945 5241 487 930 5251 490 641 7299 514 1552 7352 386 1653 7379 177 2835 2585 390 949 2651 426 1630 2594 465 1221 113 543 719 4 466 1888 67 432 2922 5099 544 2155 5089 383 2442 5218 331 1506 5498 516 2705 5414 302 3035 5413 389 2301 6429 492 430 6399 545 311 6525 196 95 222 435 2073 178 469 2892 158 389 2301 436 546 2047 367 115 1540 388 547 772 703 439 271 485 436 2646 516 470 2127 153 306 115 163 518 2863 141 518 2863 5436 440 1698 5442 548 952 5459 183 1115 42 337 1538 133 497 1486 1 498 1863 5603 549 1324 5621 247 116 5522 499 2788 6071 550 2295 6070 315 2717 5721 524 1861 4558 233 2746 4563 275 2296 4467 316 2327 167 93 447 152 551 1562 206 445 1020 3258 252 2977 3119 552 1383 3239 551 1562 206 525 1220 186 316 2327 167 252 2977 1100 398 971 1139 552 1383 1190 446 3099 6475 525 1220 6536 553 1827 6591 553 1827 6591 361 1667 6345 446 3099 6475 503 1301 2964 318 1534 3005 400 128 3037 400 128 1038 190 1007 1014 503 1301 1013 502 1954 162 138 1165 122 277 457 120 554 1143 2077 112 2334 2084 318 1534 2100 158 185 2091 478 973 2052 110 2177 2141 555 1689 72 234 160 76 297 2070 168 40 579 4160 176 2454 3861 364 2465 3887 556 1212 2441 557 776 2429 405 342 2402 557 776 2429 535 1527 2406 405 342 2402 531 2188 1551 533 1719 1719 532 1859 1617 557 776 4166 217 1908 4146 507 1958 4151 535 1527 4149 557 776 4166 507 1958 4151 508 2877 6428 533 1719 6498 531 2188 6384 533 1719 6498 508 2877 6428 510 2125 6579 558 1978 2693 413 782 2575 217 1908 2684 559 2261 882 512 230 909 537 885 878 559 2261 3398 420 2280 3441 512 230 3452 420 2280 88 560 368 52 561 2628 8 542 3032 2614 483 1273 2890 538 2664 3078 562 1448 3728 467 1876 3515 563 896 3736 564 2950 2921 483 1273 2890 485 2969 2674 467 1876 3515 488 878 3184 563 896 3736 422 2468 5636 565 32 5890 328 1436 5542 385 1426 307 386 1653 300 566 52 342 567 2012 5654 331 1506 5498 328 1436 5542 568 1172 3374 386 1653 3396 514 1552 3363 489 945 758 515 2057 847 569 277 788 491 2487 2593 484 881 2641 542 3032 2614 432 2922 394 494 2941 392 544 2155 383 334 1056 428 570 2669 493 436 2646 516 437 2385 116 469 2892 158 435 2073 178 571 680 3347 519 1070 3319 439 271 3241 518 2863 141 572 2138 124 355 1303 147 260 609 1177 68 965 952 442 2966 941 519 1070 3152 307 696 3114 471 3051 3096 307 696 1062 573 2332 1091 263 2745 1060 573 2332 1091 574 365 1103 263 2745 1060 145 2021 3552 575 459 3513 162 792 3419 576 2528 4435 440 1698 4351 308 958 4466 391 1520 4117 577 434 4119 229 1964 4089 577 434 3403 265 394 3356 229 1964 3373 443 2002 6679 521 679 6842 394 3016 6634 312 869 1884 393 844 1898 91 2371 1851 291 257 746 339 85 683 498 1863 674 358 3094 2446 212 2793 2260 173 2731 2289 174 1781 2329 474 994 2312 578 2940 2346 474 994 6473 361 1667 6345 553 1827 6591 503 1301 7460 554 1143 7319 318 1534 7112 6 1034 305 365 663 356 297 2070 168 10 2654 2627 16 518 2995 366 1080 2642 254 699 1319 458 794 1317 348 2272 932 481 617 3097 417 2885 2619 579 2948 2624 300 902 2861 417 2885 2619 481 617 3097 377 1872 2632 580 56 2534 417 2885 2619 348 2272 904 581 1420 859 419 2440 906 419 2440 906 581 1420 859 537 885 878 511 3083 5656 582 2376 5615 378 1071 5575 583 2473 875 464 1706 887 378 1071 902 378 1071 902 582 2376 857 583 2473 875 539 1619 3067 483 1273 2890 564 2950 2921 513 528 5578 383 2442 5218 584 1376 5359 541 1242 2928 585 3125 2973 351 2681 3077 468 289 824 493 369 617 303 2645 631 487 930 1727 489 945 1683 569 277 1576 487 930 839 515 2057 753 586 2515 755 487 930 7717 569 277 7468 515 2057 7588 543 719 3138 488 878 3184 466 1888 3235 494 2941 392 587 940 363 544 2155 383 588 364 6432 436 2646 6098 570 2669 6136 588 364 647 547 772 703 436 2646 516 519 1070 3319 573 2332 3309 307 696 3260 548 952 5459 572 2138 5484 518 2863 5436 572 2138 124 589 2433 55 355 1303 147 440 1698 7728 572 2138 7535 548 952 7658 440 1698 4351 576 2528 4435 590 1755 4417 247 116 884 549 1324 849 520 196 927 341 356 4192 591 2424 4253 358 3094 4237 551 1562 206 592 1511 205 525 1220 186 552 1383 1190 398 971 1139 445 1020 1206 445 1020 3335 398 971 3253 593 2109 3300 525 1220 6536 592 1511 6611 553 1827 6591 475 3015 3249 593 2109 3300 398 971 3253 578 2940 6586 474 994 6473 553 1827 6591 360 1531 2295 593 2109 2296 475 3015 2269 112 2334 2084 554 1143 2077 594 1555 2036 94 3058 364 319 1137 391 365 663 356 451 587 2255 450 2952 2248 157 2520 2106 217 1908 4146 557 776 4166 558 1978 4220 255 2724 1401 595 2049 1413 458 794 1317 420 2280 3441 559 2261 3398 560 368 3392 420 2280 88 561 2628 8 379 64 73 596 1906 828 597 2719 633 562 1448 694 562 1448 376 540 785 310 467 1876 273 426 1630 2594 598 282 2661 384 313 2581 390 949 2651 598 282 2661 426 1630 2594 351 2681 6902 585 3125 7276 514 1552 6978 487 930 3220 586 2515 3191 599 2540 3144 514 1552 3363 585 3125 3265 568 1172 3374 586 2515 2604 515 2057 2597 599 2540 2621 568 1172 3374 585 3125 3265 600 1162 3325 584 1376 5359 383 2442 5218 601 1726 5219 383 2442 5218 544 2155 5089 601 1726 5219 602 2213 5389 516 2705 5414 331 1506 5498 542 3032 2614 603 2068 2523 491 2487 2593 516 2705 1308 604 1205 1276 492 430 1311 469 2892 158 437 2385 116 605 1307 125 494 2941 6220 388 570 6319 587 940 6301 334 1056 428 493 369 427 570 2669 493 354 3086 4062 575 459 3513 145 2021 3552 355 1303 147 589 2433 55 517 1754 5 547 772 703 571 680 632 439 271 485 519 1070 3319 571 680 3347 606 698 3360 519 1070 3319 606 698 3360 574 365 3348 572 2138 5395 590 1755 5432 589 2433 5406 440 1698 4351 590 1755 4417 572 2138 4389 607 1227 123 497 1486 1 337 1538 133 293 2581 1218 608 1771 1336 609 2568 1422 293 2581 1218 395 1807 1244 608 1771 1336 230 2032 5424 610 1568 5623 341 356 5461 341 356 1372 610 1568 1453 611 1544 1406 272 581 4624 612 2449 4606 395 1807 4538 341 356 4192 613 1481 4234 591 2424 4253 341 356 5925 611 1544 5877 613 1481 5863 614 2690 745 554 1143 820 503 1301 819 235 1577 4019 479 560 4039 95 843 3662 77 3011 62 35 893 423 529 903 371 98 632 5971 215 2175 5990 615 2508 6314 615 2508 5163 215 2175 5114 160 2083 4958 616 2801 1114 405 342 1090 342 1926 1137 616 2801 6375 556 1212 6279 405 342 6223 556 1212 2441 616 2801 2521 557 776 2429 617 3100 2692 413 782 2575 558 1978 2693 618 1204 929 348 2272 932 458 794 1317 618 1204 929 619 1941 899 348 2272 932 377 1872 2632 536 2635 2580 580 56 2534 620 2245 4779 560 368 4705 559 2261 4726 621 2448 6341 622 2461 6268 623 2608 6112 624 1817 5814 538 2664 5641 539 1619 5924 625 1206 3762 542 3032 3223 538 2664 3764 598 282 2661 626 259 2652 384 313 2581 627 1266 336 386 1653 300 568 1172 309 627 1266 336 566 52 342 386 1653 300 488 878 3184 543 719 3138 628 1896 3100 629 54 5116 601 1726 5219 544 2155 5089 630 2330 6580 545 311 6525 492 430 6399 605 1307 125 437 2385 116 517 1754 5 574 365 3348 573 2332 3309 519 1070 3319 338 1395 1825 472 1776 1795 631 2558 1826 632 2339 4173 577 434 4119 391 1520 4117 393 844 1898 312 869 1884 633 2836 1967 339 85 5564 634 3019 5689 498 1863 5603 635 1640 5937 496 870 5796 497 1486 5857 612 2449 4606 272 581 4624 636 1944 4668 445 1020 6120 593 2109 6152 637 625 6260 403 928 1069 476 596 1112 526 642 1099 554 1143 820 614 2690 745 594 1555 700 112 2334 2084 594 1555 2036 449 2782 2007 110 2177 2141 478 973 2052 638 2180 2082 96 2406 3690 506 824 4042 505 2937 4048 529 903 6278 98 632 5971 639 2134 6308 160 2083 4958 534 2882 5006 615 2508 5163 534 2882 5006 533 1719 4975 640 1015 5004 558 1978 4220 557 776 4166 616 2801 4190 640 1015 6567 533 1719 6498 510 2125 6579 641 2840 5798 536 2635 5761 463 886 5708 463 886 3286 464 1706 3173 641 2840 3160 379 64 4853 642 1040 4906 415 2139 4938 643 2901 4607 644 1694 4627 645 1617 4732 646 325 6388 647 1959 6334 648 1055 6238 645 1617 6155 649 1674 5916 643 2901 5963 650 2292 5892 623 2608 6112 651 2276 5935 623 2608 6112 652 1633 6199 621 2448 6341 645 1617 6155 646 325 6388 649 1674 5916 563 896 3736 596 1906 3999 562 1448 3728 653 502 1326 353 2842 1288 654 856 1396 384 313 2581 626 259 2652 515 2057 2597 568 1172 309 600 1162 324 627 1266 336 353 2842 265 469 2892 158 654 856 154 655 2696 1261 604 1205 1276 516 2705 1308 516 2705 3573 602 2213 3621 655 2696 3626 656 1701 4888 629 54 4865 544 2155 4822 545 311 6525 657 2632 6641 389 2301 6429 260 609 1177 658 1405 1159 388 570 1225 605 1307 125 517 1754 5 659 1340 31 590 1755 5432 660 1736 5472 589 2433 5406 308 958 5371 441 615 5403 661 2198 5055 312 869 1884 662 2099 2049 633 2836 1967 292 2225 5794 663 802 5933 444 1553 5752 314 1748 1408 92 2572 1221 664 1399 1458 636 1944 4105 665 661 4081 612 2449 4072 174 1781 2329 578 2940 2346 272 581 2599 234 160 989 555 1689 985 666 186 995 667 750 1975 477 422 1893 449 2782 2007 16 518 2995 214 2503 3094 668 2061 3054 214 2503 1909 113 1796 1886 669 2490 1840 255 2724 547 193 1556 535 595 2049 842 510 2125 2888 414 195 2749 670 1378 2907 619 1941 5992 581 1420 5943 348 2272 5868 560 368 4705 620 2245 4779 671 321 4843 583 2473 5562 672 1325 5602 464 1706 5467 622 2461 6652 673 1702 6886 623 2608 6410 645 1617 4732 674 2256 4884 646 325 4882 651 2276 5634 623 2608 5523 675 1943 5655 646 325 6388 676 41 5976 649 1674 5916 650 2292 5892 677 2211 5960 623 2608 6112 648 1055 6238 676 41 5976 646 325 6388 677 2211 5960 652 1633 6199 623 2608 6112 652 1633 6199 678 936 6342 621 2448 6341 597 2719 418 540 785 310 562 1448 376 539 1619 3067 564 2950 2921 679 1753 3095 328 1436 5542 565 32 5890 680 2666 5874 486 3042 5310 513 528 5578 681 1835 5581 584 1376 5359 682 1392 5604 513 528 5578 488 878 3184 683 149 3170 684 189 3737 653 502 1326 468 289 1357 353 2842 1288 685 2714 3193 542 3032 3223 625 1206 3762 515 2057 2597 626 259 2652 599 2540 2621 331 1506 517 686 291 450 602 2213 459 686 291 3698 655 2696 3626 602 2213 3621 544 2155 383 687 2169 348 656 1701 349 544 2155 383 587 940 363 687 2169 348 604 1205 1276 630 2330 1232 492 430 1311 604 1205 1276 655 2696 1261 630 2330 1232 542 3032 3368 685 2714 3433 603 2068 3413 260 609 1177 442 2966 941 658 1405 1159 115 1540 388 546 2047 367 337 1538 133 574 365 1103 688 416 1141 263 2745 1060 162 792 4223 689 3101 4362 391 1520 4260 312 869 1884 314 1748 1862 662 2099 2049 690 320 5989 635 1640 5937 497 1486 5857 251 2583 1256 691 1785 1447 522 1402 1399 592 1511 2218 692 319 2317 553 1827 2236 578 2940 2211 553 1827 2236 692 319 2317 693 995 1002 503 1301 1013 234 160 989 476 596 2099 110 2177 2141 638 2180 2082 694 787 185 138 1165 122 502 1954 162 478 973 2052 298 184 2061 505 2937 1976 192 649 552 695 2145 438 176 2454 413 696 123 325 365 663 356 697 1313 354 527 382 4056 506 824 4042 141 1157 3704 672 1325 5602 641 2840 5561 464 1706 5467 671 321 4843 561 2628 4831 560 368 4705 671 321 4843 698 1113 4860 561 2628 4831 642 1040 4906 379 64 4853 561 2628 4831 699 686 5660 675 1943 5655 623 2608 5523 700 2422 4649 645 1617 4732 644 1694 4627 701 2910 4676 645 1617 4732 700 2422 4649 622 2461 6268 621 2448 6341 702 2152 6491 703 2750 5913 647 1959 5832 646 325 5833 704 3097 340 597 2719 292 596 1906 344 684 189 3737 563 896 3736 488 878 3184 468 289 1357 653 502 1326 705 94 1364 566 52 342 354 3086 332 385 1426 307 706 141 3384 491 2487 3340 707 525 3399 493 369 6092 708 1101 6138 570 2669 6136 469 2892 3246 605 1307 3298 709 70 3312 686 291 450 331 1506 517 710 2768 497 711 668 4463 628 1896 4493 543 719 4383 712 468 1234 630 2330 1232 655 2696 1261 687 2169 6357 587 940 6301 388 570 6319 713 1193 3405 606 698 3360 571 680 3347 574 365 7706 606 698 7589 714 766 7543 576 2528 4435 660 1736 4465 590 1755 4417 688 416 4451 574 365 4367 714 766 4392 689 3101 3390 162 792 3419 575 459 3513 472 1776 4154 495 1778 4155 631 2558 4199 631 2558 4199 495 1778 4155 715 1728 4243 715 1728 6252 495 1778 6039 290 2484 5946 520 196 927 549 1324 849 716 1367 918 265 394 5407 717 2794 5750 230 2032 5424 251 2583 1256 295 158 1275 523 959 1451 395 1807 3194 612 2449 3137 718 210 3021 610 1568 5760 613 1481 5863 611 1544 5877 718 210 3021 612 2449 3137 665 661 3122 719 1032 4267 591 2424 4253 613 1481 4234 720 3071 6197 500 464 6042 315 2717 5991 92 2572 1221 445 1020 1206 721 2577 1299 722 3133 266 592 1511 205 551 1562 206 476 596 1112 502 1954 1107 526 642 1099 503 1301 5987 723 431 6115 614 2690 6023 614 2690 2054 723 431 2031 594 1555 2036 503 1301 1013 693 995 1002 723 431 1010 234 160 989 666 186 995 693 995 1002 364 2465 399 176 2454 413 695 2145 438 319 1137 391 724 721 350 365 663 356 365 663 6918 724 721 6986 725 16 6925 365 663 7636 725 16 7563 697 1313 7565 192 649 552 726 1847 483 695 2145 438 365 663 356 727 36 188 297 2070 168 728 849 5460 726 1847 5456 729 873 5341 725 16 3565 730 2234 3493 731 556 3534 732 293 4033 142 328 3671 477 422 4102 16 518 2995 668 2061 3054 366 1080 2642 214 2503 1909 669 2490 1840 668 2061 1872 530 417 6361 99 2027 6038 97 440 6020 342 1926 1137 733 3054 1120 616 2801 1114 413 782 2575 617 3100 2692 734 3132 2500 580 56 2534 579 2948 2624 417 2885 2619 735 1417 4724 559 2261 4726 537 885 4684 735 1417 4724 620 2245 4779 559 2261 4726 581 1420 4644 735 1417 4724 537 885 4684 645 1617 4732 736 1582 4757 674 2256 4884 623 2608 5869 737 3037 5953 699 686 5977 583 2473 5562 582 2376 5615 738 2418 5609 675 1943 3829 650 2292 3718 651 2276 3747 650 2292 5892 739 1477 5871 677 2211 5960 647 1959 4552 740 1960 4520 648 1055 4481 652 1633 6199 741 2879 6295 678 936 6342 652 1633 6199 742 2851 6225 741 2879 6295 743 2373 5954 652 1633 5888 677 2211 6028 652 1633 5888 743 2373 5954 624 1817 5920 596 1906 137 563 896 17 744 2995 109 624 1817 5814 745 1053 5769 538 2664 5641 746 304 5681 538 2664 5641 745 1053 5769 747 1208 5882 567 2012 5654 328 1436 5542 486 3042 3076 748 2740 2877 381 1170 3099 381 1170 3099 748 2740 2877 541 1242 2928 468 289 824 749 249 836 493 369 617 331 1506 517 567 2012 662 750 3128 656 485 2969 2804 491 2487 2691 751 183 2773 653 502 7349 654 856 6636 705 94 7183 752 389 4442 753 3065 4452 543 719 4383 753 3065 4452 711 668 4463 543 719 4383 754 1093 6257 570 2669 6136 708 1101 6138 605 1307 3298 755 547 3361 709 70 3312 630 2330 6580 657 2632 6641 545 311 6525 755 547 3361 605 1307 3298 659 1340 3444 388 570 6319 756 1772 6418 687 2169 6357 547 772 1055 757 1968 960 571 680 1063 758 413 2737 263 2745 2941 688 416 2852 391 1520 4260 689 3101 4362 632 2339 4344 759 1375 5182 441 615 5403 392 1752 5366 392 1752 1899 393 844 1898 633 2836 1967 292 2225 5794 496 870 5796 635 1640 5937 395 1807 2924 718 210 3058 608 1771 3019 610 1568 4277 719 1032 4267 613 1481 4234 296 1370 2302 760 1598 2606 761 1022 2433 272 581 2599 578 2940 2346 762 968 2368 358 3094 2446 360 1531 2295 212 2793 2260 763 2774 2881 175 2006 2700 501 2357 2690 364 2465 399 764 2813 404 319 1137 391 364 2465 399 695 2145 438 764 2813 404 319 1137 391 765 2209 357 724 721 350 297 2070 168 766 73 134 555 1689 72 695 1743 7639 728 1618 7638 767 961 7580 695 2145 5480 726 1847 5456 728 849 5460 696 123 325 727 36 188 365 663 356 728 849 5460 729 873 5341 768 2384 5495 725 16 3565 731 556 3534 697 1313 3568 725 16 4566 769 268 4472 730 2234 4527 142 328 3671 732 293 4033 235 1577 4019 253 2348 1885 770 2723 1420 193 1556 1468 342 1926 1137 771 428 1131 733 3054 1120 733 3054 5569 771 428 5611 616 2801 5555 640 1015 5004 772 2184 5031 534 2882 5006 414 195 2749 415 2139 2133 773 2590 2452 536 2635 5761 774 1596 5886 580 56 5823 580 56 5823 774 1596 5886 775 2388 5930 672 1325 5602 776 156 5616 641 2840 5561 623 2608 6410 777 2407 6489 737 3037 6286 623 2608 6410 673 1702 6886 777 2407 6489 701 2910 4676 736 1582 4757 645 1617 4732 778 666 4841 671 321 4843 620 2245 4779 583 1695 7242 675 711 7026 738 1652 7062 643 2901 4607 779 2899 4618 644 1694 4627 646 325 5833 780 755 5908 703 2750 5913 621 2448 6341 678 936 6342 702 2152 6491 781 2005 5827 739 1477 5871 650 2292 5892 649 1674 5916 676 41 5976 782 975 5840 647 1959 5832 703 2750 5913 740 1960 5853 652 1633 5888 624 1817 5920 742 2851 5895 539 1619 5924 741 2879 5897 624 1817 5814 648 1055 4601 744 2995 4551 676 41 4361 677 2211 6028 746 304 6026 743 2373 5954 563 896 17 783 1594 87 744 2995 109 563 896 3736 784 92 3949 783 1594 3897 538 2664 5641 785 1096 5659 786 1494 5612 746 304 5681 785 1096 5659 538 2664 5641 680 2666 5874 747 1208 5882 328 1436 5542 705 94 1364 787 2403 1411 468 289 1357 330 963 5706 487 930 5661 788 1800 5518 487 930 5661 789 984 5465 788 1800 5518 465 1221 113 790 3081 89 543 719 4 543 719 4383 790 3081 4434 752 389 4442 491 2487 3340 706 141 3384 791 2932 3388 626 259 2652 792 204 2665 599 2540 2621 469 2892 2799 793 2951 2825 794 531 2870 709 70 3312 795 1622 3283 469 2892 3246 687 2169 348 756 1772 335 656 1701 349 630 2330 6580 796 1521 6796 657 2632 6641 712 468 1234 796 1521 1199 630 2330 1232 755 547 3361 659 1340 3444 797 2106 3400 754 1093 6257 798 2262 6346 570 2669 6136 388 570 1225 658 1405 1159 799 2496 1223 606 698 6463 713 1193 6333 714 766 6464 758 413 2737 800 470 2742 263 2745 2941 263 2745 2941 800 470 2742 147 784 2950 441 615 5403 759 1375 5182 661 2198 5055 443 2002 2936 147 784 2950 801 414 2808 473 1014 6712 522 1402 7316 339 85 6711 608 2545 4536 636 712 4492 802 509 4480 445 1020 2730 637 625 2784 721 2577 2865 578 2940 2211 692 319 2317 762 968 2308 359 1361 2207 189 203 2184 803 2588 2485 502 1954 162 804 2230 199 694 787 185 449 2782 2007 594 1555 2036 723 431 2031 694 787 955 478 973 954 138 1165 937 478 973 954 139 1074 877 138 1165 937 764 2813 404 765 2209 357 319 1137 391 805 260 437 764 2813 404 695 2145 438 667 750 1975 806 2776 1888 477 422 1893 807 2374 343 724 721 350 765 2209 357 808 1335 7610 695 2145 7550 809 2844 7608 809 2844 7512 695 2145 7639 728 849 7638 810 495 6859 725 16 6925 811 1681 7157 811 1681 7157 725 16 6925 812 2622 7201 697 1313 3568 731 556 3534 696 123 3554 766 73 134 297 2070 168 727 36 188 769 268 5342 768 2384 5495 729 873 5341 813 731 5449 729 873 5341 726 1847 5456 729 873 5341 814 2105 4979 769 268 5342 814 2105 4979 729 873 5341 815 2415 4968 729 873 5341 816 1130 4981 815 2415 4968 98 632 5971 615 2508 6314 639 2134 6308 771 428 4229 558 1978 4220 616 2801 4190 772 2184 6707 640 1015 6567 510 2125 6579 774 1596 5886 536 2635 5761 641 2840 5798 579 2948 2624 580 56 2534 817 2861 2524 735 1417 6230 736 1582 6150 620 2245 6085 641 2840 80 737 3037 45 777 2407 98 776 156 7616 672 1325 7495 699 686 7709 818 2760 3149 675 1479 3211 738 82 3219 779 2899 2300 643 2901 2249 649 1674 2254 779 2899 2300 649 1674 2254 782 975 2275 676 41 5976 819 918 5858 782 975 5840 820 1740 2420 678 936 2459 741 2879 2394 596 1906 5872 740 1960 5853 703 2750 5913 742 2851 5895 624 1817 5920 741 2879 5893 740 1960 7682 596 1906 7724 648 1055 7477 596 1906 4641 744 2995 4551 648 1055 4601 743 2373 2889 745 1053 2896 624 1817 2923 744 2995 4551 821 659 4468 676 41 4361 821 659 5633 783 1594 5639 676 41 5537 784 92 3371 676 41 3341 783 1594 3364 786 1494 3966 625 1206 3762 538 2664 3764 705 94 1364 654 856 1396 822 49 1390 823 2895 2762 751 183 2773 491 2487 2691 749 249 7451 824 3008 7390 493 369 6973 825 1831 7227 493 369 6973 824 3008 7390 654 856 2895 469 2892 2799 794 531 2870 826 1127 378 627 1266 336 600 1162 324 750 3128 656 710 2768 497 331 1506 517 825 1831 3965 708 1101 3814 493 369 3776 753 3065 1325 709 70 1297 711 668 1236 707 525 1847 754 1093 1836 706 141 1892 706 141 1892 754 1093 1836 708 1101 1905 795 1622 3283 793 2951 3255 469 2892 3246 753 3065 1325 795 1622 1321 709 70 1297 755 547 1246 711 668 1236 709 70 1297 707 525 3399 491 2487 3340 827 2459 3402 827 2459 3402 491 2487 3340 603 2068 3413 711 668 4463 828 667 4507 628 1896 4493 829 1875 4584 683 149 4548 488 878 4410 828 667 4507 830 1263 4533 628 1896 4493 829 1875 4584 488 878 4410 628 1896 4493 657 2632 6641 831 3041 6871 389 2301 6429 798 2262 6346 588 364 6432 570 2669 6136 390 949 3615 225 1782 3362 832 2151 3663 688 416 6337 714 766 6464 713 1193 6333 833 1566 366 607 1227 123 337 1538 133 577 434 3403 834 740 3517 265 394 3356 835 941 1417 290 2484 1220 293 2581 1218 836 44 5936 663 802 5933 292 2225 5794 634 3019 5689 549 1324 5621 498 1863 5603 837 2607 4163 665 661 4081 636 1944 4105 838 2989 1345 92 2572 1221 721 2577 1299 839 1480 2816 500 464 2909 720 3071 2823 839 1480 4714 524 1861 4558 500 464 4574 804 2230 1152 502 1954 1107 840 2129 1149 840 2129 1149 502 1954 1107 476 596 1112 805 260 5538 841 2239 5532 764 2813 5550 764 2813 5550 841 2239 5532 768 2384 5495 764 2813 5550 768 2384 5495 810 495 5517 764 2813 5550 810 495 5517 765 2209 5547 805 260 437 695 2145 438 808 1335 444 842 1917 3205 728 849 3146 841 2239 3225 841 2239 5532 728 849 5460 768 2384 5495 842 1917 7195 809 2844 7158 728 849 7047 768 2384 6672 725 16 6925 810 495 6859 724 721 6986 812 2622 7201 725 16 6925 192 649 7725 843 1518 7560 813 731 7628 192 649 552 813 731 527 726 1847 483 768 2384 5495 769 268 5342 725 16 5482 813 731 5449 816 1130 4981 729 873 5341 844 2683 4325 845 1097 4363 730 2234 4527 730 2234 3493 845 1097 3261 846 2470 3294 530 417 6361 847 381 6358 99 2027 6038 143 1010 1500 412 1016 1416 848 2196 1414 770 2723 1420 595 2049 1413 193 1556 1468 849 1409 2724 414 195 2749 773 2590 2452 641 2840 80 777 2407 98 774 1596 126 580 56 5823 775 2388 5930 817 2861 5905 735 1417 6230 674 2256 6330 736 1582 6150 641 2840 80 776 156 16 737 3037 45 736 1582 6150 778 666 6012 620 2245 6085 778 666 6012 736 1582 6150 701 2910 6019 699 686 7551 850 27 7594 776 156 7643 737 3037 5953 850 27 5985 699 686 5977 674 2256 4884 780 755 4949 646 325 4882 698 3046 1763 851 2475 1593 700 1287 1685 511 3083 5656 852 1816 5799 582 2376 5615 561 2628 4831 853 1068 4922 642 1040 4906 678 936 6342 854 1363 6474 702 2152 6491 703 2750 3976 704 3097 3870 596 1906 3789 741 2879 5897 539 1619 5924 855 2830 5915 855 2830 5915 539 1619 5924 856 529 5948 539 1619 5924 679 1753 6034 856 529 5948 677 2211 6028 739 1477 6157 857 1986 6165 857 1986 6165 746 304 6026 677 2211 6028 746 304 2850 745 1053 2896 743 2373 2889 744 2995 5683 783 1594 5639 821 659 5633 563 896 3736 684 189 3737 858 2135 3883 597 2719 418 859 441 412 540 785 310 860 2695 4781 486 3042 4692 681 1835 4638 747 1208 907 750 3128 656 567 2012 662 749 249 1393 468 289 1357 861 2644 1409 705 94 1364 822 49 1390 862 2674 1394 791 2932 3388 823 2895 3382 491 2487 3340 863 1615 454 354 3086 332 566 52 342 863 1615 454 864 2737 456 354 3086 332 791 2932 7748 706 141 7483 865 117 7646 866 883 377 566 52 342 627 1266 336 867 2729 3251 600 1162 3325 585 3125 3265 867 2729 347 826 1127 378 600 1162 324 865 117 1904 706 141 1892 708 1101 1905 794 531 1342 795 1622 1321 753 3065 1325 793 2951 1332 795 1622 1321 794 531 1342 707 525 3399 827 2459 3402 868 2363 3409 707 525 1847 868 2363 1816 754 1093 1836 869 2712 3697 655 2696 3626 686 291 3698 869 2712 1209 712 468 1234 655 2696 1261 868 2363 1816 798 2262 1809 754 1093 1836 755 547 1246 870 932 1167 711 668 1236 711 668 1236 870 932 1167 828 667 1203 871 2241 5021 629 54 4865 656 1701 4888 869 2712 1209 796 1521 1199 712 468 1234 797 2106 1215 870 932 1167 755 547 1246 797 2106 3400 659 1340 3444 870 932 3427 798 2262 6346 872 1163 6441 588 364 6432 831 3041 431 546 2047 367 389 2301 436 757 1968 3486 713 1193 3405 571 680 3347 873 2522 5841 660 1736 5792 576 2528 5759 759 1375 2001 633 2836 1967 662 2099 2049 357 3024 3017 521 679 3086 801 414 3227 801 414 3227 521 679 3086 443 2002 3034 874 761 373 875 797 355 188 2749 218 664 1399 1458 92 2572 1221 838 2989 1345 876 1547 318 722 3133 266 551 1562 206 692 319 2317 592 1511 2218 722 3133 2288 804 2230 2086 638 2180 2082 877 285 2076 877 285 200 694 787 185 804 2230 199 878 229 6531 693 995 6503 449 2782 6486 449 2782 2480 879 1882 2558 666 186 2479 666 186 1503 667 750 1766 449 2782 1474 805 260 5538 842 1917 5487 841 2239 5532 808 1335 444 880 2120 495 881 839 473 808 1335 444 881 839 473 805 260 437 811 1681 5503 765 2209 5547 810 495 5517 807 2374 5544 765 2209 5547 811 1681 5503 724 721 165 882 2206 209 883 1496 204 807 2374 5902 882 2206 5928 724 721 5851 808 1335 7207 809 2844 7148 884 876 7345 808 1335 7207 884 876 7345 880 2120 7367 724 721 6426 883 1496 6577 812 2622 6504 885 2065 7618 886 3002 7539 887 1808 7541 727 36 188 696 123 325 888 950 298 846 2470 3294 731 556 3534 730 2234 3493 730 2234 4527 769 268 4472 844 2683 4325 99 2027 1180 847 381 1210 342 1926 1137 772 2184 6707 510 2125 6579 670 1378 7116 414 195 2749 849 1409 2724 670 1378 2907 889 2358 916 618 1204 929 458 794 1317 735 1417 6230 890 880 6323 674 2256 6330 581 1420 4644 890 880 4707 735 1417 4724 777 2407 98 673 1702 156 774 1596 126 776 156 5143 850 27 5122 737 3037 5083 583 2473 5562 891 2661 5642 672 1325 5602 672 1325 5602 891 2661 5642 699 686 5618 671 321 7604 701 2910 7559 892 84 7605 671 321 5999 778 666 6012 701 2910 6019 671 321 4843 892 84 4848 698 1113 4860 675 1943 5655 699 686 5660 818 2322 5682 700 2422 4649 851 2474 4666 701 2910 4676 700 2422 4649 644 1694 4627 851 2474 4666 741 2879 4482 855 2830 4522 820 1740 4523 857 1986 5608 785 1096 5659 746 304 5681 784 92 3371 893 2906 3378 676 41 3341 784 92 3949 563 896 3736 893 2906 3933 681 1835 4638 513 528 4567 894 505 4632 422 2468 4497 895 129 4670 565 32 4553 422 2468 5693 896 2521 5412 895 129 5571 485 2969 2804 751 183 2773 897 1026 2788 897 1026 2788 751 183 2773 749 249 2766 898 2796 108 790 3081 89 465 1221 113 751 183 7531 823 2895 7584 749 249 7680 749 249 7451 823 2895 7408 824 3008 7390 598 282 2661 390 949 2651 832 2151 2778 541 1242 2928 899 1982 2914 585 3125 2973 487 930 3958 599 2540 4050 792 204 4107 791 2932 1934 865 117 1904 825 1831 1928 865 117 1904 708 1101 1905 825 1831 1928 792 204 2665 626 259 2652 900 2412 2716 901 737 2704 900 2412 2716 626 259 2652 827 2459 3402 603 2068 3413 902 1829 3421 827 2459 3402 902 1829 3421 868 2363 3409 903 1844 3758 869 2712 3697 686 291 3698 902 1829 1797 798 2262 1809 868 2363 1816 656 1701 349 756 1772 335 871 2241 289 828 667 1203 870 932 1167 830 1263 1174 902 1829 3421 603 2068 3413 904 1490 3430 756 1772 6418 388 570 6319 799 2496 6556 902 1829 1797 872 1163 1657 798 2262 1809 588 364 1041 905 1571 968 547 772 1055 658 1405 1159 442 2966 941 906 2589 1169 907 1513 4585 908 3108 4394 689 3101 4362 908 3108 4394 632 2339 4344 689 3101 4362 759 1375 2001 392 1752 1899 633 2836 1967 292 2225 5794 635 1640 5937 836 44 5936 339 85 3739 522 1402 3574 909 1581 3587 608 2545 4536 910 395 4556 636 712 4492 910 3085 7317 837 2607 7431 636 1944 7131 718 210 4737 665 661 4630 837 2607 4755 93 447 152 876 1547 318 551 1562 206 233 2746 2696 911 2797 2915 501 2357 2690 476 596 2099 638 2180 2082 840 2129 2087 638 616 7514 912 2115 7744 804 3028 7688 804 2230 7664 840 2129 7689 638 2180 7488 693 995 1002 666 186 995 879 1882 1003 693 995 5138 879 1882 5073 449 2782 5130 878 229 2008 449 2782 2007 723 431 2031 638 2180 2082 478 973 2052 877 285 2076 278 592 2234 450 2952 2248 913 2956 2416 805 260 5538 881 839 5533 914 1118 5489 914 1118 5489 842 1917 5487 805 260 5538 914 1118 7304 884 876 7372 809 2844 7158 914 1118 7304 809 2844 7158 842 1917 7195 811 1681 7157 812 2622 7201 915 491 7284 915 2389 1681 885 2065 1741 887 1808 1628 883 1496 7315 915 491 7284 812 2622 7201 883 1963 2203 886 1045 2176 915 845 2219 885 2065 2972 915 2389 2951 886 3002 2984 883 1963 3201 916 424 3186 886 1045 3231 887 1808 5179 886 3002 5189 915 2389 5221 916 424 3186 917 1443 3172 886 1045 3231 915 491 5221 886 1045 5189 917 1443 5243 192 649 552 918 2305 545 843 1518 504 918 2305 5337 813 731 5295 843 1518 5305 814 2105 4979 844 2683 4982 769 268 5342 113 1796 1886 143 1010 1500 669 2490 1840 772 2184 5031 615 2508 5163 534 2882 5006 342 1926 1137 919 1111 1148 771 428 1131 919 1111 1148 920 465 1146 771 428 1131 921 3093 6198 581 1420 5943 619 1941 5992 581 1420 3657 674 2256 3593 890 880 3599 891 2661 5642 583 2473 5562 738 2418 5609 922 2911 3275 892 84 3321 701 2910 3320 922 2911 3275 701 2910 3320 851 2474 3292 853 1068 4922 561 2628 4831 698 1113 4860 851 2474 4666 644 1694 4627 779 2899 4618 923 512 5701 738 2418 5609 582 2376 5615 924 1920 5774 675 1943 5655 818 2322 5682 924 1920 3945 650 2292 3718 675 1943 3829 925 351 337 596 1102 344 704 410 340 859 441 7074 597 2719 6311 704 3097 6348 857 1986 5608 786 1494 5612 785 1096 5659 860 2695 4781 681 1835 4638 926 2285 4733 861 2644 1409 468 289 1357 787 2403 1411 790 3081 1564 898 2796 1721 862 2674 1626 790 3081 1564 862 2674 1626 822 49 1529 823 2895 7408 927 2095 7348 824 3008 7390 822 49 1529 654 856 1475 790 3081 1564 823 2895 3382 791 2932 3388 927 2095 3401 927 2095 7348 825 1831 7227 824 3008 7390 790 3081 4434 654 856 4460 752 389 4442 791 2932 271 825 1831 246 927 2095 282 752 389 7236 654 856 7268 753 3065 7042 487 930 5661 792 204 5527 789 984 5465 598 282 2661 901 737 2704 626 259 2652 794 531 1342 753 3065 1325 654 856 1362 627 1266 336 826 1127 378 866 883 377 928 606 1286 584 1376 1376 601 1726 1303 601 1726 1303 629 54 1250 928 606 1286 629 54 4865 871 2241 5021 929 2510 4977 830 1263 4533 930 476 4580 628 1896 4493 546 2047 367 833 1566 366 337 1538 133 225 1782 3362 338 1395 3071 931 1008 3365 631 2558 1826 932 1342 1962 338 1395 1825 632 2339 4173 933 2347 4211 577 434 4119 577 434 3403 933 2347 3471 834 740 3517 934 1990 105 497 1486 1 607 1227 123 357 3024 3017 874 761 3305 188 2749 3003 339 85 5564 909 1581 5697 634 3019 5689 444 1553 5791 663 802 5982 268 1559 5712 802 509 7123 910 395 7317 608 2545 7257 802 509 7123 636 712 7131 910 395 7317 720 2288 5431 524 3012 5309 839 713 5448 358 3094 2446 935 2284 2287 360 1531 2295 876 1547 4369 936 2024 4281 722 3133 4276 359 1361 4209 760 1598 4397 296 1370 4194 723 431 3195 693 995 3147 937 2921 3213 694 787 185 877 285 200 478 973 198 666 186 995 555 1689 985 667 750 992 807 2374 5544 938 2890 5505 882 2206 5546 939 250 1647 880 2120 1603 940 209 1784 939 250 808 941 2269 775 880 2120 754 880 2120 5494 941 2269 5491 881 839 5533 881 839 5533 941 2269 5491 914 1118 5489 807 2374 5544 811 1681 5503 938 2890 5505 940 209 7420 880 2120 7367 942 1708 7381 880 2120 7367 884 876 7345 942 1708 7381 914 1118 7304 941 2269 7375 884 876 7372 811 1681 5503 915 491 5490 938 2890 5505 883 1164 7659 915 2390 7504 916 775 7660 880 931 1653 884 504 1633 943 605 1742 888 950 298 944 2126 263 727 36 188 235 1577 4019 732 293 4033 479 560 4039 342 1926 1137 945 1099 1176 919 1111 1148 945 1099 1176 920 465 1146 919 1111 1148 772 2184 5031 946 2933 5059 947 555 5106 772 2184 5031 947 555 5106 615 2508 5163 558 1978 4220 771 428 4229 920 465 4242 413 782 2575 734 3132 2500 511 3083 1957 774 1596 5886 673 1702 5962 775 2388 5930 922 2911 4897 698 1113 4860 892 84 4848 891 2661 5642 738 2418 5609 948 2200 5677 699 686 2657 891 2661 2648 818 2322 2647 852 1816 5799 949 2471 5787 582 2376 5615 678 936 2459 820 1740 2420 854 1363 2506 820 1740 4523 855 2830 4522 856 529 4559 950 1478 6264 857 1986 6165 739 1477 6157 676 41 3341 951 2482 3446 819 918 3358 563 896 3736 858 2135 3883 893 2906 3933 952 1591 4608 680 2666 4495 565 32 4553 953 1849 4687 681 1835 4638 894 505 4632 894 505 4632 513 528 4567 954 999 4605 896 2521 5412 422 2468 5693 330 963 5706 330 963 5706 788 1800 5518 896 2521 5412 485 2969 2804 897 1026 2788 955 637 2862 787 2403 1411 705 94 1364 862 2674 1394 956 2789 3192 867 2729 3251 585 3125 3265 956 2789 3192 826 1127 3171 867 2729 3251 903 1844 3758 957 2359 3741 869 2712 3697 957 2359 1168 796 1521 1199 869 2712 1209 871 2241 4202 756 1772 4122 958 1373 4159 657 2632 6641 796 1521 6796 831 3041 6871 930 476 4580 829 1875 4584 628 1896 4493 830 1263 3801 870 932 3784 930 476 3865 872 1163 6441 959 2766 6527 588 364 6432 960 1574 949 757 1968 960 547 772 1055 906 2589 1169 442 2966 941 520 196 927 757 1968 3486 961 2326 3460 713 1193 3405 660 1736 5472 873 2522 5526 589 2433 5406 632 2339 4173 908 3108 4216 933 2347 4211 715 1728 6252 290 2484 5946 835 941 6365 716 1367 918 549 1324 849 962 1298 874 834 740 5731 717 2794 5750 265 394 5407 717 2794 5750 610 1568 5623 230 2032 5424 636 1944 4668 272 581 4624 963 1673 4849 720 3071 2823 964 1238 2777 839 1946 2816 965 594 3456 296 1370 3377 761 1022 3459 360 1531 1881 935 2284 2012 593 2109 1895 693 995 6503 878 229 6531 937 2921 6627 937 2921 2021 878 229 2008 723 431 2031 399 620 2243 278 592 2234 913 2956 2416 478 973 2052 505 2937 1976 966 2965 1937 939 250 1647 940 209 1784 967 827 1745 939 250 805 967 827 804 941 2269 759 882 2206 209 968 1988 227 883 1496 204 504 781 2713 969 745 2867 527 382 2711 940 209 7453 942 1708 7407 967 827 7446 941 2269 7375 967 827 7446 884 876 7372 967 827 7446 942 1708 7407 884 876 7372 883 1496 204 968 1988 227 916 424 208 968 1988 2200 970 3107 2187 916 424 2153 915 491 5221 917 1443 5243 970 3107 5267 970 3107 2187 917 1443 2159 916 424 2153 971 2700 623 972 391 594 139 1074 877 696 123 5061 731 556 5119 973 202 5298 450 2952 2248 451 587 2255 913 2956 2416 505 2937 4048 506 824 4042 966 2965 4125 806 2776 4121 732 293 4033 477 422 4102 815 2415 5285 974 924 5338 814 2105 5325 342 1926 1137 847 381 1210 945 1099 1176 558 1978 4220 920 465 4242 617 3100 4287 921 3093 6198 975 1537 6053 581 1420 5943 581 1420 5468 975 1537 5586 674 2256 5563 674 2256 5563 975 1537 5586 976 1532 5617 818 2322 2647 891 2661 2648 977 752 2628 582 2376 5615 949 2471 5787 923 512 5701 704 3097 498 978 2247 503 859 441 412 893 2906 3378 951 2482 3446 676 41 3341 565 32 4553 895 129 4670 979 2898 4694 564 2950 3090 485 2969 2804 980 2984 3055 897 2991 774 981 2804 838 749 248 749 792 204 7104 982 193 7329 789 984 7347 585 3125 4785 899 1982 4892 956 2789 4862 792 204 6035 900 2412 5945 982 193 5973 930 476 4580 983 1679 4620 829 1875 4584 799 2496 6556 984 899 6537 756 1772 6418 902 1829 1797 904 1490 1665 872 1163 1657 904 1490 499 959 2766 489 872 1163 509 831 3041 431 985 1255 446 546 2047 367 588 364 6432 959 2766 6527 905 1571 7034 873 2522 5841 576 2528 5759 986 179 5911 308 958 5371 987 181 5033 576 2528 5306 357 3024 253 988 683 406 874 761 373 635 1640 5937 989 2469 5980 836 44 5936 690 320 5989 990 252 6059 635 1640 5937 634 3019 5689 962 1298 5737 549 1324 5621 610 1568 4277 991 1487 4324 719 1032 4267 93 447 152 992 805 326 876 1547 318 993 2089 5184 296 1370 4921 965 594 5056 876 1547 1407 994 2350 1383 936 2024 1361 936 2024 6129 994 2350 6175 995 2035 6186 936 2024 6129 995 2035 6186 722 3133 6114 938 2890 5505 996 5 5516 882 2206 5546 915 491 5490 996 5 5516 938 2890 5505 139 1074 877 972 391 594 192 649 552 973 202 2965 888 950 3004 696 123 3084 918 2305 5337 997 1231 5513 813 731 5295 479 560 2258 913 2956 2416 451 587 2255 846 2470 2830 998 633 2822 731 556 3121 816 1130 4981 999 345 4870 815 2415 4968 845 1097 3261 1000 921 3123 846 2470 3294 668 2061 3054 1001 646 2854 366 1080 2642 143 1010 1500 1002 88 1424 669 2490 1840 772 2184 6707 670 1378 7116 946 2933 6874 976 1532 2092 1003 2621 2151 674 2256 2059 511 3083 5656 1004 2780 5875 852 1816 5799 738 2418 5609 923 512 5701 948 2200 5677 924 1920 5774 818 2322 5682 1005 2277 5836 780 755 5908 1006 1558 6080 703 2750 5913 703 2750 3976 1007 2784 3975 704 3097 3870 856 529 7230 1008 2874 7465 820 1740 7113 684 189 1171 1009 2195 1196 858 2135 1228 584 1376 1376 1010 2587 1378 682 1392 1630 710 2768 497 1011 2798 442 686 291 450 685 2714 3433 1012 1602 3502 603 2068 3413 686 1066 3948 831 1105 3894 903 261 3820 1013 3109 3902 831 1105 3915 686 1066 3983 831 1105 5076 1014 2248 5102 903 261 5144 796 1521 6796 1014 1903 6920 831 3041 6871 796 1521 6796 957 2359 6962 1014 1903 6920 1015 1048 3468 904 1490 3430 603 2068 3413 799 2913 6556 929 2925 6642 984 100 6537 603 2068 3413 1012 1602 3502 1015 1048 3468 930 476 3865 870 932 3784 983 1679 3912 225 1782 3362 931 1008 3365 832 2151 3663 547 772 1055 905 1571 968 960 1574 949 1016 2015 2220 713 1193 2273 961 2326 2150 1016 2015 6206 688 416 6337 713 1193 6333 1017 2738 3501 834 740 3517 933 2347 3471 314 1748 1408 664 1399 1458 1018 598 1798 1019 1879 2676 910 3085 2634 636 1944 2607 1019 1879 2676 837 2607 2658 910 3085 2634 1020 909 4323 591 2424 4253 719 1032 4267 1020 909 4323 719 1032 4267 991 1487 4324 964 1238 6299 720 3071 6197 315 2717 5991 1021 583 5154 993 2089 5184 965 594 5056 524 1861 4558 839 1946 4714 964 1238 4760 1021 583 3478 965 594 3456 761 1022 3459 1022 1396 1262 721 2577 1299 637 625 1230 637 625 6260 593 2109 6152 1023 2132 6393 1023 2132 3346 593 2109 3161 935 2284 3385 996 5 234 968 1988 227 882 2206 209 996 5 5274 915 491 5221 970 3107 5267 996 5 2230 970 3107 2187 968 1988 2200 972 391 594 997 1231 627 918 2305 545 972 391 594 918 2305 545 192 649 552 997 1231 3531 1024 1565 3285 813 731 3547 845 1097 4363 844 2683 4325 1025 694 4246 1002 88 1424 143 1010 1500 848 2196 1414 945 1099 1176 1026 1505 1170 920 465 1146 947 555 6701 946 2933 6752 670 1378 6559 1026 1505 4259 617 3100 4287 920 465 4242 1027 574 4222 673 1702 4188 622 2461 4110 1003 2621 5016 780 755 4949 674 2256 4884 977 752 1662 891 2661 1574 948 2200 1788 702 2152 693 854 1363 546 1028 2182 579 739 1477 538 781 2005 684 1029 768 487 1030 444 4113 1007 2784 4138 703 2750 4177 1007 2784 4444 978 2247 4600 704 3097 4386 951 2482 3446 1031 2543 3437 819 918 3358 1032 152 47 951 2482 90 893 2906 19 893 2906 19 858 2135 14 1032 152 47 1033 6 5085 1034 3033 4904 952 1591 4890 979 2898 4694 952 1591 4608 565 32 4553 1035 1614 2613 953 1849 2631 894 505 2608 1036 2337 4631 747 1208 4542 680 2666 4495 748 2740 2877 486 3042 3076 860 2695 2961 903 261 3837 1013 3109 3902 686 1066 3983 903 261 3837 1014 2248 3882 1013 3109 3902 1013 3109 7674 1014 2248 7506 831 1105 7596 1037 79 4651 829 1875 4584 983 1679 4620 958 1373 5878 756 1772 5950 984 899 5884 831 3041 6871 1014 1903 6920 985 1255 7107 1038 2007 472 959 2766 489 904 1490 499 870 932 3427 659 1340 3444 1039 2957 3463 659 1340 6054 517 1754 6103 1039 2957 5947 575 459 3513 354 3086 4062 1040 2342 3528 517 1754 6103 589 2433 6074 1041 1354 5777 1016 2015 6206 1042 3115 6229 688 416 6337 631 2558 4199 715 1728 4243 1043 1362 4285 357 3024 3017 801 414 3227 1044 429 3296 662 2099 2049 314 1748 1862 1018 598 2020 609 2568 1422 608 1771 1336 718 210 1358 272 581 2599 762 968 2368 1045 2557 2555 637 625 6260 1023 2132 6393 1022 1396 6433 478 973 954 1046 498 956 139 1074 877 727 36 188 944 2126 263 766 73 134 816 1130 3264 813 731 3547 1024 1565 3285 1025 694 4246 1047 1928 4245 845 1097 4363 974 924 4871 815 2415 4968 999 345 4870 529 903 5259 639 2134 5286 1048 1262 4902 530 417 4595 1049 279 4959 847 381 4616 1026 1505 1170 945 1099 1176 847 381 1210 622 2461 6313 702 2152 6517 1027 574 6819 923 512 5701 1050 1086 5753 948 2200 5677 922 2911 4597 1051 172 4486 1052 72 4531 851 2474 7461 1051 172 7118 922 2911 7376 853 1068 1510 1053 2329 1698 779 2899 1494 779 2899 4895 1054 548 4995 853 1068 4922 650 2292 514 1055 2802 766 781 2005 573 782 975 2275 819 918 2292 1031 2543 2378 540 785 310 859 441 412 1056 2799 321 926 2285 4733 953 1849 4687 1035 1614 4613 926 2285 4733 681 1835 4638 953 1849 4687 1035 1614 2613 894 505 2608 1057 2514 2539 894 505 2608 954 999 2527 1057 2514 2539 1036 2337 4631 680 2666 4495 952 1591 4608 513 528 5578 682 1392 5604 954 999 5649 625 1206 3762 1058 1545 3159 685 2714 3193 788 1800 5518 789 984 5465 1059 1788 5388 566 52 342 866 883 377 863 1615 454 904 1490 3430 1015 1048 3468 1038 2007 3453 985 1255 3763 903 1844 3758 686 291 3698 1014 1903 6920 1060 515 7175 985 1255 7107 589 2433 5406 873 2522 5526 986 179 5592 689 3101 3390 575 459 3513 907 1513 3425 520 196 927 1061 1393 920 1062 212 1157 308 958 5371 661 2198 5055 987 181 5033 147 784 2950 1044 429 2772 801 414 2808 661 2198 5055 759 1375 5182 1063 2949 5053 836 44 5964 1064 2761 6049 663 802 5982 522 1402 4514 1065 1387 4590 909 1581 4513 909 1581 5697 1066 2260 5739 634 3019 5689 634 3019 5689 1067 1811 5812 962 1298 5737 634 3019 5689 1066 2260 5739 1067 1811 5812 188 2749 218 875 797 355 93 447 152 610 1568 5623 1068 455 5711 991 1487 5672 591 2424 4253 1069 379 4407 358 3094 4237 315 2717 5991 550 2295 6450 1070 309 6377 523 959 5212 296 1370 4921 993 2089 5184 722 3133 2288 995 2035 2309 692 319 2317 504 781 2713 1071 1201 2869 969 745 2867 971 2700 623 139 1074 877 1072 1433 898 1024 1565 3285 999 345 3110 816 1130 3264 846 2470 2830 1000 921 2726 998 633 2822 1047 1928 3117 1000 921 3123 845 1097 3261 1073 34 4909 529 903 5259 1048 1262 4902 639 2134 5286 615 2508 5256 1048 1262 4902 1074 1840 4836 1026 1505 4689 1049 279 4959 1049 279 4959 1026 1505 4689 847 381 4616 511 3083 1957 734 3132 2500 1004 2780 1947 889 2358 916 619 1941 899 618 1204 929 579 2948 934 817 2861 903 1075 889 892 780 755 4949 1003 2621 5016 1076 795 5069 948 2200 2633 1050 1086 2595 977 752 2628 922 2911 4897 1052 72 4947 698 1113 4860 977 752 2628 1005 2277 2582 818 2322 2647 698 1113 4860 1053 2329 4976 853 1068 4922 923 511 6318 924 1919 6298 949 2876 6443 851 2474 4666 779 2899 4618 1051 172 4635 779 2899 4618 1053 2329 4572 1051 172 4635 1054 548 4995 1077 1453 5001 853 1068 4922 853 1068 4922 1077 1453 5001 642 1040 4906 924 1920 5774 1078 1933 5865 650 2292 5666 782 975 2275 1031 2543 2378 1079 2592 2364 926 2285 4733 1080 1470 4776 860 2695 4781 1034 3033 4904 1036 2337 4818 952 1591 4890 1080 1470 4776 748 2740 4914 860 2695 4781 465 1221 113 1081 2803 150 898 2796 108 897 1026 1398 1082 2379 1530 1083 614 1460 897 1026 2788 749 249 2766 1082 2379 2782 899 1982 4892 1084 783 4887 956 2789 4862 956 2789 3192 1084 783 3153 826 1127 3171 684 189 1171 683 149 869 1085 972 855 957 2359 4532 1086 1979 4593 1014 1903 4511 983 1679 1754 1039 2957 1679 1037 79 1615 629 54 1250 929 2510 1237 928 606 1286 1086 1979 7163 1060 515 7175 1014 1903 6920 1038 2007 472 905 1571 380 959 2766 489 983 1679 3912 870 932 3784 1039 2957 3939 984 899 6537 799 2912 6556 871 2241 6694 929 2510 1237 799 2496 1223 1087 639 1235 517 1754 6103 1088 218 5803 1039 2957 5947 1042 3115 6229 1016 2015 6206 961 2326 6137 688 416 6016 1042 3115 6081 758 413 6244 1043 1362 4285 1089 604 4304 631 2558 4199 759 1375 2001 662 2099 2049 1063 2949 2062 520 196 927 716 1367 918 1061 1393 920 934 1990 105 690 320 23 497 1486 1 293 2581 1218 609 2568 1422 835 941 1417 909 1581 4012 1090 1499 4084 1066 2260 4026 93 447 152 875 797 355 992 805 326 251 2583 1256 523 959 1451 691 1785 1447 315 2717 5991 1070 309 6377 964 1238 6299 524 1861 4558 964 1238 4760 1091 336 4845 399 620 2243 913 2956 2416 1092 2164 2414 972 391 3551 1093 1239 3539 997 1231 3531 731 556 3121 998 633 2822 973 202 3128 814 2105 4979 1025 694 4905 844 2683 4982 366 1080 4617 1049 279 4959 530 417 4595 770 2723 1420 253 2348 1885 528 695 1843 615 2508 5256 947 555 5220 1048 1262 4902 947 555 5788 1094 165 5732 1095 1616 5674 412 1016 1416 481 617 1320 848 2196 1414 481 617 1320 1096 2185 1285 848 2196 1414 481 617 1320 579 2948 934 1097 2986 919 921 3093 5692 1098 773 5643 975 1537 5586 1098 773 4946 1003 2621 5016 976 1532 4928 975 1537 5586 1098 773 5643 976 1532 5617 642 1040 4906 1099 178 5011 415 2139 4938 698 1113 4860 1052 72 4947 1053 2329 4976 949 915 5787 1050 1086 5753 923 512 5701 977 752 2628 1050 1086 2595 1005 2277 2582 949 2103 5787 1100 1929 5778 923 511 5701 923 511 5026 1100 1929 5092 924 1919 5017 924 1919 5774 1101 655 5873 949 2876 5883 924 1920 5774 1005 2277 5836 1101 1050 5873 782 975 2275 1079 2592 2364 779 2899 2300 820 1740 2042 1102 2158 2102 854 1363 2068 703 2750 6614 1006 1558 7253 1030 444 6947 786 1494 5612 857 1986 5608 1103 418 5576 564 2950 3090 980 2984 3055 679 1753 3318 952 1591 4890 1104 173 4961 1033 6 5085 1105 874 2733 926 2285 2638 1035 1614 2613 1033 6 5085 1106 2001 5008 1034 3033 4904 952 1591 4890 979 2898 4935 1104 173 4961 896 2521 4805 979 2898 4694 895 129 4670 898 2796 108 1107 803 107 862 2674 91 901 737 5462 1108 1793 5397 789 984 5465 789 984 5465 1108 1793 5397 1059 1788 5388 866 883 2918 899 1982 2914 1109 2781 2882 864 2737 4070 1040 2342 3528 354 3086 4062 686 291 3698 1011 2798 3854 985 1255 3763 903 1844 4550 1086 1979 4593 957 2359 4532 958 1373 4159 1110 622 4184 871 2241 4202 958 1373 5878 984 899 5884 1110 622 5805 929 2510 1237 1087 639 1235 928 606 1286 984 899 6537 871 2241 6694 1110 622 6621 1087 639 1235 799 2496 1223 1111 629 1226 658 1405 1159 906 2589 1169 799 2496 1223 1040 2342 3528 1112 2020 3491 575 459 3513 833 1566 366 1113 2786 369 607 1227 123 908 3108 4216 1017 2738 4241 933 2347 4211 1044 429 3296 988 683 3344 357 3024 3017 635 1640 5937 990 252 6059 989 2469 5980 522 1402 1399 691 1785 1447 1065 1387 1430 663 802 5982 499 2788 6071 268 1559 5712 717 2794 5750 1068 455 5711 610 1568 5623 718 210 4737 837 2607 4755 1114 2928 4794 636 1944 4668 963 1673 4849 1019 1879 4799 1020 909 2410 1115 238 2482 591 2424 2333 991 1487 4324 1115 238 4379 1020 909 4323 994 2350 1383 876 1547 1407 1116 806 1423 994 2350 6175 1116 806 6262 995 2035 6186 995 2035 2309 1116 806 2337 692 319 2317 506 824 4042 1117 2814 4217 966 2965 4125 814 2105 4979 1118 1711 4903 1025 694 4905 947 555 5788 1095 1616 5674 1119 2054 5558 1074 1840 3387 1120 1438 3263 1026 1505 3240 1094 165 5732 1121 1824 5734 1095 1616 5674 617 3100 2692 1122 439 2382 734 3132 2500 595 2049 1413 1123 448 1277 458 794 1317 481 617 1320 1097 2986 919 1096 2185 1285 773 2590 2452 415 2139 2133 1124 2167 2128 579 2948 934 1075 889 892 1097 2986 919 1099 178 5011 1124 2167 5127 415 2139 4938 702 2152 6517 1125 613 7144 1027 574 6819 1052 72 4947 1126 1645 4974 1053 2329 4976 1100 1929 5778 1101 2613 5786 924 1919 5696 780 755 5908 1076 795 6099 1006 1558 6080 924 1920 5774 1101 1852 5873 1078 1933 5865 781 2005 684 1055 2802 640 1029 768 487 820 1740 3331 1008 2874 3196 1102 2158 3204 1008 2874 6411 856 529 6242 1102 2158 6402 978 2247 4600 1007 2784 4444 1030 444 4528 1127 3013 5302 1128 1072 5169 1129 2849 5268 857 1986 6243 950 1478 6169 1103 418 6166 1032 152 6261 1130 2539 6446 951 2482 6447 858 2135 14 1131 586 93 1032 152 47 1105 874 2733 1132 393 2745 926 2285 2638 1133 1554 4839 1036 2337 4818 1034 3033 4904 1107 803 107 898 2796 108 1081 2803 150 541 1242 2928 1109 2781 2882 899 1982 2914 789 984 7347 982 193 7329 1134 3066 7462 789 984 3230 1134 3066 3165 901 737 3222 866 2421 377 1109 2340 417 1135 2807 416 929 2510 6642 871 2241 6694 799 2912 6556 546 2047 367 1011 2798 442 833 1566 366 986 179 5911 576 2528 5759 1136 2971 5981 1042 3115 6081 1137 796 6305 758 413 6244 932 1342 1962 631 2558 1826 1089 604 1920 715 1728 6252 835 941 6365 1043 1362 6379 1064 2761 6049 499 2788 6071 663 802 5982 609 2568 1422 718 210 1358 1114 2928 1400 1021 583 4456 761 1022 4406 1138 1337 4575 1091 336 4845 233 2746 4563 524 1861 4558 667 750 1975 555 1689 1986 1139 387 1969 972 391 3551 971 2700 3555 1093 1239 3539 814 2105 5325 974 924 5338 1118 1711 5357 529 903 371 1073 34 203 77 3011 62 366 1080 4617 1001 646 4950 1049 279 4959 947 555 5220 1119 2054 4957 1048 1262 4902 1140 2649 5758 1141 709 5724 1120 1438 5664 1142 3091 6048 1120 1438 5997 1141 709 6018 1143 2671 5736 1120 1438 5705 1142 3091 5770 1074 1840 3387 1144 1257 3439 1120 1438 3263 1119 2054 5558 1095 1616 5674 1121 1824 5734 1026 1505 3990 1120 1438 3842 1145 1999 3809 670 1378 5829 1146 1357 5802 947 555 5788 673 1702 5962 1027 574 6033 775 2388 5930 1052 72 5020 1051 172 5050 1126 1645 5049 1053 2329 4572 1147 2812 4578 1051 172 4635 949 120 752 1148 420 719 1078 1933 729 949 120 7657 852 2594 7522 1148 420 7524 779 2899 5684 1099 178 5855 1054 548 5821 1077 1453 3754 1099 178 3743 642 1040 4028 1078 1933 729 1148 420 719 650 2292 734 779 2899 7387 1079 2592 6758 1099 178 7016 1149 2156 5478 1150 2380 5445 1151 2939 5408 1152 2754 2944 1153 2299 2912 1154 640 2931 1154 640 2931 1153 2299 2912 1155 1473 2832 1150 2380 5445 1129 2849 5268 1151 2939 5408 1154 640 2931 1155 1473 2832 1156 519 2872 1157 687 5345 1129 2849 5268 1150 2380 5445 1156 519 2872 1158 487 2846 1159 1267 2858 1127 3013 5302 1129 2849 5268 1160 2634 5330 1160 2634 5330 1129 2849 5268 1157 687 5345 1158 487 2846 1161 1927 2801 1159 1267 2858 1159 1267 2858 1161 1927 2801 1162 2392 2837 1158 487 2846 1156 519 2872 1155 1473 2832 1155 1473 2832 1161 1927 2801 1158 487 2846 1029 768 6438 950 1478 6264 739 1477 6157 1032 152 47 1131 586 93 1130 2539 92 1128 1072 5169 1163 2909 5176 1129 2849 5268 1164 53 2756 1165 1389 2748 1162 2392 2837 1162 2392 2837 1161 1927 2801 1164 53 2756 625 1206 3762 786 1494 3966 1166 467 3749 1035 1614 2613 1167 2538 2671 1105 874 2733 1033 6 5085 1104 173 4961 1168 1723 5158 1035 1614 2613 1057 2514 2539 1167 2538 2671 1106 2001 5008 1133 1554 4839 1034 3033 4904 1081 2803 150 465 1221 113 540 785 310 1107 803 843 1169 1202 733 862 2674 629 901 737 2704 1170 2633 2744 1059 1788 2740 1109 2781 417 1171 1895 425 866 883 377 1059 1788 4581 1108 1793 4570 901 737 4484 899 1982 3066 866 883 3052 1172 2820 3105 899 1982 4892 1172 2820 4923 1084 783 4887 584 1376 1376 928 606 1286 1010 2587 1378 1134 3066 5926 982 193 5973 900 2412 5945 1134 3066 3165 900 2412 3182 901 737 3222 866 883 377 826 1127 378 1172 2820 411 1172 2820 3118 826 1127 3171 1084 783 3153 1085 972 4758 683 149 4548 829 1875 4584 1015 1048 434 905 1571 380 1038 2007 472 1037 79 825 1039 2957 796 1173 1351 756 1037 79 4651 1174 2201 4688 829 1875 4584 1037 79 4651 1173 1351 4674 1174 2201 4688 985 1255 446 1011 2798 442 546 2047 367 1111 629 1226 799 2496 1223 906 2589 1169 1112 2020 3491 907 1513 3425 575 459 3513 961 2326 6137 1137 796 6029 1042 3115 6229 1066 2260 5739 1090 1499 5816 1067 1811 5812 591 2424 4253 1115 238 4379 1069 379 4407 1114 2928 4794 837 2607 4755 1019 1879 4799 963 1673 2591 272 581 2599 1045 2557 2555 964 1238 6299 1070 309 6377 1175 2297 6373 1116 806 2337 1176 458 2365 692 319 2317 973 202 3128 944 2126 3157 888 950 3141 1177 58 4193 479 560 4039 732 293 4033 1117 2814 4217 506 824 4042 527 382 4056 1178 1864 5747 1140 2649 5758 1179 2079 5165 1180 864 2113 1121 1824 2071 1181 2855 2103 1140 2649 5758 1144 1257 5435 1179 2079 5165 1120 1438 5664 1144 1257 5435 1140 2649 5758 1121 1824 5734 1094 165 5732 1181 2855 5801 1182 538 7683 1181 2855 7749 1094 165 7470 1094 165 5732 947 555 5788 1183 2535 5742 1183 2535 5742 947 555 5788 1184 2194 5746 1145 1999 4300 617 3100 4287 1026 1505 4259 1185 1372 4842 775 2388 4723 1027 574 4795 817 2861 5905 775 2388 5930 1185 1372 6077 1186 1150 4983 1003 2621 5016 1098 773 4946 1187 910 7181 1027 574 6819 1125 613 7144 1101 2613 5786 1100 1929 5778 949 2103 5787 1101 1852 7582 949 120 7667 1078 1933 7533 1148 420 719 1055 2802 640 650 2292 734 1028 2182 2160 854 1363 2068 1102 2158 2102 1188 2333 5173 1128 1072 5169 1127 3013 5302 1165 1389 2748 1164 53 2756 1105 874 2733 1189 2229 5126 1168 1723 5158 1128 1072 5169 1168 1723 5158 1163 2909 5176 1128 1072 5169 1132 393 2745 1164 53 2756 1161 1927 2801 1132 393 2745 1105 874 2733 1164 53 2756 1033 6 5085 1168 1723 5158 1189 2229 5126 1009 2195 1196 684 189 1171 1190 217 1024 1036 2337 924 1191 1572 915 747 1208 907 485 2969 2804 955 637 2862 980 2984 3055 684 189 1171 1085 972 855 1190 217 1024 897 1026 2788 1083 614 2787 955 637 2862 1169 1202 103 1192 1525 100 862 2674 91 1169 1202 103 1107 803 107 1192 1525 100 541 1242 2928 1193 2019 2860 1109 2781 2882 598 282 2661 1170 2633 2744 901 737 2704 866 883 377 1171 1895 425 863 1615 454 1109 2781 2882 1193 2019 2860 1171 1895 2873 985 1255 1703 1086 1979 1606 903 1844 1768 985 1255 1703 1060 515 1611 1086 1979 1606 1015 1048 3468 1012 1602 3502 1194 653 3482 1015 1048 434 1194 653 414 905 1571 380 338 1395 3071 1195 610 3354 931 1008 3365 576 2528 1165 987 181 1328 1136 2971 1312 800 470 2742 1044 429 2772 147 784 2950 1115 238 4379 991 1487 4324 1068 455 4373 358 3094 2446 1069 379 2427 935 2284 2287 1196 1709 5214 993 2089 5184 1021 583 5154 964 1238 4760 1197 337 4838 1091 336 4845 1175 2297 4812 1197 337 4838 964 1238 4760 1196 1709 6440 1021 583 6560 1138 1337 6409 876 1547 1407 1198 3073 1567 1116 806 1423 359 1361 4209 1199 2136 4440 760 1598 4397 762 968 2308 692 319 2317 1200 251 2463 969 745 4200 1117 2814 4217 527 382 4056 1001 646 4950 669 2490 5304 1049 279 4959 1001 646 4950 668 2061 5273 669 2490 5304 77 3011 4610 1073 34 4909 528 695 4596 1048 1262 4902 1119 2054 4957 770 2723 4599 1074 1840 4836 1049 279 4959 1002 88 5276 1180 864 2113 1181 2855 2103 1201 1765 2171 1002 88 5276 1202 1584 5211 1074 1840 4836 770 2723 4599 1119 2054 4957 1203 242 4690 1143 682 7675 1204 1430 7571 1120 298 7472 1094 165 7138 1183 2535 6999 1205 151 7002 1094 165 3834 1205 151 3876 1182 538 3880 1182 538 3880 1205 151 3876 1181 2855 3959 1181 2855 6700 1205 151 6562 1184 2194 6523 1145 1999 7586 1120 1438 7472 1143 2671 7675 947 555 5788 1146 1357 5802 1184 2194 5746 1123 448 1277 889 2358 916 458 794 1317 1206 20 5784 1207 1223 5811 1050 1086 5753 1050 1086 5753 949 915 5787 1206 20 5784 1207 1223 2532 1005 2277 2582 1050 1086 2595 702 2152 693 1028 2182 579 1125 613 732 1077 1453 7645 1054 548 7694 1099 178 7509 1208 317 6955 1209 1018 6756 1099 978 6781 852 2594 3713 949 916 3733 1101 1050 3742 1210 1094 626 1150 2380 576 1211 2445 591 1211 2445 5521 1150 2380 5445 1149 2156 5478 1212 1088 2960 1152 2754 2944 1154 640 2931 1210 1094 5488 1157 687 5345 1150 2380 5445 1160 2634 5330 1157 687 5345 1213 2730 5344 1159 1267 7124 1162 2392 7125 1214 143 7423 1058 1545 3159 625 1206 3762 1166 467 3749 1191 1572 915 750 3128 656 747 1208 907 1215 2990 1802 682 1392 1630 1010 2587 1378 1216 488 4719 829 1875 4584 1174 2201 4688 1216 488 4719 1217 2601 4742 829 1875 4584 1088 218 5803 517 1754 6103 1041 1354 5777 1062 212 1157 906 2589 1169 520 196 927 1218 1758 5993 986 179 5911 1136 2971 5981 1113 2786 369 934 1990 105 607 1227 123 1089 604 4304 1043 1362 4285 1219 1766 4342 990 252 6059 1220 2486 6064 989 2469 5980 1221 801 536 876 1547 318 992 805 326 760 1598 4397 1138 1337 4398 761 1022 4294 1222 17 6689 1022 1396 6433 1023 2132 6393 1222 17 6689 1023 2132 6393 935 2284 6544 1139 387 46 555 1689 72 766 73 134 999 345 2536 1223 2457 2717 974 924 2529 1224 692 1805 1180 864 2113 1225 2076 2108 1073 34 4909 1048 1262 4902 528 695 4596 528 695 4596 1048 1262 4902 770 2723 4599 669 2490 5304 1002 88 5276 1049 279 4959 770 2723 5146 1203 242 5237 1226 2637 5225 1141 709 6018 1227 2310 6205 1142 3091 6048 1202 1584 3595 1144 1257 3439 1074 1840 3387 1119 2054 5558 1228 1043 5336 1203 242 5237 1119 2054 5558 1121 1824 5734 1228 1043 5336 1145 1999 4300 1229 1997 4312 617 3100 4287 1027 574 4795 1230 1355 4851 1185 1372 4842 619 1941 5992 1231 1047 6173 921 3093 6198 921 3093 5692 1186 1150 5691 1098 773 5643 1027 574 6819 1187 910 7181 1230 1355 6989 1005 2277 5836 1207 1223 5880 1101 1050 5873 1208 1898 5396 1147 2812 5421 1053 2329 5474 1208 1898 193 1099 178 174 1147 2812 184 1212 1088 4609 1154 640 4615 1232 2452 4669 1232 2452 2949 1154 640 2931 1214 143 2868 1213 2730 5344 1157 687 5345 1210 1094 5488 1154 640 2931 1156 519 2872 1214 143 2868 1156 519 2872 1159 1267 2858 1214 143 2868 1214 143 2868 1162 2392 2837 1165 1389 2748 856 529 4499 1233 1794 4699 1102 2158 4619 856 529 1034 1234 2166 1138 1233 1794 1118 1235 2042 6350 950 1478 6264 1029 768 6438 950 1478 6169 1235 2042 6105 1103 418 6166 1103 418 5576 1235 2042 5549 786 1494 5612 1128 1072 1040 1236 2023 1044 1189 2229 1025 1237 2777 3982 1166 467 3749 786 1494 3966 1104 173 5543 979 2898 5510 1238 207 5320 861 2644 1409 1082 2379 1530 749 249 1393 1058 1545 3525 1012 1602 3502 685 2714 3433 1194 653 3482 1012 1602 3502 1239 1624 3505 1174 2201 7673 1173 1351 7726 1216 488 7475 338 1395 3071 932 1342 3203 1195 610 3354 1043 1362 6379 835 941 6365 1240 862 6573 836 44 6587 1241 1940 7249 1064 2761 6922 1242 90 6928 1241 1940 7249 836 44 6587 836 44 6590 989 2469 6664 1220 2486 6970 1068 455 4373 1243 2367 4425 1115 238 4379 1244 4 4622 1069 379 4407 1115 238 4379 1069 379 2427 1245 1235 2201 935 2284 2287 1091 1462 4845 1070 1447 4801 1197 691 4838 1091 1462 6466 1246 1576 6449 1070 1447 6377 1197 1467 6434 1070 1447 6377 1246 1576 6449 1175 2728 6373 1070 308 6377 1197 2677 6434 760 825 1612 1196 1710 1482 993 1297 1714 1091 1462 7491 1197 1467 7753 1246 1576 7705 1198 3073 1567 1176 458 1436 1116 806 1423 721 2577 1299 1022 1396 1262 1247 1408 1271 1200 251 2463 692 319 2317 1176 458 2365 189 203 2184 399 620 2243 803 2588 2485 911 2797 2915 763 2774 2881 501 2357 2690 1046 498 2035 478 973 2052 966 2965 1937 1046 498 956 1072 1433 898 139 1074 877 913 2956 2416 479 560 2258 1248 1733 2417 1249 1543 3476 1024 1565 3285 997 1231 3531 973 202 3128 998 633 2822 1250 2571 3048 1251 3122 3237 999 345 3110 1024 1565 3285 1252 1131 3921 1047 1928 4245 1025 694 4246 1225 2076 2108 1180 864 2113 1253 197 2209 1254 2942 3564 1144 1257 3439 1202 1584 3595 1255 492 3581 1202 1584 3595 1002 88 3669 1142 3091 7716 1145 1999 7501 1143 2671 7601 1205 151 7002 1183 2535 6999 1184 2194 6884 1142 3091 1773 1229 1997 1680 1145 1999 1587 770 2723 1420 1123 448 1277 595 2049 1413 1256 700 886 619 1941 899 889 2358 916 1185 1372 6077 1075 889 6151 817 2861 5905 1256 700 6251 1231 1047 6173 619 1941 5992 921 405 6198 1231 2611 6173 1003 2620 6231 1126 1645 5049 1051 172 5050 1257 2516 5097 1051 172 5050 1258 1380 5096 1257 2516 5097 1101 1050 3742 1148 420 3714 852 2594 3713 1152 2754 4525 1212 1088 4609 1259 2028 4540 1160 2634 7092 1213 2730 7435 1127 3013 7177 1102 2158 2102 1233 1794 2142 1028 2182 2160 1151 2939 4508 1129 2849 4487 1260 2165 4647 978 2247 503 1261 1153 512 859 441 412 786 1494 3966 1235 2042 4030 1237 2777 3982 1188 2333 1073 1236 2023 1044 1128 1072 1040 1165 1389 2748 1105 874 2733 1262 1401 2721 1236 2023 7343 1033 6 6890 1189 2229 6888 1105 874 2733 1167 2538 2671 1262 1401 2721 1167 2538 1945 1057 2514 1828 1263 216 1861 541 1242 2928 1264 2351 2722 1193 2019 2860 1059 1012 7590 1265 1913 7677 1170 294 7487 1170 2633 2744 1266 2595 2764 1059 1788 2740 1085 972 4758 829 1875 4584 1217 2601 4742 1194 653 3482 1239 1624 3505 905 1571 3511 1173 1351 7707 1039 2957 7507 1216 488 7756 906 2589 1169 1062 212 1157 1111 629 1226 986 179 5592 1218 1758 5658 1041 1354 5695 986 179 5592 1041 1354 5695 589 2433 5406 908 3108 4216 1267 3096 4289 1017 2738 4241 1268 2460 6293 1269 332 6213 909 1581 6102 1065 1387 1430 1270 130 1464 909 1581 1405 1065 1387 1430 691 1785 1447 1271 549 1546 1114 2928 4794 1019 1879 4799 1272 1254 4877 1221 801 536 1198 3073 365 876 1547 318 993 2089 5184 1273 513 5290 523 959 5212 1196 1709 4308 1274 63 4318 993 2089 4258 762 968 2368 1200 251 2327 1045 2557 2555 1176 458 2365 1275 1247 2407 1200 251 2463 175 2006 2700 1071 1201 2869 504 781 2713 1276 2630 7647 1277 2183 7503 1278 2648 7644 1278 2648 1750 1279 1174 1636 1276 2630 1749 1276 2630 665 1279 1174 695 1277 2183 681 1139 387 1969 806 2776 1888 667 750 1975 806 2776 4121 1280 1450 4204 732 293 4033 1281 1957 1790 1228 1043 1857 1180 864 2113 1140 2649 4475 1282 437 4343 1141 709 4437 1180 864 2113 1228 1043 1857 1121 1824 2071 1144 1257 5435 1254 2942 5197 1179 2079 5165 1141 709 4437 1282 437 4343 1227 2310 4326 770 2723 5146 1226 2637 5225 1283 1082 5199 1228 1043 5336 1284 1147 5260 1203 242 5237 1202 1584 3595 1255 492 3581 1254 2942 3564 1142 3091 1677 1285 451 1582 1229 1997 1777 1184 2194 2051 1286 522 2065 1181 2855 2040 1229 1997 4312 1287 807 4368 617 3100 4287 848 2196 1414 1288 546 1352 1002 88 1424 1288 546 1352 848 2196 1414 1096 2185 1285 1185 1372 7065 1230 1355 7005 1187 910 6837 921 405 2221 1003 2620 2172 1186 1950 2198 921 1996 792 1186 2706 760 1231 2611 826 1231 2611 4989 1186 2706 4983 1003 2620 5016 1126 1645 4974 1208 1898 5040 1053 2329 4976 1257 2516 5003 1208 1898 5040 1126 1645 4974 1051 172 4635 1147 2812 4578 1258 1380 4636 1207 1223 5880 1148 420 5903 1101 1050 5873 1289 2923 2466 1099 178 2362 1079 2592 2364 1290 1225 7320 1030 444 6947 1006 1558 7253 1260 2165 5464 1129 2849 5598 1163 2909 5568 1236 2023 7343 1106 2001 7414 1033 6 6890 858 2135 1228 1009 2195 1196 1131 586 1265 1291 2170 3345 679 1753 3318 980 2984 3055 1292 214 5172 896 2521 5412 788 1800 5518 788 1800 5518 1059 1788 5388 1293 1795 5343 1266 2595 2764 1170 2633 2744 598 282 2661 1294 1570 2548 1170 294 2470 1265 1913 2549 1193 1536 1686 1171 2238 1577 1295 1024 1776 1193 432 2860 1296 1491 2834 1171 1091 2873 1297 1517 3494 961 2326 3460 757 1968 3486 1298 1200 3541 1267 3096 3523 908 3108 3450 1299 1998 2725 1044 429 2772 800 470 2742 990 252 6059 690 320 5989 934 1990 6171 1090 1499 4084 909 1581 4012 1269 332 4135 1242 90 7136 836 44 6590 1220 2486 6970 1270 130 6307 1268 2460 6293 909 1581 6102 1300 2643 7321 1064 2761 6922 1241 1940 7249 1270 130 1464 1065 1387 1430 1271 549 1546 609 2568 1422 1114 2928 1400 1272 1254 1441 1243 2367 4425 1301 2102 4448 1115 238 4379 523 959 3703 1273 513 3675 691 1785 4065 1196 1709 1740 1302 1670 1614 1274 63 1758 1175 2727 4812 1303 3055 4878 1197 1119 4838 1304 344 5835 1303 3055 5809 1175 2727 5838 1196 1709 833 1138 1337 822 1302 1670 757 1138 1337 4398 760 1598 4397 1302 1670 4415 763 2774 2881 1071 1201 2869 175 2006 2700 1277 2183 7573 1305 2574 7653 1278 2648 7476 1278 2648 1750 1305 2574 1592 1279 1174 1636 1279 1174 695 1305 2574 716 1277 2183 681 1250 2571 3048 998 633 2822 1306 979 2957 999 345 2536 1307 2675 2612 1223 2457 2717 1179 2079 5165 1308 1747 5161 1309 960 5148 1180 864 2113 1201 1765 2171 1253 197 2209 1308 1747 5161 1179 2079 5165 1254 2942 5197 1181 2855 2040 1310 1786 2098 1201 1765 2119 1226 2637 5225 1203 242 5237 1284 1147 5260 1227 2310 6205 1311 2317 6106 1142 3091 6048 1142 3091 1677 1312 1167 1568 1285 451 1582 1229 1997 7496 1285 451 7710 1312 1167 7720 1312 1167 5669 1287 807 5646 1229 1997 5704 1146 1357 2878 670 1378 2907 849 1409 2724 1185 1372 6936 1187 910 6734 1313 2904 6882 1099 178 5011 1314 1626 5227 1124 2167 5127 1099 178 2131 1208 1898 2155 1314 1626 2301 1148 420 719 1315 415 622 1055 2802 640 1079 2592 2364 1031 2543 2378 1316 2988 2415 1317 2551 2425 1316 2988 2415 1031 2543 2378 1030 444 6031 1290 1225 6126 1318 1196 6139 1030 444 4528 1318 1196 4640 978 2247 4600 1188 2333 5173 1127 3013 5302 1213 2730 5344 856 529 1034 1319 2101 1156 1234 2166 1138 1320 956 5391 1163 2909 5568 1168 1723 5548 1081 2803 150 540 785 310 1056 2799 321 598 282 2661 832 2151 2778 1321 3005 2793 1171 1895 425 1322 1655 471 863 1615 454 1193 1535 2860 1322 1654 2835 1171 310 2873 1265 1913 4330 1059 1012 4358 1323 943 4290 1265 1913 5080 1323 943 5134 1294 1570 5115 1293 1795 2770 1059 1788 2740 1266 2595 2764 1171 1091 425 1296 1491 464 1322 2427 471 1324 449 2829 1296 1491 2834 1193 432 2860 1059 1012 2740 1170 294 2744 1323 943 2775 1325 710 2836 1171 2238 2873 1193 1536 2860 710 2768 497 1326 2355 460 1011 2798 442 1239 1624 3910 1012 1602 3992 905 1571 3864 1216 488 7406 1039 2957 7117 1327 2973 7442 1327 2973 1599 1328 895 1533 1216 488 1724 1328 895 4762 1217 2601 4742 1216 488 4719 1043 1362 4285 1329 2176 4345 1219 1766 4342 662 2099 2049 1330 854 2274 1063 2949 2062 1043 1362 4285 1331 1773 4313 1329 2176 4345 1331 1773 6459 1043 1362 6379 1240 862 6573 1332 2816 6835 1333 3017 6773 1242 90 6647 1333 3017 809 1241 1940 704 1242 90 810 1242 90 7136 1220 2486 6970 1332 2816 7368 962 1298 5737 1067 1811 5812 1334 1642 5996 1241 1940 7404 1335 654 7226 1300 2643 7246 1336 1579 6391 1268 2460 6293 1270 130 6307 1300 2643 812 1337 1468 800 1064 2761 666 1064 2761 6049 1337 1468 6177 499 2788 6071 1338 778 612 992 805 326 875 797 355 717 2794 5750 1339 343 5866 1068 455 5711 550 2295 6450 1340 303 6597 1070 309 6377 1341 2617 5864 1175 2727 5838 1070 309 5894 1175 2727 5838 1341 2617 5864 1304 344 5835 1091 336 4845 1197 1119 4838 1342 678 4916 1091 336 4845 1342 678 4916 1343 1510 4880 1091 336 4845 1343 1510 4880 233 2746 4563 1198 3073 1567 1275 1247 1456 1176 458 1436 1343 1510 2891 911 2797 2915 233 2746 2696 1199 2136 2434 359 1361 2207 803 2588 2485 1139 387 1969 1344 2341 1960 806 2776 1888 1072 1433 898 1345 1440 611 971 2700 623 1093 1239 3539 1346 1557 3532 997 1231 3531 1347 3105 4244 1280 1450 4204 806 2776 4121 1346 1557 3532 1249 1543 3476 997 1231 3531 1348 409 3440 1349 2016 3406 1024 1565 3285 1224 692 1805 1281 1957 1790 1180 864 2113 1281 1957 1790 1350 1528 1803 1228 1043 1857 1350 1528 5228 1284 1147 5260 1228 1043 5336 1002 88 3669 1351 275 3612 1255 492 3581 1311 2317 1480 1312 1167 1568 1142 3091 1677 1310 1786 2098 1181 2855 2040 1286 522 2065 1352 638 5740 1184 2194 5746 1146 1357 5802 1353 2559 2389 773 2590 2452 1124 2167 2128 1354 1664 6113 1185 1372 6077 1355 1792 6117 1354 1664 6113 1075 889 6151 1185 1372 6077 1185 1372 7499 1313 2904 7502 1355 1792 7637 1356 3082 4993 1003 2621 5016 1186 1151 4983 1257 2516 5097 1258 1380 5096 1357 2883 5198 1358 832 4671 1212 1088 4609 1232 2452 4669 1289 2923 2466 1079 2592 2364 1316 2988 2415 1076 795 6099 1290 1225 6126 1006 1558 6080 1315 415 622 1359 3127 600 1055 2802 640 1359 3127 600 1029 768 487 1055 2802 640 856 529 5948 679 1753 6034 1291 2170 6142 951 2482 3446 1360 1289 3466 1031 2543 3437 1168 1723 5548 1104 173 5543 1238 207 5320 1361 636 2828 955 637 2862 1083 614 2787 1362 1078 1866 861 2644 1409 787 2403 1411 1363 860 1824 862 2674 1394 1192 1525 1470 1292 214 5172 788 1800 5518 1364 1790 5327 788 1800 5518 1293 1795 5343 1364 1790 5327 1264 2351 2722 1324 2787 2829 1193 2019 2860 1364 206 2781 1293 2189 2770 1266 240 2764 1324 1232 3311 1193 2771 3274 1322 2426 3330 1193 1536 7576 1295 1024 7500 1325 710 7672 1323 943 2775 1170 294 2744 1294 1570 2765 1325 710 7173 1295 1024 7082 1171 2238 6930 1365 1345 2902 1321 3005 2793 832 2151 2778 1366 2404 3519 905 1571 3511 1012 1602 3502 1039 2957 5947 1088 218 5803 1327 2973 5846 1367 2967 6072 1218 1758 5993 1136 2971 5981 1368 2501 5714 1041 1354 5695 1218 1758 5658 1367 2967 1350 1136 2971 1312 987 181 1328 907 1513 4585 1298 1200 4517 908 3108 4394 1369 2517 4371 1089 604 4304 1219 1766 4342 1267 3096 4289 1370 2720 4272 1017 2738 4241 661 2198 5055 1063 2949 5053 1371 2532 4962 834 740 3517 1017 2738 3501 1372 1822 3571 1370 2720 6227 1372 1822 6110 1017 2738 6275 1373 131 1178 1269 332 1188 1268 2460 1124 1374 1623 6444 1375 1253 6605 1376 1278 6512 1377 1419 6584 1378 299 6639 1379 297 6508 1377 1419 6212 1379 297 6248 1380 1609 6239 1379 297 6248 1336 1579 6254 1380 1609 6239 990 252 4040 1332 2816 4086 1220 2486 4045 1381 2837 7091 1300 2643 7246 1335 654 7226 1381 2837 6602 1375 1253 6605 1300 2643 6730 1380 1609 6469 1336 1579 6391 1270 130 6307 874 761 373 1338 778 612 875 797 355 1271 549 1546 691 1785 1447 1273 513 1627 1243 2367 5789 1068 455 5711 1339 343 5866 1243 2367 7615 1382 2839 7527 1383 607 7579 1272 1254 5856 1384 3030 5815 1385 1832 5837 1272 1254 5856 1386 767 5820 1384 3030 5815 1383 607 4426 1382 2839 4418 1387 539 4427 1303 3055 5809 1385 1832 5837 1384 3030 5815 1385 1832 5837 1304 344 5835 1341 2617 5864 1303 3055 5809 1304 344 5835 1385 1832 5837 1382 2839 5723 1302 1670 5722 1387 539 5707 1274 63 5756 1302 1670 5722 1382 2839 5723 1273 513 5290 993 2089 5184 1274 63 5226 1342 678 4916 1197 1119 4838 1303 3055 4878 1247 1408 6608 1022 1396 6433 1222 17 6689 803 2588 2485 399 620 2243 1092 2164 2414 1388 833 3970 1279 3078 3794 1305 2573 3804 1279 3078 695 1389 1 724 1305 2573 716 1345 1440 3553 1093 1239 3539 971 2700 3555 944 2126 263 1390 1464 261 766 73 134 1249 1543 3476 1348 409 3440 1024 1565 3285 1140 2649 2650 1391 2704 2643 1282 437 2600 1308 1747 5161 1254 2942 5197 1392 1762 5166 1350 1528 5765 1393 1246 5715 1284 1147 5783 1393 1246 5715 1226 2637 5709 1284 1147 5783 1311 2317 7722 1287 807 7634 1312 1167 7520 1352 638 2075 1286 522 2065 1184 2194 2051 1286 522 2065 1352 638 2075 1310 1786 2098 1146 1357 2878 849 1409 2724 1394 2566 2695 1313 2904 5279 1187 910 5277 1355 1792 5300 921 404 5692 1356 3082 5730 1186 1151 5691 1257 2516 5003 1357 2883 5048 1208 1898 5040 1211 2445 591 1149 2156 533 1395 2549 556 1125 613 732 1028 2182 579 1396 2974 568 1232 2452 4669 1214 143 4791 1397 524 4771 1152 2754 6721 1398 1550 7081 1153 2299 6646 1149 2156 6857 1151 2939 6932 1399 2562 6554 1359 3127 600 1400 746 496 1029 768 487 1028 2182 2160 1233 1794 2142 1234 2166 2167 1399 2562 4659 1151 2939 4508 1260 2165 4647 1319 2101 3417 856 529 3393 1291 2170 3345 1031 2543 2378 1360 1289 2454 1317 2551 2425 1401 170 6974 951 2482 7221 1130 2539 7188 1237 2777 3982 1402 723 3847 1166 467 3749 1403 1243 5423 926 2285 5579 1132 393 5584 1404 2346 4856 1080 1470 4776 926 2285 4733 1057 2514 1650 954 999 1589 1263 216 1882 1405 3129 945 1191 1572 915 1036 2337 924 1266 2595 2764 598 282 2661 1321 3005 2793 1406 2408 520 863 1615 454 1322 1655 471 1407 1184 4035 1112 2020 3491 1040 2342 3528 1297 1517 6044 1137 796 6029 961 2326 6137 758 413 2737 1408 2306 2526 800 470 2742 1267 3096 6332 1298 1200 6367 1370 2720 6159 1299 1998 3370 988 683 3344 1044 429 3296 1370 2720 668 1409 3118 848 1410 1471 687 716 1367 5914 962 1298 5737 1334 1642 5996 934 1990 6171 1411 1862 6287 990 252 6059 1378 299 6639 1377 1419 6584 1410 1471 6651 1376 1278 6512 1375 1253 6605 1381 2837 6602 1300 2643 6378 1375 1253 6389 1337 1468 6290 835 941 1417 609 2568 1422 1240 862 1491 1340 303 5942 499 2788 6269 1337 1468 6290 1244 4 4622 1115 238 4379 1301 2102 4448 1301 2102 7626 1243 2367 7615 1383 607 7579 1412 1280 5922 1385 1832 5837 1341 2617 5864 1303 3055 4878 1384 3030 4868 1386 767 4876 1340 303 6597 1341 2617 6470 1070 309 6377 1413 1539 2464 1200 251 2463 1275 1247 2407 1414 2137 1735 1415 2721 1734 1416 822 1540 1305 2573 3783 1417 2975 3869 1388 833 3972 1279 3078 6578 1418 760 6807 1389 1 6585 1419 2825 7168 1420 2040 7135 1421 2684 7214 944 2126 263 1422 1350 268 1390 1464 261 973 202 3128 1422 1350 3142 944 2126 3157 973 202 3128 1250 2571 3048 1423 1382 3106 999 345 3110 1251 3122 3237 1307 2675 3098 1178 1864 1373 1391 2704 1445 1140 2649 1363 1002 88 3669 1288 546 3629 1351 275 3612 1353 2559 2389 849 1409 2724 773 2590 2452 889 2358 916 1424 2743 910 1256 700 886 1231 1047 6173 1256 700 6251 921 404 6198 1125 613 732 1425 2104 727 1187 910 801 1076 795 6099 1426 2698 6233 1427 445 6183 1206 20 1061 1428 1962 1109 1207 1223 1074 1148 420 5903 1207 1223 5880 1315 415 5959 1212 1088 4609 1429 1922 4623 1259 2028 4540 1211 2445 591 1395 2549 556 1430 891 608 1076 795 6099 1427 445 6183 1290 1225 6126 1431 198 720 1125 613 732 1396 2974 568 1232 2452 4669 1397 524 4771 1358 832 4671 1259 2028 7184 1398 1550 7081 1152 2754 6721 1149 2156 6857 1399 2562 6554 1395 2549 6568 978 2247 4600 1318 1196 4640 1261 1153 4656 1153 2299 653 1398 1550 831 1155 1473 634 1029 768 6438 1432 1429 6484 1235 2042 6350 1155 1473 5627 1433 1219 5502 1161 1927 5620 1163 2909 5568 1320 956 5391 1260 2165 5464 1133 1554 936 1434 466 965 1036 2337 924 748 2740 4914 1080 1470 4776 1435 3080 5064 682 1392 1630 1215 2990 1802 954 999 1820 748 2740 2877 1435 3080 2750 541 1242 2928 1083 614 1460 1082 2379 1530 1436 1780 1566 1437 460 104 1192 1525 100 1107 803 107 1322 2427 7578 1296 1491 7478 1324 1233 7641 1296 2709 7528 1438 608 7575 1324 2036 7635 1324 2036 2829 1439 2614 2795 1296 2709 2834 1293 2585 2770 1266 241 2764 1440 57 2797 750 3128 656 1441 2314 680 710 2768 497 1326 2355 460 1442 1198 447 1011 2798 442 1366 2404 3519 1443 1452 3533 905 1571 3511 1087 639 1235 1111 629 1226 1444 967 1239 1365 1345 3647 832 2151 3663 931 1008 3365 1445 2947 4401 1369 2517 4371 1329 2176 4345 1369 2517 3995 1219 1766 3900 1329 2176 3816 800 470 2742 1446 764 2664 1299 1998 2725 990 252 4040 1411 1862 4139 1332 2816 4086 1331 1773 6424 1240 862 6258 1374 1623 6380 1370 2720 6227 1410 1471 6216 1372 1822 6110 1375 1253 6389 1374 1623 6380 1337 1468 6290 1447 717 6869 1335 654 6706 1241 1940 6943 1410 1471 6216 1377 1419 6212 1372 1822 6110 1377 1419 6212 1380 1609 6239 1372 1822 6110 1380 1609 6239 1271 549 6170 1372 1822 6110 1380 1609 6239 1270 130 6271 1271 549 6170 834 740 6146 1339 343 5806 717 2794 5795 499 2788 6269 1340 303 5942 550 2295 5940 1272 1254 4877 1019 1879 4799 1448 1455 4919 1448 1455 4555 1386 767 4476 1272 1254 4478 1383 607 4426 1449 2455 4501 1301 2102 4448 1412 1280 5922 1272 1254 5856 1385 1832 5837 1383 607 4426 1387 539 4427 1449 2455 4501 1448 1455 4919 1342 678 4916 1303 3055 4878 1302 1670 4415 1450 2852 4500 1387 539 4427 1302 1670 4415 760 1598 4397 1450 2852 4500 1198 3073 1567 1413 1539 1513 1275 1247 1456 1451 2555 6524 1452 754 6392 1453 1365 6369 1139 387 46 766 73 134 1454 2064 48 1455 1095 1649 1420 2040 1497 1419 2825 1504 1388 833 3970 1418 760 3895 1279 3078 3794 1046 498 2035 966 2965 1937 1456 1761 2043 1389 1 4297 1418 760 4347 1390 1464 4296 1456 1761 2043 966 2965 1937 1457 977 1948 1419 2825 7168 1421 2684 7214 1458 1967 7326 1390 1464 742 1459 2615 763 1389 1 724 1345 1440 3553 1346 1557 3532 1093 1239 3539 973 202 3128 1423 1382 3106 1422 1350 3142 1460 1224 4025 1348 409 3799 1249 1543 4020 1460 1224 4025 1461 2304 3795 1348 409 3799 1462 2564 2920 1306 979 2957 998 633 2822 1392 1762 7685 1254 2942 7480 1463 900 7713 1392 1762 7650 1463 900 7623 1351 275 7545 1254 2942 1780 1255 492 1652 1463 900 1573 1463 900 3583 1255 492 3581 1351 275 3612 1464 150 7661 1310 1786 7498 1352 638 7737 1464 150 5751 1352 638 5740 1146 1357 5802 1283 1082 1365 1123 448 1277 770 2723 1420 1465 1993 2635 1122 439 2382 617 3100 2692 1466 600 1198 1096 2185 1285 1097 2986 919 1467 1320 7067 1354 1664 6727 1355 1792 6759 1426 2698 5042 1076 795 5069 1003 2621 5016 1357 2883 5048 1314 1626 5227 1208 1898 5040 1289 2923 2466 1147 2812 2380 1099 178 2362 1468 3067 1086 1315 415 1059 1207 1223 1074 1469 664 664 1213 2730 789 1210 1094 626 1470 3068 6883 1359 3127 6674 1315 415 6740 1316 2988 4114 1317 2551 4013 1471 2131 4034 1472 935 539 1028 2182 579 1234 2166 510 1473 725 2095 1400 746 2090 1359 3127 2165 1474 1918 1155 1188 2333 1073 1213 2730 1144 1400 746 496 1432 1429 467 1029 768 487 1398 1550 831 1433 1219 793 1155 1473 634 1475 3047 6439 1476 1218 6336 1235 2042 6350 1401 170 106 1130 2539 92 1477 2938 143 1402 723 6719 1237 2777 6179 1235 2042 6184 1433 1219 5502 1132 393 5584 1161 1927 5620 1478 799 1023 1133 1554 936 1106 2001 1019 1405 3129 945 1036 2337 924 1434 466 965 1479 2598 5147 1435 3080 5064 1080 1470 4776 1480 2955 5222 896 2521 5412 1292 214 5172 862 2674 1394 1363 860 1824 787 2403 1411 1364 2979 3888 1481 1546 3926 1266 241 3812 1266 241 2764 1481 1546 2803 1440 57 2797 710 2768 497 1482 3075 508 1326 2355 460 1087 639 5022 1444 967 5215 1483 611 5157 1062 212 1157 1061 1393 920 1484 1769 1173 1218 1758 5993 1367 2967 6072 1368 2501 6058 1061 1393 920 716 1367 918 1484 1769 1173 1089 604 4304 1369 2517 4371 1445 2947 4401 1268 2460 6588 1485 573 6595 1373 131 6791 1410 1471 6651 1486 2694 6778 1378 299 6639 1381 2837 6602 1487 1700 6382 1376 1278 6512 1374 1623 6380 1240 862 6258 1337 1468 6290 1378 299 6639 1488 278 6455 1379 297 6508 1335 654 6706 1489 2815 6717 1381 2837 6602 1381 2837 6602 1489 2815 6717 1487 1700 6382 1336 1579 6391 1488 278 6455 1485 573 6364 1336 1579 6391 1485 573 6364 1268 2460 6293 1335 654 6706 1447 717 6869 1489 2815 6717 834 740 6146 1372 1822 6110 1339 343 5806 609 2568 1422 1412 1280 1479 1240 862 1491 609 2568 1422 1272 1254 1441 1412 1280 1479 1243 2367 5789 1339 343 5866 1382 2839 5782 1412 1280 5922 1341 2617 5864 1340 303 5942 1382 2839 5723 1339 343 5806 1274 63 5756 1339 343 5806 1273 513 5850 1274 63 5756 1222 17 6689 1490 1006 6786 1247 1408 6608 935 2284 2735 1245 1235 2601 1222 17 2701 1416 822 175 1415 2721 196 1491 403 192 1139 387 1969 1454 2064 1970 1344 2341 1960 1046 498 956 1456 1761 966 1072 1433 898 1455 1095 2508 1419 2825 2395 1492 2518 2498 1455 1095 3984 1493 2765 3925 1420 2040 3806 1420 2040 3806 1493 2765 3925 1494 790 3878 1420 2040 4565 1494 790 4588 1458 1967 4516 1417 2975 3869 1305 2573 3783 1495 1757 3857 1305 2573 716 1422 1350 817 1495 1757 777 1305 2573 716 1389 1 724 1422 1350 817 1420 2040 7729 1458 1967 7567 1421 2684 7684 1419 2825 7168 1458 1967 7326 1345 1440 7290 1389 1 724 1459 2615 763 1422 1350 817 479 560 4039 1177 58 4193 1248 1733 4176 1250 2571 816 1306 979 651 1496 1746 811 1118 1711 5357 974 924 5338 1223 2457 5626 1308 1747 5453 1392 1762 5426 1497 618 5471 1311 2317 1282 1498 2762 1295 1287 807 1269 1287 807 4368 1498 2762 4393 617 3100 4287 1075 889 892 1499 2146 912 1097 2986 919 1467 1320 6201 1075 889 6151 1354 1664 6113 921 404 6198 1256 700 6251 1500 1970 6376 1500 1970 5797 1356 3082 5730 921 404 5692 1425 2104 727 1125 613 732 1431 198 720 1206 20 5784 949 915 5787 852 1816 5799 1357 2883 5198 1258 1380 5096 1501 1763 5216 1258 1380 4636 1289 2923 4612 1501 1763 4683 1258 1380 4636 1147 2812 4578 1289 2923 4612 1470 3068 6883 1315 415 6740 1468 3067 6810 1212 1088 4609 1358 832 4671 1429 1922 4623 1289 2923 2213 1316 2988 2170 1502 2489 2237 1469 664 664 1503 1507 782 1213 2730 789 1316 2988 3667 1471 2131 3676 1504 1406 3734 1396 2974 568 1028 2182 579 1472 935 539 1234 2166 4614 1319 2101 4653 1505 536 4598 1317 2551 3455 1360 1289 3466 1471 2131 3461 1432 1429 6484 1475 3047 6439 1235 2042 6350 1506 2881 3484 1360 1289 3466 1401 170 3457 1360 1289 3466 951 2482 3446 1401 170 3457 1130 2539 92 1131 586 93 1477 2938 143 1188 2333 1073 1507 3110 1076 1236 2023 1044 1236 2023 1044 1507 3110 1076 1508 774 1047 1262 1401 1992 1167 2538 1945 1509 2565 1963 1508 774 1047 1106 2001 1019 1236 2023 1044 926 2285 5579 1403 1243 5423 1404 2346 5399 1321 3005 2793 1510 1580 2805 1266 2595 2764 1364 2979 5327 1293 2585 5343 1511 563 5280 1364 2979 3888 1511 563 3967 1481 1546 3926 1266 2595 7454 1510 1580 7291 1364 2582 7362 1328 895 1533 1327 2973 1599 1512 2237 1481 1297 1517 6044 1513 438 6010 1137 796 6029 932 1342 1962 1089 604 1920 1445 2947 1985 1445 2947 4401 1329 2176 4345 1514 2511 4461 800 470 2742 1515 2328 2577 1446 764 2664 1329 2176 4345 1331 1773 4313 1516 1397 4421 1299 1998 3370 1517 716 3467 988 683 3344 1409 3118 7370 1486 2694 7288 1410 1471 6975 1518 875 1736 1269 332 1541 1373 131 1542 1269 332 4135 1518 875 4168 1090 1499 4084 1518 875 6909 1373 131 6791 1485 573 6595 1331 1773 6362 1374 1623 6444 1487 1700 6382 1374 1623 6444 1376 1278 6512 1487 1700 6382 1486 2694 6778 1488 278 6455 1378 299 6639 1018 598 1798 664 1399 1458 1519 990 1806 1448 1455 4919 1303 3055 4878 1386 767 4876 1387 539 4427 1450 2852 4500 1449 2455 4501 1451 2555 2926 1520 2013 2919 1452 754 2894 1414 2137 4333 1416 822 4293 1491 403 4348 1388 833 3972 1417 2975 3869 1521 2063 3996 1417 2975 3869 1495 1757 3857 1521 2063 3996 1419 2825 2395 1345 1440 2396 1492 2518 2498 1521 2063 3661 1495 1757 3602 1522 2416 3633 1522 1650 7330 1422 2929 7132 1418 1519 7338 1493 2765 3603 1523 1524 3561 1458 1967 3545 1493 2765 3979 1458 1967 3811 1494 790 3935 1495 1757 3602 1422 1350 3590 1522 2416 3633 1524 1961 2948 1390 1464 2904 1418 760 2938 1422 1350 817 1459 2615 763 1390 1464 742 1458 1967 7326 1346 1557 7403 1345 1440 7290 1250 2571 6452 1496 1746 6563 1423 1382 6582 1306 979 651 1525 2983 661 1496 1746 811 1281 1957 5831 1526 453 5640 1350 1528 5765 1464 150 5751 1146 1357 5802 1310 1786 5748 1288 546 1352 1096 2185 1285 1466 600 1198 1427 445 6183 1527 800 6181 1290 1225 6126 1359 3127 1380 1470 3068 1426 1528 2041 1432 1431 198 7458 1396 2974 6916 1529 2542 6987 1290 1225 6126 1527 800 6181 1530 3070 6188 1290 1225 6126 1530 3070 6188 1318 1196 6139 1505 536 2440 1531 2954 2390 1234 2166 2461 1319 2101 4526 1532 1648 4749 1505 536 4545 1318 1196 6596 1530 3070 6703 1533 359 6613 1530 3070 6703 1534 436 6873 1533 359 6613 1359 3127 1380 1535 421 1421 1473 725 1389 1319 2101 3417 1291 2170 3345 1532 1648 3372 1473 725 4827 1536 1886 4857 1400 746 4844 1188 2333 1073 1474 1918 1155 1507 3110 1076 1476 1218 6245 1402 723 6719 1235 2042 6184 1478 799 1023 1434 466 965 1133 1554 936 1080 1470 4776 1537 789 4915 1538 2000 5024 1080 1470 4776 1404 2346 4856 1537 789 4915 1192 1525 1470 1437 460 1818 1363 860 1824 1324 2036 1584 1438 608 1537 1439 2614 1726 1293 2585 5343 1440 57 5301 1511 563 5280 1481 1546 2803 1511 563 2807 1440 57 2797 1438 608 6834 1296 2709 6808 1439 2614 7004 864 2737 4070 1407 1184 4035 1040 2342 3528 1327 2973 3496 1539 852 3536 1512 2237 3529 1328 895 4762 1512 2237 4796 1217 2601 4742 1011 2798 442 1113 2786 369 833 1566 366 1540 2205 3677 1541 376 3530 1297 1517 3494 1368 2501 6058 1367 2967 6072 1542 584 6130 661 2198 5055 1543 2544 4746 987 181 5033 934 1990 105 1544 341 389 1411 1862 129 1332 2816 4086 1411 1862 4139 1545 3010 4129 1241 1940 5365 1546 757 5476 1447 717 5350 1379 297 6508 1488 278 6455 1336 1579 6391 1240 862 6258 1412 1280 5922 1337 1468 6290 1271 549 6170 1339 343 5806 1372 1822 6110 1271 549 6170 1273 513 5850 1339 343 5806 1337 1468 6290 1412 1280 5922 1340 303 5942 1019 1879 4799 963 1673 4849 1448 1455 4919 1449 2455 4501 1244 4 4622 1301 2102 4448 760 1598 4397 1199 2136 4440 1450 2852 4500 1247 1408 1271 1547 1400 1304 721 2577 1299 1490 1006 173 1222 17 172 1548 191 159 803 2588 2485 1549 2476 2637 1199 2136 2434 1550 1668 2096 1414 2137 2078 1551 602 2097 1550 1668 7669 1415 2721 7668 1414 2137 7481 1552 830 7566 1520 2013 7581 1451 2555 7652 1453 1365 3974 1553 1310 3851 1451 2555 3871 1520 2013 3885 1554 1079 3824 1452 754 3986 1453 1365 4403 1452 754 4395 1554 1079 4319 1453 1365 6036 1554 1079 6154 1553 1310 6108 1492 2518 1585 1523 1524 1525 1455 1095 1716 1455 1095 1716 1523 1524 1525 1493 2765 1688 1388 833 7441 1521 2063 7432 1418 760 7338 1418 760 7338 1521 2063 7432 1522 2416 7330 1418 760 7517 1522 507 7612 1555 47 7631 1555 47 2504 1524 1961 2494 1418 760 2483 1492 2518 2498 1345 1440 2396 1556 1489 2509 1422 1350 3590 1557 1777 3643 1522 507 3633 1558 10 644 1345 1440 611 1072 1433 898 1071 1201 2869 1559 1166 3033 969 745 2867 1458 1967 3545 1523 1524 3561 1346 1557 3532 1280 1450 4204 1177 58 4193 732 293 4033 1560 2017 6923 1348 409 6648 1461 2304 6777 1561 1737 619 1525 2983 661 1306 979 651 1462 2564 2920 998 633 2822 1562 2980 2806 1563 2161 5387 1497 618 5471 1392 1762 5426 1563 2161 5387 1392 1762 5426 1351 275 5400 1564 1564 1343 1498 2762 1295 1311 2317 1282 1310 1786 2875 1146 1357 2878 1565 987 2844 1355 1792 5300 1187 910 5277 1425 2104 5333 1428 1962 5898 1206 20 5784 852 1816 5799 1427 445 5047 1426 2698 5042 1566 1485 5093 1567 1533 1116 1207 1223 1074 1428 1962 1109 1567 1533 1116 1468 3067 1086 1207 1223 1074 1430 891 608 1210 1094 626 1211 2445 591 1502 2489 3727 1316 2988 3667 1504 1406 3734 1504 1406 3734 1471 2131 3676 1568 1742 3723 1536 1886 4857 1432 1429 4886 1400 746 4844 1569 2429 3480 1471 2131 3461 1360 1289 3466 1570 1217 6400 1476 1218 6336 1475 3047 6439 1571 1680 2112 1214 143 2104 1165 1389 2014 1165 1389 2014 1262 1401 1992 1572 1779 2027 1403 1243 5423 1132 393 5584 1433 1219 5502 1320 956 4825 1168 1723 4698 1573 2178 4859 1082 2379 1530 861 2644 1409 1362 1078 1866 1361 636 2828 1083 614 2787 1436 1780 2786 1264 2351 2722 1574 2785 2769 1324 2787 2829 1575 2623 598 863 1615 454 1406 2408 520 1575 2623 598 864 2737 456 863 1615 454 1576 2512 4971 1085 972 4758 1217 2601 4742 1577 2560 1270 1087 639 1235 1483 611 1247 1577 2560 1270 1483 611 1247 1578 595 1248 1578 595 5201 1483 611 5157 1444 967 5215 1444 967 1239 1111 629 1226 1062 212 1157 1442 1198 447 1113 2786 369 1011 2798 442 931 1008 3365 1195 610 3354 1365 1345 3647 1579 1953 876 757 1968 960 960 1574 949 1580 153 1622 1367 2967 1350 987 181 1328 1581 1169 7314 1409 3118 6825 1298 1200 7106 1409 3118 6825 1370 2720 6598 1298 1200 7106 1067 1811 1812 1090 1499 1813 1518 875 1853 1331 1773 4313 1487 1700 4400 1516 1397 4421 1546 757 5476 1241 1940 5365 1333 3017 5419 1582 194 7000 1518 875 6909 1485 573 6595 1519 990 1806 662 2099 1846 1018 598 1798 1487 1700 6382 1489 2815 6717 1583 1856 6795 838 2989 1345 1519 990 1806 664 1399 1458 1244 4 4622 1449 2455 4501 1450 2852 4500 1198 3073 1567 1584 1152 1635 1413 1539 1513 1247 1408 1271 1490 1006 1272 1547 1400 1304 1547 1400 1304 1490 1006 1272 1548 191 1263 1245 1235 2201 1585 2755 2257 1222 17 2280 1413 1539 1160 1586 2864 1122 1200 251 1158 1587 1629 4965 1222 17 4924 1585 2755 4970 1588 1211 2047 1520 2013 2030 1552 830 2038 1522 507 2535 1557 1777 2544 1555 47 2504 1555 47 2504 1557 1777 2544 1524 1961 2494 1556 1489 3605 1523 1524 3561 1492 2518 3614 1558 10 644 1556 1489 614 1345 1440 611 1557 1777 3214 1422 1350 3142 1423 1382 3106 1344 2341 1960 1347 3105 1897 806 2776 1888 1589 1158 3507 1249 1543 3476 1346 1557 3532 1460 1224 6514 1249 1543 6396 1590 3072 6594 1590 3072 6594 1249 1543 6396 1589 1158 6561 966 2965 4125 1117 2814 4217 1457 977 4249 1461 2304 6352 1460 1224 6569 1560 2017 6302 1560 2017 6923 1349 2016 6845 1348 409 6648 1288 546 3629 1563 2161 3594 1351 275 3612 1226 2637 5225 1591 406 5242 1283 1082 5199 1393 1246 5236 1591 406 5242 1226 2637 5225 617 3100 4287 1498 2762 4393 1465 1993 4470 1394 2566 2695 849 1409 2724 1353 2559 2389 1097 2986 919 1499 2146 912 1592 969 1031 1003 2621 5016 1356 3082 4993 1426 2698 5042 1004 2780 5875 1593 2734 6128 852 1816 5799 1425 2104 5333 1431 198 5313 1594 78 5363 1566 1485 6276 1595 1548 6335 1427 445 6183 1357 2883 5198 1501 1763 5216 1596 2197 5263 1427 445 6183 1595 1548 6335 1527 800 6181 1210 1094 626 1430 891 608 1469 664 664 1503 1507 7087 1597 366 7036 1213 2730 7428 1395 2549 6568 1399 2562 6554 1598 1394 6414 1214 143 4791 1571 1680 4810 1397 524 4771 1472 935 1410 1234 2166 1381 1531 2954 1427 1318 1196 7625 1533 359 7518 1261 1153 7741 1599 2764 1994 1433 1219 2004 1398 1550 2089 1535 421 4819 1536 1886 4857 1473 725 4827 1471 2131 3461 1569 2429 3480 1568 1742 3481 1506 2881 3031 1401 170 3088 1600 2920 2992 1056 2799 321 859 441 412 1601 400 362 1508 774 1047 1478 799 1023 1106 2001 1019 1168 1723 5548 1238 207 5320 1573 2178 5354 1215 2990 1802 1010 2587 1378 1602 2154 1391 1603 3131 2710 1264 2351 2722 541 1242 2928 1058 1545 3159 1604 2335 3700 1605 3059 3169 1364 1791 7362 1606 983 7093 1607 354 7209 1364 1791 7362 1510 19 7291 1606 983 7093 1364 1791 3989 1607 354 3874 1510 2365 3913 1510 18 7291 1608 1112 7137 1364 1790 7362 1321 3005 2793 1608 1112 2842 1510 1580 2805 1406 2408 520 1322 1655 471 1609 1850 553 1324 2787 479 1609 1850 553 1322 1655 471 1482 3075 508 1610 2030 463 1326 2355 460 1610 2030 7439 1442 1198 7382 1326 2355 7078 1297 1517 6044 1541 376 5974 1513 438 6010 1544 341 389 934 1990 105 1113 2786 369 1195 610 3354 932 1342 3203 1611 2447 3252 907 1513 4585 1581 1169 4602 1298 1200 4517 1545 3010 2715 1546 757 2686 1332 2816 2656 1546 757 7133 1333 3017 6773 1332 2816 6835 1514 2511 4461 1329 2176 4345 1516 1397 4421 1612 166 5804 1517 363 5667 1446 763 5743 1446 764 2664 1517 716 2630 1299 1998 2725 1613 2378 7624 1371 982 7662 1614 2356 7515 1518 875 1853 1334 1642 1896 1067 1811 1812 1486 2694 6778 1615 28 6462 1488 278 6455 1615 28 6462 1485 573 6364 1488 278 6455 963 1673 4849 1616 867 4986 1448 1455 4919 1342 678 4916 1448 1455 4919 1617 1469 4997 1199 2136 4440 1549 2476 4643 1450 2852 4500 1045 2557 2555 1200 251 2327 1586 2864 2298 1548 191 159 1222 17 172 1587 1629 146 1549 2476 2637 803 2588 2485 1618 157 2667 1619 3001 3843 1415 2721 3769 1550 1668 3815 1552 830 5349 1620 516 5439 1588 1211 5393 1552 830 1048 1451 2555 1054 1620 516 1101 1414 2137 1701 1491 403 1646 1456 1761 1489 1553 1310 3851 1621 2753 3771 1622 1270 3781 1621 2753 1605 1553 1310 1781 1554 1079 1604 1621 2753 6124 1344 2341 6062 1454 2064 6076 1623 1643 2989 1390 1464 2904 1524 1961 2948 1346 1557 3532 1523 1524 3561 1624 3121 3600 1556 1489 3605 1624 3121 3600 1523 1524 3561 1557 1777 3214 1423 1382 3106 1625 2569 3257 1496 1746 6653 1525 2983 6422 1626 2179 6736 1460 1224 6569 1627 3112 6645 1560 2017 6302 1306 979 6656 1462 2564 6861 1561 1737 6940 1118 1711 5357 1223 2457 5626 1628 553 5762 1118 1711 2729 1628 553 2996 1025 694 2731 1309 960 5771 1629 2190 5763 1179 2079 5808 1253 197 2562 1630 1368 2542 1225 2076 2398 1310 1786 2875 1565 987 2844 1631 2985 2859 1355 1792 6759 1632 221 7346 1467 1320 7067 1355 1792 6759 1633 2897 7298 1632 221 7346 1500 1970 5797 1634 2039 5859 1356 3082 5730 852 1816 5799 1635 2366 5979 1428 1962 5898 1597 366 6267 1474 1918 6289 1213 2730 6096 1528 2041 1432 1535 421 1421 1359 3127 1380 1529 2542 1403 1396 2974 1395 1636 2495 1425 1259 2028 7184 1637 1192 7302 1398 1550 7081 1396 2974 1395 1472 935 1410 1636 2495 1425 1527 800 6600 1638 2725 6731 1530 3070 6703 1398 1550 6941 1637 1192 7200 1599 2764 7434 1260 2165 5464 1639 2561 5422 1399 2562 5535 1131 586 93 1640 1704 219 1477 2938 143 1009 2195 1196 1640 1704 1251 1131 586 1265 1403 1243 5423 1641 1561 5253 1404 2346 5399 980 2984 3055 955 637 2862 1642 986 3232 1081 2803 150 1056 2799 321 1643 433 279 1644 1371 3023 955 637 2862 1361 636 2828 1107 803 107 1081 2803 150 1437 460 104 1607 354 3874 1608 1460 3835 1510 2365 3913 1510 19 2805 1608 1460 2842 1606 983 2840 1406 2408 7486 1609 1850 7692 1574 2785 7708 1443 1452 2751 1645 1965 2767 905 1571 2719 1443 1452 3533 1646 48 3582 1645 1965 3556 1443 1452 3533 1366 2404 3519 1646 48 3582 1327 2973 3431 1647 619 3520 1539 852 3462 1137 796 6305 1513 438 6340 758 413 6244 1112 2020 3491 1648 3052 3447 907 1513 3425 716 1367 918 1334 1642 938 1484 1769 1173 1063 2949 5053 1649 621 4933 1371 2532 4962 1063 2949 2062 1330 854 2274 1649 621 2135 1613 2378 4510 1614 2356 4537 1649 1784 4587 1486 2694 7288 1409 3118 7370 1650 2688 7399 1516 1397 4421 1487 1700 4400 1651 557 4449 1486 2694 6778 1650 2688 6801 1615 28 6462 1584 1152 4491 1198 3073 4541 1652 765 4429 1584 1152 6921 1652 765 6817 1413 1539 6977 1548 191 1263 1653 1805 1255 1547 1400 1304 1413 1539 1160 1654 1551 1106 1586 2864 1122 1548 191 159 1587 1629 146 1653 1805 145 1092 2164 2414 1618 157 2667 803 2588 2485 1551 602 2097 1655 1385 2111 1550 1668 2096 1619 3001 3843 1656 2037 3791 1415 2721 3769 1551 602 2097 1414 2137 2078 1655 1385 2111 1491 403 192 1415 2721 196 1657 2044 202 1520 2013 2030 1588 1211 2047 1621 2753 1990 1520 2013 6830 1621 2753 6618 1554 1079 6687 1414 2137 2078 1456 1761 2043 1655 1385 2111 1491 403 192 1657 2044 202 1456 1761 187 1657 463 4646 1658 953 4625 1456 980 4582 1659 842 1762 1660 281 1632 1661 1035 1771 1662 2924 5141 1556 1489 5072 1663 220 5100 1524 1961 3221 1557 1777 3214 1623 1643 3259 1558 10 644 1663 220 646 1556 1489 614 1663 220 1596 1624 3121 1620 1664 402 1743 1558 10 7598 1624 3121 7510 1663 220 7651 1556 1489 3605 1664 402 3628 1624 3121 3600 1390 1915 3163 1625 201 3257 1623 74 3259 1248 1733 2417 1665 934 2666 913 2956 2416 1423 1382 6582 1496 1746 6563 1626 2179 6676 1628 553 2996 1666 1446 2994 1025 694 2731 1253 197 1536 1201 1765 1466 1667 219 1374 1563 2161 3594 1288 546 3629 1668 2982 3580 1498 2762 4393 1669 390 4445 1465 1993 4470 734 3132 2500 1122 439 2382 1004 2780 1947 1467 1320 6201 1670 146 6296 1075 889 6151 1256 700 6251 1671 1541 6741 1500 1970 6376 1124 2167 5127 1314 1626 5227 1672 1741 5316 1355 1792 5300 1425 2104 5333 1633 2897 5450 1356 3082 4993 1634 2039 4988 1426 2698 5042 1357 2883 5198 1596 2197 5263 1673 894 5246 1567 1533 7292 1674 2759 7398 1468 3067 7033 1468 3067 6810 1675 2009 7366 1470 3068 6883 1502 2489 3727 1504 1406 3734 1676 599 3952 1470 3068 1426 1675 2009 1554 1528 2041 1432 1432 1429 6484 1677 1116 6482 1475 3047 6439 1475 3047 2310 1677 1116 2286 1570 1217 2311 1360 1289 3466 1678 537 3537 1569 2429 3480 1403 1243 5423 1433 1219 5502 1679 1236 5446 1167 2538 1945 1263 216 1861 1509 2565 1963 954 999 1820 1680 631 1841 1263 216 1861 1538 2000 5024 1479 2598 5147 1080 1470 4776 1437 460 104 1081 2803 150 1681 2031 118 1436 1780 1566 1082 2379 1530 1682 2077 1827 1607 354 7681 1606 983 7493 1608 1460 7494 1324 2787 2829 1574 2785 2769 1609 1850 2771 1365 1345 2902 1683 154 2874 1321 3005 2793 1646 48 3582 1684 1975 3596 1645 1965 3556 905 1571 2719 1645 1965 2767 1684 1975 2796 1539 852 3536 1685 2437 3567 1512 2237 3529 928 606 1286 1087 639 1235 1577 2560 1270 757 1968 3486 1540 2205 3677 1297 1517 3494 1513 438 6340 1686 2318 6716 758 413 6244 1687 1451 7642 1688 2827 7552 1689 964 7732 1445 2947 1985 1514 2511 2017 932 1342 1962 1687 1451 1774 1690 1911 1580 1688 2827 1684 1334 1642 1896 1518 875 1853 1691 1647 1879 1691 1647 7206 1518 875 6909 1582 194 7000 1371 982 7085 1649 1784 7234 1614 2356 7025 1447 717 5350 1546 757 5476 1583 1856 5362 1583 1856 6795 1651 557 6394 1487 1700 6382 1447 717 6869 1583 1856 6795 1489 2815 6717 838 2989 1345 721 2577 1299 1692 2187 1386 1586 2864 2298 1693 1381 2285 1045 2557 2555 1652 765 6817 1654 1551 6677 1413 1539 6977 1654 1551 1106 1694 324 1094 1586 2864 1122 1655 1385 3977 1619 3001 3843 1550 1668 3815 1695 1952 1769 1656 2037 1666 1619 3001 1578 1657 2044 202 1415 2721 196 1696 2722 262 1697 1881 3323 1698 1098 3267 1699 478 3290 1659 485 3849 1700 188 3914 1701 2393 3919 1659 485 6944 1701 2393 7079 1702 1515 6961 1699 478 1691 1698 1098 1597 1703 2575 1692 1659 485 3849 1661 256 3836 1700 188 3914 1659 485 1762 1702 1515 1634 1661 256 1771 763 2774 6718 1704 2741 7273 1071 1201 6622 1621 2753 1990 1347 3105 1897 1344 2341 1960 1623 1643 3259 1557 1777 3214 1625 2569 3257 1663 220 5100 1664 402 5142 1662 2924 5141 1558 10 6437 1705 2275 6549 1624 3121 6412 1662 2924 3635 1664 402 3628 1556 1489 3605 1590 3072 6649 1627 3112 6645 1460 1224 6569 1626 2179 6736 1525 2983 6422 1706 981 6729 1349 2016 6845 1560 2017 6923 1707 2338 7312 1251 3122 3237 1708 1121 3107 1307 2675 3098 1564 1564 4488 1669 390 4445 1498 2762 4393 1353 2559 2389 1124 2167 2128 1672 1741 2130 1635 2366 5979 1709 2048 5951 1428 1962 5898 1428 1962 1109 1709 2048 1142 1567 1533 1116 1594 78 5363 1431 198 5313 1710 2958 5364 1501 1763 4683 1289 2923 4612 1711 171 4700 1529 2542 4761 1710 2958 4703 1431 198 4789 1502 2489 2237 1676 599 2316 1289 2923 2213 1712 3124 6321 1527 800 6181 1595 1548 6335 1430 891 6509 1395 2549 6568 1598 1394 6414 1429 1922 518 1713 1936 501 1259 2028 549 1527 800 6181 1712 3124 6321 1638 2725 6247 1529 2542 4761 1636 2495 4725 1714 1398 4696 1399 2562 6554 1715 138 6406 1598 1394 6414 1530 3070 6703 1716 1994 7286 1534 436 6873 1472 935 1410 1531 2954 1427 1717 933 1455 1717 933 1455 1531 2954 1427 1718 2981 1449 1531 2954 2390 1505 536 2440 1719 2121 2344 1505 536 4545 1532 1648 4749 1719 2121 4665 1531 2954 2390 1719 2121 2344 1718 2981 2350 1715 138 605 1399 2562 544 1639 2561 673 1599 2764 5457 1679 1236 5446 1433 1219 5502 1639 2561 5422 1260 2165 5464 1720 2978 5405 1677 1116 2286 1721 423 2259 1570 1217 2311 1570 1217 2311 1721 423 2259 1476 1218 2349 1571 1680 2112 1165 1389 2014 1572 1779 2027 1260 2165 5464 1320 956 5391 1720 2978 5405 1572 1779 2027 1262 1401 1992 1722 603 1999 1720 2978 5405 1320 956 5391 1573 2178 5354 954 999 1820 1215 2990 1802 1680 631 1841 1680 631 1841 1215 2990 1802 1723 1025 1842 1724 2014 2752 1603 3131 2710 541 1242 2928 787 2403 1411 1725 1290 1875 1362 1078 1866 1361 636 2828 1436 1780 2786 1726 215 2783 1574 2785 560 1727 2779 581 1406 2408 520 1608 1112 6460 1683 154 6551 1364 1790 6315 1321 3005 4275 1683 154 4196 1608 1112 4235 1190 217 1024 1085 972 855 1576 2512 885 1058 1545 3525 1605 3059 3732 1012 1602 3502 1684 1975 2796 1728 446 2820 905 1571 2719 1685 2437 3483 1539 852 3462 1647 619 3520 1217 2601 4742 1729 2603 4910 1576 2512 4971 1577 2560 1270 1578 595 1248 1730 1764 1253 1729 2603 4910 1217 2601 4742 1512 2237 4796 1578 595 5201 1444 967 5215 1730 1764 5244 1444 967 1239 1062 212 1157 1484 1769 1173 1542 584 5780 1731 234 5955 1368 2501 5714 1732 2386 5355 1689 964 5331 1688 2827 5282 1733 917 1926 1734 1136 1923 1735 1411 1907 1734 1136 1923 1736 1939 1902 1735 1411 1907 1737 892 1887 1735 1411 1907 1738 2204 1891 1736 1939 1902 1738 2204 1891 1735 1411 1907 1737 892 4529 1738 2204 4471 1739 26 4557 1740 2652 4093 1545 3010 4129 1688 2827 4133 1736 1939 1902 1691 1647 1879 1738 2204 1891 1736 1939 1902 1334 1642 1896 1691 1647 1879 1650 2688 6935 1409 3118 7063 1581 1169 7463 1582 194 7000 1485 573 6595 1741 901 6988 1485 573 6595 1615 28 6630 1741 901 6988 1330 854 1889 662 2099 1846 1519 990 1806 1338 778 612 1221 801 536 992 805 326 1617 1469 4997 1343 1510 4880 1342 678 4916 1742 1775 128 1653 1805 145 1587 1629 146 1245 1235 2201 1743 2360 2186 1585 2755 2257 1744 2222 5023 1587 1629 4965 1585 2755 4970 1743 2360 5035 1744 2222 5023 1585 2755 4970 1745 1981 3063 763 2774 2881 911 2797 2915 1451 2555 3871 1553 1310 3851 1622 1270 3781 1622 1270 5124 1621 2753 5090 1451 2555 5174 1697 1881 7018 1699 478 6897 1703 2575 6906 1746 1890 7174 1702 1515 6961 1701 2393 7079 1697 1881 1723 1747 2672 1651 1748 1277 1563 1748 1277 3322 1698 1098 3267 1697 1881 3323 1749 2553 7629 1702 2748 7534 1750 2444 7630 1748 1277 2227 1703 2575 2196 1698 1098 2173 1700 188 7150 1661 256 6954 1750 1294 7054 1661 256 6954 1702 1515 6949 1750 1294 7054 1751 1569 3623 1624 3121 3600 1705 2275 3654 1752 2987 5800 1623 1644 5779 1753 1799 5830 1753 1799 3212 1623 1644 3168 1625 2569 3180 1623 1644 2989 1754 2702 3008 1390 1464 2904 1755 2051 132 766 73 134 1390 1464 261 1753 1799 3279 1625 2569 3257 1423 1382 3106 1751 1569 3623 1346 1557 3532 1624 3121 3600 1756 2150 6435 1525 2983 6422 1561 1737 6338 1757 2537 2922 1462 2564 2920 1562 2980 2806 1562 2980 2806 998 633 2822 1000 921 2726 1666 1446 4018 1252 1131 3921 1025 694 4246 1758 38 2662 1391 2704 2643 1178 1864 2655 1526 453 5640 1281 1957 5831 1224 692 5826 1309 960 5771 1308 1747 5453 1629 2190 5763 1668 2982 5378 1497 618 5471 1563 2161 5387 1759 2029 5231 1283 1082 5199 1591 406 5242 1564 1564 4488 1465 1993 4470 1669 390 4445 1760 3087 1204 889 2358 916 1123 448 1277 889 2358 916 1760 3087 1204 1424 2743 910 1256 700 886 1424 2743 910 1671 1541 852 1467 1320 7067 1632 221 7346 1670 146 7353 1633 2897 5450 1425 2104 5333 1761 1329 5437 1426 2698 5042 1634 2039 4988 1762 2736 5071 1594 78 5363 1761 1329 5437 1425 2104 5333 1357 2883 5048 1673 894 5110 1763 1306 5223 1596 2197 4718 1501 1763 4683 1711 171 4700 1430 891 608 1764 1037 657 1469 664 664 1429 1922 518 1358 832 480 1713 1936 501 1430 891 2505 1598 1394 2400 1764 1037 2510 1713 1936 501 1765 1542 519 1259 2028 549 1259 2028 3268 1765 1542 3333 1637 1192 3332 1715 138 6671 1766 2945 6833 1598 1394 6908 1530 3070 6703 1638 2725 6731 1716 1994 7286 1765 1542 3381 1767 1457 3278 1637 1192 3369 1715 138 6671 1768 87 6522 1766 2945 6833 1568 1742 3723 1769 1734 3906 1504 1406 3734 1637 1192 3369 1767 1457 3278 1599 2764 3248 1533 359 5311 1770 1049 5508 1261 1153 5287 1534 436 1318 1771 2320 1305 1533 359 1309 1533 359 5311 1772 2263 5434 1770 1049 5508 1533 359 1309 1771 2320 1305 1772 2263 1292 1639 2561 6501 1773 1705 6492 1715 138 6671 1773 1705 6492 1768 87 6522 1715 138 6671 1569 2429 3480 1678 537 3537 1568 1742 3481 1767 1457 7030 1774 2713 6990 1599 2764 6889 1639 2561 5422 1720 2978 5405 1773 1705 5380 1261 1153 512 1601 400 362 859 441 412 1599 2764 5457 1774 2713 5429 1679 1236 5446 1506 2881 3484 1600 2920 3521 1360 1289 3466 1774 2713 7609 1775 749 7701 1679 1236 7505 1401 170 3088 1477 2938 3010 1600 2920 2992 1403 1243 5423 1679 1236 5446 1776 3126 5398 1402 723 3847 1604 2335 3700 1166 467 3749 1403 1243 5423 1776 3126 5398 1641 1561 5253 1642 986 3232 955 637 2862 1644 1371 3023 979 2898 4694 1777 175 4984 1238 207 4867 896 2521 5412 1480 2955 5222 1778 575 5230 1363 860 1824 1725 1290 1875 787 2403 1411 1575 2623 598 1406 2408 520 1727 2779 581 928 606 1286 1577 2560 1270 1779 2908 1307 1646 48 2966 1366 2404 2900 1780 104 3014 1577 2560 1270 1730 1764 1253 1779 2908 1307 1113 2786 6764 1442 1198 7198 1781 690 7301 1041 1354 5777 1782 124 5520 1783 1770 5539 1484 1769 1173 1334 1642 938 1784 1686 1191 1195 610 3354 1611 2447 3252 1785 1295 3445 1786 2110 2622 1787 12 2620 1733 917 2602 1734 1136 1923 1733 917 1926 1787 12 1951 1544 341 4603 1788 2873 4218 1411 1862 4139 1689 964 7649 1732 2386 7742 1687 1451 7526 1514 2511 2017 1611 2447 2034 932 1342 1962 1581 1169 4404 1789 255 4479 1790 2214 4439 1790 2214 1865 1791 13 1855 1581 1169 1863 1687 1451 7075 1792 3049 7232 1690 1911 7233 1793 2597 4586 1737 892 4529 1739 26 4557 1740 2652 4093 1546 757 4097 1545 3010 4129 1651 557 4449 1514 2511 4461 1516 1397 4421 1740 2652 4093 1583 1856 4017 1546 757 4097 1371 982 4962 1613 2378 4972 1649 1784 4933 1517 716 5667 1446 764 5743 1794 1955 5755 1450 2852 4500 1549 2476 4643 1244 4 4622 1448 1455 4919 1616 867 4986 1617 1469 4997 721 2577 1299 1547 1400 1304 1692 2187 1386 1587 1629 146 1744 2222 117 1742 1775 128 1694 324 3971 1795 1798 3911 1586 2864 3825 1796 377 6953 1695 1952 6980 1619 3001 7154 1588 1211 5393 1620 516 5439 1797 397 5444 1797 397 2060 1798 2345 2055 1588 1211 2047 1799 2778 2023 1621 2753 1990 1588 1211 2047 1701 2393 3919 1700 188 3914 1800 1768 3962 1746 1890 7174 1801 3123 6997 1702 1515 6961 1802 427 1728 1747 2672 1621 1697 1881 1672 1747 2672 6720 1802 427 6787 1748 1277 6818 1702 1515 6949 1801 3123 6992 1750 1294 7054 1092 2164 2414 913 2956 2416 1803 966 2626 1801 3123 7606 1804 658 7587 1750 1294 7564 1621 2753 642 1454 2064 637 1805 937 785 1806 1063 1731 1623 1644 1557 1752 2987 1674 1806 1063 3018 1754 2702 3008 1623 1644 2989 1807 1821 900 1558 10 644 1072 1433 898 1665 934 2666 1808 993 2605 913 2956 2416 1757 2537 7355 1561 1737 6940 1462 2564 6861 1349 2016 3406 1707 2338 3394 1024 1565 3285 1225 2076 2398 1809 1865 1989 1224 692 2006 1629 2190 3089 1810 2087 3047 1179 2079 3009 1350 1528 5765 1811 1228 5587 1393 1246 5715 1393 1246 5715 1811 1228 5587 1591 406 5675 1671 1541 4269 1812 2331 4227 1500 1970 4185 1762 2736 5071 1566 1485 5093 1426 2698 5042 1596 2197 5263 1813 1663 5278 1673 894 5246 1814 665 6045 1635 2366 5979 852 1816 5799 1674 2759 7398 1567 1533 7292 1709 2048 7354 1763 1306 5223 1314 1626 5227 1357 2883 5048 1675 2009 4969 1468 3067 5062 1674 2759 5041 1815 1292 474 1713 1936 501 1358 832 480 1764 1037 7006 1598 1394 6908 1816 2894 7094 1710 2958 4703 1529 2542 4761 1714 1398 4696 1469 664 7466 1764 1037 7427 1817 243 7306 1397 524 379 1815 1292 474 1358 832 480 1818 729 6966 1503 1507 7068 1469 664 7429 1598 1394 6908 1766 2945 6833 1816 2894 7094 1819 1482 4907 1536 1886 4857 1535 421 4819 1775 749 7099 1774 2713 6990 1767 1457 7030 1820 2823 3618 1360 1289 3466 1600 2920 3521 1721 423 2259 1821 2770 2238 1476 1218 2349 1776 3126 5398 1679 1236 5446 1822 758 5294 1823 461 958 1405 3129 945 1434 466 965 1824 634 1864 1263 216 1861 1680 631 1841 1825 503 5044 896 2521 4805 1778 575 4967 1724 2014 2752 541 1242 2928 1435 3080 2750 1726 215 2783 1436 1780 2786 1682 2077 2768 1684 1975 3596 1646 48 3582 1826 2411 3617 1827 262 4891 1685 2437 4852 1828 135 4864 1685 2437 3483 1647 619 3520 1828 135 3492 1829 1985 663 905 1571 469 1728 446 610 1781 690 7301 1442 1198 7198 1610 2030 7310 1088 218 5803 1041 1354 5777 1783 1770 5539 1579 1953 3699 1540 2205 3677 757 1968 3486 1830 1353 6202 1542 584 6130 1367 2967 6072 1831 411 5918 1513 438 6010 1541 376 5974 1832 2074 2645 1787 12 2620 1786 2110 2622 1833 3064 3156 1787 12 3039 1832 2074 3070 1833 3064 3156 1734 1136 3001 1787 12 3039 1834 821 2413 1732 2386 2373 1788 2873 2457 1792 3049 3782 1732 2386 3886 1834 821 3961 1788 2873 2457 1732 2386 2373 1688 2827 2326 1648 3052 4661 1581 1169 4602 907 1513 4585 1737 892 2531 1733 917 2602 1735 1411 2576 1792 3049 3782 1687 1451 3790 1732 2386 3886 1611 2447 2034 1514 2511 2017 1835 2375 2041 1545 3010 4129 1411 1862 4139 1788 2873 4218 1545 3010 4129 1788 2873 4218 1688 2827 4133 1792 3049 7232 1835 2375 7436 1690 1911 7233 1836 232 7392 1835 2375 7331 1514 2511 7467 1790 2214 1865 1789 255 1873 1791 13 1855 1739 26 1878 1791 13 1855 1789 255 1873 1793 2597 4586 1739 26 4557 1789 255 4591 1793 2597 296 1786 2110 333 1737 892 299 1334 1642 1896 1736 1939 1902 1833 3064 2026 1690 1911 7035 1835 2375 7331 1836 232 7392 1688 2827 3721 1690 1911 3755 1836 232 3957 1836 232 4091 1740 2652 4093 1688 2827 4133 1650 2688 382 1581 1169 491 1791 13 457 1739 26 1878 1738 2204 1891 1791 13 1855 1836 232 4512 1514 2511 4461 1651 557 4449 1738 2204 1891 1691 1647 1879 1791 13 1855 1791 13 1855 1691 1647 1879 1741 901 1845 1691 1647 1879 1582 194 1859 1741 901 1845 1837 1017 4873 1371 2532 4962 1649 621 4933 1583 1856 4017 1740 2652 4093 1836 232 4091 1583 1856 4017 1836 232 4091 1651 557 4002 1838 1432 3512 988 683 3344 1517 716 3467 1741 901 1845 1615 28 1799 1650 2688 1787 1839 793 6620 1654 1551 6677 1652 765 6817 1840 2586 1257 1653 1805 1255 1742 1775 1238 1693 1381 2285 1586 2864 2298 1795 1798 2272 1841 2964 114 1742 1775 128 1744 2222 117 1618 157 2667 1092 2164 2414 1803 966 2626 1842 527 7384 1843 2349 6942 1796 377 6953 1620 516 5439 1844 346 5469 1797 397 5444 1655 1385 1590 1842 527 1704 1619 3001 1492 1619 3001 7154 1842 527 7384 1796 377 6953 1796 377 7715 1656 2037 7569 1695 1952 7678 1844 346 7241 1798 2345 7421 1797 397 7146 1656 2037 226 1696 2722 262 1415 2721 196 1845 205 0 1451 2555 28 1805 937 68 1800 1768 7252 1746 1890 7174 1701 2393 7079 1451 2555 635 1621 2753 642 1805 937 785 1697 1881 7018 1703 2575 6906 1846 2173 7114 1846 2963 6905 1697 1076 6715 1847 2271 6901 1847 2697 6901 1697 2640 6715 1848 2243 6790 1847 705 4340 1802 427 4307 1697 1881 4292 1800 1768 7219 1700 188 7150 1849 2914 7165 1846 2174 2546 1850 247 2468 1851 2554 2554 1847 705 6901 1748 1277 6818 1802 427 6787 1849 2914 7165 1700 188 7150 1750 1294 7054 1851 2554 5133 1850 247 5079 1852 1891 5107 1806 1063 1731 1752 2987 1674 1753 1799 1732 1806 1063 3018 1753 1799 3020 1754 2702 3008 1853 2308 1965 1347 3105 1897 1621 2753 1990 1704 2741 2980 1559 1166 3033 1071 1201 2869 1854 3116 3659 1751 1569 3623 1558 10 3604 1558 10 3805 1751 1569 3909 1705 2275 3978 1855 2606 7711 1754 2702 7469 1753 1799 7599 766 73 134 1755 2051 132 1454 2064 48 1854 3116 3659 1856 469 3490 1751 1569 3623 1856 469 3490 1346 1557 3532 1751 1569 3623 1856 469 3490 1589 1158 3507 1346 1557 3532 1457 977 4720 1117 2814 4359 1857 2141 4809 1858 1836 4354 1177 58 4193 1280 1450 4204 1525 2983 6422 1756 2150 6435 1706 981 6729 1252 1131 6710 1000 921 5967 1047 1928 5956 1859 1244 4225 1227 2310 4326 1282 437 4343 1811 1228 5587 1759 2029 5644 1591 406 5675 1860 162 5360 1861 2186 5368 1668 2982 5378 1860 162 3584 1668 2982 3580 1288 546 3629 1862 1009 2838 1631 2985 2859 1565 987 2844 1863 1739 2819 1565 987 2844 1146 1357 2878 1863 1739 2819 1146 1357 2878 1394 2566 2695 1812 2331 5879 1634 2039 5859 1500 1970 5797 1566 1485 1443 1762 2736 1594 1864 738 1467 1596 2197 5263 1865 2524 5288 1813 1663 5278 1813 1663 2551 1711 171 2550 1673 894 2469 1593 2734 6128 1814 665 6045 852 1816 5799 1709 2048 7354 1866 2212 7400 1674 2759 7398 1710 2958 5364 1761 1329 5437 1594 78 5363 1596 2197 4718 1711 171 4700 1865 2524 4730 1566 1485 1064 1864 738 1143 1595 1548 1072 1867 1175 6684 1765 1542 6511 1713 1936 6644 1817 243 3108 1818 729 3043 1469 664 3162 1817 243 7306 1764 1037 7427 1818 729 7032 1765 1542 6511 1867 1175 6684 1868 1573 6480 1815 1292 474 1397 524 379 1869 1659 395 1503 1507 7087 1818 729 6877 1597 366 7036 1397 524 379 1870 1291 374 1869 1659 395 1397 524 379 1571 1680 359 1870 1291 374 1597 366 5187 1871 1904 5183 1474 1918 5155 1818 729 6877 1871 1904 6924 1597 366 7036 1717 933 1455 1636 2495 1425 1472 935 1410 1678 537 3537 1769 1734 3558 1568 1742 3481 1476 1218 6245 1872 2008 6849 1402 723 6719 1873 1522 5284 1776 3126 5398 1822 758 5294 1262 1401 1992 1509 2565 1963 1722 603 1999 1263 216 1861 1874 1804 1921 1509 2565 1963 1478 799 1023 1875 1245 1012 1434 466 965 1874 1804 1921 1263 216 1861 1876 2578 1982 1877 2344 1027 1823 461 958 1434 466 965 1238 207 4867 1777 175 4984 1878 1390 4932 1824 634 1864 1680 631 1841 1723 1025 1842 1777 175 4984 979 2898 4694 1825 503 5044 979 2898 4694 896 2521 4805 1825 503 5044 1879 450 97 1437 460 104 1681 2031 118 1879 450 1838 1363 860 1824 1437 460 1818 1292 214 5172 1364 1790 5327 1683 154 5208 1727 2779 2759 1574 2785 2769 1264 2351 2722 864 2737 456 1575 2623 598 1407 1184 618 1010 2587 1378 928 606 1286 1602 2154 1391 1646 48 2966 1780 104 3014 1826 2411 2991 1684 1975 2796 1880 2708 2826 1728 446 2820 1685 2437 4305 1881 2246 4405 1512 2237 4263 1829 1985 894 960 1574 949 905 1571 968 1365 1345 3647 1195 610 3354 1785 1295 3445 1444 967 1239 1484 1769 1173 1784 1686 1191 1368 2501 5714 1782 124 5988 1041 1354 5695 1542 584 5780 1830 1353 5845 1731 234 5955 1882 1880 2514 1834 821 2413 1788 2873 2457 1883 2113 4271 1788 2873 4218 1544 341 4603 987 181 5033 1543 2544 4746 1884 2494 4754 1733 917 2602 1737 892 2531 1786 2110 2622 1833 3064 3156 1736 1939 2969 1734 1136 3001 1581 1169 4602 1648 3052 4661 1789 255 4591 1793 2597 4586 1789 255 4591 1648 3052 4661 1611 2447 3692 1835 2375 3665 1792 3049 3685 1741 901 1845 1650 2688 1787 1791 13 1855 661 2198 5055 1371 2532 4962 1837 1017 4873 963 1673 2591 1045 2557 2555 1616 867 2570 1244 4 2399 1245 1235 2201 1069 379 2427 1617 1469 2993 1745 1981 3063 1343 1510 2891 1653 1805 1255 1840 2586 1257 1547 1400 1304 1654 1551 6677 1885 1241 6543 1694 324 6535 1742 1775 1238 1841 2964 1224 1840 2586 1257 1744 2222 117 1844 346 30 1841 2964 114 1744 2222 2185 1743 2360 2186 1844 346 2073 1795 1798 2272 1842 527 2124 1886 1019 2120 1887 1134 6530 1843 2349 6483 1842 527 6485 1888 1797 5470 1844 346 5469 1620 516 5439 1842 527 2124 1655 1385 2111 1886 1019 2120 1888 1797 1108 1620 516 1101 1451 2555 1054 1843 2349 7731 1656 2037 7537 1796 377 7691 1704 2741 2980 763 2774 2881 1745 1981 3063 1696 2722 262 1456 1761 187 1657 2044 202 1697 2640 7018 1846 2174 7114 1889 93 7231 1697 2640 7018 1889 93 7231 1890 3119 7218 1890 3119 7482 1848 2243 7484 1697 2640 7687 1848 2243 6790 1890 3119 6812 1847 2697 6901 1846 2174 2546 1847 2697 2553 1850 247 2468 1852 1891 1689 1891 102 1613 1851 2554 1748 1847 2697 3504 1852 1891 3487 1850 247 3479 1852 1891 3436 1854 3116 3438 1891 102 3432 1855 2606 269 1753 1799 244 1804 658 281 913 2956 2416 1808 993 2605 1803 966 2626 1558 10 1496 1891 102 1658 1854 3116 1675 1456 1761 2043 1457 977 1948 1857 2141 2028 1753 1799 3279 1423 1382 3106 1892 2579 3188 1589 1158 6561 1893 283 6846 1590 3072 6594 1626 2179 6676 1706 981 7071 1423 1382 6582 1811 1228 5587 1894 2034 5591 1759 2029 5644 1674 2759 6004 1866 2212 5983 1635 2366 5979 1635 2366 5979 1866 2212 5983 1709 2048 5951 1813 1663 215 1865 2524 210 1711 171 194 1635 2366 5979 1895 0 6043 1674 2759 6004 1711 171 1561 1763 1306 1487 1673 894 1699 1289 2923 465 1676 599 595 1711 171 588 1816 2894 770 1896 66 686 1764 1037 691 1713 1936 6022 1897 2616 6066 1867 1175 6073 1815 1292 6003 1897 2616 6066 1713 1936 6022 1712 3124 6321 1716 1994 6477 1638 2725 6247 1528 2041 1432 1898 786 1572 1535 421 1421 1474 1918 5155 1871 1904 5183 1899 3077 5091 1718 2981 1449 1900 1003 1469 1717 933 1455 1719 2121 2344 1900 1003 2321 1718 2981 2350 1536 1886 4857 1819 1482 4907 1432 1429 4886 1474 1918 1155 1899 3077 1128 1507 3110 1076 1720 2978 5405 1901 1714 5262 1773 1705 5380 1773 1705 6993 1901 1714 7444 1768 87 6976 1768 87 6976 1901 1714 7444 1902 925 7396 1600 2920 3521 1903 2493 3538 1820 2823 3618 1600 2920 2992 1477 2938 3010 1904 1013 2933 1600 2920 2992 1904 1013 2933 1903 2493 2958 1508 774 1047 1507 3110 1076 1905 2763 1042 1009 2195 1196 1906 199 1183 1640 1704 1251 1508 774 1047 1907 780 1026 1478 799 1023 980 2984 3055 1642 986 3232 1291 2170 3345 1509 2565 1963 1874 1804 1921 1908 1002 1953 1875 1245 1012 1877 2344 1027 1434 466 965 1263 216 1861 1824 634 1864 1876 2578 1982 1682 2077 3927 1909 1146 3866 1910 559 3853 1911 1588 3973 1912 2423 3908 1913 2880 3905 1914 3020 7261 1915 24 7251 1916 1334 7327 1826 2411 3617 1880 2708 3625 1684 1975 3596 1605 3059 3732 1780 104 3645 1012 1602 3502 1685 2437 5447 1827 262 5512 1881 2246 5588 1012 1602 3502 1780 104 3645 1366 2404 3519 1610 2030 255 1482 3075 250 1781 690 228 1327 2973 5846 1088 218 5803 1917 2143 5597 1368 2501 5714 1731 234 5955 1782 124 5988 1540 2205 3677 1831 411 3563 1541 376 3530 1513 438 6010 1831 411 5918 1686 2318 5828 1918 2382 6723 1882 1880 6564 1788 2873 6472 1832 2074 3070 1919 2808 3139 1833 3064 3156 1784 1686 2241 1334 1642 1896 1833 3064 2026 1834 821 3535 1882 1880 3575 1792 3049 3473 1519 990 1806 838 2989 1345 1692 2187 1386 1045 2557 2555 1693 1381 2285 1616 867 2570 1198 3073 5374 1839 793 5509 1652 765 5420 1654 1551 6677 1839 793 6620 1885 1241 6543 1343 1510 2891 1745 1981 3063 911 2797 2915 1885 1241 7111 1887 1134 6530 1694 324 7083 1887 1134 6218 1885 1241 6543 1920 442 6217 1795 1798 7069 1694 324 7083 1842 527 6485 1842 527 6485 1694 324 7083 1887 1134 6530 1921 624 1200 1841 2964 1224 1888 1797 1108 1844 346 30 1888 1797 15 1841 2964 114 1887 1134 1712 1920 442 1770 1843 2349 1608 1888 1797 1108 1451 2555 1054 1845 205 1105 1843 2349 6191 1922 2790 6132 1656 2037 6141 1456 1761 2043 1923 1789 2115 1655 1385 2111 1800 1768 1579 1924 576 1623 1925 2903 1715 1800 1768 7252 1925 2903 7324 1746 1890 7174 1849 2914 7165 1926 286 7360 1800 1768 7219 1800 1768 7219 1926 286 7360 1924 576 7283 1703 2575 5475 1748 1277 5504 1846 2173 5554 1755 2051 132 1805 937 68 1454 2064 48 1855 263 269 1927 480 251 1753 2191 244 1855 2606 867 1755 2051 940 1754 2702 866 1558 10 644 1807 1821 900 1928 3063 583 1589 1158 4195 1856 469 4100 1893 283 4144 1423 1382 4264 1929 237 4198 1930 1783 4164 1423 1382 6582 1706 981 7071 1929 237 6985 1252 1131 6710 1931 122 6558 1000 921 5967 1667 219 1374 1630 1368 1433 1253 197 1536 1308 1747 5453 1497 618 5471 1629 2190 5763 1668 2982 5378 1861 2186 5368 1497 618 5471 1863 1739 2819 1862 1009 2838 1565 987 2844 1564 1564 7666 1932 1503 7719 1465 1993 7474 1097 2986 919 1592 969 1031 1466 600 1198 1632 221 2178 1933 2936 2194 1670 146 2182 1812 2331 5879 1671 1541 5972 1934 2046 5923 1812 2331 5879 1934 2046 5923 1634 2039 5859 1632 221 5473 1633 2897 5450 1933 2936 5479 1635 2366 5979 1814 665 6045 1895 0 6043 1935 2856 6041 1897 2616 6066 1815 1292 6003 1936 1343 6887 1815 1292 7459 1869 1659 7098 1816 2894 6570 1766 2945 6430 1937 2960 6520 1636 2495 1425 1717 933 1455 1714 1398 1434 1818 729 596 1938 1103 564 1871 1904 589 1869 1659 1484 1870 1291 1509 1936 1343 1695 1534 436 1318 1939 2043 1301 1771 2320 1305 1765 1542 6511 1940 2282 6285 1767 1457 6326 1765 1542 6511 1868 1573 6480 1940 2282 6285 1771 2320 5415 1939 2043 5443 1772 2263 5434 1571 1680 359 1941 2946 303 1870 1291 374 1766 2945 6430 1768 87 6250 1902 925 6224 1261 1153 512 1770 1049 448 1601 400 362 1767 1457 7030 1942 1483 7457 1775 749 7099 1571 1680 359 1572 1779 301 1941 2946 303 1507 3110 4863 1899 3077 4978 1943 2038 4874 1476 1218 2688 1821 2770 2802 1872 2008 2849 1943 2038 4874 1905 2763 4823 1507 3110 4863 1722 603 1999 1944 213 2000 1941 2946 2024 1572 1779 301 1722 603 288 1941 2946 303 1722 603 1999 1908 1002 1953 1944 213 2000 1905 2763 3215 1907 780 3151 1508 774 3229 1509 2565 1963 1908 1002 1953 1722 603 1999 1478 799 1738 1907 780 1737 1875 1245 1560 1907 780 1026 1877 2344 1027 1875 1245 1012 1573 2178 5354 1238 207 5320 1945 998 5240 1908 1002 1953 1874 1804 1921 1876 2578 1982 1009 2195 1196 1190 217 1024 1906 199 1183 1776 3126 5398 1873 1522 5284 1641 1561 5253 1238 207 5320 1878 1390 5235 1945 998 5240 1823 461 6691 1946 2744 7294 1405 3129 6612 1082 2379 1530 1362 1078 1866 1682 2077 1827 1947 65 7603 1948 1274 7648 1949 1182 7530 1947 65 7216 1950 1369 7003 1948 1274 7187 1575 2623 598 1727 2779 581 1951 1897 587 1916 1334 7327 1952 1910 7337 1914 3020 7261 1914 3020 5565 1952 1910 5594 1953 1984 5552 1953 1984 7178 1915 24 7251 1914 3020 7261 1954 1065 3826 1913 1696 3905 1911 1587 3973 1881 2246 4930 1729 2603 4910 1512 2237 4796 1647 619 1030 1327 2973 963 1917 2143 1051 1113 2786 369 1781 690 458 1544 341 389 960 1574 949 1955 2302 861 1579 1953 876 1918 2382 4239 1788 2873 4181 1883 2113 4247 1648 3052 285 1956 1870 396 1793 2597 296 661 2198 5055 1837 1017 4873 1543 2544 4746 1841 2964 1224 1921 624 1200 1840 2586 1257 1839 793 6620 1920 442 6217 1885 1241 6543 1920 442 6217 1922 2790 6132 1843 2349 6191 1888 1797 1108 1845 205 1105 1921 624 1200 1890 443 7028 1957 362 7245 1958 1177 7208 1889 2854 7231 1957 362 7336 1890 443 7218 1889 93 1747 1928 3063 1682 1890 3119 1610 1890 443 1488 1959 926 1559 1889 2854 1512 1890 443 3841 1958 1177 3891 1959 926 3923 1847 2697 6901 1890 3119 6812 1928 3063 6957 1746 305 216 1849 2497 214 1960 1493 232 1746 1890 3898 1960 373 3994 1801 3123 3823 1748 1277 6818 1847 705 6901 1846 2173 6905 1696 2722 944 1072 1433 898 1456 1761 966 1851 2554 7275 1891 102 7166 1846 2174 7335 1755 2051 132 1390 1464 261 1754 2702 236 1177 58 4193 1665 934 4335 1248 1733 4176 1391 2704 2643 1961 1188 2615 1282 437 2600 1961 1188 4210 1859 1244 4225 1282 437 4343 1894 2034 5591 1811 1228 5587 1962 1514 5481 1759 2029 5231 1963 720 5247 1283 1082 5199 1759 2029 5644 1894 2034 5591 1963 720 5580 1933 2936 2194 1964 890 2217 1670 146 2182 1964 890 6354 1075 889 6151 1670 146 6296 1633 2897 5450 1761 1329 5437 1933 2936 5479 1965 1937 649 1764 1037 691 1896 66 686 1710 2958 4703 1714 1398 4696 1966 954 4560 1815 1292 6003 1936 1343 5958 1935 2856 6041 1965 1937 6160 1938 1103 6000 1818 729 6011 1965 1937 7415 1818 729 7032 1764 1037 7308 1867 1175 6684 1967 425 6606 1868 1573 6480 1938 1103 564 1968 1947 542 1871 1904 589 1871 1904 589 1968 1947 542 1899 3077 532 1532 1648 4749 1900 1003 4702 1719 2121 4665 1870 1291 2107 1941 2946 2024 1969 1011 2046 1899 3077 1128 1970 1229 1089 1943 2038 1080 1903 2493 2958 1904 1013 2933 1820 2823 2899 1679 1236 5446 1775 749 5409 1822 758 5294 1969 1011 2046 1941 2946 2024 1944 213 2000 1943 2038 1080 1971 1237 1075 1905 2763 1042 1641 1561 5253 1537 789 5326 1404 2346 5399 1480 2955 5222 1292 214 5172 1972 2199 5170 1363 860 3104 1879 450 3140 1973 2257 3131 1879 1234 7547 1363 2067 7718 1974 1712 7600 1973 2257 1570 1948 1274 1528 1363 860 1697 1973 2257 1570 1949 1182 1502 1948 1274 1528 1949 1182 5103 1950 1369 5140 1947 65 5084 1975 938 4329 1683 154 4334 1976 14 4310 1975 2918 7519 1977 1309 7655 1976 812 7654 1978 2434 5625 1979 2278 5614 1952 1910 5594 1976 14 4310 1911 1587 4301 1975 938 4329 1978 2434 7445 1952 1910 7337 1916 1334 7327 1913 1696 82 1980 923 83 1911 1587 70 1915 24 7697 1981 2203 7549 1916 1334 7746 1953 1984 7178 1981 2203 7108 1915 24 7251 1913 1696 3905 1954 1065 3826 1982 159 3850 1880 2708 3625 1826 2411 3617 1983 269 3649 1828 135 4864 1984 2833 4898 1827 262 4891 1983 269 3649 1826 2411 3617 1780 104 3645 1984 2833 3524 1828 135 3492 1647 619 3520 1827 262 4891 1984 2833 4898 1881 2246 4930 1985 841 2297 1730 1764 2313 1444 967 2324 1986 2478 3236 1833 3064 3156 1987 2599 3185 1919 2808 3139 1987 2599 3185 1833 3064 3156 1988 521 6282 1830 1353 6202 1989 627 6280 1540 2205 3677 1990 1106 3619 1831 411 3563 1830 1353 6202 1367 2967 6072 1989 627 6280 1919 2808 2681 1832 2074 2645 1991 577 2699 1648 3052 285 1112 2020 320 1956 1870 396 1918 2382 4990 1992 1161 5037 1882 1880 4939 1991 577 2699 1832 2074 2645 1786 2110 2622 1882 1880 4939 1992 1161 5037 1792 3049 4821 1992 1161 4063 1611 2447 3692 1792 3049 3685 1956 1870 396 1786 2110 333 1793 2597 296 1649 621 2135 1330 854 2274 1837 1017 2199 1245 1235 2201 1798 2345 2055 1743 2360 2186 1839 793 6620 1922 2790 6132 1920 442 6217 1798 2345 2055 1799 2778 2023 1588 1211 2047 1925 2903 7324 1993 475 7373 1746 1890 7174 1993 475 2963 1926 286 2959 1746 1890 2925 1925 2903 1715 1924 576 1623 1994 1803 1775 1799 2778 2023 1853 2308 1965 1621 2753 1990 1846 2174 7335 1891 102 7166 1928 3063 7391 1801 3123 3823 1960 373 3994 1804 658 3822 1804 658 4032 1995 976 4123 1750 1294 4036 1804 658 3315 1753 1799 3279 1995 976 3310 1893 283 6846 1627 3112 7010 1590 3072 6594 1559 1166 4385 1996 1809 4377 969 745 4200 1996 1809 4377 1117 2814 4217 969 745 4200 1560 2017 6302 1997 1989 6366 1707 2338 6235 1756 2150 6435 1561 1737 6338 1757 2537 6312 1998 2703 1322 1123 448 1277 1283 1082 1365 1122 439 2382 1593 2734 1938 1004 2780 1947 1075 889 6151 1964 890 6354 1999 1404 6453 1674 2759 6004 1895 0 6043 2000 1197 6057 1711 171 4711 2001 2556 4775 1763 1306 4756 1676 599 595 2001 2556 650 1711 171 588 1674 2759 5041 2000 1197 5010 1675 2009 4969 1534 436 1318 1716 1994 1346 1939 2043 1301 1870 1291 2107 1969 1011 2046 1936 1343 2127 1968 1947 1186 1970 1229 1089 1899 3077 1128 1767 1457 7030 1940 2282 7456 1942 1483 7457 1432 1429 323 1721 423 256 1677 1116 293 1970 1229 1089 1971 1237 1075 1943 2038 1080 1944 213 2000 2002 1000 2018 1969 1011 2046 1573 2178 5354 1945 998 5240 1720 2978 5405 1944 213 2000 1908 1002 1953 2002 1000 2018 1908 1002 5000 1876 2578 5032 2002 1000 5150 1537 789 5326 1641 1561 5253 2003 2343 5271 1537 789 4915 2003 2343 4944 1538 2000 5024 1723 1025 1842 1215 2990 1802 2004 2576 1854 1405 3129 945 2005 1209 942 1191 1572 915 750 3128 656 1191 1572 915 1441 2314 680 1726 215 7663 1682 2077 7513 1361 636 7751 1973 2257 94 1879 450 97 1949 1182 75 1909 1146 7602 2006 3120 7633 1910 559 7562 1683 154 41 1975 938 60 1292 214 25 1950 1369 1602 1949 1182 1783 2007 15 1601 2007 15 2456 2008 2536 2451 1950 1369 2496 2007 15 2456 2009 25 2423 2008 2536 2451 1727 2779 7696 1979 2278 7570 1951 1897 7640 1727 2779 5635 2010 2293 5595 1979 2278 5614 1951 1897 587 1979 2278 597 1575 2623 598 1978 2434 5625 1575 2623 5638 1979 2278 5614 1980 923 83 1975 938 60 1911 1587 70 1913 1696 1641 1982 159 1515 1980 923 1558 1953 1984 3397 2011 2281 3414 1981 2203 3395 1407 1184 654 2012 1449 621 1112 2020 320 1829 1985 894 1955 2302 861 960 1574 949 2013 244 4265 1883 2113 4247 2014 1412 4298 2015 482 2074 1986 2478 2063 2016 2810 2081 2015 482 2074 1833 3064 2026 1986 2478 2063 2015 482 2074 2016 2810 2081 1833 3064 2026 2013 244 5038 1992 1161 5037 1918 2382 4990 1919 2808 2681 1991 577 2699 1987 2599 2698 2013 244 4265 1918 2382 4239 1883 2113 4247 1367 2967 1350 1580 153 1622 1989 627 1435 1988 521 5904 1731 234 5955 1830 1353 5845 1794 1955 2669 1446 764 2664 1515 2328 2577 1693 1381 2285 1795 1798 2272 2017 211 2267 1921 624 1200 1845 205 1105 1840 2586 1257 1656 2037 976 1922 2790 984 1696 2722 944 1889 2854 7231 2018 112 7339 1957 362 7336 1994 1803 7378 1993 475 7373 1925 2903 7324 1889 2854 1512 1959 926 1559 2018 112 1661 1994 1803 1555 1924 576 1556 1993 475 1761 1924 576 5077 1926 286 5139 1993 475 5131 1750 1294 2720 1995 976 2800 1849 2914 2738 1804 658 264 1960 373 274 1855 2606 247 1852 1891 3487 1847 2697 3504 2019 2010 3579 1852 1891 3436 2019 2010 3495 1854 3116 3438 1526 453 5640 1811 1228 5587 1350 1528 5765 1311 2317 6106 1227 2310 6205 2020 1183 6851 1631 2985 7723 1862 1009 7755 1310 1786 7557 1894 2034 5591 1962 1514 5481 1963 720 5580 1311 2317 1282 2020 1183 1478 1564 1564 1343 2021 1683 2369 1862 1009 2393 1863 1739 2367 1999 1404 2856 1964 890 2824 1933 2936 2811 1762 2736 6061 1634 2039 5859 1934 2046 5923 2022 2775 4951 1675 2009 4969 2000 1197 5010 1898 786 1572 1528 2041 1432 1675 2009 1554 1896 66 686 1816 2894 770 1937 2960 786 2023 2303 6555 1716 1994 6477 1712 3124 6321 2024 380 4896 2025 1508 4934 1535 421 4819 2025 1508 4934 1819 1482 4907 1535 421 4819 2026 2591 6789 1900 1003 6929 2027 2091 6699 1939 2043 5443 2028 452 5500 1772 2263 5434 2029 2193 6371 1766 2945 6430 1902 925 6224 2030 426 4980 1432 1429 4886 1819 1482 4907 1942 1483 5293 1822 758 5294 1775 749 5409 2031 2268 3451 1721 423 3423 1432 1429 3314 2031 2268 2204 1821 2770 2238 1721 423 2259 1820 2823 2157 1904 1013 2229 2032 1853 2224 2033 970 2905 1904 1013 2933 1477 2938 3010 1971 1237 1075 1877 2344 1027 1907 780 1026 1971 1237 1075 1907 780 1026 1905 2763 1042 2034 2147 1987 1876 2578 1982 1824 634 1864 1946 2744 961 2005 1209 942 1405 3129 945 1681 2031 118 1081 2803 150 1643 433 279 1778 575 5230 1480 2955 5222 2035 2865 5177 1435 3080 2750 2036 3057 2723 1724 2014 2752 2035 2865 6963 1480 2955 6713 2037 2871 6876 2038 771 2687 1603 3131 2710 1724 2014 2752 1681 2031 118 1949 1182 75 1879 450 97 2039 1738 39 1292 214 25 1975 938 60 2040 1377 7229 1910 559 7300 2041 1848 7039 2041 1848 7039 1910 559 7300 2006 3120 7235 2010 2293 5595 1727 2779 5635 1264 2351 5650 2009 25 2423 2007 15 2456 2042 360 2401 2008 2536 4503 2009 25 4469 2043 2916 4409 1976 14 4310 1683 154 4334 1365 1345 4256 2044 101 6828 1978 2434 6737 1916 1334 6872 1954 1065 7070 1911 1587 6816 1976 14 6745 1976 14 4310 1365 1345 4256 2045 1261 4232 1952 1910 5594 2011 2281 5507 1953 1984 5552 1602 2154 1391 928 606 1286 1779 2908 1307 1980 923 1558 1982 159 1515 1954 1065 1485 2046 884 7015 1981 2203 7199 2011 2281 7090 1441 2314 680 1482 3075 508 710 2768 497 1983 269 3649 1780 104 3645 2047 2409 3687 1983 269 2853 1728 446 2820 1880 2708 2826 1983 269 2853 2048 1995 2864 1728 446 2820 2049 1934 5339 2050 2287 5299 2051 306 5328 2051 306 5328 2050 2287 5299 1985 841 5255 1779 2908 5193 1730 1764 5207 1985 841 5255 1783 1770 5539 1917 2143 5597 1088 218 5803 2052 857 4547 1544 341 4603 1781 690 4708 1444 967 2324 1784 1686 2241 1985 841 2297 2053 567 5485 2054 643 5496 2055 834 5440 2055 834 2109 2016 2810 2081 2056 942 2088 1784 1686 2241 1833 3064 2026 2057 3038 2214 1883 2113 4247 2058 1841 4322 2014 1412 4298 2014 1412 5111 1992 1161 5037 2013 244 5038 1991 577 2699 1986 2478 2718 1987 2599 2698 1991 577 7558 2016 2810 7754 1986 2478 7736 1785 1295 4059 1611 2447 3692 1992 1161 4063 1990 1106 5870 1686 2318 5828 1831 411 5918 1786 2110 333 1956 1870 396 1991 577 402 1517 716 2630 1794 1955 2669 1515 2328 2577 1692 2187 1386 1547 1400 1304 1840 2586 1257 1693 992 6984 2059 2773 6804 1839 793 7029 2017 1801 6836 2059 2773 6804 1693 992 6984 2017 211 2267 1795 1798 2272 1886 1019 2120 2059 2773 6495 1922 2790 6132 1839 793 6620 1798 2345 2055 1844 346 2073 1743 2360 2186 1886 1019 4628 1655 1385 4568 1923 1789 4710 1957 362 1764 2018 112 1595 1958 1177 1706 1846 2174 7335 1928 3063 7391 1889 93 7440 1958 1177 3891 2018 112 3985 1959 926 3923 2060 1767 4430 1746 1890 4370 1926 286 4408 2060 1767 2779 1926 286 2763 1849 2914 2738 1928 3063 7391 1891 102 7166 1558 10 6898 1755 2051 132 1855 2606 247 1960 373 274 2061 2045 3548 1856 469 3490 1854 3116 3659 1857 2141 4382 1117 2814 4217 1996 1809 4377 1627 3112 6645 1997 1989 6366 1560 2017 6302 1251 3122 3237 1024 1565 3285 1707 2338 3394 1758 38 2662 1961 1188 2615 1391 2704 2643 1497 618 5471 1861 2186 5368 2062 190 5340 1861 2186 5368 1860 162 5360 2062 190 5340 2063 118 3608 1860 162 3584 1288 546 3629 1998 2703 5224 1283 1082 5199 1963 720 5247 2020 1183 4663 1932 1503 4680 1564 1564 4662 1465 1993 4869 1932 1503 4872 2064 3061 4693 1394 2566 2695 2065 137 2709 1863 1739 2819 2064 3061 2412 1122 439 2382 1465 1993 2635 1075 889 892 1999 1404 851 1499 2146 912 2066 3036 1696 2067 2998 1498 2068 1279 1459 2069 2893 5352 2070 1889 5486 2071 31 5418 2072 125 3752 2073 2567 3810 2068 1279 3750 2068 1279 1459 2067 2998 1498 2072 125 1446 2066 3036 1696 2074 2689 1694 2067 2998 1498 2071 31 5418 2075 2831 5367 2069 2893 5352 2070 1889 5486 2076 2673 5499 2071 31 5418 2067 2998 1498 2077 1305 1448 2072 125 1446 2076 2673 7395 2078 1894 7452 2071 31 7210 1933 2936 5479 1761 1329 5437 1999 1404 5553 2079 1851 7583 1763 540 7529 2001 2181 7695 1761 1329 5437 1710 2958 5364 2080 564 5540 1676 599 3952 1504 1406 3734 2081 169 3951 1535 421 1421 1898 786 1572 2024 380 1514 1901 1714 5262 1720 2978 5405 2082 974 5275 1360 1289 3466 1820 2823 3618 1678 537 3537 1720 2978 5405 1945 998 5240 2082 974 5275 2083 399 1043 1823 461 958 1877 2344 1027 2003 2343 5271 1641 1561 5253 1538 2000 5196 1641 2352 7443 2084 590 7296 1538 412 7060 1906 199 1183 1190 217 1024 1576 2512 885 1292 214 3879 2039 1738 3840 1972 2199 3993 1682 2077 2768 1910 559 2758 1361 636 2828 1363 860 1697 1948 1274 1528 1950 1369 1493 2040 1377 7229 2041 1848 7039 2085 145 7055 1950 1369 4539 2008 2536 4503 2086 2593 4402 1949 1182 2516 2042 360 2401 2007 15 2456 1949 1182 3981 2087 2259 3881 2042 360 3768 2006 3120 4375 2088 2354 4279 2041 1848 4327 2086 2593 4402 2008 2536 4503 2043 2916 4409 1575 2623 1676 1978 2434 1772 2044 101 1477 2089 1892 6919 1954 1065 7070 1976 14 6745 2044 101 6828 1916 1334 6872 1981 2203 7046 2011 2281 5507 2049 1934 5339 2090 2639 5428 2091 2090 119 1980 923 83 2092 501 151 1980 923 4721 1954 1065 4686 2093 1825 4637 2094 1977 3848 2093 1825 3778 1954 1065 3943 2090 2639 6805 2095 2435 6748 2011 2281 7090 2090 2639 6805 2051 306 6490 2095 2435 6748 2091 2090 119 2092 501 151 2096 1311 171 2046 884 7015 2011 2281 7090 2095 2435 6748 2049 1934 5339 2051 306 5328 2090 2639 5428 2096 1311 171 2092 501 151 2097 37 180 1980 923 4721 2093 1825 4637 2092 501 4706 2098 2668 4579 2095 2435 4519 2051 306 4673 1984 2833 3524 1647 619 3520 2099 2888 3544 2096 1311 171 2097 37 180 1781 690 228 2096 1311 171 1781 690 228 2100 106 170 2095 2435 2268 2098 2668 2284 2101 9 2206 2102 689 4546 2093 1825 4637 2094 1977 4650 2103 2071 2181 2104 1031 2144 2053 567 2126 2053 567 5485 2104 1031 5529 2054 643 5496 1992 1161 5037 2058 1841 5153 2105 1042 5191 1883 2113 2986 2105 1042 3120 2058 1841 3083 2014 1412 5111 2058 1841 5153 1992 1161 5037 2053 567 2126 2055 834 2109 2056 942 2088 2057 3038 2214 2016 2810 2081 2055 834 2109 1956 1870 5768 1112 2020 5599 2012 1449 6052 1833 3064 2026 2016 2810 2081 2057 3038 2214 2056 942 2105 2016 2810 2101 1991 577 2058 1988 521 6282 1989 627 6280 2106 951 6351 1686 2318 5577 1990 1106 5551 2107 3106 5560 2108 474 2072 1617 1469 2250 1616 867 2163 1244 4 3860 1549 2476 3859 2109 2994 3636 2110 3098 7632 1693 992 7538 1839 793 7540 2110 3098 1730 2111 1144 1668 1693 992 1669 1693 992 1669 2111 1144 1668 2017 1801 1539 2110 3098 7721 2017 1801 7489 2111 1144 7676 2017 211 2267 1886 1019 2120 1923 1789 2115 2112 724 950 1696 2722 944 1922 2790 984 2113 67 2022 1746 1890 2066 2060 1767 2011 2113 67 295 1960 373 274 1746 1890 276 1696 2722 944 1807 1821 900 1072 1433 898 1995 976 2800 2060 1767 2779 1849 2914 2738 1995 2529 5949 1849 2915 6079 1960 372 6032 1892 2579 3188 1423 1382 3106 1930 1783 3060 1858 1836 4354 1280 1450 4204 1347 3105 4244 1627 3112 7010 1893 283 6846 1856 469 7191 2114 473 2383 1225 2076 2398 1630 1368 2542 2114 473 2383 1630 1368 2542 2115 2959 2484 2116 1688 5303 1497 618 5471 2062 190 5340 2062 190 3566 1860 162 3584 2063 118 3608 1466 600 1198 2063 118 1314 1288 546 1352 1394 2566 2695 1353 2559 2389 2065 137 2709 2117 550 2404 1353 2559 2389 1672 1741 2130 2118 2926 3798 2119 1682 3765 2068 1279 3750 2068 1279 3750 2119 1682 3765 2066 3036 3717 2120 2642 5438 2070 1889 5486 2069 2893 5352 2069 2893 7492 2121 1690 7686 2122 626 7712 2073 2567 3695 2067 2998 3745 2123 60 3710 2067 2998 3745 2124 657 3844 2123 60 3710 2067 2998 3745 2074 2689 3877 2124 657 3844 2125 2025 7254 2074 2689 7088 2066 3036 7056 2069 2893 6933 2075 2831 7007 2121 1690 6937 2075 2831 7007 2126 1410 7243 2121 1690 6937 2071 31 7210 2126 1410 7243 2075 2831 7007 2126 1410 7243 2071 31 7210 2127 2997 7397 2070 1889 3336 2127 2997 3301 2128 1216 3276 2070 1889 6844 2128 1216 7052 2076 2673 6843 2067 2998 1720 2073 2567 1531 2077 1305 1532 2078 1894 7452 2127 2997 7397 2071 31 7210 2128 1216 5135 2078 1894 5118 2076 2673 5074 1934 2046 6802 1671 1541 6959 1762 2736 7228 1814 665 6045 1593 2734 6128 2129 3029 6131 1895 0 6043 1814 665 6045 2000 1197 6057 1710 2958 5364 2130 568 5531 2080 564 5540 1864 738 1143 2131 2264 1147 1595 1548 1072 1676 599 595 2132 2168 692 2001 2556 650 1710 2958 4703 1966 954 4560 2130 568 4561 1504 1406 3734 1769 1734 3906 2081 169 3951 1766 2945 6430 2029 2193 6371 1937 2960 6520 1716 1994 1346 2028 452 1294 1939 2043 1301 1717 933 1455 1900 1003 1469 2026 2591 1517 2025 1508 4834 2030 426 4748 1819 1482 4866 1900 1003 4702 1532 1648 4749 2027 2091 4750 1772 2263 5434 2028 452 5500 1770 1049 5508 1821 2770 2238 2031 2268 2204 1872 2008 2168 2032 1853 5610 2133 2523 5632 1820 2823 5645 1166 467 3749 1604 2335 3700 1058 1545 3159 1778 575 5230 2035 2865 5177 1825 503 5094 1435 3080 2750 2134 1883 2706 2036 3057 2723 2036 3057 6868 2135 333 7307 1724 2014 6866 1603 3131 7386 2136 1226 7197 1264 2351 7262 1909 1146 4388 2137 1230 4284 2006 3120 4375 2010 2293 6964 1264 2351 7262 2136 1226 7197 2009 25 748 2042 360 806 2043 2916 706 1575 2623 791 2012 1449 621 1407 1184 654 2100 106 3576 1980 923 3775 2091 2090 3696 1981 2203 7046 2046 884 7202 2044 101 6828 1954 1065 7070 2089 1892 6919 2094 1977 7287 2046 884 7202 2138 2491 7224 2044 101 6828 2011 2281 5507 2139 1945 5346 2049 1934 5339 2046 884 2304 2095 2435 2271 2138 2491 2294 2096 1311 171 2100 106 170 2091 2090 119 2140 1858 3670 1983 269 3649 2047 2409 3687 2140 1858 1624 2048 1995 1522 1983 269 1711 2099 2888 4918 1881 2246 4930 1984 2833 4898 2099 2888 3544 1647 619 3520 2141 2500 3560 2139 1945 5346 2050 2287 5299 2049 1934 5339 2048 1995 689 1829 1985 663 1728 446 610 2138 2491 2294 2095 2435 2271 2142 2488 2242 2093 1825 4637 2052 857 4547 2092 501 4706 2093 1825 4637 2102 689 4546 2052 857 4547 2094 1977 5373 2143 1148 5323 2102 689 5283 2097 37 4713 2052 857 4547 1781 690 4708 2051 306 2306 2057 3038 2214 2098 2668 2284 2101 9 2206 2057 3038 2214 2103 2071 2181 2051 306 2306 1985 841 2297 2057 3038 2214 2102 689 4546 2144 2999 4459 2052 857 4547 2057 3038 2214 2104 1031 2144 2103 2071 2181 1985 841 2297 1784 1686 2241 2057 3038 2214 2103 2071 2195 2053 567 2140 2142 2488 2242 2144 2999 5232 1992 1161 5037 2105 1042 5191 2144 2999 6500 2105 1042 6383 1883 2113 6144 2104 1031 2144 2057 3038 2214 2054 643 2132 2053 567 2140 2056 942 2105 2142 2488 2242 2054 643 2132 2057 3038 2214 2055 834 2109 2056 942 2105 1991 577 2058 2142 2488 2242 1990 1106 3619 2145 2692 3648 2107 3106 3624 2106 951 6351 1989 627 6280 1580 153 6541 2146 1512 2566 1686 2318 2617 2147 736 2533 1686 2318 2617 2146 1512 2566 758 413 2737 800 470 2742 1408 2306 2526 1515 2328 2577 1543 2544 4746 1837 1017 4873 2148 2117 4722 2149 2943 3006 1837 208 2962 2150 2710 2976 1549 2476 3859 1618 157 3622 2109 2994 3636 1221 801 536 1839 793 420 1198 3073 365 1616 867 2163 1693 1381 1955 2108 474 2072 1839 793 420 1221 801 536 2110 3098 430 2017 1801 5252 2110 3098 5296 2059 2773 5245 2110 3098 5296 1922 2790 4999 2059 2773 5245 1803 966 2626 1808 993 2605 2151 126 2673 1995 976 3310 1753 1799 3279 1892 2579 3188 2019 2010 3673 2061 2045 3548 1854 3116 3659 1853 2308 3303 1858 1836 3207 1347 3105 3116 2152 791 1944 1707 2338 1913 1997 1989 1956 1757 2537 2922 1562 2980 2806 2153 2172 2954 1562 2980 2806 1000 921 2726 1931 122 2728 2154 777 5308 1811 1228 5587 1526 453 5640 2020 1183 4137 1227 2310 4326 1859 1244 4225 1310 1786 4360 1862 1009 4428 2155 1727 4681 2062 1379 1648 2063 2466 1765 2156 1942 1631 1962 1514 5266 1998 2703 5224 1963 720 5247 1962 1514 5590 2157 1980 5514 1998 2703 5515 2158 831 4945 2159 1458 4955 2160 1592 4927 2161 1424 500 2162 3039 490 2163 912 502 2164 702 1369 2160 1592 1349 2159 1458 1368 2165 671 4786 2166 1909 4847 2167 1589 4798 1760 3087 1204 1123 448 1277 1998 2703 1322 2021 1683 2369 1863 1739 2367 2065 137 2265 1932 1503 4872 2166 1909 4847 2165 671 4786 2168 2267 4306 1122 439 4667 2064 3061 4693 2169 1075 4075 1593 2734 4076 1122 439 4667 2118 2926 3798 2068 1279 3750 2073 2567 3810 2170 1418 3716 2123 60 3710 2124 657 3844 2170 1418 3716 2124 657 3844 2171 1884 3889 2126 1410 5356 2122 626 5441 2121 1690 5427 2172 3130 6939 2070 1889 6809 2173 1500 6904 2124 657 3844 2074 2689 3877 2125 2025 3901 2173 1500 3946 2126 1410 3832 2127 2997 3934 2172 3130 1638 2127 2997 1598 2070 1889 1752 2128 1216 3276 2127 2997 3301 2078 1894 3289 2174 2829 5270 1314 1626 5227 1763 1306 5223 2129 3029 6131 2000 1197 6057 1814 665 6045 2175 601 658 1763 1306 625 2001 2556 650 1712 3124 6321 1595 1548 6335 2023 2303 6555 2176 1107 1192 1970 1229 1089 1968 1947 1186 2177 374 1310 2028 452 1294 1716 1994 1346 1717 933 1455 2026 2591 1517 2178 2580 1640 2026 2591 7024 2027 2091 6892 2178 2580 6945 2030 426 4980 2179 1860 5066 1432 1429 4886 2133 2523 2916 2032 1853 2940 1904 1013 2933 2180 1509 1096 1971 1237 1075 1970 1229 1089 1642 986 3232 1532 1648 3372 1291 2170 3345 1904 1013 2933 2033 970 2905 2133 2523 2916 2133 2523 1778 2033 970 1575 2181 1374 1637 2033 970 217 1477 2938 143 1640 1704 219 1873 1522 5284 2182 769 5250 1641 1561 5253 2004 2576 1854 1824 634 1864 1723 1025 1842 2004 2576 1854 1215 2990 1802 2183 2142 1804 2135 333 6143 2036 3057 6193 2134 1883 6309 2184 1760 1717 1972 2199 1664 2185 997 1526 1972 2199 3238 2039 1738 3145 2185 997 3174 2186 1973 5984 2087 2259 6037 1949 1182 6089 2187 1707 79 2039 1738 39 1975 938 60 2186 1973 4504 2042 360 4477 2087 2259 4562 2088 2354 4279 2006 3120 4375 2137 1230 4284 1950 1369 4539 2086 2593 4402 2188 996 4424 2010 2293 5595 1952 1910 5594 1979 2278 5614 2085 145 7055 2041 1848 7039 2189 2394 6714 2189 2394 6714 2041 1848 7039 2088 2354 6841 1575 2623 791 2044 101 728 2012 1449 621 1365 1345 3647 1785 1295 3445 2045 1261 3611 2050 2287 3353 2139 1945 3389 1985 841 3316 2092 501 4706 2052 857 4547 2097 37 4713 2095 2435 2271 2101 9 2223 2142 2488 2242 2101 9 2206 2098 2668 2284 2057 3038 2214 2103 2071 2195 2142 2488 2242 2101 9 2223 2102 689 5283 2143 1148 5323 2144 2999 5232 2144 2999 6500 1883 2113 6144 2052 857 6593 2144 2999 5232 2143 1148 5323 1992 1161 5037 2142 2488 630 1991 577 402 1956 1870 396 2107 3106 4672 2145 2692 4704 2190 3111 4715 2107 3106 5560 2190 3111 5607 1686 2318 5577 1580 153 4740 987 181 5033 1884 2494 4754 988 683 406 1338 778 612 874 761 373 2191 2791 3711 2192 1178 3686 1928 3063 3693 2193 1360 283 2113 67 260 2060 1767 245 1807 1821 900 2194 7 555 1928 3063 583 1928 3063 6957 2192 1178 7240 1847 2697 6901 1847 2697 6901 2192 1178 7240 2019 2010 7333 1930 1783 7263 1929 237 6985 1706 981 7071 1757 2537 6631 2153 2172 6806 1756 2150 6848 1961 1188 4210 2195 1567 4197 1859 1244 4225 2155 1727 2525 1862 1009 2618 2021 1683 2649 2196 2092 5889 2197 2075 5939 2198 1585 5917 2163 912 4893 2167 1589 4913 2161 1424 4931 2162 3039 490 2161 1424 500 2164 702 482 2160 1592 1548 2164 702 1739 2158 831 1643 2196 2092 1571 2199 1264 1660 2200 1108 1655 2200 1108 1655 2201 1128 1569 2196 2092 1571 2165 671 4786 2064 3061 4693 1932 1503 4872 2065 137 2709 1353 2559 2389 2117 550 2404 1999 1404 6792 2202 1611 6697 1499 2146 7363 2122 626 2517 2120 2642 2403 2069 2893 2518 2120 2642 6803 2203 300 6903 2070 1889 6809 2171 1884 7743 2125 2025 7727 2066 3036 7471 1424 2743 4083 2204 2315 4038 1671 1541 4005 2070 1889 6809 2203 300 6903 2173 1500 6904 2123 60 7622 2118 2926 7621 2073 2567 7546 2124 657 3844 2125 2025 3901 2171 1884 3889 2126 1410 6704 2205 81 6528 2122 626 6516 2126 1410 6704 2206 861 6893 2205 81 6528 2173 1500 6895 2207 350 7040 2126 1410 6704 2173 1500 3946 2127 2997 3934 2172 3130 3998 2072 125 2472 2077 1305 2474 2073 2567 2559 2208 2085 5315 1672 1741 5316 1314 1626 5227 2175 601 658 2001 2556 650 2132 2168 692 2000 1197 5010 2209 2323 4996 2022 2775 4951 1968 1947 542 1938 1103 564 2176 1107 531 2210 2307 4953 2025 1508 4934 2024 380 4896 2025 1508 4834 2210 2307 4832 2030 426 4748 2028 452 7698 2211 1459 7700 1770 1049 7485 2028 452 7740 2212 1109 7568 2211 1459 7704 1432 1429 2847 2179 1860 2734 2031 2268 2757 1872 2008 7066 2031 2268 7267 2213 456 7064 1872 2008 6849 2214 2224 6856 1402 723 6719 1971 1237 1075 2083 399 1043 1877 2344 1027 1601 400 362 1643 433 279 1056 2799 321 1878 1390 3964 1777 175 3872 2215 1806 3786 1643 433 4182 2216 2255 4178 1681 2031 3924 1480 2955 6713 1972 2199 6423 2037 2871 6876 1725 1290 1875 2217 2401 1932 1362 1078 1866 1603 3131 3953 2038 771 3884 2136 1226 3827 1682 2077 4411 2137 1230 4284 1909 1146 4388 2185 997 7027 2039 1738 7008 2187 1707 6661 2042 360 3591 2186 1973 3613 2218 727 3650 1975 938 60 1980 923 83 2187 1707 79 2042 360 1708 2219 1716 1581 2043 2916 1709 1976 14 4310 2045 1261 4232 2089 1892 4280 2089 1892 4280 2045 1261 4232 2094 1977 4251 2220 1084 1521 2048 1995 1522 2140 1858 1624 2221 1639 4744 2099 2888 4712 2141 2500 4716 1881 2246 4930 2099 2888 4918 2221 1639 4925 1729 2603 4910 2222 2377 5013 1576 2512 4971 1729 2603 4910 1881 2246 4930 2222 2377 5013 2141 2500 1065 1647 619 1030 1917 2143 1051 1544 341 4603 2052 857 4547 1883 2113 4271 1785 1295 4059 1992 1161 4063 2143 1148 4215 2106 951 5941 1731 234 5955 1988 521 5904 1330 854 2274 2149 2153 2256 1837 1017 2199 2110 3098 430 2223 1195 570 1922 2790 387 1923 1789 2115 1456 1761 2043 1857 2141 2028 1805 937 68 1755 2051 132 2224 1703 61 1808 993 2605 1665 934 2666 2151 126 2673 1892 2579 7508 1930 1783 7076 2225 1407 7418 2061 2045 6838 2226 454 6604 1856 469 6552 1177 58 4193 1858 1836 4354 1665 934 4335 1706 981 7342 1756 2150 6848 1930 1783 7340 2152 791 3422 1251 3122 3237 1707 2338 3394 1224 692 2006 1809 1865 1989 1526 453 1952 1630 1368 1433 1667 219 1374 2115 2959 1388 1201 1765 2119 1310 1786 2098 2155 1727 2322 2062 190 506 2227 1635 477 2116 1688 484 2063 118 492 2227 1635 477 2062 190 506 2157 1980 1535 2228 1905 1760 1998 2703 1534 2198 1585 2818 2229 1586 2791 2196 2092 2789 2159 1458 1368 2230 3004 1385 2164 702 1369 2196 2092 7555 2229 1586 7690 2199 1264 7620 2199 1264 2792 2229 1586 2791 2231 2232 2753 2199 1264 2792 2231 2232 2753 2200 1108 2755 2163 912 3056 2232 1730 3035 2167 1589 3057 2200 1108 7619 2231 2232 7699 2201 1128 7521 2163 912 3056 2233 541 2911 2232 1730 3035 2162 3039 490 2234 1492 393 2163 912 502 2163 912 502 2234 1492 393 2233 541 358 2196 2092 1571 2201 1128 1569 2235 2878 1431 2168 2267 4306 2169 1075 4075 1122 439 4667 2120 2642 197 2122 626 164 2236 2850 230 2119 1682 3896 2237 2383 3942 2066 3036 3770 2237 2383 7044 2238 1186 6762 2066 3036 6827 2118 2926 3798 2239 1326 3892 2119 1682 3765 2126 1410 6704 2207 350 7040 2206 861 6893 1671 1541 6959 2204 2315 7142 1762 2736 7228 1314 1626 6398 2174 2829 6629 2208 2085 6782 1761 1329 6316 2080 564 6281 2240 588 6407 2175 601 658 2241 2961 696 2242 898 685 2242 898 7072 2174 2829 7223 2175 601 6996 2175 601 5229 2174 2829 5270 1763 1306 5223 1965 1937 649 1896 66 686 2243 879 679 2131 2264 6589 2023 2303 6555 1595 1548 6335 1676 599 7344 2081 169 7153 2244 989 7205 1897 2616 6066 1935 2856 6041 2245 2249 6192 1675 2009 7356 2246 396 7170 1898 786 7169 1897 2616 6066 2245 2249 6192 1867 1175 6073 1867 1175 6073 2245 2249 6192 1967 425 6203 1714 1398 1434 1717 933 1455 1966 954 1591 2247 231 7309 1966 954 7416 1717 933 7058 2029 2193 6371 1902 925 6224 2248 2968 6372 1678 537 3537 2249 2930 3751 2250 543 3597 1678 537 3537 2250 543 3597 1769 1734 3558 1717 933 6008 2178 2580 5900 2251 957 5881 2177 374 1310 2252 1991 1278 2028 452 1294 1868 1573 6480 2253 1191 6476 1940 2282 6285 2027 2091 6892 2254 913 6831 2178 2580 6945 2027 2091 4750 1532 1648 4749 2254 913 4782 2212 1109 2543 1770 1049 2481 2211 1459 2545 2028 452 5075 2252 1991 5128 2212 1109 5145 2031 2268 2952 2179 1860 2983 2213 456 2978 2181 1374 750 1820 2823 841 2133 2523 827 1872 2008 7553 2213 456 7577 2179 1860 7611 2255 1346 2222 1820 2823 2174 2033 970 2189 2033 970 751 1820 2823 841 2181 1374 750 2033 970 217 1640 1704 219 2256 530 224 2257 1214 2320 1873 1522 2338 1822 758 2488 2083 399 1043 1946 2744 961 1823 461 958 1824 634 6625 2004 2576 7258 2258 2527 7222 1435 3080 2750 1479 2598 2679 2134 1883 2706 1972 2199 302 2184 1760 290 2037 2871 381 1725 1290 1875 1363 860 1824 2188 996 1925 2038 771 3570 2010 2293 3639 2136 1226 3607 1952 1910 5594 2010 2293 5595 2011 2281 5507 2088 2354 6841 2259 2336 6766 2189 2394 6714 2043 2916 4409 2219 1716 4391 2086 2593 4402 2260 2757 278 2261 386 243 2220 1084 259 2221 1639 4744 2141 2500 4716 2262 1724 4773 2047 2409 3687 2220 1084 3672 2140 1858 3670 2220 1084 2556 2261 386 2515 2048 1995 2467 2048 1995 689 2263 734 761 1829 1985 663 2012 1449 621 2044 101 728 2142 2488 630 2094 1977 4251 2045 1261 4232 2143 1148 4215 2044 101 728 2138 2491 712 2142 2488 630 2106 951 543 1580 153 604 2264 1744 578 1990 1106 3619 1540 2205 3677 2145 2692 3648 2145 2692 4704 2265 2004 4736 2190 3111 4715 1686 2318 5577 2190 3111 5607 2147 736 5668 758 413 2737 2146 1512 2566 1408 2306 2526 1837 1017 4873 2266 187 4768 2148 2117 4722 1517 716 2630 1515 2328 2577 2267 1529 2610 988 683 406 1838 1432 652 1338 778 612 1244 4 3860 2109 2994 3636 1245 1235 3514 2268 2157 1273 1840 2586 1257 1845 205 1105 2017 211 2267 1923 1789 2115 2269 572 2121 2270 742 2067 1798 2345 2055 1245 1235 2201 2270 742 2067 1799 2778 2023 1798 2345 2055 2269 572 2121 1923 1789 2115 1857 2141 2028 2270 742 2067 1853 2308 1965 1799 2778 2023 2271 1391 314 2113 67 295 2193 1360 308 2272 669 913 1807 1821 900 1696 2722 944 2194 7 555 2191 2791 569 1928 3063 583 1755 2051 132 1960 373 274 2113 67 295 2019 2010 3673 2192 1178 3686 2191 2791 3711 2225 1407 7358 1930 1783 6951 2273 1722 7130 1856 469 2039 2274 407 1954 1627 3112 2032 2274 407 1954 1997 1989 1956 1627 3112 2032 2274 407 1954 2152 791 1944 1997 1989 1956 2275 1676 2809 1307 2675 2612 1708 1121 2812 1758 38 2662 1178 1864 2655 2276 266 2845 2114 473 2383 1809 1865 1989 1225 2076 2398 2277 2636 7164 1961 1188 6981 1758 38 7272 2114 473 2383 2115 2959 2484 2278 2870 2492 2279 1199 6917 1961 1188 6981 2277 2636 7164 2115 2959 3410 2280 2548 3415 2278 2870 3429 2279 1199 6917 2195 1567 6683 1961 1188 6981 2115 2959 1388 1667 219 1374 2281 2570 1339 2282 2795 4175 1859 1244 4225 2195 1567 4197 1962 1514 7511 2228 1905 7595 2157 1980 7747 2020 1183 4663 2166 1909 4759 1932 1503 4680 2158 831 4945 2230 3004 4985 2159 1458 4955 2283 3022 6025 2198 1585 5917 2197 2075 5939 2167 1589 4913 2158 831 4945 2161 1424 4931 2158 831 4945 2164 702 4963 2161 1424 4931 2164 702 6968 2284 1899 6994 2162 3039 6799 2285 1665 1194 2063 118 1314 1466 600 1198 2284 1899 7250 2234 1492 6852 2162 3039 7409 2286 80 4658 2064 3061 4693 2165 671 4786 1424 2743 4083 1760 3087 4629 2287 2650 4339 2238 1186 3928 2171 1884 3889 2066 3036 3873 2288 722 7041 2203 300 6903 2120 2642 6803 2288 722 7041 2289 1073 7096 2203 300 6903 2289 1073 7096 2207 350 7089 2173 1500 6904 2289 1073 7096 2173 1500 6904 2203 300 6903 2129 3029 6131 2209 2323 6087 2000 1197 6057 2240 588 6407 2080 564 6281 2290 2498 6253 2241 2961 696 2175 601 658 2132 2168 692 2246 396 7170 2024 380 6666 1898 786 7169 2081 169 7153 2250 543 6660 2244 989 7205 2210 2307 6623 2024 380 6666 2246 396 7170 2081 169 7153 1769 1734 6659 2250 543 6660 2291 520 3233 1936 1343 3087 2292 904 3210 2293 2467 1848 2247 231 1822 1717 933 1756 2294 1976 1377 2177 374 1310 1716 1994 1346 2295 2283 6749 2296 3044 6403 2253 1191 6767 1936 1343 2127 1969 1011 2046 2292 904 2129 1902 925 6224 2297 2097 6178 2248 2968 6372 2297 2097 6219 2298 1316 6518 2248 2968 6499 2253 1191 6476 2296 3044 6234 1940 2282 6285 1901 1714 6226 2297 2097 6219 1902 925 6277 2299 1023 5887 2178 2580 5900 2254 913 5867 2300 1052 4423 1770 1049 4490 2212 1109 4458 2296 3044 3302 1822 758 3271 1942 1483 3288 1901 1714 6226 2082 974 6194 2297 2097 6219 2179 1860 7671 2301 2769 7556 1872 2008 7585 2255 1346 5108 2033 970 5137 2302 2504 5081 2214 2224 6856 1872 2008 6849 2301 2769 6879 2033 970 217 2256 530 224 2302 2504 235 1969 1011 2046 2002 1000 2018 2303 580 2033 2257 1214 2320 2182 769 2332 1873 1522 2338 2304 2792 5190 1641 1561 5253 2182 769 5250 1878 1390 5235 2215 1806 5151 2305 2192 5156 1641 1561 5253 2304 2792 5190 1538 2000 5196 2215 1806 3786 1777 175 3872 2306 1005 3831 1777 175 4984 1825 503 5044 2306 1005 5007 1825 503 6347 2035 2865 6168 2037 2871 6119 2188 996 4424 1363 860 4639 1950 1369 4539 2184 1760 13 2185 997 49 2187 1707 79 2307 1168 3679 2010 2293 3639 2038 771 3570 2218 727 3650 2186 1973 3613 2308 1057 3655 2309 144 7371 2085 145 7437 2189 2394 7237 2218 727 5670 2310 384 5619 2042 360 5728 2311 1100 5541 2011 2281 5507 2010 2293 5595 2100 106 170 2187 1707 79 1980 923 83 2188 996 4424 2086 2593 4402 2219 1716 4391 2310 384 1476 2219 1716 1581 2042 360 1708 2311 1100 5541 2139 1945 5346 2011 2281 5507 2263 734 7592 2261 386 7536 2260 2757 7670 2312 2441 4803 2221 1639 4744 2262 1724 4773 2047 2409 3687 1780 104 3645 1605 3059 3732 2263 734 7734 2048 1995 7554 2261 386 7702 2262 1724 4773 2141 2500 4716 1917 2143 4642 1482 3075 250 2313 1812 182 1781 690 228 2045 1261 4232 1785 1295 4059 2143 1148 4215 2142 2488 630 1956 1870 396 2012 1449 621 2264 1744 5975 1731 234 5955 2106 951 5941 2147 736 4784 2190 3111 4715 2265 2004 4736 2017 211 2267 2269 572 2121 1693 1381 2285 2019 2010 3673 2314 1215 3577 2061 2045 3548 1756 2150 6848 2315 1751 6862 1930 1783 7340 1756 2150 6848 2153 2172 6806 2315 1751 6862 1811 1228 5587 2154 777 5308 1962 1514 5481 1201 1765 1466 2155 1727 1283 1667 219 1374 1962 1514 2886 2316 1059 2876 2228 1905 2892 2228 1905 3947 2283 3022 3960 2197 2075 3774 2231 2232 2753 2229 1586 2791 2283 3022 2885 2198 1585 2818 2283 3022 2885 2229 1586 2791 2116 1688 1428 2164 702 1369 2230 3004 1385 2197 2075 7196 2317 535 7264 2228 1905 6797 2167 1589 4798 2232 1730 4780 2165 671 4786 2227 1635 477 2063 118 492 2285 1665 372 2197 2075 7196 2196 2092 7359 2317 535 7264 2196 2092 4814 2235 2878 4678 2317 535 4764 2201 1128 1569 2318 371 1438 2235 2878 1431 2021 1683 2369 2065 137 2265 2319 1902 2262 1466 600 361 1592 969 220 2285 1665 372 2320 35 2774 2321 2811 2754 2322 2505 2760 1592 969 220 1499 2146 54 2323 2398 69 2117 550 2016 1672 1741 1814 2208 2085 1817 2236 2850 7279 2122 626 6772 2324 1646 6863 2119 2098 5291 2170 1036 5335 2239 1327 5348 2171 1884 3889 2238 1186 3928 2202 1611 3938 2122 626 6516 2205 81 6528 2324 1646 6493 2206 861 6893 2325 55 6864 2205 81 6528 2206 1628 7011 2289 1435 7096 2203 2651 6903 2118 2926 3712 2123 60 3710 2326 2655 3668 2327 2395 7100 2328 1823 7128 2329 991 7037 2330 493 3269 2331 2118 3281 2332 225 3299 2169 1075 4075 2129 3029 4046 1593 2734 4076 2332 225 3299 2333 1322 3328 2330 493 3269 2331 2118 3282 2330 493 3272 2333 1322 3329 2334 318 3036 2335 2273 3051 2209 2323 3007 2333 919 1690 2174 2829 1483 2242 898 1527 2242 898 685 2241 2961 696 2333 919 744 2080 564 5540 2336 866 5559 2290 2498 5566 2080 564 5540 2130 568 5531 2336 866 5559 1965 1937 649 2243 879 679 2337 287 645 1937 2960 786 2243 879 679 1896 66 686 1937 2960 6520 2029 2193 6371 2248 2968 6372 1967 425 6606 2338 1488 6557 1868 1573 6480 1868 1573 6480 2338 1488 6557 2253 1191 6476 2244 989 603 2250 543 540 2249 2930 740 2248 2968 6499 2298 1316 6518 2339 147 6632 2298 1316 779 2340 1004 682 2339 147 739 2251 957 5881 2178 2580 5900 2299 1023 5887 2296 3044 3302 1942 1483 3288 1940 2282 3327 2297 2097 6219 2341 2462 6270 2298 1316 6518 2295 2283 6749 2342 2252 6359 2296 3044 6403 2296 3044 6891 2343 2687 6732 1822 758 6971 2344 2665 6055 2301 2769 6088 2179 1860 6069 2302 2504 2487 1820 2823 2552 2255 1346 2507 2344 2665 3757 2179 1860 3759 2214 2224 3738 2344 2665 6055 2214 2224 6050 2301 2769 6088 2345 1281 717 2256 530 778 2346 858 678 2345 1281 717 1820 2823 840 2256 530 778 2302 2504 2487 2256 530 2465 1820 2823 2552 2256 530 224 1640 1704 219 2346 858 242 1945 998 6021 2347 1802 6015 2082 974 6194 1945 998 5240 2305 2192 5156 2347 1802 5152 1878 1390 5235 2305 2192 5156 1945 998 5240 2005 1209 942 2348 398 914 1191 1572 915 1215 2990 1802 1602 2154 1391 2183 2142 1804 1644 1371 3023 1361 636 2828 2349 108 3038 1910 559 2758 2040 1377 2739 1361 636 2828 2350 1887 3609 2351 1846 3112 1604 2335 3642 2187 1707 79 2352 645 77 2184 1760 13 2040 1377 2739 2085 145 2714 2353 2108 2708 2085 145 1687 2309 144 1718 2353 2108 1544 1604 2335 3642 2351 1846 3112 1605 3059 3101 2100 106 170 2354 1625 95 2187 1707 79 2355 352 1729 2263 734 1629 2260 2757 1616 2310 384 7733 2356 2935 7679 2219 1716 7516 2047 2409 3687 2351 1846 3767 2220 1084 3672 2262 1724 2953 1917 2143 2866 2312 2441 2970 2100 106 170 1781 690 228 2313 1812 182 2145 2692 3648 1540 2205 3677 2265 2004 3682 2357 733 2590 2267 1529 2610 1515 2328 2577 2223 1195 570 2110 3098 430 1221 801 536 2271 1391 314 2358 99 312 2113 67 295 2060 1767 1642 1995 976 1767 2193 1360 1538 2226 454 4291 2359 2300 4320 1856 469 4299 1307 2675 2612 2275 1676 2809 1223 2457 2717 1526 453 1952 1809 1865 1989 2360 3104 1939 2115 2959 3410 2281 2570 3247 2280 2548 3415 2279 1199 4191 2282 2795 4175 2195 1567 4197 1962 1514 2886 2283 3022 2885 2316 1059 2876 2158 831 4945 2361 872 5063 2230 3004 4985 2230 3004 4985 2361 872 5063 2116 1688 5045 2316 1059 2557 2283 3022 2541 2228 1905 2471 2164 702 6968 2116 1688 7341 2284 1899 6994 2231 2232 2340 2021 1683 2369 2319 1902 2262 1998 2703 4815 2228 1905 4804 1760 3087 4629 2231 2232 2340 2319 1902 2262 2201 1128 2335 2284 1899 7250 2362 1907 6907 2234 1492 6852 2201 1128 5249 2319 1902 5109 2318 371 5132 2363 1787 2839 2364 155 2879 2365 1637 2827 2366 1428 297 2365 1637 319 2367 1969 304 2367 1969 3955 2368 1154 3817 2366 1428 3917 2366 1428 834 2368 1154 709 2320 35 771 2320 35 2774 2322 2505 2760 2366 1428 2785 2321 2811 715 2320 35 771 2368 1154 709 2321 2811 6068 2368 1154 6097 2369 280 6002 2370 59 5492 2371 3027 5377 2372 1332 5149 2322 2505 4315 2169 1075 4075 2168 2267 4306 2371 3027 5318 2373 1117 5123 2374 98 5204 2117 550 2016 2208 2085 1817 2375 1972 2056 2376 2400 7185 2238 1186 6762 2237 2383 7044 2377 3076 233 2120 2642 197 2236 2850 230 2237 2383 3800 2119 1682 3765 2378 1318 3932 2171 1884 3889 2379 3009 3731 2170 1418 3716 2171 1884 3889 2202 1611 3938 2379 3009 3731 2205 81 6528 2325 55 6864 2324 1646 6493 2289 1073 7096 2332 222 7282 2207 350 7089 2380 2843 5129 2326 2655 5125 2381 2311 5082 2118 2926 6995 2326 2655 6753 2380 2843 6776 2170 1418 3716 2326 2655 3668 2123 60 3710 2207 350 7040 2382 61 7151 2206 861 6893 2329 991 1553 2382 2832 1659 2327 2395 1552 2327 2395 1552 2382 2832 1659 2332 223 1733 2381 2311 3954 2326 2655 3936 2383 284 3903 2202 1611 5630 1999 1404 5553 2240 588 5613 2328 1823 7128 2382 2832 7151 2329 991 7037 2327 2395 7100 2332 223 7248 2328 1823 7128 2383 284 3903 2335 2273 3846 2334 318 3833 2331 2118 7186 2333 1322 6956 2332 225 7103 2209 2323 4004 2129 3029 4046 2334 318 4044 2209 2323 702 2335 2273 832 2022 2775 701 1936 1343 5958 2384 1321 6127 1935 2856 6041 1966 954 6811 2247 231 6635 2293 2467 6794 2023 2303 5585 2294 1976 5573 1716 1994 5524 1937 2960 6520 2248 2968 6372 2385 1314 6502 2248 2968 6499 2339 147 6632 2385 1314 6538 1936 1343 638 2291 520 798 2384 1321 807 2295 2283 6749 2253 1191 6767 2386 357 6950 2252 1991 4496 2300 1052 4423 2212 1109 4458 2252 1991 4496 2387 1495 4455 2300 1052 4423 2342 2252 5385 2343 2687 5334 2296 3044 5292 2082 974 6194 2388 2112 6228 2297 2097 6219 1770 1049 4490 2300 1052 4423 1601 400 4321 1971 1237 1075 2180 1509 1096 2389 2739 1078 2390 1359 6211 2388 2112 6228 2082 974 6194 2179 1860 3759 2391 1610 3746 2214 2224 3738 2392 2678 4464 2346 858 4436 2393 1845 4443 1640 1704 4457 2394 86 4328 2346 858 4436 2303 580 2033 2002 1000 2018 1876 2578 1982 2390 1359 6211 2082 974 6194 2347 1802 6015 2182 769 5250 2257 1214 5175 2304 2792 5190 2258 2527 1871 2034 2147 1987 1824 634 1864 1825 503 5044 2395 161 5065 2306 1005 5007 2135 333 2697 2038 771 2687 1724 2014 2752 1362 1078 1866 2396 1069 1931 2137 1230 1924 2040 1377 2739 2397 113 2746 1361 636 2828 2137 1230 4284 2259 2336 4261 2088 2354 4279 2398 840 3845 2311 1100 3821 2010 2293 3980 2219 1716 4391 2356 2935 4364 2188 996 4424 2189 2394 7237 2399 2534 7143 2309 144 7371 2259 2336 6972 2400 1869 7211 2189 2394 7023 1441 2314 5862 2313 1812 5648 1482 3075 5662 2189 2394 7023 2400 1869 7211 2399 2534 7172 2401 2667 1501 1829 1985 1439 2263 734 1462 2265 2004 669 2402 1912 697 2147 736 711 2264 1744 7703 2403 1721 7490 2404 1675 7593 1782 124 5988 1731 234 5955 2405 2123 6121 2264 1744 578 1580 153 604 2403 1721 599 2149 2153 4824 2406 1756 4772 2266 187 4768 2149 2153 4824 2266 187 4768 1837 1017 4873 2267 1529 3485 1838 1432 3512 1517 716 3467 2267 1529 3485 2357 733 3499 1838 1432 3512 2406 1756 4772 2407 2962 4790 2408 2119 4766 2406 1756 280 2149 2153 241 2407 2962 272 2408 2119 2282 2407 2962 2270 2149 2153 2256 2108 474 2072 1745 1981 2117 1617 1469 2250 2270 742 3428 1245 1235 3514 2109 2994 3636 1618 157 2667 1803 966 2626 2409 871 2727 1845 205 0 1805 937 68 2224 1703 61 2410 2783 3720 2019 2010 3673 2191 2791 3711 2314 1215 3577 2411 3114 3543 2061 2045 3548 2061 2045 3548 2411 3114 3543 2226 454 3506 2411 3114 3543 2359 2300 3497 2226 454 3506 1856 469 4299 2359 2300 4320 2412 2312 4331 2413 1523 3411 1251 3122 3237 2152 791 3422 1629 2190 3089 2414 1774 3115 1810 2087 3047 2116 1688 5303 2415 2148 5501 1497 618 5471 2158 831 4945 2167 1589 4913 2361 872 5063 2116 1688 484 2227 1635 477 2284 1899 445 2228 1905 4804 2416 675 4654 1760 3087 4629 2234 1492 393 2362 1907 403 2233 541 358 2235 2878 1431 2318 371 1438 2417 2251 1360 2235 2878 4678 2417 2251 4544 2418 2116 4626 2416 675 4654 2287 2650 4339 1760 3087 4629 2419 2231 5358 2418 2116 5536 2417 2251 5451 2363 1787 2839 2322 2505 2760 2364 155 2879 2365 1637 319 2362 1907 403 2367 1969 304 2285 1665 372 1592 969 220 2420 2405 270 2362 1907 403 2368 1154 249 2367 1969 304 2419 2231 4920 2375 1972 4835 2421 2217 4881 2421 2217 5319 2418 2116 5536 2419 2231 5358 2421 2217 4881 2375 1972 4835 2370 59 4854 2370 59 5492 2418 2116 5720 2421 2217 5545 2372 1332 5149 2418 2116 5720 2370 59 5492 2321 2811 2754 2369 280 2712 2322 2505 2760 2370 59 4854 2375 1972 4835 2371 3027 4752 1424 2743 4083 2287 2650 4339 2422 674 4094 2371 3027 5377 2374 98 5269 2372 1332 5149 2423 1293 183 2424 2680 84 2425 2821 121 2373 1117 291 2377 3076 233 2236 2850 230 2236 2850 7279 2324 1646 6863 2372 1332 7289 2376 2400 85 2424 2680 84 2238 1186 9 1499 2146 7239 2202 1611 6726 2323 2398 6967 2237 2383 2478 2378 1318 2447 2376 2400 2572 1424 2743 4083 2422 674 4094 2204 2315 4038 2239 1326 3892 2378 1318 3932 2119 1682 3765 2118 2926 3798 2380 2843 3937 2239 1326 3892 2383 284 1607 2380 2843 1609 2381 2311 1782 2207 350 7040 2332 222 7248 2382 61 7151 1999 1404 5553 1761 1329 5437 2240 588 5613 2324 1646 7265 1762 2736 7228 2204 2315 7142 2328 1823 7128 2332 223 7248 2382 2832 7151 2208 2085 1817 2174 2829 1789 2333 919 1801 2333 919 744 2241 2961 696 2132 2168 692 1864 738 5726 2294 1976 5573 2131 2264 5678 1864 738 1467 1762 2736 1594 2294 1976 1377 2022 2775 4951 2246 396 4912 1675 2009 4969 2290 2498 7322 2336 866 7274 2293 2467 6794 2130 568 7266 1966 954 6811 2336 866 7274 1966 954 6811 2293 2467 6794 2336 866 7274 2131 2264 5678 2294 1976 5573 2023 2303 5585 1935 2856 6041 2384 1321 6127 2426 846 6187 1937 2960 6520 2385 1314 6502 2243 879 6616 2245 2249 6192 2338 1488 6249 1967 425 6203 2338 1488 6870 2386 357 6950 2253 1191 6767 1938 1103 564 2427 1081 565 2176 1107 531 1717 933 6008 2251 957 5881 2293 2467 6065 2176 1107 1192 2180 1509 1096 1970 1229 1089 2298 1316 6518 2341 2462 6270 2340 1004 6532 2252 1991 1278 2177 374 1310 2387 1495 1264 2300 1052 4423 2387 1495 4455 2393 1845 4443 1678 537 3537 1820 2823 3618 2428 2859 3725 2391 1610 5168 2429 877 5202 2254 913 5322 2393 1845 3680 2430 650 3666 2392 2678 3651 2392 2678 7497 2430 650 7656 2346 858 7591 2345 1281 717 2346 858 678 2430 650 670 2214 2224 3738 2391 1610 3746 2350 1887 3609 2391 1610 3746 2254 913 3761 2350 1887 3609 2389 2739 1078 2083 399 1043 1971 1237 1075 1532 1648 3766 1642 986 3637 2431 526 3598 1640 1704 4457 1906 199 4374 2394 86 4328 2432 2624 4956 2433 2033 4948 2434 3 4855 2037 2871 6119 2435 1104 6241 2436 1176 6370 2037 2871 6119 2437 1296 6172 2435 1104 6241 2438 779 5098 1479 2598 5147 1538 2000 5024 2135 333 6143 2134 1883 6309 2439 882 6431 2439 882 6431 2134 1883 6309 1479 2598 6457 2037 2871 7155 2184 1760 6386 2440 1021 6855 1362 1078 1866 2137 1230 1924 1682 2077 1827 1681 2031 118 2441 1159 65 1949 1182 75 2441 1159 65 2186 1973 44 1949 1182 75 2040 1377 2739 2353 2108 2708 2397 113 2746 2352 645 77 2187 1707 79 2354 1625 95 2355 352 1505 2442 2370 1524 2401 2667 1501 2260 2757 3678 2351 1846 3767 2355 352 3694 2222 2377 5013 2221 1639 4925 2312 2441 4937 2222 2377 5013 1881 2246 4930 2221 1639 4925 1605 3059 3732 2351 1846 3767 2047 2409 3687 2399 2534 7143 2400 1869 7021 2309 144 7371 2139 1945 5346 2443 1838 5314 1985 841 5255 1779 2908 5193 1985 841 5255 2443 1838 5314 2401 2667 1501 1955 2302 1370 1829 1985 1439 2404 1675 6007 1731 234 5955 2264 1744 5975 2357 733 3499 2444 2207 3522 1838 1432 3512 2357 733 20 2445 1948 21 2444 2207 18 2445 1948 21 2446 1931 32 2444 2207 18 2149 2153 2256 1330 854 2274 2408 2119 2282 1840 2586 1257 2268 2157 1273 1692 2187 1386 2223 1195 570 2112 724 486 1922 2790 387 2447 1001 707 2448 533 795 2449 1299 714 2448 533 1943 2450 1465 1993 2449 1299 1918 2449 1299 2226 2451 859 2202 2447 1001 2208 2450 1465 1993 2451 859 1915 2449 1299 1918 2450 1465 6603 2452 735 6654 2451 859 6304 2191 2791 569 2194 7 555 2410 2783 562 2224 1703 61 1755 2051 132 2453 1621 111 2410 2783 3720 2454 759 3702 2019 2010 3673 2193 1360 3359 1995 976 3310 2271 1391 3367 2019 2010 3673 2455 3090 3557 2314 1215 3577 1892 2579 6913 2225 1407 6982 2456 2526 7213 1856 469 6840 2412 2312 6839 2457 2742 6506 1856 469 6840 2457 2742 6506 2274 407 6479 2116 1688 5303 2361 872 5312 2415 2148 5501 2020 1183 4663 2167 1589 4913 2166 1909 4759 2228 1905 4804 2317 535 4765 2416 675 4654 2232 1730 3035 2233 541 2911 2286 80 2945 2235 2878 4678 2458 1660 4685 2317 535 4764 2318 371 5132 2319 1902 5109 2417 2251 4987 2233 541 358 2362 1907 403 2364 155 341 2364 155 2879 2322 2505 2760 2233 541 2911 2364 155 341 2362 1907 403 2365 1637 319 2417 2251 4987 2375 1972 4835 2419 2231 4920 2363 1787 2839 2365 1637 2827 2322 2505 2760 2366 1428 2785 2322 2505 2760 2365 1637 2827 2117 550 2016 2375 1972 2056 2319 1902 2262 2064 3061 4693 2322 2505 4315 2168 2267 4306 2369 280 207 2424 2680 84 2423 1293 183 2423 1293 2683 2322 2505 2760 2369 280 2712 2371 3027 4752 2375 1972 4835 2373 1117 4564 2425 2821 2625 2459 2485 2540 2423 1293 2683 2374 98 5204 2373 1117 5123 2372 1332 5019 2236 2850 7279 2372 1332 7289 2373 1117 7422 2323 2398 7417 2202 1611 7109 2238 1186 7110 2239 1326 3892 2380 2843 3937 2378 1318 3932 2289 1073 7096 2288 722 7041 2332 222 7282 2169 1075 4075 2334 318 4044 2129 3029 4046 2170 1418 3716 2379 3009 3731 2326 2655 3668 2460 330 1860 2333 919 1801 2332 222 1810 2333 919 1801 2460 330 1860 2208 2085 1817 2206 861 6893 2382 61 7151 2325 55 6864 2383 284 3903 2326 2655 3936 2335 2273 3846 2333 919 744 2132 2168 692 2332 226 799 1676 599 595 2244 989 603 2132 2168 692 1935 2856 6041 2426 846 6187 2245 2249 6192 2337 287 645 2427 1081 565 1965 1937 649 1965 1937 649 2427 1081 565 1938 1103 564 2243 879 1933 2385 1314 1929 2461 276 1919 2297 2097 6219 2388 2112 6228 2341 2462 6270 2179 1860 5066 2462 312 5070 2391 1610 5168 2345 1281 3646 2428 2859 3725 1820 2823 3618 2343 2687 2513 2257 1214 2320 1822 758 2488 2214 2224 3738 2350 1887 3609 1402 723 3735 1402 723 3735 2350 1887 3609 1604 2335 3642 1642 986 3232 1644 1371 3023 2431 526 3175 2005 1209 1289 1946 2744 1302 2463 798 1306 2434 3 4855 2464 1921 4807 2465 1302 4813 2037 2871 6119 2436 1176 6370 1825 503 6347 2135 333 6143 2439 882 6431 2464 1921 6190 2010 2293 3639 2307 1168 3679 2398 840 3688 2259 2336 4261 2137 1230 4284 2400 1869 4233 2355 352 3694 2351 1846 3767 2442 2370 3708 2442 2370 1524 2353 2108 1516 2401 2667 1501 2220 1084 3672 2351 1846 3767 2260 2757 3678 2401 2667 1501 2263 734 1462 2355 352 1505 2311 1100 5541 2443 1838 5314 2139 1945 5346 2356 2935 2893 2310 384 2884 2466 1051 2857 2354 1625 95 2100 106 170 2313 1812 182 2312 2441 769 1917 2143 672 2467 2084 648 1917 2143 672 1783 1770 585 2467 2084 648 2467 2084 648 1783 1770 585 1782 124 421 1540 2205 3677 2402 1912 3706 2265 2004 3682 2404 1675 1523 2403 1721 1543 2468 2140 1702 2406 1756 4772 2408 2119 4766 2266 187 4768 2450 1465 1993 2448 533 1943 2469 1156 1968 2451 859 6304 2470 167 6353 2471 2513 6303 2451 859 6304 2452 735 6654 2472 2313 6607 2450 1465 710 2472 2313 738 2452 735 708 2271 1391 314 2473 2546 322 2358 99 312 1696 2722 944 2112 724 950 2272 669 913 2151 126 2673 2409 871 2727 1803 966 2626 2151 126 3383 1665 934 3375 1858 1836 3207 2456 2526 7413 2225 1407 7358 2273 1722 7130 2474 2128 6952 2273 1722 6793 1930 1783 6686 2475 1497 7048 2457 2742 6506 2412 2312 6839 2275 1676 5772 1628 553 5762 1223 2457 5626 1810 2087 3047 1178 1864 2655 1179 2079 3009 2476 804 4066 2282 2795 4175 2279 1199 4191 2020 1183 4137 1859 1244 4225 2282 2795 4175 2155 1727 2525 2021 1683 2649 2231 2232 2753 2284 1899 445 2227 1635 477 2285 1665 372 2458 1660 4691 2416 675 4654 2317 535 4765 2165 671 4786 2232 1730 4780 2286 80 4658 2458 1660 4685 2235 2878 4678 2418 2116 4626 2286 80 2945 2233 541 2911 2322 2505 2760 2319 1902 5109 2375 1972 4835 2417 2251 4987 2065 137 2265 2117 550 2016 2319 1902 2262 2420 2405 270 2368 1154 249 2362 1907 403 2418 2116 4634 2372 1332 4132 2287 2650 4339 2369 280 6002 2368 1154 6097 2424 2680 5719 2422 674 4094 2287 2650 4339 2372 1332 4132 2368 1154 249 2420 2405 270 2424 2680 84 1592 969 220 2323 2398 69 2420 2405 270 2322 2505 2760 2423 1293 2683 2459 2485 2540 2424 2680 84 2376 2400 85 2425 2821 121 2460 330 4454 2377 3076 4462 2373 1117 4564 2460 330 4454 2288 722 4384 2377 3076 4462 2288 722 4384 2120 2642 4390 2377 3076 4462 2372 1332 4132 2324 1646 4060 2422 674 4094 2424 2680 84 2323 2398 69 2238 1186 9 2204 2315 4038 2422 674 4094 2324 1646 4060 2334 318 4044 2169 1075 4075 2383 284 4047 2383 284 4047 2169 1075 4075 2380 2843 4058 2380 2843 4058 2169 1075 4075 2378 1318 4079 2379 3009 257 2335 2273 237 2326 2655 252 2240 588 6407 2290 2498 6253 2477 552 6163 2461 276 1919 2337 287 1922 2243 879 1933 2245 2249 6192 2478 848 6256 2338 1488 6249 2244 989 603 2249 2930 740 2132 2168 692 2022 2775 4951 2210 2307 4832 2246 396 4912 2479 1560 6669 2295 2283 7059 2386 357 6946 2292 904 2129 1969 1011 2046 2480 1339 2053 2251 957 5881 2299 1023 5887 2254 913 5867 2251 957 5351 2254 913 5322 2429 877 5202 2391 1610 5168 2251 957 5351 2429 877 5202 2428 2859 3725 2345 1281 3646 2430 650 3666 2481 401 5370 2343 2687 5334 2342 2252 5385 1969 1011 2046 2303 580 2033 2480 1339 2053 2482 1439 4283 1601 400 4321 2300 1052 4423 2343 2687 2513 2483 2003 2443 2257 1214 2320 2303 580 2033 1876 2578 1982 2034 2147 1987 2484 2420 2497 2485 1461 2511 2486 496 2363 2216 2255 258 1643 433 279 1601 400 362 2433 2033 4483 2432 2624 4485 2487 1067 4657 2434 3 4855 2488 2507 4954 2432 2624 4956 2489 1530 5030 2304 2792 5190 2257 1214 5175 2486 496 2363 2490 2210 2279 2491 1745 2276 2258 2527 7222 2004 2576 7258 2492 612 7325 2463 798 1201 2493 2022 1181 2005 1209 1195 2215 1806 5151 2306 1005 5159 2395 161 5051 2438 779 5105 1538 2000 5196 2304 2792 5190 2493 2022 5624 2494 1222 5652 2005 1209 5605 2465 1302 6325 2464 1921 6190 2439 882 6431 1441 2314 680 1191 1572 915 2348 398 914 2216 2255 4178 2441 1159 3744 1681 2031 3924 2217 2401 1932 2396 1069 1931 1362 1078 1866 2217 2401 1932 1725 1290 1875 2188 996 1925 2394 86 4328 1576 2512 3719 2222 2377 3724 2441 1159 65 2308 1057 27 2186 1973 44 2495 338 140 2352 645 77 2354 1625 95 2441 1159 4994 2312 2441 4937 2308 1057 4941 2441 1159 4994 2222 2377 5013 2312 2441 4937 2496 494 5483 2443 1838 5404 2311 1100 5458 1602 2154 5606 1779 2908 5411 2443 1838 5404 2353 2108 1516 2309 144 1511 2401 2667 1501 2497 3060 4208 2400 1869 4233 2137 1230 4284 2218 727 5670 2498 1276 5519 2310 384 5619 2497 3060 6854 2309 144 7371 2400 1869 7021 2498 1276 4266 2356 2935 4364 2466 1051 4288 2498 1276 5519 2466 1051 5572 2310 384 5619 2467 2084 648 2308 1057 844 2312 2441 769 2499 2286 1344 1579 1953 1268 1955 2302 1370 2500 2718 1267 1579 1953 1268 2499 2286 1344 2468 2140 6040 1731 234 5955 2404 1675 6007 2402 1912 3706 1540 2205 3677 1579 1953 3699 2501 1194 6592 2502 2707 6547 2402 1912 6705 2147 736 711 2402 1912 697 2502 2707 815 2468 2140 1702 2403 1721 1543 2503 1678 1705 2357 733 6938 1515 2328 6900 2504 714 7401 2357 733 3042 2504 714 2971 2445 1948 3027 2445 1948 4943 2504 714 5027 2446 1931 4964 2505 140 3109 2506 1317 3135 2408 2119 3074 2446 1931 32 2507 8 10 2444 2207 18 2446 1931 32 2508 3062 34 2507 8 10 2505 140 7735 2509 506 7525 2506 1317 7665 2408 2119 1654 2509 506 1452 2505 140 1519 2108 474 2072 1693 1381 1955 2269 572 1874 1618 157 3622 2409 871 3465 2109 2994 3636 2448 533 795 2447 1001 707 2470 167 818 2450 1465 710 2469 1156 829 2472 2313 738 2447 1001 2208 2451 859 2202 2471 2513 2177 2472 2313 6607 2510 1949 6534 2451 859 6304 2410 2783 562 2194 7 555 2511 2011 525 2512 1874 1972 1559 1166 1901 1704 2741 2025 2410 2783 964 2511 2011 991 2454 759 1004 1807 1821 900 2272 669 913 2513 2058 557 2271 1391 6708 2514 585 7073 2473 2546 6983 2271 1391 3367 1995 976 3310 2514 585 3357 2019 2010 3673 2454 759 3702 2455 3090 3557 1995 976 3310 1892 2579 3188 2515 2919 3198 1892 2579 6913 2456 2526 7213 2515 2919 7394 2512 1874 1972 1996 1809 1800 1559 1166 1901 2359 2300 4320 2475 1497 4412 2412 2312 4331 1930 1783 1129 2315 1751 1067 2516 1717 1070 2274 407 6479 2517 392 6436 2152 791 6425 2315 1751 6185 2153 2172 6149 2518 939 6297 2153 2172 2252 2519 985 2283 2518 939 2303 2519 985 2942 2153 2172 2954 1562 2980 2806 2520 103 2736 1562 2980 2806 1931 122 2728 1526 453 5640 2360 3104 5401 2154 777 5308 2284 1899 445 2285 1665 372 2362 1907 403 2458 1660 4691 2287 2650 4339 2416 675 4654 2285 1665 372 2420 2405 270 2362 1907 403 2286 80 4658 2322 2505 4315 2064 3061 4693 2458 1660 4691 2418 2116 4634 2287 2650 4339 2420 2405 270 2323 2398 69 2424 2680 84 2459 2485 4111 2169 1075 4075 2322 2505 4315 2375 1972 2056 2208 2085 1817 2460 330 1860 2375 1972 4835 2460 330 4454 2373 1117 4564 2459 2485 2540 2425 2821 2625 2376 2400 2572 2459 2485 2540 2376 2400 2572 2378 1318 2447 2459 2485 4111 2378 1318 4079 2169 1075 4075 2460 330 1860 2332 222 1810 2288 722 1819 2325 55 6082 2382 61 6075 2521 1595 5901 2426 846 1115 2478 848 1111 2245 2249 1130 2426 846 1115 2384 1321 1058 2478 848 1111 2339 147 739 2340 1004 682 2522 635 655 2479 1560 6669 2523 435 6739 2295 2283 7059 2295 2283 6749 2523 435 6626 2342 2252 6359 2388 2112 6228 2390 1359 6211 2341 2462 6270 2343 2687 5233 2481 401 5200 2483 2003 5209 1532 1648 3766 2431 526 3598 2254 913 3761 2300 1052 4423 2393 1845 4443 2394 86 4328 2393 1845 4443 2346 858 4436 2394 86 4328 2216 2255 4178 1601 400 4321 2482 1439 4283 2432 2624 4956 2488 2507 4954 2487 1067 5078 2484 2420 2497 2486 496 2363 2524 2976 2360 1906 199 1183 1576 2512 885 2394 86 1187 2034 2147 925 2258 2527 862 2492 612 871 2525 2550 4850 2434 3 4855 2465 1302 4813 2526 3103 2277 2435 1104 2261 2490 2210 2279 2490 2210 2279 2435 1104 2261 2437 1296 2266 2492 612 1869 2004 2576 1854 2527 2563 1856 2463 798 1201 2494 1222 1166 2493 2022 1181 2465 1302 6325 2439 882 6431 2528 1388 6419 2004 2576 1854 2529 623 1844 2527 2563 1856 2005 1209 942 2494 1222 939 2348 398 914 2397 113 3154 2351 1846 3112 2350 1887 3609 2530 2439 3838 2531 1638 3893 2496 494 3748 2397 113 3760 2442 2370 3708 2351 1846 3767 2397 113 3760 2353 2108 3689 2442 2370 3708 2496 494 3748 2311 1100 3701 2398 840 3688 2356 2935 4364 2498 1276 4266 2188 996 4424 2308 1057 844 2498 1276 602 2218 727 781 2500 2718 3808 2402 1912 3706 1579 1953 3699 2468 2140 4130 2503 1678 4099 2532 1729 4115 2147 736 201 2502 2707 223 2533 809 221 2403 1721 599 1580 153 604 2503 1678 675 2147 736 201 2534 484 177 2146 1512 155 2146 1512 155 2534 484 177 1408 2306 102 2408 2119 2282 1330 854 2274 2509 506 2307 2444 2207 3522 2507 8 3542 2535 2438 3691 2506 1317 6471 2509 506 6401 2536 2867 6416 2537 1129 850 1221 801 536 1338 778 612 2447 1001 707 2471 2513 741 2470 167 818 2469 1156 829 2510 1949 814 2472 2313 738 2451 859 6304 2510 1949 6534 2470 167 6353 2194 7 555 2538 378 522 2511 2011 525 2358 99 312 1755 2051 132 2113 67 295 2269 572 1874 1857 2141 1786 2539 2397 1834 2540 272 3349 1853 2308 3303 2270 742 3428 2314 1215 6914 2455 3090 7388 2411 3114 7127 1996 1809 1800 2539 2397 1834 1857 2141 1786 2315 1751 1471 2518 939 1667 2516 1717 1757 2152 791 4179 2517 392 4252 2413 1523 4228 2114 473 3075 2541 836 3002 1809 1865 2694 2325 55 6082 2521 1595 5901 2324 1646 6086 2379 3009 257 2542 1058 176 2335 2273 237 2324 1646 6086 2521 1595 5901 1762 2736 6009 2382 61 6075 2332 226 6091 2521 1595 5901 2132 2168 5994 2249 2930 5847 2332 226 6091 2385 1314 3658 2543 2372 3707 2461 276 3644 2385 1314 3658 2339 147 3726 2543 2372 3707 2338 1488 6249 2544 1087 6381 2386 357 6331 2478 848 1111 2384 1321 1058 2545 96 1050 2461 276 1919 2546 706 1858 2337 287 1922 2337 287 1922 2546 706 1858 2427 1081 1852 2022 2775 4951 2030 426 4748 2210 2307 4832 2384 1321 1058 2291 520 1052 2545 96 1050 2291 520 1052 2292 904 1033 2547 1284 1036 2291 520 1052 2547 1284 1036 2545 96 1050 2179 1860 5066 2030 426 4980 2462 312 5070 2254 913 3761 2431 526 3598 2350 1887 3609 2486 496 2363 2548 1210 2357 2490 2210 2279 2549 1504 1404 2463 798 1306 1946 2744 1302 2034 2147 925 2492 612 871 2550 1344 926 2436 1176 2263 2435 1104 2261 2526 3103 2277 2490 2210 2279 2437 1296 2266 2491 1745 2276 2551 2907 5088 2395 161 5065 1825 503 5044 2004 2576 1854 2183 2142 1804 2529 623 1844 2551 2907 6063 2552 847 6017 2395 161 6156 1479 2598 5825 2438 779 5899 2553 3000 5776 2464 1921 2672 2554 462 2646 2135 333 2697 2135 333 2697 2554 462 2646 2038 771 2687 2184 1760 13 2352 645 77 2555 2886 53 2496 494 3748 2398 840 3688 2556 1725 3890 2496 494 5483 2531 1638 5557 2443 1838 5404 2401 2667 1501 2309 144 1511 2557 1422 1419 2467 2084 648 2498 1276 602 2308 1057 844 2500 2718 3808 2501 1194 3729 2402 1912 3706 2535 2438 3691 1838 1432 3512 2444 2207 3522 2504 714 5027 2508 3062 5012 2446 1931 4964 2507 8 10 2508 3062 34 2558 672 22 2559 2291 36 2558 672 22 2508 3062 34 2560 2868 2930 1330 854 3158 1519 990 3015 2109 2994 3636 2409 871 3465 2270 742 3428 2269 572 1874 2512 1874 1972 2108 474 2072 2561 571 1644 2469 1156 1710 2448 533 1520 2562 2289 1725 2469 1156 1710 2561 571 1644 2563 2735 4530 2510 1949 4498 2469 1156 4535 2564 2321 7220 2511 2011 7057 2538 378 7203 2565 582 6349 2358 99 6209 2473 2546 6320 2194 7 555 1807 1821 900 2513 2058 557 1853 2308 3303 2540 272 3349 1858 1836 3207 2474 2128 1150 1930 1783 1129 2516 1717 1070 2520 103 6690 1931 122 6558 1252 1131 6710 2566 2477 2561 2114 473 2383 2278 2870 2492 2567 2361 2670 1758 38 2662 2568 648 2703 2568 648 3297 1758 38 3376 2276 266 3065 2114 473 3075 2569 290 3044 2541 836 3002 2570 988 3129 2280 2548 2975 2281 2570 2977 1629 2190 5763 1497 618 5471 2415 2148 5501 2281 2570 1339 1667 219 1374 2571 2162 1280 2571 2162 1280 1667 219 1374 2155 1727 1283 2283 3022 2885 1962 1514 2886 2154 777 2982 2477 552 6163 2290 2498 6253 2293 2467 6065 2572 2682 4792 2030 426 4748 2022 2775 4951 2427 1081 1852 2573 3045 1833 2176 1107 1837 2427 1081 1852 2546 706 1858 2573 3045 1833 2547 1284 7192 2574 2889 7101 2545 96 7001 2176 1107 1837 2573 3045 1833 2180 1509 1463 2177 374 3807 2393 1845 3680 2387 1495 3684 2180 1509 1463 2575 2726 1461 2389 2739 1450 2483 2003 5209 2481 401 5200 2576 2752 5060 2577 2533 980 2303 580 957 2578 2499 953 2578 2499 953 2303 580 957 2550 1344 926 2483 2003 5209 2576 2752 5060 2257 1214 5175 2487 1067 5078 2488 2507 4954 2579 542 5068 2484 2420 2497 2524 2976 2360 2580 168 2537 2486 496 2363 2485 1461 2511 2548 1210 2357 2083 399 1415 2549 1504 1404 1946 2744 1302 1644 1371 3023 2349 108 3038 2431 526 3175 2305 2192 5156 2215 1806 5151 2581 1366 4998 2434 3 4855 2525 2550 4850 2488 2507 4954 2490 2210 2279 2548 1210 2357 2526 3103 2277 2524 2976 2360 2486 496 2363 2491 1745 2276 2436 1176 6370 2582 1181 6637 1825 503 6347 2437 1296 2266 2583 2584 2251 2491 1745 2276 2037 2871 1973 2583 2584 1978 2437 1296 1998 1825 503 4366 2552 847 4268 2551 2907 4314 2222 2377 3724 2216 2255 4178 2394 86 4328 2216 2255 4178 2222 2377 3724 2441 1159 3744 2530 2439 3838 2496 494 3748 2556 1725 3890 2495 338 5773 2354 1625 5690 2313 1812 5648 2584 1207 4150 2497 3060 4208 2137 1230 4284 2405 2123 6121 1731 234 5955 2468 2140 6040 2468 2140 4130 2532 1729 4115 2585 180 4118 2532 1729 1713 2503 1678 1700 2586 888 1545 2533 809 221 2534 484 177 2147 736 201 2587 1413 96 1515 2328 33 1408 2306 102 2148 2117 2291 2266 187 2205 2408 2119 2154 2408 2119 3074 2506 1317 3135 2536 2867 3177 2588 554 6310 2536 2867 6416 2509 506 6401 2588 554 6310 2509 506 6401 2589 1597 6344 1838 1432 1290 2537 1129 1102 1338 778 1172 2108 474 2072 2512 1874 1972 1745 1981 2117 1845 205 1105 2224 1703 1127 2268 2157 1273 1745 1981 2117 2512 1874 1972 1704 2741 2025 2515 2919 3198 2590 1347 3187 1995 976 3310 2540 272 3349 2151 126 3383 1858 1836 3207 2591 2270 7369 2411 3114 7127 2455 3090 7388 2591 2270 7139 2359 2300 6755 2411 3114 6847 2592 922 7285 2273 1722 6793 2474 2128 6952 1178 1864 2655 1810 2087 3047 2276 266 2845 2569 290 2358 2593 1033 2336 2541 836 2314 2569 290 2358 2114 473 2383 2593 1033 2336 2282 2795 4175 2476 804 4066 2594 2290 4077 2379 3009 257 2202 1611 238 2542 1058 176 2542 1058 176 2022 2775 211 2335 2273 237 2332 226 6091 2249 2930 5847 2521 1595 5901 2544 1087 6381 2338 1488 6249 2595 1656 6356 2595 1656 6356 2338 1488 6249 2478 848 6256 2596 367 1440 2177 374 1310 2294 1976 1377 2292 904 1033 2480 1339 975 2547 1284 1036 2180 1509 1463 2573 3045 1833 2575 2726 1461 2177 374 3807 2430 650 3666 2393 1845 3680 2177 374 3807 2428 2859 3725 2430 650 3666 2547 1284 1036 2480 1339 975 2577 2533 980 2577 2533 980 2480 1339 975 2303 580 957 2389 2739 1450 2575 2726 1461 2083 399 1415 2597 497 2356 2485 1461 2424 2484 2420 2343 2597 497 2356 2484 2420 2343 2580 168 2325 2303 580 957 2034 2147 925 2550 1344 926 2390 1359 5181 2347 1802 5152 2598 2931 5009 2433 2033 6800 2487 1067 7419 2599 419 7334 2215 1806 5151 2395 161 5051 2600 2130 5002 2525 2550 4850 2465 1302 4813 2528 1388 4811 2601 770 1184 2494 1222 1166 2463 798 1201 2602 1735 2501 2439 882 2449 1479 2598 2375 2464 1921 4807 2434 3 4855 2603 762 4828 2529 623 5957 2183 2142 5860 2604 2492 5909 2605 1484 6158 2348 398 6125 2494 1222 6236 2552 847 6415 1825 503 6272 2582 1181 6728 2606 2353 2640 2554 462 2646 2464 1921 2672 2438 779 5899 2607 1083 5781 2553 3000 5776 2397 113 3154 2350 1887 3609 2349 108 3498 2349 108 3038 1361 636 2828 2397 113 2746 2554 462 2646 2307 1168 2629 2038 771 2687 2495 338 140 2608 2298 131 2352 645 77 2398 840 3688 2609 908 3916 2556 1725 3890 2401 2667 1501 2557 1422 1419 1955 2302 1370 2468 2140 4130 2585 180 4118 2405 2123 4141 2501 1194 4043 2610 788 4016 2502 2707 4009 2586 888 1545 2503 1678 1700 2611 253 1472 2503 1678 675 1580 153 604 2611 253 846 2508 3062 5012 2504 714 5027 2559 2291 5054 2559 2291 36 2612 1155 37 2558 672 22 1519 990 1806 1692 2187 1386 2560 2868 1779 1692 2187 1386 2268 2157 1273 2613 920 1367 2448 533 3080 2470 167 3064 2561 571 3130 2470 167 3064 2614 2905 3091 2561 571 3130 2562 2289 4611 2615 1974 4577 2469 1156 4535 2510 1949 6534 2563 2735 6526 2470 167 6353 2269 572 1874 2539 2397 1834 2512 1874 1972 2473 2546 6983 2514 585 7073 2565 582 7102 2454 759 3702 2616 747 3586 2455 3090 3557 2456 2526 7213 2617 2430 7410 2515 2919 7394 2273 1722 6744 2592 922 7159 2456 2526 6927 2591 2270 7139 2475 1497 7097 2359 2300 6755 2274 407 6479 2457 2742 6506 2517 392 6436 2618 2391 541 2516 1717 529 2518 939 505 2619 1328 2813 2519 985 2942 1562 2980 2806 2568 648 2703 2620 1833 2685 2567 2361 2670 1629 2190 5763 2415 2148 5501 2414 1774 5713 2282 2795 4175 2621 315 4127 2020 1183 4137 2240 588 213 2477 552 138 2202 1611 238 1762 2736 1594 2596 367 1440 2294 1976 1377 2622 1114 3683 2461 276 3644 2543 2372 3707 2595 1656 4023 2478 848 4022 2574 2889 3797 2622 1114 3683 2546 706 3569 2461 276 3644 2478 848 6695 2545 96 7001 2574 2889 7101 2623 349 3907 2573 3045 3787 2546 706 3773 2624 2747 6497 2523 435 6739 2479 1560 6669 2624 2747 5506 2625 1171 5384 2523 435 5497 2462 312 5070 2251 957 5351 2391 1610 5168 2340 1004 7295 2341 2462 7022 2626 947 6769 2625 1171 5384 2481 401 5370 2342 2252 5385 2577 2533 2045 2578 2499 2013 2627 2149 2019 2628 681 2347 2487 1067 2354 2579 542 2437 2578 2499 2013 2550 1344 1983 2627 2149 2019 2628 681 2347 2599 419 2330 2487 1067 2354 2575 2726 1461 2549 1504 1404 2083 399 1415 2300 1052 4423 2394 86 4328 2482 1439 4283 2629 739 5039 2489 1530 5030 2257 1214 5175 2347 1802 5152 2305 2192 5156 2581 1366 4998 2550 1344 1983 2492 612 1869 2630 1749 1980 2549 1504 1333 2631 1190 1329 2463 798 1201 2433 2033 4948 2603 762 4828 2434 3 4855 2463 798 1201 2631 1190 1329 2601 770 1184 2528 1388 6419 2439 882 6431 2602 1735 6673 2601 770 1914 2605 1484 1880 2494 1222 1911 2529 623 1844 2604 2492 1830 2527 2563 1856 2603 762 4828 2606 2353 4777 2464 1921 4807 2395 161 6156 2632 2080 6046 2600 2130 6122 2632 2080 6046 2395 161 6156 2552 847 6017 2583 2584 1978 2037 2871 1973 2440 1021 1942 1441 2314 5862 2348 398 6125 2633 652 6005 2531 1638 3893 2530 2439 3838 2556 1725 3890 2188 996 4424 2498 1276 4266 2634 1358 4238 2557 1422 1419 2309 144 1511 2497 3060 1418 2557 1422 1419 2499 2286 1344 1955 2302 1370 2467 2084 648 1782 124 421 2635 142 537 2635 142 537 1782 124 421 2405 2123 422 2636 685 240 2637 810 229 2502 2707 223 2502 2707 7122 2637 810 7447 2533 809 7405 2638 11 3270 2586 888 3326 2611 253 3280 2534 484 177 2587 1413 96 1408 2306 102 2408 2119 3074 2536 2867 3177 2639 1304 3313 2639 1304 3313 2536 2867 3177 2588 554 3250 2558 672 3550 2535 2438 3691 2507 8 3542 2559 2291 5054 2504 714 5027 2612 1155 5117 2509 506 2307 2640 254 2386 2589 1597 2323 1330 854 2274 2640 254 2386 2509 506 2307 2558 672 22 2612 1155 37 2641 295 26 2642 340 737 1221 801 536 2537 1129 850 2563 2735 4530 2469 1156 4535 2615 1974 4577 2643 1885 7043 2644 2758 6969 2538 378 6822 2194 7 555 2643 1885 481 2538 378 522 2644 2758 7332 2564 2321 7220 2538 378 7203 2645 1352 6456 2358 99 6209 2565 582 6349 2454 759 1004 2511 2011 991 2564 2321 1001 2409 871 3465 2151 126 3383 2540 272 3349 2512 1874 1972 2539 2397 1834 1996 1809 1800 2617 2430 7162 2456 2526 6927 2592 922 7159 2646 701 5938 1666 1446 5819 2647 136 5944 2275 1676 5772 2647 136 5885 1628 553 5762 2647 136 5944 1666 1446 5819 1628 553 5810 2648 1338 1279 2281 2570 1339 2571 2162 1280 1762 2736 6009 2521 1595 5901 2596 367 5848 2521 1595 4108 2249 2930 4186 2649 76 4174 2650 1718 3839 2543 2372 3707 2339 147 3726 2651 748 3991 2623 349 3941 2546 706 3813 2572 2682 4792 2462 312 4664 2030 426 4748 2652 323 3944 2573 3045 3787 2623 349 3907 2653 2869 2125 2547 1284 2114 2577 2533 2045 2249 2930 802 1678 537 582 2428 2859 530 2654 2530 2351 2340 1004 2305 2626 947 2432 2626 947 3997 2341 2462 3779 2390 1359 3803 2655 2944 5043 2390 1359 5181 2598 2931 5009 2629 739 5039 2257 1214 5175 2576 2752 5060 2482 1439 4283 2394 86 4328 2216 2255 4178 2215 1806 5151 2600 2130 5002 2581 1366 4998 2656 628 4509 2525 2550 4583 2528 1388 4534 2489 1530 5030 2438 779 5105 2304 2792 5190 2657 2144 5986 1479 2598 5854 2553 3000 5921 2604 2492 5909 2183 2142 5860 2658 2410 5754 2183 2142 5860 1602 2154 5606 2658 2410 5754 2184 1760 1839 2555 2886 1793 2659 182 1935 2660 1133 115 2352 645 77 2608 2298 131 2609 908 3916 2398 840 3688 2307 1168 3679 2497 3060 1418 2499 2286 1344 2557 1422 1419 2584 1207 4150 2499 2286 4134 2497 3060 4208 2635 142 537 2498 1276 602 2467 2084 648 1580 153 2489 1884 2494 2372 2661 2809 2361 2661 2809 2361 1884 2494 2372 2148 2117 2291 1884 2494 2372 1543 2544 2299 2148 2117 2291 2612 1155 37 2662 2274 43 2641 295 26 2589 1597 6344 2663 1662 6237 2588 554 6310 2664 1750 6246 2588 554 6310 2663 1662 6237 2642 340 737 2223 1195 570 1221 801 536 2470 167 6353 2563 2735 6526 2614 2905 6363 2270 742 3428 2409 871 3465 2540 272 3349 2665 1132 1035 2454 759 1004 2564 2321 1001 2514 585 3357 1995 976 3310 2590 1347 3187 2517 392 4252 2666 3025 4302 2413 1523 4228 2667 355 3228 1708 1121 3107 1251 3122 3237 1252 1131 3921 1666 1446 4018 2646 701 3929 1758 38 2662 2567 2361 2670 2668 270 2663 2276 266 2845 2669 43 2815 2568 648 2703 2114 473 2383 2670 22 2381 2593 1033 2336 2594 2290 6576 2621 315 6355 2282 2795 6208 2648 1338 1279 2571 2162 1280 2671 955 1245 2621 315 1823 2672 3089 1832 2020 1183 1792 2415 2148 5307 2361 872 5063 2673 1285 5238 2674 1627 2743 2231 2232 2753 2283 3022 2885 2202 1611 238 2477 552 138 2542 1058 176 2622 1114 3683 2651 748 3616 2546 706 3569 2574 2889 7101 2547 1284 7192 2653 2869 7255 2652 323 1473 2675 2751 1397 2573 3045 1465 2675 2751 1397 2575 2726 1375 2573 3045 1465 2579 542 2437 2676 2081 2477 2628 681 2347 2577 2533 2045 2627 2149 2019 2677 174 2050 2575 2726 1375 2631 1190 1329 2549 1504 1333 2580 168 2162 2524 2976 2079 2678 2159 2179 2350 1887 3609 2431 526 3598 2349 108 3498 2492 612 1869 2527 2563 1856 2630 1749 1980 2438 779 5105 2679 753 5029 2680 2279 5015 1479 2598 2375 2657 2144 2352 2602 1735 2501 2438 779 5899 2680 2279 5849 2607 1083 5781 2605 1484 6158 2633 652 6005 2348 398 6125 2604 2492 5909 2658 2410 5754 2681 2866 5876 2553 3000 2359 2682 1315 2319 2657 2144 2352 2495 338 5773 2313 1812 5648 2633 652 6005 2660 1133 115 2555 2886 53 2352 645 77 2498 1276 4266 2635 142 4224 2634 1358 4238 2501 1194 4043 2500 2718 4051 2610 788 4016 2636 685 240 2683 1956 254 2637 810 229 2586 888 2495 2638 11 2431 2684 565 2371 2683 1956 254 2685 2691 195 2637 810 229 2638 11 2431 2686 914 2379 2684 565 2371 2638 11 7449 2611 253 7380 2686 914 7121 2611 253 2490 1580 153 2489 2661 2809 2361 2148 2117 2291 2408 2119 2154 2639 1304 2148 2504 714 5027 2687 1442 5180 2612 1155 5117 2687 1442 5180 2662 2274 5160 2612 1155 5117 2641 295 3578 2535 2438 3691 2558 672 3550 2662 2274 43 2688 2658 40 2641 295 26 1838 1432 1290 2535 2438 1205 2537 1129 1102 2643 1885 7393 2665 1132 7455 2644 2758 7332 2194 7 555 2513 2058 557 2643 1885 481 2644 2758 7332 2665 1132 7455 2564 2321 7220 2565 582 6349 2689 2443 6548 2645 1352 6456 2358 99 312 2453 1621 111 1755 2051 132 2565 582 7102 2514 585 7073 2689 2443 7433 2515 2919 7256 2617 2430 7162 2592 922 7159 2455 3090 7238 2475 1497 7097 2591 2270 7139 2457 2742 6574 2475 1497 7176 2690 656 6572 2691 1364 601 2692 2638 592 2693 1699 574 2694 2605 575 2693 1699 574 2692 2638 592 2694 2605 575 2618 2391 541 2693 1699 574 2457 2742 4273 2695 662 4240 2517 392 4250 2618 2391 3408 2518 939 3386 2693 1699 3474 2519 985 2283 2696 517 2355 2518 939 2303 2413 1523 3411 2667 355 3228 1251 3122 3237 1252 1131 6104 2697 1901 6294 2520 103 6116 2541 836 2314 2593 1033 2336 2698 1431 2190 2277 2636 4187 2699 1173 4064 2279 1199 4191 2700 2368 6775 2570 988 6702 2281 2570 6273 2701 288 4973 2167 1589 4913 2020 1183 4663 2542 1058 176 2572 2682 142 2022 2775 211 2477 552 6163 2293 2467 6065 2251 957 5881 2544 1087 6381 2702 388 6609 2479 1560 6533 2544 1087 6381 2479 1560 6533 2386 357 6331 2522 635 3855 2650 1718 3839 2339 147 3726 2249 2930 5847 2428 2859 5600 2649 76 5842 2522 635 655 2340 1004 682 2654 2530 593 2523 435 5497 2625 1171 5384 2342 2252 5385 2575 2726 1375 2675 2751 1397 2703 756 1366 2597 497 2356 2704 1110 2476 2485 1461 2424 2580 168 2325 2705 2093 2341 2597 497 2356 2550 1344 1983 2630 1749 1980 2627 2149 2019 2347 1802 5152 2581 1366 4998 2598 2931 5009 2438 779 5105 2489 1530 5030 2679 753 5029 2601 770 1914 2706 1250 1831 2605 1484 1880 2604 2492 6754 2707 1575 7190 2527 2563 6638 2604 2492 6754 2681 2866 6931 2707 1575 7190 2553 3000 5776 2607 1083 5781 2682 1315 5702 2552 847 6017 2708 1126 5927 2632 2080 6046 2552 847 6415 2582 1181 6728 2708 1126 6454 1441 2314 5862 2633 652 6005 2313 1812 5648 2217 2401 4311 2188 996 4505 2709 2396 4309 2556 1725 2212 2682 1315 2319 2531 1638 2210 2188 996 4505 2634 1358 4521 2710 2432 4396 2584 1207 4150 2610 788 4016 2499 2286 4134 2499 2286 4134 2610 788 4016 2500 2718 4051 2635 142 4224 2585 180 4118 2634 1358 4238 2635 142 4224 2405 2123 4141 2585 180 4118 2610 788 3715 2711 292 3601 2502 2707 3705 2586 888 2495 2684 565 2371 2712 2841 2331 2533 809 221 2637 810 229 2534 484 177 2637 810 229 2685 2691 195 2534 484 177 1515 2328 33 2587 1413 96 2504 714 38 2664 1750 3291 2639 1304 3313 2588 554 3250 2662 2274 5160 2687 1442 5180 2688 2658 5178 2664 1750 239 2663 1662 231 2639 1304 267 2589 1597 2323 2640 254 2386 2663 1662 2345 2688 2658 40 2713 45 24 2641 295 26 2640 254 2386 2714 39 2374 2663 1662 2345 2560 2868 1779 1692 2187 1386 2613 920 1367 2715 105 917 2562 2289 872 2561 571 863 2562 2289 4611 2716 3088 4763 2615 1974 4577 2643 1885 6207 2614 2905 6363 2717 2369 6263 2563 2735 6526 2689 2443 6682 2614 2905 6363 2718 1837 6678 2645 1352 6763 2689 2443 6682 2719 3003 316 2453 1621 111 2358 99 312 2454 759 3243 2665 1132 3133 2616 747 3234 2592 922 3132 2474 2128 3103 2720 2456 3081 2691 1364 601 2721 820 641 2692 2638 592 2692 2638 7328 2722 2610 7193 2694 2605 7244 2694 2605 575 2516 1717 529 2618 2391 541 2723 2053 4262 2695 662 4240 2457 2742 4273 2620 1833 2685 2668 270 2663 2567 2361 2670 2648 1338 1279 2671 955 1245 2724 865 1252 2648 1338 6448 2700 2368 6775 2281 2570 6273 2621 315 6853 2725 1160 6958 2672 3089 6991 2231 2232 2753 2674 1627 2743 2155 1727 2525 2544 1087 6381 2595 1656 6356 2702 388 6609 2649 76 5842 2428 2859 5600 2177 374 5601 2572 2682 142 2251 957 11 2462 312 12 2597 497 2356 2705 2093 2341 2704 1110 2476 2485 1461 6688 2704 1110 6743 2548 1210 6413 2575 2726 1375 2703 756 1366 2631 1190 1329 2488 2507 4709 2525 2550 4583 2726 1384 4677 2491 1745 1996 2727 2547 1997 2524 2976 2079 2605 1484 1880 2706 1250 1831 2728 1834 1835 2681 2866 5876 2658 2410 5754 2729 1842 5843 2708 1126 5927 2495 338 5773 2633 652 6005 1602 2154 5606 2443 1838 5404 2658 2410 5754 2607 1083 5781 2443 1838 5404 2682 1315 5702 2682 1315 5702 2443 1838 5404 2531 1638 5557 2708 1126 7269 2660 1133 6610 2495 338 6823 2495 338 6823 2660 1133 6610 2608 2298 6681 2217 2401 4311 2709 2396 4309 2396 1069 4205 2730 1029 317 2731 2641 275 2636 685 240 2636 685 240 2731 2641 275 2683 1956 254 2712 2841 6655 2684 565 6867 2732 2114 6865 2683 1956 2898 2733 2716 2887 2685 2691 2821 2686 914 1021 2732 2114 1056 2684 565 1068 2611 253 2490 2661 2809 2361 2686 914 2391 2686 914 2391 2661 2809 2361 2734 1713 2377 2734 1713 2377 2661 2809 2361 2735 1608 2328 2685 2691 195 2736 2767 189 2737 1604 160 2587 1413 96 2687 1442 50 2504 714 38 2663 1662 6722 2738 2086 7134 2639 1304 6829 2663 1662 7053 2714 39 6875 2738 2086 7215 2739 274 29 2713 45 24 2688 2658 40 2715 105 3324 2561 571 3130 2740 177 3355 2740 177 3355 2561 571 3130 2614 2905 3091 2268 2157 2678 2224 1703 2569 2453 1621 2560 2615 1974 2592 2718 1837 2567 2563 2735 2573 2643 1885 6207 2717 2369 6263 2665 1132 6255 2719 3003 316 2358 99 312 2645 1352 338 2514 585 3357 2590 1347 3187 2689 2443 3391 2455 3090 3557 2741 3023 3489 2475 1497 3518 2692 2638 592 2721 820 641 2742 3034 620 2742 3034 620 2722 2610 577 2692 2638 592 2743 1149 5034 2744 670 5046 2745 1271 5058 2745 1271 7614 2744 670 7613 2746 1843 7561 2743 1149 6111 2746 1843 6100 2744 670 6123 2722 2610 7193 2516 1717 6709 2694 2605 7244 2691 1364 835 2693 1699 780 2747 2133 725 2517 392 4252 2695 662 4356 2666 3025 4302 2518 939 2303 2696 517 2355 2693 1699 2450 2748 127 6161 2749 316 6164 2647 136 5944 2749 316 6164 2646 701 5938 2647 136 5944 2520 103 2736 2619 1328 2813 1562 2980 2806 2275 1676 5772 2750 1282 5919 2647 136 5885 1708 1121 4057 2750 1282 4106 2275 1676 4008 2669 43 2815 2620 1833 2685 2568 648 2703 2541 836 2314 2698 1431 2190 1809 1865 1989 2698 1431 2190 2593 1033 2336 2751 329 2188 2670 22 2381 2752 551 2366 2593 1033 2336 2278 2870 2974 2280 2548 2975 2753 1403 3136 2621 315 6355 2754 322 6513 2725 1160 6405 2724 865 6529 2700 2368 6775 2648 1338 6448 2621 315 6355 2755 264 6650 2754 322 6513 2155 1727 4645 2671 955 4729 2571 2162 4660 2651 748 4399 2756 1900 4387 2623 349 4380 2623 349 3907 2756 1900 3950 2652 323 3944 2577 2533 2045 2677 174 2050 2653 2869 2125 2390 1359 5181 2655 2944 5043 2626 947 5067 2705 2093 2193 2580 168 2162 2678 2159 2179 2599 419 2659 2757 1213 2611 2433 2033 2654 2758 1992 6461 2759 3117 6133 2548 1210 6413 2548 1210 6413 2759 3117 6133 2526 3103 6182 2525 2550 4583 2656 628 4509 2726 1384 4677 2600 2130 4074 2706 1250 4015 2581 1366 4172 2680 2279 439 2679 753 478 2707 1575 424 2728 1834 1835 2706 1250 1831 2600 2130 1796 2680 2279 7377 2707 1575 7190 2729 1842 7260 2583 2584 1978 2440 1021 1942 2760 597 1974 2729 1842 7260 2707 1575 7190 2681 2866 6931 2600 2130 6122 2632 2080 6046 2728 1834 6083 2729 1842 5843 2607 1083 5781 2680 2279 5849 2632 2080 6046 2708 1126 5927 2633 652 6005 2443 1838 5404 2607 1083 5781 2658 2410 5754 2396 1069 4205 2761 331 4212 2137 1230 4095 2137 1230 4095 2761 331 4212 2584 1207 4090 2709 2396 4309 2188 996 4505 2710 2432 4396 2730 1029 317 2712 2841 328 2762 1601 315 2712 2841 3424 2763 2402 3366 2586 888 3307 2731 2641 6232 2733 2716 6147 2683 1956 6134 2712 2841 6655 2732 2114 6865 2762 1601 6442 2764 751 2831 2736 2767 2794 2685 2691 2821 2686 914 1021 2734 1713 1016 2765 2519 1022 2685 2691 195 2737 1604 160 2534 484 177 2734 1713 1016 2735 1608 994 2766 578 1008 2735 1608 994 2767 2887 972 2766 578 1008 2661 2809 2361 2768 2626 2245 2735 1608 2328 2534 484 177 2737 1604 160 2769 296 127 2769 296 127 2737 1604 160 2736 2767 189 2148 2117 2291 2639 1304 2148 2768 2626 2245 2770 2818 78 2771 744 74 2688 2658 40 2771 744 74 2739 274 29 2688 2658 40 2738 2086 7215 2714 39 6875 2772 133 6813 2713 45 3620 2535 2438 3691 2641 295 3578 2714 39 2374 2640 254 2386 2773 335 2493 2774 2676 6692 2772 133 6813 2714 39 6875 2714 39 2374 2773 335 2493 2774 2676 2421 1330 854 3158 2560 2868 2930 2640 254 3061 2713 45 3620 2739 274 3638 2775 1651 3640 2715 105 917 2776 1498 982 2562 2289 872 2776 1498 4926 2716 3088 4763 2562 2289 4611 2513 2058 557 2614 2905 415 2643 1885 481 2718 1837 345 2719 3003 316 2645 1352 338 2614 2905 6363 2689 2443 6682 2717 2369 6263 2718 1837 6678 2689 2443 6682 2563 2735 6526 2777 2413 3189 2778 1867 3216 2779 2826 3166 2780 1090 5136 2743 1149 5034 2745 1271 5058 2780 1090 4303 2745 1271 4255 2723 2053 4262 2690 656 7281 2723 2053 7311 2457 2742 6783 2723 2053 4262 2745 1271 4255 2695 662 4240 2743 1149 6111 2781 837 6060 2746 1843 6100 2746 1843 5567 2781 837 5530 2745 1271 5583 2747 2133 725 2693 1699 780 2782 2078 718 2749 316 6164 2748 127 6161 2781 837 6196 2519 985 2942 2619 1328 2813 2696 517 2934 2666 3025 4236 2667 355 4128 2413 1523 4248 2783 2483 6014 2647 136 5885 2750 1282 5919 2749 316 4041 2697 1901 3858 2646 701 3929 2750 1282 4106 1708 1121 4057 2667 355 4128 1758 38 2662 2784 1830 2636 2277 2636 2616 2669 43 2815 2785 2451 2817 2620 1833 2685 2786 591 5766 2414 1774 5713 2415 2148 5501 2594 2290 6576 2787 2609 6619 2621 315 6355 2725 1160 6958 2754 322 7171 2672 3089 6991 2477 552 138 2251 957 11 2572 2682 142 2521 1595 5901 2177 374 5601 2596 367 5848 2521 1595 5901 2649 76 5842 2177 374 5601 2622 1114 4543 2788 273 4378 2651 748 4399 2789 3031 3206 2595 1656 3208 2790 1612 3079 2625 1171 5101 2576 2752 5060 2481 401 5200 2628 681 2639 2757 1213 2611 2599 419 2659 2757 1213 2611 2791 2316 2579 2433 2033 2654 2526 3103 6182 2759 3117 6133 2436 1176 6140 2792 2324 2568 2603 762 2644 2433 2033 2654 2528 1388 4534 2602 1735 4414 2793 2171 4473 2707 1575 424 2679 753 478 2489 1530 643 2601 770 4007 2794 1815 4156 2706 1250 4015 2630 1749 676 2527 2563 470 2707 1575 424 2603 762 2644 2792 2324 2568 2606 2353 2640 2606 2353 2640 2795 2756 2583 2554 462 2646 2728 1834 6083 2632 2080 6046 2633 652 6005 2728 1834 6083 2633 652 6005 2605 1484 6158 2729 1842 5843 2658 2410 5754 2607 1083 5781 2682 1315 2319 2556 1725 2212 2609 908 2244 2636 685 3632 2502 2707 3705 2711 292 3601 2712 2841 3424 2730 1029 3475 2763 2402 3366 2762 1601 315 2731 2641 275 2730 1029 317 2762 1601 6442 2732 2114 6865 2796 235 6445 2733 2716 2887 2764 751 2831 2685 2691 2821 2732 2114 1056 2686 914 1021 2765 2519 1022 2661 2809 2361 2148 2117 2291 2768 2626 2245 2768 2626 2245 2767 2887 2293 2735 1608 2328 2587 1413 96 2770 2818 78 2687 1442 50 2770 2818 78 2688 2658 40 2687 1442 50 2738 2086 931 2772 133 901 2797 148 935 2713 45 3620 2775 1651 3640 2535 2438 3691 2772 133 6813 2774 2676 6692 2798 829 6670 2642 340 973 2272 669 868 2223 1195 928 2112 724 853 2223 1195 928 2272 669 868 2615 1974 2592 2719 3003 2578 2718 1837 2567 2689 2443 6682 2665 1132 6255 2717 2369 6263 2777 2413 6926 2799 2541 7119 2778 1867 6881 2515 2919 3198 2720 2456 3081 2590 1347 3187 2515 2919 3198 2592 922 3132 2720 2456 3081 2777 2413 7017 2779 2826 6894 2799 2541 7014 2778 1867 3218 2800 1685 3148 2779 2826 3183 2455 3090 3557 2616 747 3586 2741 3023 3489 2779 2826 6894 2800 1685 6824 2799 2541 7014 2721 820 7479 2801 2160 7693 2742 3034 7574 2721 820 4549 2691 1364 4515 2801 2160 4592 2474 2128 7270 2516 1717 6815 2722 2610 6615 2723 2053 4262 2690 656 4270 2780 1090 4303 2691 1364 6698 2747 2133 6774 2801 2160 6633 2743 1149 6259 2747 2133 6265 2781 837 6196 2747 2133 6265 2782 2078 6200 2781 837 6196 2781 837 4230 2695 662 4240 2745 1271 4255 2782 2078 718 2693 1699 780 2802 1873 667 2693 1699 2450 2696 517 2355 2802 1873 2538 2749 316 6164 2781 837 6196 2782 2078 6200 2782 2078 4037 2802 1873 3940 2749 316 4041 2781 837 6001 2748 127 5961 2783 2483 6014 2697 1901 3858 1252 1131 3921 2646 701 3929 2619 1328 6324 2520 103 6116 2697 1901 6294 2276 266 2845 2803 508 3040 2804 471 2851 2276 266 2845 1810 2087 3047 2803 508 3040 2698 1431 2190 2805 855 2137 1809 1865 1989 2360 3104 1939 1809 1865 1989 2806 1526 1966 2414 1774 5713 2786 591 5766 1810 2087 5793 2542 1058 176 2477 552 138 2572 2682 142 2650 1718 3839 2622 1114 3683 2543 2372 3707 2622 1114 4543 2807 2845 4506 2788 273 4378 2595 1656 3208 2574 2889 3068 2790 1612 3079 2522 635 655 2654 2530 593 2650 1718 584 2702 388 6496 2624 2747 6497 2479 1560 6669 2808 811 4183 2631 1190 4147 2703 756 4206 2809 477 688 2627 2149 784 2810 3006 639 2548 1210 6413 2704 1110 6743 2758 1992 6461 2524 2976 2079 2811 589 2080 2678 2159 2179 2631 1190 4147 2794 1815 4156 2601 770 4007 2582 1181 6637 2436 1176 6370 2759 3117 6566 2706 1250 4015 2794 1815 4156 2581 1366 4172 2491 1745 1996 2583 2584 1978 2727 2547 1997 2184 1760 1839 2659 182 1935 2440 1021 1942 2554 462 2646 2812 1187 2564 2307 1168 2629 2555 2886 881 2660 1133 860 2659 182 987 2584 1207 4090 2813 2242 4158 2610 788 4069 2586 888 3307 2763 2402 3366 2585 180 3244 2586 888 3307 2585 180 3244 2532 1729 3254 2762 1601 6442 2796 235 6445 2731 2641 6232 2736 2767 2794 2764 751 2831 2814 370 2790 2769 296 2732 2815 1987 2680 2816 3048 2705 2769 296 127 2587 1413 96 2534 484 177 2767 2887 2293 2768 2626 2245 2738 2086 2225 2769 296 127 2816 3048 110 2587 1413 96 2587 1413 96 2816 3048 110 2770 2818 78 2771 744 74 2770 2818 78 2816 3048 110 2774 2676 6692 2817 2733 6640 2798 829 6670 2818 1732 5745 2739 274 5738 2819 110 5710 2820 3043 5703 2819 110 5710 2739 274 5738 2817 2733 6640 2821 1938 6553 2798 829 6670 2616 747 4524 2822 707 4419 2741 3023 4372 2590 1347 797 2720 2456 659 2778 1867 787 2799 2541 7014 2800 1685 6824 2823 2111 6820 2824 1951 4350 2780 1090 4303 2741 3023 4372 2800 1685 6824 2742 3034 6545 2801 2160 6505 2741 3023 3489 2690 656 3449 2475 1497 3518 2741 3023 4372 2780 1090 4303 2690 656 4270 2781 837 4230 2666 3025 4236 2695 662 4240 2781 837 4230 2783 2483 4207 2666 3025 4236 2748 127 5961 2647 136 5885 2783 2483 6014 2802 1873 3940 2697 1901 3858 2749 316 4041 2696 517 6768 2619 1328 6324 2697 1901 6294 2784 1830 2636 2699 1173 2598 2277 2636 2616 2114 473 2383 2825 2996 2439 2670 22 2381 2276 266 2845 2804 471 2851 2669 43 2815 1810 2087 3047 2786 591 3069 2803 508 3040 2280 2548 2975 2570 988 3129 2753 1403 3136 2826 1549 5321 2154 777 5297 2360 3104 5394 2671 955 4729 2155 1727 4645 2674 1627 4911 2701 288 4973 2361 872 5063 2167 1589 4913 2651 748 4399 2788 273 4378 2756 1900 4387 2756 1900 4387 2827 2066 4316 2652 323 4365 2652 323 4365 2827 2066 4316 2675 2751 4231 2628 681 2347 2828 1445 2426 2757 1213 2353 2677 174 2050 2627 2149 2019 2829 1613 2010 2627 2149 784 2809 477 688 2829 1613 730 2808 811 4183 2794 1815 4156 2631 1190 4147 2488 2507 4709 2726 1384 4677 2579 542 4808 2627 2149 784 2630 1749 676 2810 3006 639 2808 811 4183 2598 2931 4189 2581 1366 4172 2629 739 677 2810 3006 639 2489 1530 643 2810 3006 639 2630 1749 676 2707 1575 424 2528 1388 4534 2793 2171 4473 2656 628 4509 2727 2547 1997 2583 2584 1978 2760 597 1974 2795 2756 2583 2812 1187 2564 2554 462 2646 2830 267 974 2660 1133 860 2708 1126 908 2657 2144 2352 2682 1315 2319 2609 908 2244 2584 1207 4090 2761 331 4212 2813 2242 4158 2813 2242 4158 2711 292 4142 2610 788 4069 2730 1029 3475 2636 685 3632 2711 292 3601 2731 2641 6232 2796 235 6445 2733 2716 6147 2733 2716 5718 2796 235 5717 2764 751 5637 2796 235 5717 2732 2114 5699 2765 2519 5631 2734 1713 1016 2766 578 1008 2765 2519 1022 2738 2086 2225 2768 2626 2245 2639 1304 2148 2739 274 3638 2535 2438 3691 2775 1651 3640 2739 274 7473 2818 1732 7597 2535 2438 7745 2820 3043 5703 2831 817 5653 2819 110 5710 2798 829 6670 2821 1938 6553 2832 2387 6487 2833 1030 7357 2834 1272 7323 2831 817 7402 2833 1030 7357 2835 500 7217 2834 1272 7323 2836 2202 6826 2835 500 7141 2837 510 6599 2836 2202 6826 2837 510 6599 2838 1444 6662 2832 2387 6575 2838 1444 6662 2837 510 6599 2836 2202 1092 2838 1444 1085 2839 2265 1077 2834 1272 7323 2835 500 7217 2840 2122 7050 2836 2202 1092 2841 353 1028 2835 500 1093 2836 2202 1092 2839 2265 1077 2841 353 1028 2835 500 3589 2842 2900 3510 2840 2122 3549 2835 500 1093 2841 353 1028 2842 2900 1029 2642 340 973 2513 2058 883 2272 669 868 2615 1974 2592 2843 1839 2747 2719 3003 2578 2778 1867 6881 2844 2834 7277 2590 1347 6785 2616 747 433 2845 3056 550 2822 707 476 2822 707 4419 2824 1951 4350 2741 3023 4372 2846 2701 743 2824 1951 660 2822 707 764 2778 1867 787 2720 2456 659 2800 1685 713 2800 1685 713 2722 2610 577 2742 3034 620 2474 2128 3103 2722 2610 2999 2720 2456 3081 2780 1090 607 2847 1916 559 2743 1149 551 2666 3025 4236 2783 2483 4207 2750 1282 4106 2666 3025 4236 2750 1282 4106 2667 355 4128 2785 2451 2817 2669 43 2815 2804 471 2851 2848 1578 2149 2698 1431 2190 2751 329 2188 2278 2870 2974 2753 1403 3136 2566 2477 3155 2849 1563 1949 2806 1526 1966 2850 1454 1981 2850 1454 1981 2806 1526 1966 1809 1865 1989 2848 1578 2149 2805 855 2137 2698 1431 2190 2786 591 2216 2415 2148 2180 2851 630 2192 2360 3104 5394 2806 1526 5347 2826 1549 5321 2724 865 6529 2852 2100 6788 2700 2368 6775 2787 2609 6619 2755 264 6650 2621 315 6355 2701 288 1946 2020 1183 1792 2672 3089 1832 2673 1285 5238 2361 872 5063 2701 288 4973 2789 3031 6658 2702 388 6609 2595 1656 6356 2789 3031 6408 2624 2747 6497 2702 388 6496 2650 1718 584 2654 2530 593 2807 2845 548 2853 1818 4341 2756 1900 4387 2788 273 4378 2654 2530 4453 2788 273 4378 2807 2845 4506 2624 2747 3179 2789 3031 3206 2790 1612 3079 2827 2066 4316 2756 1900 4387 2853 1818 4341 2854 1414 3050 2574 2889 3068 2653 2869 3032 2654 2530 4453 2626 947 4317 2788 273 4378 2624 2747 3179 2790 1612 3079 2625 1171 3049 2828 1445 2426 2628 681 2347 2676 2081 2477 2855 1046 4213 2703 756 4206 2675 2751 4231 2855 1046 4213 2808 811 4183 2703 756 4206 2655 2944 4286 2598 2931 4189 2855 1046 4213 2489 1530 643 2810 3006 639 2707 1575 424 2792 2324 2568 2795 2756 2583 2606 2353 2640 2760 597 1974 2440 1021 1942 2659 182 1935 2761 331 4212 2396 1069 4205 2709 2396 4309 2710 2432 4396 2634 1358 4521 2585 180 4594 2815 1987 2680 2769 296 2732 2736 2767 2794 2814 370 2790 2815 1987 2680 2736 2767 2794 2815 1987 2680 2771 744 2660 2816 3048 2705 2815 1987 2680 2739 274 2609 2771 744 2660 2739 274 2609 2856 1463 2574 2820 3043 2588 2773 335 2493 2817 2733 2422 2774 2676 2421 2856 1463 2574 2831 817 2530 2820 3043 2588 2837 510 870 2798 829 890 2832 2387 864 2857 911 6960 2819 110 6832 2831 817 7019 2858 1476 4767 2832 2387 4753 2821 1938 4802 2857 911 6960 2831 817 7019 2834 1272 7180 2858 1476 4767 2838 1444 4728 2832 2387 4753 2859 3079 5171 2841 353 5057 2839 2265 5185 2776 1498 982 2715 105 917 2860 1759 971 2613 920 2741 2268 2157 2678 2453 1621 2560 2843 1839 2747 2615 1974 2592 2716 3088 2682 2861 1599 990 2614 2905 889 2513 2058 883 2845 3056 3124 2616 747 3234 2665 1132 3133 2800 1685 713 2720 2456 659 2722 2610 577 2862 1666 6761 2801 2160 6633 2747 2133 6774 2802 1873 6750 2696 517 6768 2697 1901 6294 2114 473 2383 2566 2477 2561 2825 2996 2439 1758 38 2662 2863 1854 2653 2784 1830 2636 1758 38 2662 2668 270 2663 2863 1854 2653 2804 471 1995 2803 508 2169 2864 2660 2015 2865 75 3046 2864 2660 2871 2803 508 3040 1809 1865 1989 2866 1283 2134 2850 1454 1981 1809 1865 1989 2805 855 2137 2866 1283 2134 2803 508 3040 2786 591 3069 2867 2972 3092 2699 1173 4064 2476 804 4066 2279 1199 4191 2849 1563 726 2826 1549 767 2806 1526 837 2786 591 515 2851 630 511 2867 2972 561 2851 630 2192 2415 2148 2180 2868 2552 2158 2724 865 1252 2671 955 1245 2852 2100 1202 2754 322 7171 2869 347 7438 2672 3089 6991 2790 1612 3079 2854 1414 3050 2625 1171 3049 2870 558 5036 2626 947 5067 2655 2944 5043 2579 542 4808 2726 1384 4677 2676 2081 4793 2629 739 2903 2576 2752 3026 2829 1613 2910 2829 1613 3931 2809 477 3930 2629 739 3777 2809 477 688 2810 3006 639 2629 739 677 2808 811 4183 2581 1366 4172 2794 1815 4156 2524 2976 2079 2727 2547 1997 2811 589 2080 2812 1187 5386 2609 908 5113 2307 1168 5086 2765 2519 5631 2766 578 5593 2796 235 5717 2796 235 5717 2814 370 5596 2764 751 5637 2815 1987 2680 2856 1463 2574 2739 274 2609 2773 335 2493 2858 1476 2563 2817 2733 2422 2817 2733 6222 2858 1476 6090 2821 1938 6189 2818 1732 6751 2819 110 6832 2535 2438 6657 2535 2438 6657 2819 110 6832 2857 911 6960 2831 817 7389 2856 1463 7351 2833 1030 7313 2838 1444 4728 2859 3079 4682 2839 2265 4697 2838 1444 4728 2858 1476 4767 2859 3079 4682 2860 1759 3426 2715 105 3324 2740 177 3355 2776 1498 4926 2871 743 4917 2716 3088 4763 2861 1599 990 2740 177 959 2614 2905 889 2843 1839 2747 2453 1621 2560 2719 3003 2578 2845 3056 845 2846 2701 743 2822 707 764 2778 1867 6881 2799 2541 7119 2844 2834 7277 2799 2541 7014 2823 2111 6820 2844 2834 7126 2844 2834 4788 2823 2111 4717 2872 1415 4739 2824 1951 660 2873 2732 590 2780 1090 607 2743 1149 7080 2847 1916 7259 2862 1666 6761 2743 1149 7080 2862 1666 6761 2747 2133 6774 2620 1833 2685 2785 2451 2817 2874 1620 2798 2620 1833 2685 2875 1139 2668 2668 270 2663 2803 508 3040 2867 2972 3092 2865 75 3046 2805 855 2137 2848 1578 2149 2866 1283 2134 2154 777 5297 2826 1549 5321 2876 2319 5265 2754 322 6513 2755 264 6650 2869 347 6765 2283 3022 2885 2154 777 2982 2877 2656 2927 2622 1114 3683 2650 1718 3839 2807 2845 3828 2870 558 5036 2827 2066 5005 2853 1818 5028 2827 2066 4316 2855 1046 4213 2675 2751 4231 2870 558 5036 2655 2944 5043 2827 2066 5005 2705 2093 2341 2878 814 2430 2704 1110 2476 2705 2093 2341 2678 2159 2339 2878 814 2430 2808 811 2522 2855 1046 2520 2598 2931 2405 2433 2033 2654 2791 2316 2579 2792 2324 2568 2708 1126 908 2582 1181 983 2830 267 974 2767 2887 972 2797 148 935 2766 578 1008 2767 2887 972 2738 2086 931 2797 148 935 2798 829 890 2797 148 935 2772 133 901 2833 1030 7313 2856 1463 7351 2879 1828 7013 2833 1030 7313 2879 1828 7013 2835 500 7141 2835 500 7141 2879 1828 7013 2837 510 6599 2880 1077 2215 2848 1578 2149 2751 329 2188 2670 22 2381 2881 2822 2385 2752 551 2366 2867 2972 561 2851 630 511 2882 200 558 2851 630 511 2868 2552 524 2882 200 558 2415 2148 2180 2883 1356 2143 2868 2552 2158 2883 1356 2143 2415 2148 2180 2884 906 2116 2852 2100 1202 2671 955 1245 2885 2453 1164 2672 3089 6093 2869 347 6107 2886 835 6465 2671 955 4729 2674 1627 4911 2887 21 4889 2574 2889 3068 2854 1414 3050 2790 1612 3079 2853 1818 4341 2788 273 4378 2870 558 4332 2626 947 4317 2870 558 4332 2788 273 4378 2854 1414 3050 2653 2869 3032 2888 3018 3025 2854 1414 3050 2888 3018 3025 2625 1171 3049 2625 1171 3049 2888 3018 3025 2576 2752 3026 2677 174 2901 2829 1613 2910 2888 3018 3025 2827 2066 4316 2655 2944 4286 2855 1046 4213 2576 2752 3026 2888 3018 3025 2829 1613 2910 2676 2081 5839 2726 1384 5679 2889 2362 5665 2609 908 2244 2890 2060 2502 2657 2144 2352 2761 331 4212 2709 2396 4309 2813 2242 4158 2710 2432 4396 2813 2242 4158 2709 2396 4309 2585 180 4594 2763 2402 4416 2710 2432 4396 2711 292 3601 2891 228 3469 2730 1029 3475 2730 1029 3475 2891 228 3469 2763 2402 3366 2796 235 5717 2766 578 5593 2892 1027 5574 2892 1027 5574 2814 370 5596 2796 235 5717 2798 829 890 2837 510 870 2797 148 935 2840 2122 7361 2857 911 6960 2834 1272 7180 2840 2122 3549 2842 2900 3510 2893 164 3488 2842 2900 3510 2860 1759 3426 2893 164 3488 2841 353 1028 2776 1498 982 2842 2900 1029 2842 2900 1029 2776 1498 982 2860 1759 971 2844 2834 4788 2872 1415 4739 2846 2701 4769 2800 1685 6824 2894 2458 6519 2823 2111 6820 2824 1951 660 2846 2701 743 2873 2732 590 2800 1685 6824 2801 2160 6505 2894 2458 6519 2780 1090 607 2873 2732 590 2847 1916 559 2801 2160 6505 2862 1666 6427 2894 2458 6519 2866 1283 2134 2895 109 2136 2850 1454 1981 2593 1033 2336 2880 1077 2215 2751 329 2188 2880 1077 2215 2896 819 2152 2848 1578 2149 2825 2996 2439 2881 2822 2385 2670 22 2381 2826 1549 767 2849 1563 726 2876 2319 735 2868 2552 524 2883 1356 526 2882 200 558 2876 2319 5265 2877 2656 5206 2154 777 5297 2876 2319 5265 2897 2670 5217 2877 2656 5206 2877 2656 2927 2674 1627 2743 2283 3022 2885 2653 2869 3032 2677 174 2901 2888 3018 3025 2704 1110 1135 2878 814 1140 2758 1992 1057 2793 2171 4473 2898 2419 4432 2656 628 4509 2793 2171 5525 2602 1735 5452 2899 499 5493 2657 2144 2352 2890 2060 2502 2602 1735 2501 2710 2432 4396 2711 292 4142 2813 2242 4158 2710 2432 4396 2891 228 4254 2711 292 4142 2710 2432 4396 2763 2402 4416 2891 228 4254 2814 370 5596 2892 1027 5574 2815 1987 5369 2766 578 5593 2797 148 5361 2892 1027 5574 2815 1987 5369 2900 233 5264 2856 1463 5188 2856 1463 5188 2900 233 5264 2879 1828 5162 2900 233 5264 2837 510 5167 2879 1828 5162 2859 3079 5171 2901 383 5025 2841 353 5057 2860 1759 3426 2740 177 3355 2902 1341 3435 2861 1599 990 2902 1341 1005 2740 177 959 2665 1132 3133 2689 2443 2967 2903 224 3041 2590 1347 3187 2844 2834 3178 2689 2443 3391 2823 2111 4717 2894 2458 4621 2872 1415 4739 2847 1916 4589 2894 2458 4621 2862 1666 4569 2668 270 2663 2875 1139 2668 2863 1854 2653 2804 471 2851 2904 3026 2843 2785 2451 2817 2700 2368 6775 2905 2927 6915 2570 988 6702 2883 1356 2985 2884 906 3022 2882 200 2987 2884 906 2116 2415 2148 2180 2673 1285 2110 2886 835 1930 2701 288 1946 2672 3089 1832 2878 814 1140 2678 2159 1162 2906 2819 1066 2676 2081 5839 2889 2362 5665 2828 1445 5824 2678 2159 1162 2811 589 1081 2906 2819 1066 2757 1213 5817 2828 1445 5824 2791 2316 5663 2758 1992 1057 2907 647 1007 2759 3117 997 2797 148 5361 2837 510 5167 2900 233 5264 2640 254 3061 2560 2868 2930 2908 1820 2913 2858 1476 2955 2901 383 2855 2859 3079 2932 2893 164 3488 2860 1759 3426 2902 1341 3435 2716 3088 2682 2871 743 2761 2843 1839 2747 2453 1621 2560 2843 1839 2747 2613 920 2741 2665 1132 3133 2903 224 3041 2845 3056 3124 2689 2443 2967 2844 2834 2968 2903 224 3041 2845 3056 6771 2844 2834 7412 2846 2701 6770 2872 1415 4739 2894 2458 4621 2846 2701 4769 2847 1916 4589 2873 2732 4633 2894 2458 4621 2909 2679 2863 2864 2660 2871 2865 75 3046 2864 2660 7194 2904 3026 7448 2804 471 7049 2895 109 2136 2866 1283 2134 2848 1578 2149 2699 1173 4064 2910 2686 4006 2476 804 4066 2566 2477 3155 2753 1403 3136 2911 2480 3242 2905 2927 3209 2753 1403 3136 2570 988 3129 2912 3069 4021 2594 2290 4077 2476 804 4066 2912 3069 6798 2913 375 6779 2594 2290 6576 2913 375 6779 2787 2609 6619 2594 2290 6576 2852 2100 6788 2905 2927 6915 2700 2368 6775 2913 375 6779 2755 264 6650 2787 2609 6619 2913 375 3631 2869 347 3572 2755 264 3610 2884 906 2116 2673 1285 2110 2914 1877 1979 2914 1877 1979 2673 1285 2110 2701 288 1946 2915 2838 4952 2877 2656 5206 2897 2670 5217 2898 2419 4432 2793 2171 4473 2899 499 4413 2890 2060 5402 2812 1187 5386 2795 2756 5463 2812 1187 5386 2890 2060 5402 2609 908 5113 2892 1027 5574 2797 148 5361 2815 1987 5369 2815 1987 5369 2797 148 5361 2900 233 5264 2773 335 3012 2908 1820 2913 2858 1476 2955 2901 383 5025 2776 1498 4926 2841 353 5057 2901 383 5025 2871 743 4917 2776 1498 4926 2903 224 3041 2844 2834 2968 2845 3056 3124 2846 2701 4769 2894 2458 4621 2873 2732 4633 2864 2660 2871 2909 2679 2863 2904 3026 2843 2699 1173 7293 2784 1830 7225 2910 2686 7084 2911 2480 3242 2753 1403 3136 2905 2927 3209 2906 2819 1066 2758 1992 1057 2878 814 1140 2889 2362 5665 2792 2324 5511 2791 2316 5663 2582 1181 983 2759 3117 997 2916 2223 1000 2907 647 1007 2760 597 1006 2916 2223 1000 2727 2547 1017 2760 597 1006 2907 647 1007 2792 2324 5511 2898 2419 5528 2795 2756 5463 2602 1735 5452 2890 2060 5402 2899 499 5493 2659 182 987 2830 267 974 2760 597 1006 2659 182 987 2660 1133 860 2830 267 974 2640 254 3061 2908 1820 2913 2773 335 3012 2535 2438 1205 2917 33 1095 2537 1129 1102 2560 2868 2930 2613 920 2741 2843 1839 2747 2785 2451 2817 2904 3026 2843 2918 1583 2841 2848 1578 2149 2896 819 2152 2895 109 2136 2881 2822 2385 2919 1333 2408 2752 551 2366 2865 75 3046 2867 2972 3092 2920 2846 3053 2566 2477 3155 2911 2480 3242 2825 2996 3217 2910 2686 4006 2912 3069 4021 2476 804 4066 2852 2100 6788 2885 2453 6911 2905 2927 6915 2758 1992 1057 2906 2819 1066 2907 647 1007 2726 1384 5679 2656 628 5556 2898 2419 5528 2907 647 1007 2811 589 1081 2727 2547 1017 2759 3117 997 2907 647 1007 2916 2223 1000 2916 2223 1000 2830 267 974 2582 1181 983 2899 499 5493 2795 2756 5463 2898 2419 5528 2760 597 1006 2830 267 974 2916 2223 1000 2899 499 5493 2890 2060 5402 2795 2756 5463 2560 2868 2930 2843 1839 2747 2908 1820 2913 2840 2122 1113 2893 164 1046 2857 911 1134 2861 1599 990 2642 340 973 2537 1129 1102 2513 2058 883 2642 340 973 2861 1599 990 2825 2996 7297 2919 1333 7167 2881 2822 7280 2884 906 3022 2921 2417 3059 2882 200 2987 2887 21 2370 2885 2453 2246 2671 955 2233 2828 1445 5824 2889 2362 5665 2791 2316 5663 2811 589 1081 2907 647 1007 2906 2819 1066 2889 2362 5665 2898 2419 5528 2792 2324 5511 2535 2438 1205 2857 911 1134 2917 33 1095 2863 1854 7086 2922 2711 7009 2784 1830 7225 2784 1830 7225 2922 2711 7009 2910 2686 7084 2825 2996 7297 2911 2480 7152 2919 1333 7167 2922 2711 7009 2913 375 6494 2910 2686 7084 2911 2480 7152 2905 2927 6542 2919 1333 7167 2910 2686 7084 2913 375 6494 2912 3069 6521 2905 2927 6056 2885 2453 5998 2923 944 6047 2924 3007 4929 2674 1627 4911 2915 2838 4952 2925 1423 1959 2914 1877 1979 2701 288 1946 2924 3007 4929 2887 21 4889 2674 1627 4911 2887 21 2370 2926 684 2387 2885 2453 2246 2925 1423 1959 2701 288 1946 2886 835 1930 2877 2656 5206 2915 2838 4952 2674 1627 4911 2726 1384 5679 2898 2419 5528 2889 2362 5665 2917 33 1095 2857 911 1134 2893 164 1046 2858 1476 2955 2908 1820 2913 2901 383 2855 2893 164 1046 2902 1341 1005 2917 33 1095 2843 1839 2747 2871 743 2761 2901 383 2855 2927 1089 1977 2849 1563 1949 2850 1454 1981 2928 1502 523 2876 2319 735 2849 1563 726 2928 1502 3262 2897 2670 3266 2876 2319 3338 2897 2670 3266 2929 2431 3000 2915 2838 3016 2917 33 1095 2861 1599 990 2537 1129 1102 2902 1341 1005 2861 1599 990 2917 33 1095 2865 75 3046 2920 2846 3053 2909 2679 2863 2620 1833 2685 2874 1620 2798 2875 1139 2668 2875 1139 3918 2922 2711 3830 2863 1854 3863 2922 2711 3830 2930 1971 3868 2913 375 3631 2913 375 3631 2931 732 3627 2869 347 3572 2908 1820 2913 2843 1839 2747 2901 383 2855 2752 551 2366 2880 1077 2215 2593 1033 2336 2849 1563 1949 2927 1089 1977 2932 1180 1950 2896 819 2152 2933 1251 2161 2895 109 2136 2925 1423 7012 2934 2240 7425 2914 1877 6934 2915 2838 2460 2935 2399 2458 2924 3007 2409 2914 1877 6145 2934 2240 6328 2936 2236 6221 2914 1877 3287 2921 2417 3059 2884 906 3022 2897 2670 3266 2937 1062 3199 2929 2431 3000 2785 2451 2817 2918 1583 2841 2874 1620 2798 2904 3026 2843 2909 2679 2863 2918 1583 2841 2880 1077 2215 2933 1251 2161 2896 819 2152 2919 1333 6317 2938 2917 6339 2752 551 6395 2875 1139 3918 2930 1971 3868 2922 2711 3830 2919 1333 6317 2905 2927 6056 2938 2917 6339 2882 200 2987 2921 2417 3059 2939 1336 3024 2887 21 3956 2924 3007 3988 2926 684 3772 2905 2927 6056 2923 944 6047 2938 2917 6339 2930 1971 3868 2931 732 3627 2913 375 3631 2928 1502 3262 2937 1062 3199 2897 2670 3266 2924 3007 2409 2935 2399 2458 2926 684 2387 2885 2453 2246 2940 23 2411 2923 944 2247 2874 1620 1387 2930 1971 1670 2875 1139 1656 2882 200 558 2939 1336 747 2867 2972 561 2914 1877 3287 2936 2236 3308 2921 2417 3059 2849 1563 726 2932 1180 513 2928 1502 523 2925 1423 7061 2886 835 6965 2934 2240 7464 2895 109 2136 2927 1089 1977 2850 1454 1981 2931 732 6118 2941 2596 6515 2869 347 6107 2926 684 2387 2940 23 2411 2885 2453 2246 2869 347 6107 2941 2596 6515 2886 835 6465 2930 1971 1670 2941 2596 1382 2931 732 1586 2938 2917 4474 2923 944 4489 2940 23 4738 2915 2838 1890 2929 2431 1906 2935 2399 1940 2880 1077 4735 2752 551 4494 2938 2917 4474 2867 2972 561 2942 1349 821 2920 2846 794 2886 835 6465 2941 2596 6515 2934 2240 6624 2933 1251 2037 2943 1286 2029 2895 109 2057 2930 1971 1670 2874 1620 1387 2944 483 1392 2909 2679 2863 2945 1425 2833 2918 1583 2841 2880 1077 2215 2943 1286 2164 2933 1251 2161 2918 1583 830 2945 1425 721 2874 1620 731 2926 684 2387 2935 2399 2458 2940 23 2411 2936 2236 3308 2939 1336 3024 2921 2417 3059 2874 1620 1387 2945 1425 1359 2944 483 1392 2938 2917 4474 2940 23 4738 2946 2216 4731 2935 2399 1940 2929 2431 1906 2947 2853 1941 2936 2236 6221 2934 2240 6328 2948 2657 6327 2943 1286 4770 2880 1077 4735 2946 2216 4731 2939 1336 747 2942 1349 821 2867 2972 561 2945 1425 1359 2934 2240 1348 2944 483 1392 2930 1971 1670 2944 483 1392 2941 2596 1382 2946 2216 4731 2935 2399 4787 2943 1286 4770 2935 2399 1940 2947 2853 1941 2943 1286 2029 2937 1062 3199 2947 2853 2981 2929 2431 3000 2895 109 2057 2943 1286 2029 2949 887 2048 2880 1077 4735 2938 2917 4474 2946 2216 4731 2946 2216 4731 2940 23 4738 2935 2399 4787 2934 2240 1348 2941 2596 1382 2944 483 1392 2936 2236 3308 2948 2657 3334 2939 1336 3024 2920 2846 3053 2950 1123 2880 2909 2679 2863 2909 2679 2863 2950 1123 2880 2945 1425 2833 2942 1349 2491 2951 853 2388 2920 2846 2419 2927 1089 2418 2952 2219 2384 2932 1180 2486 2950 1123 6757 2934 2240 6328 2945 1425 6643 2928 1502 3262 2947 2853 2981 2937 1062 3199 2920 2846 3053 2951 853 3030 2950 1123 2880 2895 109 2136 2949 887 2122 2927 1089 1977 2942 1349 2491 2939 1336 2435 2951 853 2388 2932 1180 2486 2952 2219 2384 2928 1502 2442 2934 2240 6328 2950 1123 6757 2948 2657 6327 2927 1089 1977 2949 887 2122 2952 2219 1988 2943 1286 2029 2947 2853 1941 2949 887 2048 2928 1502 2442 2952 2219 2384 2947 2853 2231 2939 1336 2435 2948 2657 2228 2951 853 2388 2950 1123 2239 2951 853 2388 2948 2657 2228 2952 2219 2384 2949 887 2235 2947 2853 2231</p>
        </polylist>
      </mesh>
    </geometry>
  </library_geometries>
  <library_controllers>
    <controller id="Mesh1.0Controller">
      <skin source="#Mesh1.0-lib">
        <bind_shape_matrix>100.000000 -0.000000 0.000000 0.000000 -0.000000 -0.000004 100.000000 0.000000 0.000000 -100.000000 -0.000004 -0.000000 0.000000 0.000000 0.000000 1.000000
</bind_shape_matrix>
        <source id="Mesh1.0Controller-Joints">
          <Name_array id="Mesh1.0Controller-Joints-array" count="34">
 mixamorig_RightLeg mixamorig_RightFoot mixamorig_RightToeBase
mixamorig_Spine1 mixamorig_Spine2 mixamorig_Spine mixamorig_Hips mixamorig_LeftShoulder
mixamorig_RightShoulder mixamorig_RightArm mixamorig_LeftLeg mixamorig_LeftFoot
mixamorig_LeftToeBase mixamorig_LeftArm mixamorig_LeftForeArm mixamorig_LeftHand
mixamorig_LeftHandThumb1 mixamorig_RightForeArm mixamorig_RightHand mixamorig_RightUpLeg
mixamorig_LeftUpLeg mixamorig_Head mixamorig_Neck mixamorig_LeftHandIndex1
mixamorig_RightHandIndex1 mixamorig_LeftHandThumb2 mixamorig_RightHandThumb1
mixamorig_LeftHandIndex2 mixamorig_RightHandThumb2 mixamorig_RightHandIndex2
mixamorig_RightHandIndex3 mixamorig_LeftHandIndex3 mixamorig_LeftHandThumb3
mixamorig_RightHandThumb3</Name_array>
          <technique_common>
            <accessor source="#Mesh1.0Controller-Joints-array" count="34">
              <param type="name"/>
            </accessor>
          </technique_common>
        </source>
        <source id="Mesh1.0Controller-Matrices">
          <float_array id="Mesh1.0Controller-Matrices-array" count="544">

-0.994680 0.102779 -0.006887 -20.302098 -0.100781 -0.984815 -0.141357 -35.976504 -0.021311 -0.139911 0.989935 -6.837314 0.000000 0.000000 0.000000 1.000000
-0.910175 0.148639 -0.386637 -16.117853 -0.368143 -0.718129 0.590561 -62.664135 -0.189875 0.679851 0.708343 49.813651 0.000000 0.000000 0.000000 1.000000
-0.853238 0.008584 -0.521452 -25.825741 -0.521446 0.003097 0.853279 -27.992661 0.008940 0.999958 0.001833 94.725540 0.000000 0.000000 0.000000 1.000000
1.000000 -0.000000 0.000000 0.100903 -0.000000 0.994024 -0.109165 -41.284040 -0.000000 0.109165 0.994024 0.187287 0.000000 0.000000 0.000000 1.000000
1.000000 -0.000000 0.000000 0.100903 -0.000000 0.994024 -0.109165 -55.645412 -0.000000 0.109165 0.994024 0.187287 0.000000 0.000000 0.000000 1.000000
1.000000 -0.000000 0.000000 0.100903 -0.000000 0.994024 -0.109165 -28.717852 -0.000000 0.109165 0.994024 0.187286 0.000000 0.000000 0.000000 1.000000
1.000000 0.000000 0.000000 0.100903 -0.000000 1.000000 0.000000 -17.819126 0.000000 -0.000000 1.000000 2.145330 0.000000 0.000000 0.000000 1.000000
-0.043420 -0.109029 -0.993090 -0.193326 0.980736 -0.194143 -0.021565 1.338193 -0.190450 -0.974895 0.115358 70.474080 0.000000 0.000000 0.000000 1.000000
0.000259 0.109109 0.994030 0.190462 -0.980732 -0.194162 0.021567 1.487727 0.195356 -0.974883 0.106956 70.444880 0.000000 0.000000 0.000000 1.000000
0.032753 -0.054583 0.997972 11.906316 -0.364128 -0.930534 -0.038945 46.002066 0.930773 -0.362114 -0.050353 57.032838 0.000000 0.000000 0.000000 1.000000
-0.994713 -0.102545 0.005578 20.113286 0.100932 -0.986205 -0.131193 -36.049475 0.018954 -0.129936 0.991341 -6.237997 0.000000 0.000000 0.000000 1.000000
-0.904597 -0.145863 0.400534 15.955839 0.372654 -0.726816 0.576947 -63.583369 0.206960 0.671165 0.711832 48.552384 0.000000 0.000000 0.000000 1.000000
-0.853114 -0.023692 0.521187 24.367851 0.521265 0.003236 0.853389 -27.635958 -0.021905 0.999714 0.009589 95.105501 0.000000 0.000000 0.000000 1.000000
-0.023459 -0.007459 -0.999697 -7.492261 0.364422 -0.931233 -0.001603 46.376971 -0.930939 -0.364349 0.024564 57.574978 0.000000 0.000000 0.000000 1.000000
0.023695 -0.127393 -0.991569 -5.938725 0.434458 -0.891979 0.124981 8.005806 -0.900380 -0.433757 0.034211 58.357091 0.000000 0.000000 0.000000 1.000000
0.656177 -0.010128 -0.754539 -45.494672 0.457720 -0.789619 0.408649 -26.448590 -0.599937 -0.613514 -0.513494 36.809438 0.000000 0.000000 0.000000 1.000000
0.795969 -0.522433 -0.305771 -50.094803 -0.080672 -0.592169 0.801765 0.670800 -0.599937 -0.613514 -0.513494 36.809437 0.000000 0.000000 0.000000 1.000000
0.114451 0.157799 0.980816 9.063907 -0.429720 -0.882293 0.192092 8.381660 0.895680 -0.443461 -0.033170 58.024752 0.000000 0.000000 0.000000 1.000000
0.676075 -0.077243 0.732773 44.952630 -0.439179 -0.840777 0.316570 -26.558494 0.591645 -0.535843 -0.602352 37.500770 0.000000 0.000000 0.000000 1.000000
-0.989897 0.141474 -0.009480 -18.856213 -0.141791 -0.987682 0.066181 9.380845 0.000000 0.066857 0.997763 0.753507 0.000000 0.000000 0.000000 1.000000
-0.989881 -0.141687 0.007707 18.653035 0.141897 -0.988420 0.053765 9.376637 0.000000 0.054315 0.998524 0.522640 0.000000 0.000000 0.000000 1.000000
1.000000 0.000000 0.000000 0.100903 -0.000000 1.000000 0.000000 -72.736023 0.000000 -0.000000 1.000000 6.878614 0.000000 0.000000 0.000000 1.000000
1.000000 0.000000 0.000000 0.100903 -0.000000 1.000000 0.000000 -71.352386 0.000000 -0.000000 1.000000 8.024415 0.000000 0.000000 0.000000 1.000000
0.763756 -0.248077 -0.595931 -56.719834 -0.127326 -0.962962 0.237683 -3.486026 -0.632823 -0.105655 -0.767055 46.751957 0.000000 0.000000 0.000000 1.000000
0.800065 0.298261 0.520516 60.526426 0.270599 -0.953792 0.130604 4.953374 0.535418 0.036359 -0.843804 43.308523 0.000000 0.000000 0.000000 1.000000
0.795969 -0.522433 -0.305771 -48.778121 -0.362782 -0.816061 0.449925 12.282894 -0.484584 -0.247198 -0.839089 35.298434 0.000000 0.000000 0.000000 1.000000
0.802314 0.464597 0.374755 49.299736 0.079041 -0.704998 0.704791 -1.132698 0.591645 -0.535843 -0.602352 37.500770 0.000000 0.000000 0.000000 1.000000
0.763756 -0.248077 -0.595931 -55.610137 -0.239895 -0.966164 0.094745 -4.732044 -0.599272 0.070599 -0.797427 48.411007 0.000000 0.000000 0.000000 1.000000
0.802314 0.464597 0.374755 47.382454 0.332737 -0.869348 0.365404 9.518246 0.495558 -0.168474 -0.852079 37.121932 0.000000 0.000000 0.000000 1.000000
0.800065 0.298261 0.520516 60.611533 0.266017 -0.954067 0.137806 -4.812701 0.537709 0.028212 -0.842658 43.269001 0.000000 0.000000 0.000000 1.000000
0.800065 0.298261 0.520516 60.595656 0.258945 -0.954355 0.148841 -13.763851 0.541150 0.015703 -0.840779 43.092265 0.000000 0.000000 0.000000 1.000000
0.763756 -0.248077 -0.595931 -56.627091 -0.195632 -0.968740 0.152545 -17.597154 -0.615146 0.000076 -0.788413 47.255340 0.000000 0.000000 0.000000 1.000000
0.795969 -0.522433 -0.305771 -47.904099 -0.401744 -0.833761 0.378741 4.714803 -0.452807 -0.178625 -0.873533 35.027993 0.000000 0.000000 0.000000 1.000000
0.802314 0.464597 0.374755 46.885322 0.332018 -0.869103 0.366640 -0.586705 0.496040 -0.169735 -0.851548 37.121120 0.000000 0.000000 0.000000 1.000000</float_array>
          <technique_common>
            <accessor source="#Mesh1.0Controller-Matrices-array" count="34" stride="16">
              <param type="float4x4"/>
            </accessor>
          </technique_common>
        </source>
        <source id="Mesh1.0Controller-Weights">
          <float_array id="Mesh1.0Controller-Weights-array" count="8392">

1.000000 0.100283 0.899578 0.000139 0.096325 0.903479 0.000196 0.091939 0.907917 0.000144 0.440477 0.073022 0.444125 0.042376 0.281608 0.718392
0.348355 0.438605 0.213040 1.000000 0.560129 0.165052 0.257830 0.016989 0.127779 0.339078 0.503004 0.030139 0.329396 0.670604 0.088897 0.910934
0.000170 0.068921 0.926693 0.004386 0.057066 0.937163 0.005771 0.065526 0.928895 0.005579 1.000000 1.000000 0.103638 0.896088 0.000274 0.472253
0.051522 0.466581 0.009644 0.769898 0.096192 0.004229 0.124549 0.005133 0.187274 0.036234 0.656504 0.119989 0.079339 0.916458 0.004203 0.144549
0.853026 0.002426 0.054553 0.938566 0.006882 0.075236 0.919676 0.005088 0.107238 0.892543 0.000219 0.142288 0.857522 0.000190 0.386008 0.553811
0.060181 0.160903 0.836595 0.002502 0.515336 0.117729 0.354948 0.011987 0.567101 0.267175 0.165724 0.098592 0.896591 0.004817 0.180502 0.819408
0.000090 0.180135 0.819656 0.000209 0.367164 0.024053 0.487811 0.120972 0.051789 0.600979 0.347232 0.047617 0.941034 0.011349 0.155637 0.842873
0.000000 0.001490 0.079864 0.918573 0.000000 0.001562 0.105218 0.892804 0.000000 0.001978 0.515694 0.052572 0.415100 0.016635 1.000000 0.434448
0.520882 0.044670 0.031071 0.953717 0.000004 0.015208 0.021060 0.973704 0.000003 0.005233 0.017131 0.979944 0.000017 0.002908 0.085149 0.914842
0.000009 0.225886 0.774114 0.000000 0.272460 0.727539 0.000001 0.529337 0.101367 0.360785 0.008511 0.404220 0.533960 0.061820 0.205905 0.777214
0.016882 0.284546 0.243796 0.471658 0.103675 0.321726 0.574600 0.266777 0.729697 0.003526 0.097418 0.902543 0.000038 0.095375 0.904469 0.000156
0.249550 0.750445 0.000005 0.108146 0.887317 0.000000 0.004538 0.374729 0.625270 0.000000 0.320203 0.679797 0.000000 0.443772 0.511287 0.044941
0.548001 0.032327 0.386042 0.033629 0.476895 0.342721 0.180384 0.506653 0.246300 0.241850 0.005197 0.371471 0.525769 0.102760 0.000193 0.046945
0.952829 0.000033 0.000076 0.205013 0.794910 0.000138 0.146194 0.853375 0.000292 0.016810 0.979574 0.000026 0.003590 0.380328 0.619671 0.000001
0.220677 0.779323 0.000000 0.294186 0.648294 0.057520 0.343136 0.543686 0.113178 0.000138 0.561297 0.438565 0.014468 0.239047 0.744987 0.001498
0.000000 0.035072 0.748203 0.216722 0.000003 0.004590 0.341228 0.653824 0.000358 0.000000 0.060325 0.909750 0.029925 0.070742 0.927316 0.000000
0.001942 0.128251 0.870456 0.000000 0.001292 0.004704 0.048784 0.936418 0.010094 0.000000 0.001948 0.059670 0.935741 0.002642 0.000000 0.000039
0.663862 0.336099 0.006969 0.651578 0.341437 0.000015 0.013484 0.953041 0.033475 0.124897 0.490136 0.384967 0.524556 0.020182 0.439168 0.016095
0.034714 0.531898 0.433389 0.198637 0.640113 0.161250 0.260312 0.549730 0.189958 0.197415 0.645483 0.157102 0.149006 0.663011 0.187983 0.434841
0.166206 0.398954 0.527651 0.016529 0.352111 0.103708 1.000000 0.006115 0.737758 0.256126 0.000001 0.000004 0.611053 0.388943 0.086083 0.913558
0.000359 0.048943 0.940701 0.010356 0.126532 0.872882 0.000587 0.080231 0.919765 0.000004 0.279937 0.594346 0.125718 0.355367 0.531322 0.113311
0.411406 0.508782 0.079813 0.323583 0.576347 0.100071 0.528089 0.054250 0.404783 0.012878 0.516966 0.116044 0.355516 0.011475 0.518405 0.114815
0.355707 0.011073 0.000129 0.029893 0.966917 0.003061 1.000000 0.000188 0.621176 0.378636 0.000075 0.243382 0.756543 0.000740 0.036826 0.788039
0.174395 0.107419 0.891872 0.000709 0.292308 0.707488 0.000204 0.010536 0.967252 0.022213 0.163168 0.836832 0.205237 0.792746 0.000000 0.002016
0.129704 0.514151 0.356145 0.198480 0.800478 0.000000 0.001041 0.435269 0.564731 0.000000 0.597901 0.402099 0.212303 0.552804 0.234893 0.023870
0.410321 0.565810 0.196104 0.556405 0.247491 0.167832 0.658330 0.173837 0.101373 0.646683 0.251943 0.346143 0.537807 0.116051 0.368957 0.530019
0.101025 0.382064 0.523769 0.094167 0.401453 0.514536 0.084011 0.389313 0.519212 0.091475 0.344232 0.561185 0.094582 0.399099 0.528819 0.072082
0.435104 0.498678 0.066218 0.457996 0.486420 0.055584 0.515348 0.069435 0.400280 0.014938 0.000321 0.116295 0.880049 0.003334 0.000000 0.017698
0.013752 0.823572 0.144977 0.406624 0.573541 0.019836 0.023368 0.804561 0.172070 0.000017 0.394941 0.605042 0.009847 0.768909 0.221243 0.000000
0.180280 0.819035 0.000685 0.962582 0.027081 0.010337 0.035490 0.930841 0.000028 0.033641 0.437676 0.562324 0.412721 0.587279 0.341412 0.540874
0.117715 0.188824 0.655099 0.156077 0.137406 0.668390 0.194204 0.361967 0.533485 0.104548 0.253616 0.613810 0.132575 0.385535 0.521517 0.092948
0.514809 0.055987 0.413173 0.016031 0.027401 0.261088 0.707306 0.004205 0.000000 0.002681 0.587351 0.409946 0.000023 0.002237 0.346872 0.650546
0.000345 0.000000 0.000088 0.662032 0.337879 0.029775 0.805553 0.164671 0.176745 0.813699 0.009557 0.277262 0.722730 0.000008 0.137614 0.855348
0.000000 0.007038 0.024350 0.398927 0.576723 0.427557 0.572442 0.000001 0.156634 0.842240 0.000000 0.001126 0.402757 0.597243 0.000000 0.133580
0.667090 0.199330 0.337752 0.544858 0.117389 0.333190 0.546202 0.120608 0.001895 0.874903 0.123202 0.000000 0.000162 0.033725 0.954805 0.011308
0.000000 0.004822 0.892091 0.103086 0.000000 0.058817 0.055334 0.621427 0.264374 0.000048 0.078150 0.000991 0.469427 0.451432 0.000272 0.171879
0.827849 1.000000 0.016754 0.918855 0.064391 0.014057 0.908619 0.077324 0.881237 0.014223 0.104540 0.031172 0.968828 1.000000 0.469655 0.530344
0.000001 0.234368 0.765632 0.000000 0.009178 0.973652 0.017171 0.000000 0.012930 0.080838 0.869370 0.036862 0.000000 0.000883 0.003551 0.662344
0.333221 0.000000 0.003977 0.019054 0.704063 0.272905 0.000000 0.470587 0.007626 0.381423 0.140364 0.001332 0.038288 0.955181 0.005199 0.000000
0.059888 0.180780 0.731192 0.028139 1.000000 1.000000 0.156580 0.839227 0.004193 0.212881 0.786563 0.000557 0.939427 0.060574 0.700502 0.010215
0.289284 0.743502 0.175378 0.081120 0.970163 0.029837 0.044786 0.955214 0.278622 0.721378 0.274992 0.725008 0.518043 0.481957 0.000000 0.001541
0.723672 0.274786 0.000001 0.292880 0.706074 0.000000 0.001046 0.000393 0.001557 0.473147 0.524904 0.000000 0.000728 0.003120 0.495656 0.500497
0.000000 0.001189 0.005407 0.494431 0.498972 0.000000 0.268652 0.567549 0.163800 0.258771 0.574490 0.166739 0.002896 0.017213 0.925488 0.054404
0.000000 0.182075 0.004320 0.566809 0.246797 0.084547 0.067956 0.658623 0.188863 0.000011 0.046502 0.832584 0.120915 0.102745 0.896478 0.000776
0.083599 0.906627 0.009774 0.364149 0.632175 0.003676 0.000000 0.292966 0.705955 0.001080 0.653117 0.344830 0.001968 0.000085 0.667808 0.331221
0.000907 0.000063 0.845375 0.146360 0.008129 0.000135 0.690083 0.301646 0.008229 0.000041 0.693211 0.299135 0.007614 0.000040 1.000000 0.002401
0.997599 0.094271 0.905148 0.000581 0.428837 0.571161 0.000002 0.231617 0.590851 0.177532 0.001075 0.005022 0.446721 0.547181 0.000000 0.000000
0.001030 0.004959 0.412080 0.581448 0.000000 0.000483 0.025717 0.180878 0.763300 0.030106 0.000000 0.000363 0.072282 0.920820 0.006535 0.000000
0.020977 0.160333 0.805313 0.013377 0.000000 0.000241 0.013757 0.981066 0.004936 0.000000 0.283509 0.716491 0.011565 0.810190 0.178245 0.364106
0.635452 0.000442 0.393023 0.606596 0.000381 0.668564 0.313763 0.017604 0.000068 0.372031 0.623036 0.004933 0.511065 0.483086 0.005841 0.000008
0.683031 0.309853 0.007079 0.000038 0.652744 0.346352 0.000848 0.000056 0.801016 0.197790 0.001027 0.000168 0.622692 0.376477 0.000786 0.000044
0.936126 0.063874 1.000000 0.073685 0.923572 0.000001 0.002742 0.382610 0.617390 0.000000 0.000923 0.732257 0.266819 0.000000 0.000798 0.731658
0.267544 0.000000 0.000586 0.002154 0.635290 0.361970 0.000000 0.223390 0.156284 0.581635 0.038691 0.078278 0.913180 0.008542 0.661433 0.331502
0.007024 0.000040 0.310417 0.685607 0.003976 0.367658 0.627887 0.004455 0.556072 0.443233 0.000669 0.000026 0.930889 0.067426 0.000776 0.000909
0.810758 0.188019 0.001041 0.000182 0.885311 0.114689 0.134989 0.865011 0.113215 0.886785 0.164629 0.835371 0.001623 0.687127 0.311249 0.000001
0.005508 0.028169 0.634268 0.332056 0.000000 0.410563 0.589437 0.000000 0.108189 0.666121 0.225690 0.001521 0.858314 0.140165 0.000000 0.000411
0.079522 0.913249 0.006818 0.000000 0.010550 0.078847 0.892377 0.018226 0.000000 0.000105 0.027311 0.966522 0.006062 0.000000 0.002039 0.240464
0.749568 0.007929 0.005600 0.041386 0.928489 0.024524 0.000000 0.000075 0.019247 0.973182 0.007496 0.000000 0.000054 0.013002 0.977420 0.009524
0.000000 0.003485 0.025888 0.943745 0.026882 0.000000 0.093003 0.006927 0.703534 0.196537 0.002412 0.291037 0.705887 0.000664 0.000000 0.317137
0.682179 0.000684 0.308624 0.691114 0.000262 0.354477 0.641878 0.003645 0.364736 0.631214 0.004050 0.434248 0.565328 0.000424 0.613272 0.385445
0.001252 0.000031 0.471789 0.527682 0.000519 0.000009 0.833633 0.158360 0.007891 0.000117 0.953352 0.041144 0.004830 0.000675 0.946768 0.046610
0.005880 0.000742 0.859264 0.140735 0.006386 0.860201 0.133412 0.000001 0.192048 0.806678 0.000000 0.001274 0.452580 0.547421 0.000000 0.000409
0.061349 0.922509 0.015732 0.000000 0.007723 0.056871 0.913476 0.021931 0.000000 0.001659 0.008991 0.917402 0.071947 0.000000 0.001756 0.012208
0.947816 0.038220 0.000000 0.701680 0.298320 0.000262 0.745294 0.254444 0.248557 0.737976 0.013467 0.897150 0.101138 0.001226 0.000486 0.882857
0.115739 0.001012 0.000393 0.563825 0.436175 0.507230 0.263917 0.228854 0.000000 1.000000 1.000000 1.000000 0.000000 0.015235 0.955268 0.029496
0.154019 0.845981 0.100889 0.661292 0.237819 0.106286 0.661556 0.232158 0.070943 0.646265 0.282792 0.054519 0.577940 0.367541 0.000658 0.714231
0.285111 0.000000 0.337817 0.042416 0.446099 0.173668 0.006196 0.971214 0.022590 0.000000 0.246752 0.004292 0.477284 0.271672 0.104358 0.085881
0.679017 0.130742 0.000001 0.032374 0.094510 0.782576 0.090541 1.000000 0.310986 0.684434 0.004580 0.247058 0.747057 0.005885 0.361588 0.637959
0.000453 0.326856 0.668610 0.004534 0.875970 0.122667 0.001007 0.000356 0.900651 0.091879 0.007210 0.000260 0.900768 0.091474 0.007486 0.000273
0.966552 0.029540 0.000219 0.003689 0.128816 0.871184 0.261729 0.738271 0.158778 0.841222 0.050667 0.949333 0.000206 0.728149 0.271645 0.001408
0.792104 0.206488 0.643436 0.312586 0.043978 0.914698 0.085303 0.008828 0.991172 0.076302 0.923696 0.000002 0.313721 0.686262 0.000016 0.201566
0.796930 0.000000 0.001504 0.000133 0.000471 0.394870 0.604437 0.000000 0.000089 0.037266 0.290539 0.660336 0.011858 0.000000 0.190003 0.807960
0.002037 0.296992 0.702805 0.000203 0.319477 0.676977 0.003546 0.376836 0.622769 0.000395 0.367026 0.629278 0.003696 0.000000 0.400950 0.598666
0.000384 0.976742 0.008409 0.014850 0.922393 0.076001 0.000869 0.000737 0.936559 0.056747 0.006171 0.000523 0.806942 0.116676 0.076383 0.736730
0.263270 0.538488 0.029877 0.431635 0.742678 0.047321 0.210002 0.851691 0.148309 0.907085 0.092915 0.119453 0.515867 0.364680 0.061854 0.499759
0.436067 0.002320 0.001431 0.014811 0.967773 0.015985 0.000000 0.156464 0.086289 0.602845 0.154369 0.000033 0.135770 0.002195 0.547871 0.314164
0.121313 0.001969 0.565021 0.311697 0.061384 0.089106 0.740545 0.108965 1.000000 0.966605 0.015310 0.018085 0.077613 0.921254 0.001133 0.352457
0.647065 0.000477 0.349683 0.646687 0.003629 0.320032 0.679530 0.000439 0.394058 0.605521 0.000421 0.287182 0.712241 0.000577 0.302277 0.692443
0.005281 0.313173 0.680539 0.006288 0.365957 0.633656 0.000387 0.913640 0.084838 0.000902 0.000620 0.953257 0.044338 0.000517 0.001888 0.972633
0.016681 0.010686 0.964992 0.013508 0.021500 0.957717 0.006859 0.035424 0.672135 0.327865 0.344475 0.655523 0.000002 0.397233 0.602767 0.136797
0.863201 0.000002 0.001136 0.721702 0.277163 0.784986 0.066614 0.148400 0.836339 0.074973 0.088689 0.685752 0.314248 0.653309 0.346691 0.001757
0.876854 0.121389 0.016980 0.884003 0.099018 0.218828 0.775376 0.000000 0.005796 0.004938 0.558395 0.436667 0.013863 0.569292 0.416845 0.096371
0.527246 0.376383 0.000789 0.121860 0.867007 0.010344 0.000000 0.211118 0.004887 0.540001 0.243993 0.166850 0.135504 0.633613 0.064032 0.221813
0.117195 0.587927 0.073065 0.002534 0.255874 0.740755 0.000837 0.000000 0.089554 0.146743 0.712905 0.050798 0.121792 0.004585 0.649599 0.224024
0.049492 0.001500 0.679515 0.269494 0.036090 0.001489 0.706805 0.255616 0.299820 0.699665 0.000515 0.249642 0.749527 0.000831 0.306459 0.693247
0.000294 0.318112 0.681504 0.000384 0.234856 0.756778 0.008366 0.321900 0.673986 0.004113 0.316561 0.678697 0.004742 0.321812 0.674295 0.003893
0.298094 0.700977 0.000929 0.645081 0.351986 0.002834 0.000100 0.643101 0.333239 0.023571 0.000088 0.954214 0.007923 0.037864 0.957231 0.037183
0.004753 0.000833 0.971892 0.018956 0.009153 0.970562 0.024613 0.003204 0.001621 0.980041 0.006582 0.013378 0.972913 0.006381 0.020706 0.970361
0.015379 0.014260 0.014465 0.985520 0.000015 0.861537 0.099327 0.039136 0.594503 0.405497 0.000000 0.751011 0.248989 0.004651 0.806148 0.189201
0.750003 0.249997 0.515943 0.484057 0.829157 0.170843 0.873924 0.093514 0.032562 0.542995 0.457005 0.380140 0.619860 0.637163 0.362837 0.612659
0.387341 0.642340 0.000040 0.357620 0.593729 0.406271 0.461991 0.538009 0.919878 0.080122 0.900145 0.099855 0.982171 0.017829 0.410981 0.589019
0.014725 0.976488 0.000050 0.008737 0.067387 0.504960 0.427653 0.000519 0.691274 0.308208 0.000000 0.247513 0.110662 0.570534 0.071290 0.000001
0.241721 0.004184 0.479969 0.274126 0.079272 0.004220 0.701905 0.214604 0.115408 0.094900 0.672955 0.116736 0.000000 0.160177 0.808373 0.031451
0.003011 0.525230 0.471671 0.000087 0.004118 0.679967 0.315910 0.000005 0.306633 0.693098 0.000269 0.315447 0.679770 0.004784 0.241859 0.750504
0.007637 0.332348 0.667243 0.000409 0.310129 0.689614 0.000257 0.306227 0.693547 0.000226 0.637489 0.353600 0.008857 0.000055 0.981707 0.014600
0.000000 0.003693 0.966582 0.029657 0.000168 0.003593 0.983176 0.008422 0.008402 0.970787 0.024103 0.000000 0.005109 0.969298 0.014416 0.016285
0.955549 0.010207 0.034243 0.191482 0.000015 0.808503 0.217884 0.782116 0.036532 0.000052 0.963416 0.355090 0.409896 0.235014 0.349294 0.650706
0.874618 0.125382 0.968585 0.031415 0.428749 0.571245 0.000005 0.000185 0.000634 0.415115 0.584066 0.000000 0.181425 0.002520 0.468977 0.347078
0.165122 0.091644 0.616516 0.126712 0.000007 0.002670 0.815469 0.181860 0.085629 0.838798 0.075573 0.008948 0.863506 0.127547 0.004338 0.687081
0.308577 0.000004 0.198829 0.789606 0.011565 0.612052 0.385871 0.002044 0.000033 0.981290 0.014353 0.000194 0.004163 0.003015 0.048862 0.948123
0.206234 0.777851 0.015915 0.181144 0.764247 0.054608 0.011894 0.987793 0.000313 0.610031 0.389969 0.167289 0.832711 0.631686 0.368314 0.848452
0.090702 0.060847 0.282152 0.703792 0.014056 0.577058 0.422942 0.352906 0.580501 0.066593 0.560131 0.439869 0.002211 0.678039 0.319747 0.000002
0.340371 0.659629 0.000000 0.213327 0.786673 0.000000 0.122063 0.874962 0.000000 0.002975 0.001302 0.794510 0.204187 0.000000 0.000035 0.009250
0.978582 0.012133 0.000000 0.000398 0.027342 0.971589 0.000671 0.003021 0.806877 0.190103 0.014611 0.147322 0.797110 0.040957 0.000108 0.326566
0.673326 0.000849 0.829284 0.169867 0.000013 0.754480 0.245507 0.265771 0.733225 0.001005 0.221241 0.765462 0.013296 0.321739 0.674551 0.003710
0.202574 0.776659 0.020766 0.961895 0.013688 0.000004 0.024413 0.979641 0.006637 0.013722 0.903179 0.096821 0.729782 0.151912 0.118306 0.667068
0.332932 0.369863 0.630137 0.530514 0.469486 0.901184 0.098816 0.000000 0.960999 0.039001 0.018352 0.970249 0.000031 0.011368 0.028715 0.417749
0.553536 0.000233 0.000736 0.351617 0.647414 0.000000 0.004141 0.013646 0.874289 0.107924 0.000000 0.000071 0.010225 0.979309 0.010395 0.000000
0.240931 0.003770 0.467441 0.287858 0.007028 0.002365 0.794332 0.196276 0.000012 0.564456 0.435532 0.064271 0.907300 0.028429 0.038559 0.938298
0.023143 0.078764 0.920058 0.001178 0.204762 0.783081 0.012157 0.196915 0.790128 0.012957 0.194032 0.789893 0.016075 0.172661 0.809585 0.017754
0.259679 0.739459 0.000861 0.965171 0.011363 0.023466 0.941384 0.004014 0.054602 0.018439 0.013566 0.967996 0.023266 0.021121 0.955613 0.024799
0.000056 0.975145 0.041975 0.759364 0.198660 0.161432 0.838568 0.328841 0.671159 0.408792 0.591208 0.780283 0.219717 0.006301 0.913728 0.079971
0.577285 0.422715 0.964734 0.035266 0.069591 0.925890 0.000001 0.004519 0.004665 0.962283 0.033052 0.000000 0.274421 0.004657 0.456598 0.264324
0.243302 0.113491 0.573182 0.070025 0.175416 0.003047 0.444091 0.377446 0.022185 0.116830 0.797494 0.063491 0.257202 0.742798 0.229329 0.769521
0.001150 0.251244 0.747673 0.001083 0.225932 0.771450 0.002618 0.933694 0.003790 0.062516 0.931583 0.004128 0.064289 0.870210 0.003652 0.126137
0.008148 0.991852 0.004632 0.995368 0.005309 0.041059 0.953537 0.000096 0.980164 0.019836 0.395961 0.367740 0.236299 0.999947 0.000053 0.792765
0.102390 0.104845 0.606373 0.393627 0.414771 0.568365 0.016864 0.864435 0.135565 0.941863 0.058137 0.962181 0.037819 0.955289 0.044711 0.036629
0.900875 0.000012 0.062483 0.005754 0.930596 0.063650 0.002541 0.012536 0.472152 0.512771 0.000000 0.164953 0.002655 0.445033 0.387359 0.969346
0.021205 0.009448 0.962204 0.011936 0.025860 0.940357 0.005140 0.054503 0.934714 0.008562 0.056724 0.927773 0.007852 0.064375 0.995164 0.004836
0.407255 0.391555 0.201190 0.617209 0.382791 0.377766 0.622234 0.399201 0.600799 0.778719 0.221281 0.915417 0.084583 0.057814 0.420241 0.513142
0.008803 0.000000 0.234224 0.003819 0.459330 0.302626 0.171193 0.090513 0.597118 0.141149 0.000028 0.141839 0.819602 0.038558 0.226339 0.761171
0.012490 0.063049 0.936951 0.013815 0.986185 0.000539 0.565883 0.433578 0.560333 0.439667 0.598424 0.227194 0.174382 0.034315 0.965500 0.000185
0.215226 0.784774 0.263518 0.736482 0.519495 0.480505 0.346483 0.653517 0.000000 0.952886 0.047114 0.070960 0.929039 0.000001 0.002491 0.140308
0.843439 0.013761 0.000000 0.001839 0.049969 0.920804 0.027387 0.000000 0.057728 0.374889 0.550501 0.016882 0.000000 0.044451 0.333942 0.609084
0.012523 0.000000 0.001210 0.152967 0.834101 0.011722 0.000000 0.047047 0.355761 0.586221 0.010972 0.000000 0.124265 0.827112 0.048623 0.090148
0.870673 0.039179 0.219184 0.779118 0.001699 0.168708 0.818672 0.012620 0.972181 0.011056 0.016763 0.940254 0.006528 0.053218 0.901777 0.003587
0.094636 0.786657 0.005312 0.208031 0.846345 0.005740 0.147915 0.887782 0.005940 0.106278 0.115130 0.000250 0.007828 0.876792 0.015426 0.009362
0.975213 0.456957 0.543043 0.456121 0.323584 0.220295 0.253242 0.746758 0.179950 0.820050 0.579483 0.420517 0.436292 0.563702 0.000006 0.224286
0.768361 0.000000 0.007353 0.278845 0.721155 0.125216 0.869828 0.000000 0.004955 0.315060 0.684940 0.000000 0.002289 0.172042 0.813696 0.011973
0.000000 0.221329 0.108720 0.576561 0.093372 0.000017 0.003144 0.833815 0.163041 0.039530 0.937723 0.022748 0.179294 0.800599 0.020107 0.935514
0.007850 0.056636 0.891754 0.004753 0.103493 0.774903 0.002531 0.222566 0.828051 0.003155 0.168794 0.875452 0.002859 0.121690 0.742702 0.002137
0.255161 0.125256 0.874744 0.090704 0.909296 0.614570 0.001645 0.383785 0.700924 0.003906 0.295170 0.838985 0.005242 0.155773 0.167104 0.000658
0.005487 0.826752 0.466929 0.021148 0.511923 0.276135 0.000132 0.723732 0.434409 0.565591 0.189774 0.810226 0.617363 0.382637 0.735887 0.256855
0.007258 0.357225 0.642775 0.907551 0.092449 0.097544 0.902456 0.181058 0.818942 0.000418 0.611341 0.388241 0.000000 0.172693 0.021077 0.123730
0.578571 0.103928 0.001550 0.169925 0.816874 0.011651 0.000000 0.188795 0.789809 0.021396 0.245764 0.739750 0.014486 0.090597 0.906116 0.003287
0.092550 0.903665 0.003786 0.119918 0.822726 0.057356 0.854583 0.003430 0.141987 0.902650 0.006647 0.090703 0.926798 0.010315 0.062887 0.891582
0.004501 0.103917 0.898060 0.006537 0.095403 0.055523 0.944477 0.160366 0.000764 0.001995 0.836874 0.247921 0.001435 0.000501 0.750143 0.033606
0.018752 0.947642 0.985380 0.014620 0.863442 0.136558 0.623672 0.376328 0.146397 0.853603 0.004319 0.995681 0.135738 0.864262 0.301367 0.698632
0.208070 0.791930 0.988297 0.011703 0.175755 0.813613 0.000000 0.010632 0.197130 0.802870 0.000000 0.001174 0.003656 0.532847 0.462324 0.000000
0.161297 0.010161 0.433293 0.395249 0.169465 0.804037 0.026498 0.006130 0.851419 0.142451 1.000000 0.940953 0.016085 0.042962 0.952148 0.021938
0.025914 0.850978 0.003443 0.145579 0.896403 0.006498 0.097100 0.855680 0.003426 0.140894 0.855005 0.003428 0.141567 0.777950 0.006380 0.215670
0.174847 0.825153 0.083129 0.916871 0.346921 0.005212 0.647867 0.287244 0.701059 0.011697 0.314042 0.685958 0.346638 0.584728 0.068634 0.333141
0.666859 0.053200 0.946800 0.273931 0.726069 0.504638 0.495362 0.960773 0.039227 0.002452 0.952949 0.044598 0.000182 0.572208 0.427608 0.000003
0.019626 0.958023 0.000014 0.022337 0.040665 0.200885 0.685023 0.073428 0.000000 0.003258 0.141323 0.841616 0.013803 0.000000 0.059140 0.396623
0.530965 0.013272 0.000000 0.006884 0.975837 0.017280 0.000000 0.238565 0.136768 0.560008 0.064659 0.235235 0.006550 0.454285 0.303929 0.157875
0.810156 0.031968 0.949440 0.023180 0.027380 0.957581 0.019447 0.022972 0.974150 0.005058 0.020792 0.779444 0.220556 0.973796 0.014794 0.011410
0.807627 0.192373 0.783887 0.216113 0.910765 0.054165 0.035070 0.012127 0.812822 0.175050 0.201923 0.796150 0.001927 0.584454 0.407670 0.007791
0.000085 0.922106 0.003978 0.073916 0.918448 0.003496 0.078056 0.928694 0.007028 0.064278 0.908312 0.006949 0.084739 0.169005 0.001010 0.829985
0.067597 0.932403 0.126457 0.000308 0.007885 0.865349 0.126057 0.000308 0.007692 0.865942 0.113493 0.000340 0.006715 0.879452 0.036754 0.963246
0.102197 0.000230 0.007845 0.889729 0.095806 0.000145 0.006042 0.898007 0.973886 0.026114 0.696947 0.222191 0.078609 0.002253 0.256944 0.624476
0.118580 0.999958 0.000042 0.243673 0.661341 0.094986 0.280888 0.000084 0.719028 0.300397 0.000008 0.699595 0.377656 0.621720 0.000624 0.320695
0.679305 0.149640 0.850360 0.826853 0.173147 1.000000 0.201112 0.798887 0.006638 0.022848 0.917091 0.053424 0.000000 0.003501 0.014229 0.931201
0.051068 0.000000 0.148333 0.009090 0.424480 0.418097 0.000829 0.179099 0.820072 1.000000 0.934042 0.025388 0.040570 0.620481 0.379519 1.000000
1.000000 0.809843 0.190157 0.203498 0.782900 0.013601 0.191458 0.805840 0.002702 0.153855 0.818490 0.027655 0.901630 0.068381 0.027583 0.002406
0.937465 0.009008 0.053527 0.935145 0.010122 0.054734 0.897248 0.006518 0.096234 0.935122 0.008024 0.056854 0.854745 0.003429 0.141826 0.824577
0.003422 0.172002 0.701606 0.002497 0.295896 0.652405 0.003732 0.343864 0.530764 0.001478 0.467758 0.019236 0.980764 0.018645 0.981355 0.088931
0.000132 0.005513 0.905425 0.057063 0.004607 0.938331 0.313612 0.011574 0.674814 0.080356 0.890272 0.029371 0.183370 0.746764 0.069866 0.258678
0.000193 0.741129 0.290436 0.624830 0.084734 0.304523 0.695477 0.314047 0.000003 0.685950 0.292014 0.000030 0.707956 0.317895 0.682105 0.467176
0.532824 0.312431 0.687569 0.352396 0.647604 0.149050 0.850950 0.064925 0.935075 0.193222 0.806778 0.002210 0.163574 0.821851 0.012365 0.000000
0.005439 0.055386 0.933348 0.005827 0.000000 0.004901 0.845060 0.150040 0.994795 0.005205 0.094412 0.833666 0.071922 0.926398 0.024865 0.048738
0.997597 0.002403 0.997730 0.000902 0.001368 0.960688 0.018023 0.021289 0.926467 0.024421 0.049111 0.926472 0.024392 0.049137 0.987319 0.012681
0.985700 0.014300 0.985445 0.014555 0.988326 0.011674 0.956788 0.012988 0.030224 0.892961 0.006491 0.100548 0.082548 0.917452 0.158915 0.000708
0.005352 0.835026 0.018693 0.981307 0.270129 0.000266 0.729605 0.260655 0.632422 0.106923 0.260275 0.632465 0.107260 0.299978 0.610137 0.089885
0.078945 0.691479 0.229575 0.320749 0.679251 0.276044 0.723956 0.228481 0.771519 0.271198 0.728802 0.421432 0.578568 0.000824 0.236631 0.621137
0.141408 0.004633 0.838015 0.157352 0.006668 0.031794 0.502972 0.458566 0.000000 0.005916 0.770680 0.223403 0.000001 0.459659 0.540341 0.000000
0.003623 0.140678 0.841768 0.013931 0.000000 0.308006 0.128329 0.561038 0.002626 0.006998 0.976529 0.016473 0.000000 0.004864 0.844850 0.150287
1.000000 0.996022 0.003978 0.981225 0.003346 0.015429 0.985632 0.014368 0.983351 0.016649 0.978145 0.021855 0.128828 0.866443 0.004729 0.249773
0.746233 0.003993 0.565825 0.380651 0.053370 0.000154 0.895152 0.006481 0.098367 0.849436 0.003449 0.147116 0.884908 0.008786 0.106306 0.838499
0.003779 0.157722 0.277058 0.001959 0.720983 0.118399 0.000336 0.008038 0.873228 0.115329 0.000285 0.008038 0.876348 0.065911 0.002691 0.931397
0.014548 0.985452 0.007137 0.992863 0.950059 0.029618 0.020323 0.316964 0.396989 0.286047 0.258413 0.000461 0.741127 0.024768 0.644479 0.330711
0.000043 0.106263 0.536327 0.357410 0.319347 0.603502 0.077151 0.084322 0.688510 0.227168 0.314102 0.486108 0.199790 0.330681 0.669319 0.332669
0.667331 0.315156 0.684844 0.076333 0.917660 0.006007 0.345571 0.654429 0.908742 0.091258 0.178229 0.821771 0.544925 0.005917 0.032710 0.168035
0.203250 0.045164 0.272537 0.013009 0.464828 0.249626 0.006577 0.854477 0.138946 0.177282 0.795568 0.027150 0.195882 0.782409 0.021708 0.981524
0.018475 0.981550 0.000000 0.018450 0.953296 0.010663 0.036041 0.947501 0.013209 0.039290 0.981524 0.000000 0.018476 0.926592 0.023627 0.049781
0.926501 0.024208 0.049291 0.926391 0.024910 0.048700 1.000000 0.956799 0.016336 0.026865 0.901599 0.004613 0.093789 0.892738 0.006492 0.100770
0.854178 0.003431 0.142390 0.022244 0.977756 0.081316 0.917668 0.001016 0.998085 0.001915 0.924405 0.003153 0.072370 0.000072 0.216155 0.687015
0.096829 0.217817 0.000265 0.781918 0.065647 0.701989 0.232364 0.118575 0.780684 0.100742 0.181669 0.747654 0.070677 0.316068 0.683932 0.308445
0.691555 0.297418 0.702582 0.246138 0.753862 0.509707 0.442207 0.048086 0.065522 0.890405 0.000000 0.044073 0.180187 0.806485 0.000000 0.013328
0.207897 0.788448 0.000000 0.003655 0.003199 0.164472 0.819826 0.012503 0.000000 0.001483 0.030755 0.967417 0.000346 0.006428 0.853638 0.139934
0.008781 0.552005 0.439127 0.000086 0.981556 0.018444 0.945604 0.014042 0.040354 0.957290 0.008743 0.033967 0.977573 0.022427 0.998384 0.001616
0.176027 0.820889 0.003084 0.121829 0.869349 0.008822 0.870461 0.007337 0.122202 0.838212 0.003521 0.158266 0.882545 0.006857 0.110598 0.875810
0.006662 0.117527 0.065921 0.934079 0.040499 0.956172 0.003329 0.273401 0.624714 0.101885 0.013731 0.986180 0.000089 0.094339 0.905661 0.270175
0.729825 0.082478 0.916518 0.001004 0.119423 0.880507 0.000070 0.001717 0.008406 0.364015 0.625862 0.000000 0.000000 0.066830 0.933170 0.000000
0.174280 0.141575 0.555492 0.128580 0.000072 0.239882 0.007239 0.455038 0.297842 0.200467 0.779042 0.020492 0.959539 0.007921 0.032540 0.981521
0.018479 1.000000 0.000000 0.981526 0.018474 0.986868 0.001367 0.011765 0.992399 0.007601 0.984536 0.015464 0.124824 0.867276 0.007901 0.127845
0.832397 0.039758 0.111594 0.846393 0.042013 0.886225 0.006568 0.107207 0.874426 0.007980 0.117594 0.070895 0.000167 0.001319 0.927618 0.032103
0.967897 0.626312 0.373688 0.048492 0.947932 0.003576 0.006495 0.993505 0.000027 0.127300 0.830491 0.042182 0.114289 0.709732 0.175979 0.423747
0.576253 0.102969 0.897031 0.331473 0.668527 0.461276 0.538724 0.973717 0.026283 0.063176 0.929089 0.000001 0.007735 0.007473 0.216592 0.767406
0.008529 0.006709 0.975034 0.018258 0.000000 0.003304 0.013505 0.929387 0.053804 0.000000 0.001994 0.869644 0.128363 1.000000 0.000000 1.000000
0.000057 0.613182 0.386761 1.000000 0.951971 0.048029 0.995987 0.004013 0.997964 0.002036 0.990793 0.009207 0.895090 0.005073 0.099837 0.871995
0.005157 0.122847 0.887758 0.006550 0.105693 0.060317 0.939683 0.061920 0.938080 0.002572 0.041354 0.952800 0.003274 0.236459 0.639618 0.123923
0.174459 0.751429 0.074113 0.261595 0.738405 0.101239 0.898761 0.279662 0.720338 0.890627 0.109373 0.991770 0.008230 0.165883 0.834117 0.333033
0.666967 0.000000 0.206639 0.793361 0.000000 0.066559 0.374890 0.541942 0.016610 0.000000 0.359299 0.014211 0.454120 0.172370 0.004907 0.016982
0.909644 0.068467 0.000000 0.238256 0.009336 0.457011 0.295398 0.219730 0.009898 0.454953 0.315419 1.000000 0.979757 0.004333 0.015911 0.980259
0.019741 0.991432 0.008568 0.986959 0.013041 0.074320 0.921349 0.004331 0.227678 0.767487 0.004835 0.838520 0.007112 0.154368 0.955410 0.015319
0.000454 0.028818 0.860142 0.007153 0.132705 0.222132 0.000084 0.777784 0.075297 0.924703 0.134884 0.000676 0.004685 0.859755 0.004141 0.995859
0.991987 0.008013 0.178587 0.821413 0.196103 0.803897 0.430484 0.569516 0.413482 0.586518 0.263250 0.736750 0.970819 0.029181 0.270185 0.721338
0.000000 0.008476 0.197364 0.802636 0.004493 0.139484 0.843163 0.012859 0.000000 0.070044 0.399828 0.517409 0.012720 0.000000 0.004157 0.015552
0.923354 0.056937 0.000000 0.211551 0.127465 0.567648 0.093317 0.000019 0.177033 0.118426 0.571154 0.133315 0.000072 0.993549 0.006451 0.990148
0.009852 0.113071 0.877423 0.009506 0.914969 0.013468 0.071563 0.341276 0.003899 0.654826 0.139486 0.001150 0.859364 0.071747 0.928253 0.069030
0.930970 0.025570 0.974430 0.647180 0.352820 0.130762 0.869238 0.029775 0.967757 0.002468 0.636751 0.363249 0.251037 0.748963 0.292337 0.707664
0.272888 0.727112 0.030195 0.892765 0.000034 0.077006 0.741983 0.258017 0.983362 0.016638 0.488524 0.511474 0.000001 0.151660 0.848340 0.010552
0.277965 0.705517 0.005966 0.036203 0.879478 0.084319 0.989641 0.010359 0.017681 0.871932 0.110387 0.072004 0.921472 0.006525 0.881927 0.007277
0.110796 0.801636 0.004380 0.193984 0.815844 0.004046 0.180110 0.805959 0.004299 0.189742 0.795066 0.004906 0.200028 0.691674 0.005565 0.302761
0.008425 0.000211 0.991364 0.001783 0.998031 0.000185 0.093387 0.906614 0.091211 0.787097 0.121692 0.270312 0.729688 0.017965 0.959877 0.000019
0.022139 0.453931 0.329570 0.216499 0.160131 0.839869 0.519350 0.480650 0.000000 0.000000 0.000000 0.264258 0.733092 0.000000 0.002650 0.130560
0.862701 0.000000 0.006740 0.075004 0.914114 0.000000 0.010881 0.066442 0.339504 0.571552 0.022502 0.000000 0.024736 0.101637 0.484772 0.385914
0.002941 0.006390 0.973633 0.019977 0.000000 0.000275 0.400398 0.599327 0.312870 0.657160 0.029969 0.025042 0.892154 0.082804 0.066346 0.917920
0.015734 0.939293 0.020065 0.040642 0.706596 0.004105 0.289299 0.808745 0.005283 0.185972 0.855222 0.007346 0.137431 0.583648 0.002888 0.413464
0.090333 0.908960 0.000707 0.135240 0.000028 0.864732 0.197781 0.702118 0.100100 0.194826 0.698652 0.106522 0.065109 0.701811 0.233081 0.112871
0.887129 0.228344 0.771656 0.080059 0.915048 0.004893 0.432153 0.567847 0.247657 0.752328 0.000015 0.094440 0.893628 0.000000 0.011932 0.000411
0.008022 0.976793 0.014774 0.000000 0.006724 0.280477 0.711954 0.000845 0.000000 0.991674 0.006911 0.001415 0.059324 0.858523 0.082154 0.044278
0.869755 0.085967 0.587670 0.406354 0.005928 0.000049 0.958313 0.029283 0.000248 0.012156 0.878258 0.005987 0.115756 0.797261 0.005276 0.197464
0.876306 0.007762 0.115933 0.871114 0.007928 0.120957 0.135794 0.000692 0.004569 0.858945 0.063684 0.000076 0.001571 0.934670 0.002495 0.927703
0.069802 0.064568 0.935432 0.800622 0.199378 0.197953 0.000555 0.801492 0.095993 0.789435 0.114572 0.029382 0.684042 0.286576 0.081401 0.918599
0.100587 0.889349 0.010064 0.026508 0.878088 0.000007 0.095398 0.003972 0.866522 0.129506 0.004073 0.116451 0.865415 0.014061 0.000000 0.075381
0.384712 0.525235 0.014672 0.000000 0.221362 0.014499 0.461816 0.302323 0.000111 0.809208 0.190681 0.990516 0.009484 0.027942 0.876982 0.095076
0.091352 0.891593 0.017055 0.055463 0.856359 0.088179 0.606260 0.374845 0.018794 0.000102 0.610487 0.370165 0.019218 0.000130 0.937827 0.011451
0.002725 0.047997 0.808045 0.010463 0.181492 0.813325 0.004116 0.182559 0.999544 0.000456 0.183546 0.816454 0.999923 0.000077 0.024602 0.975398
0.018934 0.981066 0.064942 0.935058 0.000000 0.039748 0.960252 0.099026 0.790917 0.110057 0.032309 0.690331 0.277361 0.899589 0.100411 0.988082
0.011918 0.010077 0.033112 0.902596 0.054216 0.000000 0.307346 0.681681 0.010973 0.804556 0.195444 0.097422 0.871820 0.030759 0.115981 0.862488
0.021531 0.104672 0.873267 0.022061 0.053339 0.922108 0.024553 0.093813 0.889183 0.017004 0.134786 0.734948 0.130267 0.792919 0.005756 0.201326
0.860834 0.008050 0.131115 0.025068 0.974932 0.077658 0.922342 0.203181 0.796819 1.000000 0.000000 1.000000 1.000000 0.996674 0.003326 0.569252
0.430748 0.963255 0.036745 0.995667 0.004333 0.952857 0.047143 0.995690 0.004310 0.999925 0.000075 0.988155 0.011845 0.089880 0.910120 0.019845
0.980155 0.000000 0.021225 0.978775 0.000000 0.008283 0.004086 0.987631 0.719144 0.280856 0.217250 0.782750 0.211239 0.000628 0.788134 0.089261
0.786144 0.124595 0.025238 0.675136 0.299626 0.032785 0.691354 0.275861 0.254560 0.745440 0.238406 0.761594 0.006583 0.973540 0.019877 0.000000
0.216724 0.018203 0.464480 0.300593 0.025187 0.817637 0.157176 0.776441 0.223559 0.029334 0.863164 0.107502 0.668687 0.331313 0.060941 0.827740
0.111319 0.058432 0.853981 0.087587 0.063784 0.849960 0.086256 0.067344 0.847285 0.085370 0.922608 0.015651 0.061741 0.864407 0.006890 0.128703
0.888857 0.014701 0.096442 0.108713 0.891287 0.475902 0.524098 0.004305 0.995695 0.849316 0.150684 0.202525 0.000644 0.796831 0.020324 0.663264
0.316399 0.000013 0.240113 0.759887 0.063915 0.935542 0.000543 0.009897 0.032344 0.897459 0.060300 0.000000 0.000000 0.006887 0.973610 0.019503
0.000000 0.254582 0.039886 0.478583 0.226948 0.006087 0.027271 0.945877 0.020765 0.000000 0.182079 0.031466 0.472852 0.313603 0.025384 0.642798
0.331817 0.244624 0.750909 0.004467 0.221274 0.764792 0.013934 0.093147 0.889835 0.017018 0.058622 0.853838 0.087540 0.877290 0.007677 0.115033
0.868918 0.008728 0.122354 0.800450 0.006522 0.193028 0.815468 0.005521 0.179012 0.018931 0.981069 0.006620 0.993380 1.000000 0.976230 0.023770
0.427835 0.572165 0.020692 0.979308 0.227520 0.772480 0.197426 0.802574 0.876256 0.123744 0.259171 0.740820 0.000009 0.229842 0.770158 0.000000
0.509250 0.093561 0.340085 0.057104 0.178720 0.161876 0.543150 0.116203 0.000050 0.988088 0.011912 0.025992 0.839537 0.134471 0.637164 0.362836
0.228725 0.738220 0.033056 0.053169 0.750649 0.196183 0.229315 0.735286 0.035399 0.127883 0.851144 0.020973 0.915652 0.015132 0.069216 0.881659
0.007086 0.111255 1.000000 0.126216 0.000917 0.002368 0.870499 0.121508 0.000954 0.001760 0.875777 0.062286 0.000063 0.001180 0.936470 0.373500
0.626500 0.041503 0.001785 0.956712 0.206594 0.793406 0.222448 0.777552 0.004514 0.790497 0.204989 0.000000 0.310879 0.689121 0.000000 0.219728
0.780272 0.000000 0.057941 0.239393 0.669983 0.032683 0.000000 0.000762 0.092772 0.336959 0.558342 0.011164 0.000000 0.154896 0.245041 0.522120
0.077943 0.000000 0.000201 0.007290 0.975178 0.017331 0.000000 0.201959 0.157228 0.547877 0.092914 0.000022 0.010522 0.704595 0.284877 0.000005
1.000000 0.724770 0.231037 0.044193 0.972605 0.027395 0.980778 0.019222 0.436918 0.563082 0.199236 0.787221 0.013543 0.205148 0.779360 0.015492
0.909200 0.010186 0.080615 0.788974 0.006078 0.204948 0.789630 0.006024 0.204346 1.000000 0.999174 0.000826 0.038278 0.961722 0.071200 0.928800
0.000000 0.000061 0.998453 0.001486 0.062232 0.911485 0.026283 0.053294 0.779537 0.167169 0.053805 0.766225 0.179971 0.118944 0.853830 0.000000
0.027227 0.122164 0.864879 0.000000 0.012957 0.070025 0.908803 0.000000 0.021171 0.243551 0.751902 0.000000 0.004547 0.001620 0.005345 0.482715
0.510320 0.000000 0.003999 0.061721 0.920602 0.013678 0.000000 0.009909 0.032722 0.850053 0.107317 0.000000 0.011901 0.038786 0.891513 0.057800
0.000000 0.218236 0.025171 0.472660 0.283932 0.991498 0.008502 0.988284 0.011716 0.979620 0.020380 0.979716 0.020284 0.027710 0.819748 0.152542
0.032495 0.855876 0.111629 0.530021 0.469979 0.228782 0.737935 0.033283 0.229522 0.745640 0.024838 0.179162 0.787486 0.033352 0.106820 0.744168
0.149011 0.184852 0.772855 0.042293 0.253612 0.728046 0.018342 0.689883 0.005484 0.304633 0.130922 0.869078 0.023950 0.013939 0.962111 0.322701
0.623432 0.053867 0.039925 0.762097 0.197979 0.051297 0.764697 0.184006 0.015701 0.645360 0.338848 0.000092 0.008291 0.616667 0.374825 0.000218
0.969021 0.030979 0.095414 0.871549 0.000000 0.033037 0.129597 0.870403 0.000260 0.564683 0.435057 0.000000 0.057548 0.233863 0.675546 0.033043
0.000000 0.012981 0.042282 0.888198 0.056539 0.000000 0.000597 0.008809 0.973785 0.016809 0.000000 0.000360 0.008011 0.973954 0.017675 0.000000
0.980159 0.019841 0.967945 0.032055 0.991034 0.008966 0.195629 0.791604 0.012767 0.037350 0.875728 0.086921 0.100663 0.676026 0.223311 0.197257
0.755533 0.047210 0.141229 0.807979 0.050792 0.917751 0.015873 0.066376 0.804456 0.012489 0.183055 0.781330 0.008174 0.210496 0.595239 0.003503
0.401258 0.078064 0.921936 0.056154 0.943846 0.084146 0.000142 0.004757 0.910955 0.153461 0.846539 0.064418 0.739972 0.195610 0.011836 0.618785
0.369261 0.000118 0.037423 0.744873 0.217704 0.002062 0.592547 0.405068 0.000323 0.008516 0.617541 0.373729 0.000214 0.151016 0.848984 0.255241
0.744759 0.225017 0.774983 0.306983 0.693013 0.000004 0.003660 0.380071 0.616268 0.495854 0.504145 0.000001 0.133569 0.866430 0.000001 0.146534
0.853466 0.000000 0.016952 0.946602 0.000012 0.036434 0.471791 0.528208 0.000000 0.268454 0.727921 0.000000 0.003625 0.001289 0.750748 0.247963
0.000000 0.199493 0.000373 0.366922 0.433212 0.036011 0.146938 0.740656 0.076396 0.000000 0.005610 0.962293 0.032097 0.000000 0.000301 0.007844
0.973902 0.017953 0.000000 0.000994 0.010175 0.974344 0.014488 0.000000 0.001103 0.012407 0.979939 0.006551 0.000000 0.280839 0.695549 0.023612
0.954638 0.045362 0.999098 0.000902 0.158052 0.781132 0.060816 1.000000 0.989520 0.010480 0.229479 0.745513 0.025008 0.208203 0.777488 0.014309
0.090256 0.711304 0.198440 0.867462 0.087672 0.037612 0.007255 0.924845 0.017301 0.057854 0.919981 0.016932 0.063087 0.863116 0.008256 0.128627
0.801497 0.008196 0.190307 1.000000 0.647511 0.005802 0.346687 0.050704 0.949296 0.000003 0.111473 0.878891 0.009633 0.338099 0.411591 0.250309
0.180324 0.000082 0.819594 0.036712 0.741336 0.221952 0.147504 0.629868 0.222629 0.203958 0.796042 0.902006 0.097994 0.886894 0.113106 0.194974
0.805012 0.000014 0.309483 0.684420 0.000000 0.006097 0.148445 0.851555 0.006972 0.029261 0.556269 0.407499 0.000000 0.067618 0.910236 0.000000
0.022146 0.000160 0.548428 0.451412 0.000000 0.000549 0.588795 0.410656 0.000000 0.000263 0.569665 0.430072 0.000000 0.000731 0.002780 0.317902
0.678586 0.000000 0.001008 0.003969 0.326689 0.668335 0.000000 0.000145 0.000545 0.289446 0.707427 0.000000 0.002437 0.000251 0.000910 0.297276
0.699610 0.000000 0.001952 0.000388 0.558856 0.440756 0.000000 0.058150 0.240587 0.668836 0.032427 0.000000 0.057906 0.237862 0.671555 0.032677
0.000000 0.003945 0.055354 0.927282 0.013418 0.000000 0.001595 0.013087 0.971347 0.013972 0.000000 0.004001 0.061965 0.920346 0.013688 0.000000
0.022655 0.076021 0.847004 0.054320 0.000000 0.952510 0.047490 0.980120 0.019880 0.980421 0.019579 0.499146 0.500854 0.202500 0.782947 0.014554
0.228630 0.738688 0.032681 0.522898 0.386348 0.090311 0.000443 0.013202 0.986798 0.208786 0.002653 0.788561 0.034387 0.965613 0.014521 0.985479
0.091656 0.908344 0.176656 0.001772 0.821572 0.026434 0.973566 0.006360 0.001195 0.992445 0.157201 0.842799 0.004643 0.993598 0.001759 0.001279
0.998721 0.001899 0.473734 0.523511 0.000856 0.144670 0.855330 0.174219 0.825781 0.145028 0.833586 0.000000 0.021387 0.001190 0.004763 0.351889
0.642158 0.000000 0.056088 0.943910 0.000001 0.002098 0.026300 0.950645 0.020957 0.000000 0.228520 0.034195 0.481309 0.255976 0.019549 0.059869
0.838799 0.081784 0.023050 0.059949 0.834930 0.082071 0.040139 0.874276 0.085585 0.981130 0.018870 0.967835 0.032165 0.952821 0.047179 0.953103
0.046897 0.953445 0.046555 0.992382 0.007618 0.994768 0.005232 0.922404 0.025769 0.004851 0.046976 0.840986 0.014462 0.144552 0.758800 0.006900
0.234300 0.720069 0.005438 0.274493 0.869207 0.011301 0.119492 1.000000 1.000000 0.823284 0.013115 0.163602 0.074866 0.000536 0.924597 0.999474
0.000526 0.000006 0.999995 0.358625 0.641375 0.187685 0.726217 0.086099 0.179581 0.000081 0.820338 0.006528 0.601893 0.391359 0.000221 0.470922
0.528030 0.001048 0.035864 0.727949 0.236187 0.864033 0.000027 0.135941 0.208769 0.791232 0.214469 0.785531 0.070217 0.798048 0.131736 0.150308
0.849676 0.000016 0.162009 0.837991 0.261881 0.738119 0.000000 0.003563 0.037578 0.945791 0.013068 0.000000 0.051139 0.194516 0.716833 0.037511
0.000000 0.015965 0.052222 0.891674 0.040140 0.000000 0.032456 0.329190 0.618102 0.020253 0.314153 0.675379 0.010468 0.305566 0.683361 0.011073
0.334734 0.656139 0.009127 0.962009 0.037991 0.048281 0.869979 0.081741 0.007792 0.879313 0.112895 0.968473 0.031527 0.980788 0.019212 0.246088
0.746600 0.007313 1.000000 0.977112 0.022888 0.207898 0.775635 0.016467 0.098911 0.695523 0.205566 0.249542 0.680067 0.070391 0.616036 0.367919
0.015865 0.000179 0.912178 0.019761 0.068061 0.833782 0.009858 0.156360 0.002246 0.997754 0.754471 0.008277 0.237252 0.119153 0.000068 0.880779
0.131632 0.001327 0.000296 0.866745 0.197691 0.002132 0.800177 0.937556 0.062444 0.047679 0.000077 0.000118 0.952125 0.054612 0.000000 0.001131
0.944257 0.017318 0.982682 0.811679 0.188321 0.053483 0.905153 0.041363 0.103691 0.640653 0.255430 0.000226 0.035581 0.723494 0.240925 0.024049
0.816348 0.159604 0.048354 0.894285 0.057361 0.434833 0.311761 0.253405 0.114559 0.868862 0.000000 0.016579 0.000192 0.000748 0.205554 0.781668
0.000000 0.011838 0.359020 0.640979 0.000001 0.164288 0.823840 0.000000 0.011872 0.356043 0.643957 0.000000 0.205675 0.178569 0.530744 0.084997
0.000015 0.019549 0.059869 0.838799 0.081784 0.950090 0.049910 0.970252 0.029748 0.964448 0.035552 0.982055 0.017945 1.000000 0.143766 0.801753
0.054482 0.201029 0.749994 0.048977 0.932048 0.046831 0.001652 0.019469 0.854788 0.009857 0.135355 0.739510 0.007018 0.253472 0.638952 0.005046
0.356002 0.148379 0.851621 0.478448 0.003048 0.518504 0.114805 0.000860 0.001979 0.882356 0.023303 0.976697 0.171994 0.828006 0.464617 0.535383
0.654915 0.345085 0.035306 0.719143 0.245551 0.034999 0.714308 0.250693 0.211493 0.788507 0.974541 0.025459 0.106667 0.893309 0.000024 0.306770
0.693230 0.277171 0.722827 0.000002 0.247886 0.752114 0.045192 0.923194 0.000001 0.031614 0.213142 0.008339 0.401062 0.377457 0.032456 0.329190
0.618102 0.020253 0.955083 0.044917 0.980676 0.019324 0.970252 0.029748 0.949791 0.050209 0.999802 0.000198 0.017159 0.781505 0.201336 0.220856
0.000285 0.778859 0.597356 0.006395 0.396249 0.292807 0.004188 0.703005 0.073597 0.926403 0.108775 0.000935 0.000864 0.889426 0.029439 0.004256
0.966305 0.055861 0.944139 0.037370 0.962630 0.216804 0.002782 0.780414 0.120190 0.001383 0.878427 0.000006 0.995971 0.004023 0.000004 0.997994
0.002002 0.216182 0.783818 0.882604 0.117396 0.974298 0.025702 0.888029 0.111971 0.179463 0.820537 0.002833 0.833232 0.096221 0.067714 0.075917
0.924066 0.000017 0.104982 0.895015 0.000003 0.269722 0.275858 0.428911 0.025509 0.205413 0.225556 0.504212 0.064819 0.024469 0.079237 0.877563
0.018731 0.000000 0.082002 0.064997 0.765853 0.087148 0.082002 0.064997 0.765853 0.087148 0.032456 0.329190 0.618102 0.020253 0.000000 0.304535
0.674180 0.021285 0.032456 0.329190 0.618102 0.020253 0.956516 0.043484 0.955223 0.044777 0.954084 0.045916 0.945039 0.054961 0.000826 0.493307
0.505867 0.983700 0.016300 0.995095 0.004905 0.972609 0.027391 0.217314 0.763754 0.018932 0.218254 0.677540 0.104206 0.130481 0.642953 0.226566
0.736231 0.006817 0.256952 0.871123 0.013193 0.115684 0.115966 0.884034 0.051840 0.948160 0.038046 0.000422 0.961533 0.243958 0.756042 0.031327
0.968673 0.000000 0.232436 0.767564 0.314438 0.682562 0.003000 0.092340 0.901845 0.005815 0.092458 0.907542 0.034865 0.838574 0.126561 0.047671
0.840933 0.111396 0.813037 0.186963 0.939957 0.060043 0.053235 0.894583 0.000001 0.052182 0.038401 0.922081 0.000000 0.039517 0.249783 0.750216
0.000000 0.247798 0.042957 0.482401 0.226844 0.190892 0.224249 0.513234 0.071624 0.000000 0.210287 0.045312 0.509343 0.235058 0.190892 0.224249
0.513234 0.071624 0.000000 0.065127 0.325262 0.583351 0.026259 0.965326 0.031513 0.003161 0.879436 0.114235 0.006329 0.230098 0.731394 0.038509
0.847072 0.144252 0.007058 0.001617 0.941713 0.024331 0.001440 0.032516 0.828763 0.015626 0.155611 0.541478 0.003855 0.454667 0.779805 0.012863
0.207331 0.431398 0.568602 0.009914 0.990086 0.999062 0.000938 0.017014 0.982986 0.001486 0.998514 0.738428 0.257596 0.003976 0.033292 0.815799
0.150909 0.001592 0.002325 0.996082 0.061489 0.938511 0.027065 0.645024 0.325797 0.002114 0.025242 0.670964 0.301556 0.002239 0.036323 0.666252
0.297425 0.000000 0.316481 0.680877 0.002642 0.132917 0.867083 0.075443 0.924468 0.000088 0.137514 0.862486 0.148009 0.851991 0.157077 0.842923
0.109739 0.871873 0.000000 0.018388 0.008430 0.099335 0.886401 0.005834 0.000000 0.003123 0.019689 0.970984 0.006205 0.018835 0.108960 0.868314
0.003890 0.000000 0.104117 0.066971 0.734666 0.094245 0.107717 0.343228 0.525292 0.023763 0.000000 0.304535 0.674180 0.021285 0.032456 0.329190
0.618102 0.020253 0.960313 0.039687 0.951895 0.048105 0.962979 0.037021 0.070130 0.929870 0.832603 0.131026 0.036372 0.981290 0.018710 0.024903
0.809080 0.166017 0.156770 0.843230 0.111041 0.640927 0.248032 0.908499 0.027284 0.064217 0.899416 0.024483 0.076102 0.826280 0.011793 0.161927
0.871883 0.015057 0.113060 0.174589 0.002434 0.822978 0.059332 0.940668 0.114075 0.885925 0.981450 0.018550 0.002125 0.997875 0.972978 0.027022
0.005872 0.011245 0.982883 0.025623 0.974377 0.001261 0.031532 0.966317 0.000891 0.201881 0.798119 0.178478 0.821522 0.220375 0.779625 0.033502
0.887961 0.000002 0.078534 0.171877 0.828122 0.127064 0.851702 0.000000 0.021233 0.256402 0.743596 0.000002 0.243595 0.048529 0.493152 0.214724
0.202417 0.245652 0.496224 0.055708 0.223611 0.051034 0.513781 0.211574 0.117080 0.067683 0.715410 0.099827 0.082002 0.064997 0.765853 0.087148
0.019549 0.059869 0.838799 0.081784 0.053374 0.865143 0.081483 0.962979 0.037021 0.962979 0.037021 0.962979 0.037021 0.952888 0.047112 0.951762
0.048238 0.958066 0.041934 0.030227 0.623533 0.346190 0.000049 0.980991 0.019009 0.246431 0.753569 0.228595 0.749047 0.022359 0.214338 0.697959
0.087703 0.913362 0.027960 0.058678 0.832025 0.015781 0.152194 0.901172 0.021433 0.008141 0.069254 0.805709 0.009960 0.184331 0.874197 0.016723
0.109080 0.771019 0.012560 0.216422 0.634264 0.007459 0.358277 0.032206 0.000000 0.000204 0.967591 0.038573 0.961427 0.000000 0.999840 0.000160
0.000355 0.999007 0.000638 0.132636 0.000002 0.867362 0.168195 0.802235 0.029570 0.022374 0.582976 0.390190 0.004460 0.190715 0.809285 0.211502
0.788498 0.982781 0.017219 0.072535 0.927414 0.000051 0.078314 0.921664 0.000022 0.062377 0.937534 0.000090 0.078592 0.921375 0.000034 0.028662
0.916987 0.000001 0.054350 0.429987 0.274998 0.295015 0.217235 0.058918 0.522197 0.201651 0.220832 0.056808 0.539116 0.183244 0.109222 0.070656
0.729190 0.090932 0.113532 0.124854 0.704018 0.057596 0.963122 0.036878 0.957132 0.042868 0.958507 0.041493 0.986412 0.013588 0.986161 0.013839
0.963071 0.036929 0.960949 0.039051 0.001971 0.132116 0.865913 0.962506 0.037494 0.867676 0.127695 0.004629 0.965377 0.034623 0.979867 0.020133
0.872634 0.015879 0.111487 0.673405 0.011557 0.315038 0.782029 0.012283 0.205688 0.260267 0.000505 0.739229 1.000000 0.354636 0.006106 0.639259
0.405900 0.594100 0.059985 0.940015 0.133983 0.001939 0.864079 0.064285 0.000000 0.002998 0.932717 0.063014 0.003026 0.933960 0.999247 0.000753
0.019266 0.000486 0.980247 0.082425 0.917575 0.000000 0.000470 0.998977 0.000552 0.063594 0.670332 0.266073 0.316532 0.009284 0.674184 0.155803
0.821823 0.022374 0.188316 0.806814 0.004871 0.212229 0.787771 0.157924 0.842076 0.044479 0.764811 0.190710 0.792819 0.207181 0.051273 0.948596
0.000131 0.016210 0.878492 0.000071 0.105227 0.017287 0.886154 0.000045 0.096514 0.021007 0.896791 0.000014 0.082188 0.021461 0.903515 0.000003
0.075021 0.023196 0.901822 0.000008 0.074974 0.025778 0.909734 0.000004 0.064484 0.038047 0.897907 0.000003 0.064044 0.106835 0.893160 0.000006
0.045131 0.916514 0.000000 0.038354 0.204146 0.267450 0.482744 0.045660 0.182275 0.262053 0.501056 0.054616 0.188481 0.266623 0.494807 0.050089
0.003482 0.046381 0.950137 0.998523 0.001477 0.961641 0.038359 0.964506 0.035494 0.963900 0.036100 0.970203 0.029797 0.961495 0.038505 0.965767
0.034233 0.963192 0.036808 0.958344 0.041656 0.027222 0.679458 0.293320 0.978314 0.021687 0.972991 0.027009 1.000000 0.230100 0.726332 0.043568
0.608112 0.341976 0.049265 0.000647 0.833240 0.018996 0.147765 0.755275 0.013394 0.231330 0.782327 0.013171 0.204503 1.000000 0.021218 0.978782
0.034829 0.965171 0.976169 0.023831 0.937818 0.062182 0.095672 0.904328 0.009810 0.990190 0.026526 0.973474 0.014182 0.985818 0.949122 0.050878
0.989106 0.010894 0.974162 0.025838 0.035104 0.964896 0.000000 0.299166 0.678131 0.022703 0.198967 0.508667 0.292366 0.688603 0.311311 0.000086
0.130641 0.869359 0.155129 0.742235 0.102636 0.722047 0.277953 0.433561 0.566439 0.370435 0.255544 0.374021 0.019600 0.961163 0.010287 0.008949
0.011562 0.841827 0.000361 0.146250 0.011055 0.835866 0.000587 0.152492 0.031374 0.968113 0.000513 0.040932 0.896313 0.000002 0.062753 0.047104
0.896042 0.000001 0.056852 0.051805 0.897147 0.000001 0.051047 0.073537 0.926410 0.000053 0.032466 0.894920 0.000006 0.072609 0.159854 0.840146
0.219637 0.056471 0.538301 0.185591 0.117171 0.072234 0.718614 0.091981 0.104230 0.331126 0.536760 0.027884 0.096353 0.273034 0.576124 0.054488
0.069358 0.274388 0.605897 0.050357 1.000000 0.000000 0.963150 0.036850 0.965410 0.034590 0.015611 0.237966 0.745085 0.001337 0.000000 0.963144
0.036856 0.061389 0.444494 0.494117 0.963141 0.036859 0.033083 0.435447 0.514900 0.016570 0.015614 0.455307 0.528731 0.000348 0.000000 0.256697
0.743303 0.363666 0.636334 0.106791 0.805909 0.087300 0.848377 0.013506 0.138117 0.777914 0.013357 0.208729 0.890011 0.016942 0.093047 1.000000
0.001080 0.998920 0.011253 0.988747 0.238631 0.761369 0.096670 0.001530 0.901800 0.004193 0.995807 0.012695 0.000732 0.986573 0.999983 0.000017
0.000016 0.999984 0.000019 0.997705 0.002276 0.077363 0.922276 0.000361 0.167139 0.832861 0.189352 0.810648 0.211814 0.788186 0.267487 0.732513
0.868786 0.131214 0.976010 0.023990 0.008357 0.794627 0.001376 0.195639 0.001680 0.681307 0.003664 0.313349 0.039589 0.960098 0.000313 0.100424
0.899556 0.000020 0.119398 0.880587 0.000015 0.256275 0.743725 0.362531 0.637469 0.253387 0.066050 0.509727 0.170836 0.235524 0.292176 0.443669
0.028631 0.197738 0.274633 0.483672 0.043957 0.147496 0.071323 0.671988 0.109193 0.132527 0.074290 0.697190 0.095993 0.122496 0.332523 0.517057
0.027924 0.117569 0.381828 0.487581 0.013022 0.966082 0.033919 0.966082 0.033919 0.965101 0.034899 1.000000 0.000000 0.963348 0.036652 0.964828
0.035172 0.964577 0.035423 0.016989 0.196544 0.706550 0.079916 0.965473 0.034527 0.963217 0.036783 0.982806 0.017194 0.016932 0.806957 0.176111
0.056123 0.771042 0.172835 0.337811 0.662189 0.242227 0.730316 0.027457 0.241408 0.731247 0.027346 0.121691 0.605258 0.273052 0.164054 0.614476
0.221469 0.693336 0.009341 0.297323 0.777704 0.013412 0.208884 0.875999 0.017973 0.106027 1.000000 1.000000 0.011356 0.988644 0.104282 0.895718
0.524312 0.475688 0.008639 0.000897 0.990464 0.068957 0.931043 0.000000 0.953360 0.046640 0.890437 0.109563 0.305861 0.694139 0.804323 0.195677
0.388451 0.610636 0.000912 0.175770 0.000021 0.824208 0.180397 0.819603 0.182023 0.817977 0.028868 0.970169 0.000963 0.017732 0.977888 0.004380
0.051289 0.948711 0.224147 0.060456 0.544064 0.171334 0.135282 0.063380 0.674724 0.126615 0.151724 0.073837 0.667854 0.106585 0.116869 0.343233
0.515717 0.024182 1.000000 0.966082 0.033919 0.965325 0.034675 1.000000 0.992078 0.007922 0.217291 0.717441 0.065268 0.875793 0.017733 0.106475
1.000000 1.000000 0.593539 0.008737 0.397725 0.997848 0.002152 0.049785 0.003193 0.947023 0.003463 0.976063 0.020474 0.961793 0.038207 0.007383
0.992617 0.004758 0.995242 0.456923 0.543077 0.000467 0.999533 0.764342 0.235658 0.734207 0.265793 0.171348 0.811901 0.016751 0.171691 0.812380
0.015929 0.022639 0.575608 0.400125 0.001628 0.022827 0.572994 0.403004 0.001175 0.019974 0.559553 0.418667 0.001806 0.031832 0.962485 0.005683
0.026098 0.969455 0.004447 0.042913 0.951295 0.005792 0.293128 0.706872 0.021368 0.974995 0.003637 0.002187 0.699956 0.003057 0.294799 0.156562
0.078399 0.664773 0.100266 0.176415 0.306054 0.482969 0.034562 0.159905 0.100736 0.662900 0.076458 0.084901 0.041207 0.685200 0.188692 1.000000
0.000000 1.000000 1.000000 0.963201 0.036799 1.000000 0.993563 0.006437 0.983502 0.016498 0.981293 0.018707 0.222690 0.663753 0.113558 0.905459
0.026928 0.067613 0.836465 0.014314 0.149221 1.000000 0.170549 0.829451 0.000992 0.999008 0.217026 0.782974 0.020056 0.979944 0.987898 0.012102
0.030009 0.969991 0.000000 0.999538 0.000462 0.129457 0.870543 0.077985 0.922015 0.000000 0.563967 0.436033 0.000029 0.999971 0.182637 0.000020
0.817343 0.184308 0.000020 0.815672 0.195632 0.000009 0.804359 0.195386 0.000008 0.804606 0.139087 0.854952 0.005961 0.043748 0.949462 0.006790
0.019608 0.976451 0.003941 0.046196 0.580914 0.372890 0.490045 0.509955 0.627179 0.000702 0.372119 1.000000 1.000000 1.000000 1.000000 0.000000
1.000000 0.219549 0.679431 0.101020 0.225940 0.707284 0.066776 0.908661 0.027776 0.063563 1.000000 0.307220 0.006906 0.685874 1.000000 0.381393
0.618607 0.019787 0.980213 0.000000 0.107629 0.892371 0.206204 0.793796 0.189042 0.685850 0.125108 0.177011 0.000036 0.822953 0.177358 0.000039
0.822603 0.016248 0.544089 0.434172 0.005491 0.032634 0.597857 0.367882 0.001627 0.026716 0.586199 0.384620 0.002465 0.126934 0.866811 0.006255
0.064319 0.928569 0.007112 0.015342 0.529635 0.451738 0.003286 0.018553 0.978056 0.003390 0.024852 0.541397 0.431875 0.001876 0.175554 0.824446
0.199884 0.800116 0.044693 0.629679 0.325628 0.559236 0.009840 0.430924 0.652752 0.004431 0.342817 0.873302 0.126698 0.885924 0.114076 0.967573
0.032427 0.644043 0.005013 0.350945 0.016215 0.950134 0.010506 0.023146 1.000000 1.000000 1.000000 0.000881 0.747873 0.251246 0.932632 0.067368
0.254432 0.675387 0.070182 0.900293 0.029871 0.069835 0.877251 0.019432 0.103317 0.772110 0.014055 0.213834 0.045824 0.954176 0.000000 0.000025
0.993965 0.006010 0.000007 0.999984 0.000009 0.000610 0.999390 0.176554 0.808671 0.014775 0.196384 0.000004 0.803612 0.213321 0.000013 0.786666
0.215437 0.000008 0.784555 0.012023 0.968407 0.019570 0.018597 0.978631 0.002772 0.026746 0.973254 0.014969 0.946437 0.009228 0.029366 0.011161
0.886223 0.021688 0.080928 0.551446 0.010211 0.438343 0.499974 0.013242 0.486783 0.215938 0.062299 0.544526 0.177237 1.000000 1.000000 0.154456
0.845544 0.146943 0.592142 0.260915 0.807556 0.017882 0.174562 0.176650 0.823350 0.184437 0.003493 0.812069 0.099736 0.001925 0.898339 0.042700
0.002991 0.954309 0.035097 0.003273 0.961630 0.012467 0.987533 0.054700 0.945300 0.046316 0.000500 0.953184 0.014529 0.000570 0.984901 0.005260
0.994740 0.002689 0.997311 0.368746 0.631254 0.033548 0.415257 0.550425 0.000770 0.297354 0.702646 0.027630 0.965963 0.006407 0.012438 0.847804
0.139758 0.301501 0.642338 0.056161 0.187622 0.804038 0.008340 0.182426 0.807012 0.010563 0.212275 0.000000 0.787725 0.232324 0.000001 0.767675
0.028757 0.968824 0.002419 0.165650 0.600610 0.233740 0.023095 0.974776 0.002129 0.144069 0.855931 0.197695 0.802305 0.010726 0.463578 0.525696
0.023342 0.564559 0.412099 0.018097 0.527045 0.454858 0.001306 0.476909 0.209139 0.312646 0.308342 0.035493 0.656165 0.309254 0.035335 0.655411
0.406376 0.021065 0.572559 0.460533 0.015563 0.523905 0.072157 0.363407 0.564437 0.009000 0.840272 0.035407 0.115321 0.236768 0.072889 0.540486
0.149858 1.000000 1.000000 0.261362 0.698413 0.040225 0.310300 0.659993 0.029708 0.528313 0.446715 0.024971 0.453057 0.442776 0.103910 0.000257
0.898494 0.036898 0.000592 0.064016 0.869219 0.034030 0.000755 0.095995 0.878787 0.034184 0.000965 0.086064 0.834722 0.016559 0.148719 0.817791
0.023361 0.003758 0.155090 0.852291 0.021550 0.002079 0.124080 0.883101 0.033976 0.001030 0.081893 0.883006 0.033973 0.001028 0.081993 0.897527
0.031739 0.000000 0.070735 0.834637 0.016821 0.148541 0.813864 0.022705 0.003304 0.160127 0.880464 0.033900 0.000982 0.084654 0.810555 0.022152
0.002921 0.164372 0.778355 0.013242 0.208403 0.799130 0.019787 0.181083 0.428048 0.003682 0.568270 0.005252 0.993435 0.001313 0.708998 0.291002
0.000042 0.993786 0.006172 0.196120 0.798182 0.005699 0.244825 0.000001 0.755173 0.202240 0.000001 0.797759 0.275608 0.716574 0.007818 0.050777
0.614168 0.335055 0.271052 0.728948 0.052759 0.585094 0.362146 0.079036 0.611066 0.309898 0.145742 0.540474 0.313783 0.102727 0.568617 0.328656
0.008829 0.299484 0.691687 0.079549 0.625329 0.295122 0.098749 0.633420 0.267831 0.007789 0.360260 0.631951 0.194727 0.805273 0.035467 0.639776
0.324757 0.051914 0.326659 0.621426 0.001108 0.429653 0.251039 0.318200 0.077452 0.282075 0.640473 0.230050 0.121636 0.648314 0.006435 0.755792
0.068556 0.169217 0.880845 0.119155 0.977164 0.022836 0.012719 0.132044 0.855237 0.090916 0.278901 0.627254 0.002929 0.000000 0.267275 0.075185
0.501510 0.156029 0.231203 0.063335 0.529764 0.175698 0.268356 0.246937 0.454189 0.030518 1.000000 1.000000 1.000000 0.292728 0.662810 0.044462
0.839767 0.107908 0.042258 0.010067 0.884690 0.035662 0.001172 0.078476 0.888336 0.037997 0.001329 0.072338 0.854848 0.022890 0.002901 0.119361
0.845426 0.020326 0.001292 0.132957 0.845901 0.020411 0.001346 0.132342 0.877723 0.033984 0.000932 0.087361 0.892601 0.037106 0.000684 0.069609
0.897170 0.036945 0.000613 0.065273 0.854848 0.022890 0.002901 0.119361 0.816595 0.023161 0.003619 0.156625 0.812386 0.022458 0.003133 0.162023
0.906350 0.025136 0.000675 0.067838 0.675123 0.014878 0.309999 0.525029 0.005209 0.469763 0.670423 0.011117 0.318460 0.004366 0.995634 0.112586
0.851605 0.035809 0.023138 0.815311 0.161551 0.026817 0.942638 0.030545 0.325590 0.663226 0.011184 0.124901 0.875099 0.003151 0.388010 0.608838
0.174051 0.825949 0.219024 0.780976 0.032208 0.280433 0.687360 0.000516 0.318564 0.363144 0.317777 0.003871 0.643401 0.116733 0.235995 0.959855
0.040145 0.051919 0.948081 0.974548 0.025452 0.232830 0.767170 0.320181 0.679819 0.266875 0.733125 0.032862 0.608955 0.358114 0.000070 0.925809
0.074191 0.955449 0.044551 0.017401 0.609576 0.373024 0.076736 0.923264 0.267407 0.697906 0.034687 0.224717 0.703606 0.071677 0.299276 0.625265
0.075458 0.310199 0.624523 0.065278 0.300055 0.623392 0.076552 0.294568 0.624214 0.081219 0.299258 0.623156 0.077586 0.277088 0.622188 0.100724
0.315568 0.622667 0.061765 0.289278 0.612836 0.097886 0.238866 0.624781 0.136353 0.276976 0.622854 0.100170 0.877534 0.111348 0.008817 0.002302
0.928528 0.030234 0.001675 0.039563 0.883327 0.036499 0.001195 0.078979 0.894511 0.037038 0.000654 0.067797 0.814477 0.022807 0.003375 0.159341
0.819838 0.023674 0.003950 0.152538 0.829980 0.019690 0.003359 0.146971 0.774614 0.014823 0.210563 0.394371 0.605629 0.014599 0.985401 0.030511
0.003258 0.966231 0.010744 0.000759 0.988498 0.117151 0.882849 0.002334 0.997666 0.130511 0.869489 0.022441 0.002519 0.975041 0.104371 0.707195
0.188434 0.212112 0.700712 0.087176 0.217937 0.000000 0.782063 0.228057 0.729730 0.042213 0.292711 0.000002 0.707288 0.329441 0.666289 0.004269
0.966223 0.033777 1.000000 1.000000 1.000000 1.000000 1.000000 0.223931 0.618120 0.157949 0.231759 0.652058 0.116183 0.222310 0.633599 0.144091
0.213534 0.620943 0.165523 0.198514 0.599054 0.202432 0.209698 0.602600 0.187702 0.892919 0.037038 0.000667 0.069376 0.824953 0.024456 0.004431
0.146160 0.834352 0.017707 0.147941 0.848104 0.020804 0.001599 0.129493 0.825473 0.024536 0.004480 0.145511 0.817747 0.023354 0.003753 0.155146
0.871574 0.025930 0.008476 0.094020 0.877769 0.021692 0.100539 0.138226 0.003041 0.858732 0.010046 0.989954 0.007227 0.992773 0.008598 0.000901
0.990501 0.008466 0.000917 0.990616 0.021268 0.919687 0.001434 0.057612 0.018441 0.981559 0.410440 0.001421 0.588139 0.250907 0.000000 0.749093
0.242121 0.000000 0.757878 0.192013 0.807987 0.189159 0.810841 0.102056 0.897944 0.419514 0.214050 0.335828 0.030608 0.164410 0.520945 0.314645
1.000000 0.992773 0.007227 0.315178 0.647707 0.037115 0.236535 0.674062 0.089403 0.211325 0.619746 0.168929 0.319362 0.625178 0.055460 0.191731
0.599261 0.209008 0.295440 0.612742 0.091818 0.639871 0.334009 0.025798 0.000322 0.512280 0.451566 0.036078 0.000076 0.429802 0.462003 0.107834
0.000362 0.883297 0.041668 0.013214 0.061821 0.905993 0.049812 0.002405 0.041790 0.895959 0.036987 0.000632 0.066422 0.892478 0.037113 0.001406
0.069003 0.856273 0.027338 0.116389 0.777078 0.016531 0.000013 0.206378 0.785591 0.016676 0.000709 0.197024 1.000000 0.498024 0.005532 0.496444
1.000000 0.629084 0.011200 0.359717 0.143745 0.002959 0.853296 0.023814 0.976186 0.274747 0.002802 0.722451 0.068803 0.931197 0.039501 0.960499
0.008720 0.991280 1.000000 0.026138 0.003222 0.970640 0.002213 0.997787 0.002399 0.997601 0.432564 0.567436 0.000000 0.999879 0.000121 0.305846
0.688371 0.005783 0.191142 0.808858 0.191830 0.808170 0.189965 0.810035 0.191321 0.808679 0.891794 0.108206 0.950822 0.049178 0.331523 0.668477
0.309070 0.690930 0.304312 0.460080 0.235608 0.055399 0.030386 0.651368 0.262847 0.070461 0.219966 0.608661 0.100912 1.000000 0.251121 0.480086
0.260477 0.008316 0.975965 0.024035 0.897165 0.102835 0.981205 0.018795 0.086393 0.913607 1.000000 1.000000 1.000000 1.000000 0.013128 0.986872
0.026299 0.973701 0.191195 0.687544 0.121261 0.359507 0.586375 0.054118 0.587834 0.391516 0.020505 0.000145 0.546379 0.420400 0.033102 0.000119
0.819915 0.139162 0.036236 0.004687 0.830489 0.025277 0.004919 0.139314 0.822674 0.024108 0.004217 0.149002 0.764541 0.019017 0.216442 0.009737
0.990263 0.285597 0.714403 0.221400 0.005534 0.773065 0.141764 0.000086 0.858149 0.005362 0.994638 0.998261 0.001739 0.009296 0.976327 0.014377
0.046129 0.953871 0.027866 0.003150 0.968984 0.004213 0.995787 0.008586 0.000902 0.990513 0.002096 0.997904 0.056142 0.943858 0.000000 0.000015
0.994790 0.005195 0.717690 0.282310 0.299989 0.627422 0.007925 0.064664 0.002536 0.929513 0.067951 0.225261 0.774739 0.260312 0.735708 0.003980
0.336161 0.663839 0.007912 0.981468 0.010620 0.188244 0.811756 0.573704 0.426296 1.000000 0.942483 0.057517 0.228033 0.671054 0.100914 0.283535
0.590348 0.126116 0.401410 0.484484 0.113997 0.000109 0.470091 0.422941 0.106254 0.000714 0.819843 0.166079 0.012127 0.001952 0.843621 0.143247
0.010400 0.002732 0.832891 0.153266 0.011456 0.002387 0.918710 0.051805 0.002280 0.027206 0.858170 0.021832 0.002085 0.117913 0.810858 0.022938
0.002924 0.163279 0.888468 0.034130 0.001128 0.076274 0.812810 0.022529 0.003182 0.161480 0.813189 0.022592 0.003226 0.160993 0.817914 0.023380
0.003769 0.154937 0.804962 0.021177 0.002390 0.171471 0.812168 0.022421 0.003108 0.162304 0.810115 0.022078 0.002871 0.164936 0.800373 0.019921
0.001872 0.177834 0.890884 0.027466 0.000637 0.081014 0.884901 0.028287 0.000646 0.086166 0.687805 0.015918 0.296277 1.000000 1.000000 0.002633
0.997367 0.108132 0.891868 0.999359 0.000641 0.999915 0.000085 0.002435 0.997433 0.000131 0.011409 0.000717 0.987874 0.001986 0.998014 0.001317
0.998683 0.592038 0.407962 0.931965 0.068035 0.000723 0.014487 0.984790 0.000946 0.002476 0.996578 0.069071 0.930929 0.125851 0.812746 0.061402
0.240381 0.757339 0.002280 0.164074 0.796865 0.039061 0.190449 0.809551 0.266808 0.000000 0.733192 0.347083 0.652917 1.000000 0.979415 0.020585
0.560511 0.439489 0.253472 0.685490 0.061038 0.504503 0.459284 0.036121 0.000092 0.754706 0.227294 0.017158 0.000842 0.705886 0.272841 0.020726
0.000547 0.778816 0.204691 0.015383 0.001110 0.808610 0.176806 0.012995 0.001589 0.805512 0.179849 0.013140 0.001500 0.832880 0.153933 0.010911
0.002276 0.867155 0.119707 0.008566 0.004572 0.792458 0.151831 0.047409 0.008301 0.837559 0.111507 0.036895 0.014039 0.886226 0.040545 0.012530
0.060698 0.881979 0.054781 0.018667 0.044573 0.874006 0.073004 0.025102 0.027889 0.795487 0.148102 0.047360 0.009051 0.909807 0.055327 0.003110
0.031755 0.879402 0.040102 0.012615 0.067881 0.901478 0.043856 0.002033 0.052633 0.884146 0.037220 0.001193 0.077442 0.895239 0.034822 0.001287
0.068652 0.890338 0.034183 0.001163 0.074316 0.815601 0.022995 0.003505 0.157899 0.895812 0.032585 0.001125 0.070479 1.000000 1.000000 1.000000
0.005267 0.994733 0.009036 0.990385 0.000580 0.215573 0.784427 0.008585 0.991287 0.000128 0.008812 0.000966 0.990223 0.001773 0.998227 0.003369
0.996631 0.000240 0.999760 0.105199 0.321257 0.051842 0.521702 0.468871 0.376981 0.154149 0.148153 0.851040 0.000806 0.007577 0.975536 0.016887
0.348156 0.648689 0.003155 0.362317 0.635179 0.002504 0.213941 0.785977 0.000082 0.948961 0.051039 0.901620 0.098380 0.891204 0.108796 0.878451
0.121549 0.374925 0.625075 0.376195 0.623805 0.425641 0.574359 0.059771 0.395978 0.543558 0.000692 1.000000 1.000000 0.904643 0.066451 0.028907
0.912486 0.087514 0.605565 0.394435 0.033265 0.666737 0.299998 0.550768 0.384772 0.063760 0.000700 0.631469 0.288983 0.076892 0.002656 0.560459
0.352039 0.085932 0.001571 0.736275 0.199506 0.059341 0.004878 0.806574 0.181708 0.010416 0.001302 0.775853 0.166044 0.051090 0.007013 0.901626
0.031957 0.008028 0.058390 0.882991 0.103123 0.007277 0.006609 0.909472 0.057479 0.003161 0.029887 0.907210 0.071998 0.004657 0.016135 1.000000
0.083749 0.916251 0.010878 0.989122 0.008633 0.001087 0.990279 0.001431 0.998569 0.002171 0.007825 0.990005 0.262828 0.737172 0.240736 0.759264
0.005651 0.666070 0.328279 0.036683 0.934513 0.028803 0.013472 0.954609 0.031920 0.004612 0.969375 0.026013 0.999241 0.000759 0.024608 0.794887
0.180505 0.004032 0.991220 0.004748 0.159458 0.840542 0.164871 0.834827 0.000301 0.199255 0.800599 0.000146 0.493512 0.506488 0.408527 0.591473
0.468938 0.531062 0.000000 1.000000 0.081475 0.918525 0.000000 1.000000 1.000000 0.000000 1.000000 1.000000 0.152195 0.653210 0.194595 1.000000
0.967094 0.032906 1.000000 0.000000 0.835330 0.164670 0.455550 0.443487 0.100307 0.000656 0.910648 0.052538 0.002994 0.033820 0.877178 0.040508
0.012953 0.069361 1.000000 0.035811 0.000000 0.964189 0.000041 0.999959 0.008424 0.738005 0.253571 0.014983 0.706237 0.278780 0.437980 0.000000
0.562020 0.397624 0.602376 0.904212 0.095788 0.138965 0.861035 0.091006 0.908994 0.021743 0.978257 0.011443 0.988557 1.000000 0.933381 0.034473
0.032147 0.879763 0.033557 0.086680 1.000000 0.486807 0.014026 0.499167 1.000000 1.000000 0.030835 0.969165 0.000000 0.001468 0.998518 0.000014
0.000385 0.999615 0.012663 0.987336 0.000001 0.000007 0.999993 0.000015 0.999985 0.023129 0.976871 0.094931 0.905069 0.242105 0.757895 0.892862
0.107138 0.004008 0.941557 0.054435 0.000222 0.906033 0.093746 0.000000 0.999927 0.000072 0.003778 0.996222 0.016881 0.983119 0.054530 0.866776
0.078695 0.006875 0.980578 0.012547 0.504230 0.491531 0.004239 0.484372 0.515628 0.745430 0.254570 0.945320 0.054680 0.959767 0.040233 0.984446
0.015554 0.997147 0.002853 0.000000 0.658395 0.341605 0.462140 0.537860 0.553507 0.446493 0.660209 0.339791 0.660209 0.339791 0.000000 0.596523
0.403477 0.048636 0.951364 1.000000 0.005536 0.194266 0.800198 0.109568 0.890432 1.000000 0.965235 0.005093 0.029672 0.861868 0.138132 0.872945
0.127055 0.893705 0.106295 0.929513 0.070487 0.979171 0.020829 0.404535 0.005773 0.589691 0.009305 0.990695 0.187711 0.812289 0.023043 0.976957
0.005921 0.608598 0.385481 0.010881 0.911136 0.077983 0.000002 0.999993 0.000005 0.011488 0.700339 0.288172 0.000009 0.999991 0.011307 0.978858
0.009835 0.028419 0.941882 0.029699 0.938602 0.061398 0.061928 0.938072 0.212352 0.787648 0.276094 0.645484 0.078422 0.000000 0.601084 0.398916
0.432008 0.032887 0.495575 0.039530 0.000000 1.000000 0.005348 0.673805 0.320848 0.109889 0.720620 0.169491 0.016550 0.983450 0.624812 0.018594
0.356594 1.000000 1.000000 0.064040 0.935960 0.041318 0.958682 0.545000 0.455000 0.016630 0.983370 0.782141 0.217859 0.563638 0.436362 0.046067
0.953681 0.000252 0.077437 0.922432 0.000131 0.063738 0.936262 0.000000 0.009796 0.815898 0.174306 0.040627 0.827082 0.132291 0.014651 0.954323
0.031026 0.409494 0.590372 0.000134 0.060117 0.670935 0.268948 0.025875 0.660098 0.314027 0.430211 0.081803 0.461311 0.026674 0.158010 0.841990
0.181218 0.818782 0.151091 0.848909 0.000000 1.000000 1.000000 1.000000 1.000000 1.000000 1.000000 1.000000 1.000000 0.469397 0.011242 0.519362
0.510542 0.489458 0.214738 0.785262 0.190748 0.809252 0.001163 0.998835 0.000003 0.030587 0.969413 0.000000 0.065531 0.934469 0.000000 0.095097
0.904903 0.000000 1.000000 0.733122 0.266878 0.004173 0.990575 0.005252 0.000490 0.972188 0.027322 0.696781 0.301862 0.001357 0.955141 0.044859
0.980745 0.019255 0.005262 0.490991 0.503748 0.069715 0.638730 0.291555 0.059561 0.652294 0.288145 0.778478 0.049399 0.172123 0.968989 0.000882
0.030129 0.803415 0.070667 0.125918 1.000000 1.000000 1.000000 0.336819 0.003647 0.659534 0.000003 0.999997 0.592607 0.407393 0.090616 0.909384
0.170163 0.184886 0.155776 0.489175 0.000918 0.999082 0.007124 0.780760 0.212117 0.001470 0.622731 0.375799 0.000191 0.999809 0.579080 0.392834
0.028086 0.003451 0.727915 0.268633 0.229742 0.770258 0.026382 0.880291 0.093327 0.004388 0.918434 0.077178 0.977175 0.022825 0.042882 0.957118
0.095278 0.662860 0.241862 0.452903 0.463944 0.083153 0.114061 0.885939 0.154563 0.845437 0.920396 0.011812 0.067792 0.939025 0.013306 0.047669
0.867503 0.132497 0.961662 0.038338 1.000000 1.000000 0.000000 1.000000 0.190006 0.809994 0.174118 0.825882 0.999601 0.000399 0.996729 0.003271
0.102317 0.897683 0.000000 0.076786 0.923214 0.707551 0.292449 0.829154 0.170846 0.802163 0.197836 0.246317 0.753683 0.568684 0.002439 0.412543
0.016335 0.617449 0.382551 0.614363 0.385637 1.000000 0.075373 0.924627 0.047496 0.952504 0.136688 0.650808 0.212504 0.178760 0.677094 0.144146
0.132079 0.671387 0.196534 0.566539 0.323785 0.109373 0.000302 0.069537 0.930463 0.023049 0.976951 0.029641 0.970359 0.963308 0.036692 0.960909
0.039091 1.000000 0.254477 0.002611 0.742913 0.001785 0.998215 0.066788 0.933212 0.824555 0.175445 0.445086 0.554914 0.052480 0.947520 0.999538
0.000462 0.000977 0.522032 0.476991 0.122004 0.860674 0.017322 0.268972 0.436731 0.268315 0.025982 0.000795 0.996483 0.002722 0.008498 0.844083
0.147418 0.219326 0.780673 0.125605 0.671206 0.203189 0.133115 0.656435 0.210450 0.125620 0.656252 0.218129 0.049437 0.950563 0.895120 0.104880
0.961712 0.038288 1.000000 0.059132 0.940868 1.000000 1.000000 1.000000 0.039330 0.611707 0.348963 1.000000 0.065158 0.934842 0.071122 0.928878
0.044160 0.955840 0.000000 0.000000 1.000000 0.999810 0.000190 0.000021 0.999979 0.002546 0.997454 0.004124 0.424934 0.570942 0.044544 0.955456
0.039434 0.960566 0.157146 0.842854 0.110633 0.889367 0.129182 0.653498 0.217320 0.160611 0.672186 0.167203 0.044220 0.955779 0.741610 0.258390
0.799214 0.200786 0.782893 0.217107 0.819556 0.180444 0.797372 0.202628 0.833841 0.166159 0.895684 0.104316 0.960366 0.039634 0.028420 0.971580
1.000000 1.000000 1.000000 1.000000 0.214111 0.785889 0.000002 0.999998 0.000000 1.000000 0.584713 0.258268 0.157019 0.000212 0.999788 0.017842
0.718316 0.263842 0.630612 0.011557 0.357832 0.756609 0.000338 0.243053 1.000000 1.000000 0.209878 0.667572 0.122550 0.195738 0.657516 0.146746
0.584543 0.403533 0.011923 0.563496 0.421513 0.014991 0.083570 0.916430 0.061593 0.938407 0.107512 0.892489 0.303861 0.320942 0.375197 0.662743
0.337257 0.766998 0.233002 0.804126 0.195874 1.000000 1.000000 0.176038 0.823962 0.000030 0.895106 0.104864 0.618835 0.100542 0.268899 0.011725
0.000415 0.999585 1.000000 0.021977 0.978023 0.036401 0.963599 0.040388 0.959612 0.217832 0.782168 0.276318 0.723682 0.210282 0.789718 0.266600
0.733400 0.076648 0.555635 0.367717 0.273456 0.641037 0.085508 0.587485 0.377628 0.034887 0.342203 0.298877 0.358920 0.655552 0.344448 0.802506
0.197494 0.789671 0.210329 0.774766 0.225234 0.816227 0.183773 0.787164 0.212836 0.870400 0.129600 0.851321 0.148679 0.957497 0.042503 0.000098
0.999902 1.000000 1.000000 1.000000 1.000000 0.247612 0.752388 0.078664 0.921336 0.002721 0.997279 0.000916 0.971064 0.028020 0.000134 0.974174
0.025692 0.688562 0.189926 0.121512 1.000000 0.989499 0.010501 0.157288 0.842712 0.154414 0.845586 0.224006 0.775994 0.362990 0.637010 0.017156
0.503998 0.478846 0.369645 0.630355 0.049923 0.545292 0.404786 0.168013 0.642831 0.189156 0.228719 0.649811 0.121471 0.291901 0.637624 0.070474
0.271052 0.643837 0.085111 0.264824 0.646507 0.088669 0.599991 0.210642 0.188418 0.000949 0.640231 0.099716 0.260053 0.676487 0.086862 0.236651
0.334390 0.249193 0.416418 0.021988 0.630248 0.347764 0.836842 0.163158 0.838091 0.161909 0.873042 0.126958 1.000000 0.030620 0.969380 0.367185
0.632815 1.000000 0.611341 0.388659 1.000000 0.602460 0.397540 0.198344 0.801656 0.000231 0.596047 0.403721 0.002916 0.635859 0.361225 0.798384
0.201616 0.001156 0.722645 0.276199 0.020381 0.979619 0.061079 0.512879 0.426041 0.276807 0.642157 0.081035 0.350904 0.206592 0.442504 0.333723
0.254206 0.412071 0.696126 0.303874 0.870384 0.129616 0.298251 0.701749 0.061011 0.938989 0.033161 0.966838 0.340883 0.659117 0.004529 0.995471
0.562030 0.437970 0.411300 0.588700 0.927462 0.072538 0.005132 0.994868 0.004171 0.813918 0.181911 0.829098 0.149806 0.021096 0.233010 0.766990
0.071742 0.543433 0.384825 0.482171 0.517829 0.286979 0.639551 0.073470 0.270137 0.643359 0.086505 0.279203 0.637214 0.083584 0.283409 0.635357
0.081234 0.319099 0.625468 0.055434 0.678031 0.081632 0.240336 0.275088 0.269190 0.455721 0.231369 0.342786 0.425844 1.000000 0.447540 0.552460
0.997010 0.002990 0.067498 0.932502 0.150414 0.849586 0.000000 0.000903 0.996401 0.002697 0.315257 0.622249 0.062494 0.326934 0.617644 0.055422
0.323271 0.618122 0.058607 0.361992 0.599188 0.038820 0.424004 0.007492 0.550467 0.018036 0.419221 0.005781 0.556487 0.018511 0.347488 0.608005
0.044508 0.367708 0.598109 0.034183 0.446102 0.012567 0.525695 0.015636 0.475510 0.025399 0.486424 0.012667 0.559012 0.014915 0.421119 0.004954
0.528354 0.064046 0.399508 0.008092 0.534817 0.347664 0.117519 0.540907 0.102555 0.356538 0.613538 0.073715 0.312748 0.424050 0.173355 0.402595
0.712409 0.287591 0.008499 0.991501 0.237448 0.762552 0.158008 0.841992 0.432682 0.567318 1.000000 0.973170 0.026830 0.982746 0.017254 0.246230
0.753770 0.327417 0.617188 0.055395 0.380816 0.588606 0.030578 0.390319 0.583583 0.026099 0.469555 0.018487 0.498830 0.013128 0.600304 0.219144
0.180552 0.554088 0.330987 0.114925 0.725812 0.274188 1.000000 0.053161 0.946839 0.202824 0.797176 0.022803 0.977197 0.270024 0.729976 0.495092
0.504908 1.000000 0.990698 0.009302 0.601733 0.251244 0.147024 0.271929 0.247341 0.480730 0.620529 0.379471 1.000000 1.000000 0.470175 0.529825
0.019888 0.529344 0.450769 0.000000 1.000000 0.410206 0.006794 0.563221 0.019778 1.000000 1.000000 0.454994 0.545006 0.001473 0.537316 0.461211
0.468017 0.531983 1.000000 1.000000 1.000000 0.998860 0.001140 0.172363 0.827637 0.002337 0.795429 0.202234 1.000000 0.264688 0.735312 0.571459
0.084593 0.341465 0.002483 0.618353 0.381647 1.000000 1.000000 0.407672 0.592328 0.506147 0.493853 0.000363 0.628607 0.371030 0.245897 0.623899
0.130204 0.571577 0.090469 0.337954 0.612435 0.236210 0.151354 0.710278 0.026838 0.262885 1.000000 1.000000 0.000484 0.999516 0.000031 0.811047
0.188923 0.468509 0.053676 0.471123 0.006692 1.000000 1.000000 1.000000 1.000000 1.000000 1.000000 1.000000 0.000090 0.953914 0.045996 0.479494
0.021848 0.491198 0.007460 1.000000 1.000000 1.000000 0.024421 0.975579 1.000000 1.000000 1.000000 1.000000 1.000000 1.000000 1.000000 1.000000
1.000000 1.000000 1.000000 1.000000 1.000000 1.000000 1.000000 0.026884 0.973116 1.000000 1.000000 1.000000 1.000000 1.000000 1.000000 1.000000
1.000000 1.000000 1.000000 1.000000 1.000000 1.000000 1.000000 1.000000</float_array>
          <technique_common>
            <accessor source="#Mesh1.0Controller-Weights-array" count="8392">
              <param type="float"/>
            </accessor>
          </technique_common>
        </source>
        <joints>
          <input semantic="JOINT" source="#Mesh1.0Controller-Joints"/>
          <input semantic="INV_BIND_MATRIX" source="#Mesh1.0Controller-Matrices"/>
        </joints>
        <vertex_weights count="2953">
          <input semantic="JOINT" offset="0" source="#Mesh1.0Controller-Joints"/>
          <input semantic="WEIGHT" offset="1" source="#Mesh1.0Controller-Weights"/>
          <vcount>3 3 3 4 2 3 1 4 4 2 3 3 3 3 1 1 3 4 5 4 3 3 3 3 3 3 3 3 4 3 3 3 3 4 3 3 4 4 4 4 1 3 4 4 4 3 3 3 4 3 3 3 3 3 3 3 3 4 3 3 3 4 3 4 3 4 3 4 4 3 3 3 3 3 5 4 5 3 4 4 5 5 3 4 3 3 4 3 3 3 3 3 3 4 1 4 3 3 3 3 3 3 3 3 3 4 4 4 4 1 3 3 4 3 3 3 2 4 3 4 3 2 3 3 3 3 3 3 3 3 3 3 3 3 3 3 4 5 4 3 3 3 4 3 3 4 2 2 3 3 3 3 3 3 4 5 4 5 3 3 3 3 4 3 3 4 3 3 3 3 4 5 4 5 4 3 1 3 3 3 2 1 3 3 4 5 5 5 4 5 4 1 1 3 3 2 3 3 2 2 2 2 3 4 4 5 5 5 3 3 5 4 5 3 3 3 4 3 4 4 4 4 4 1 2 3 3 3 6 6 5 5 5 5 2 3 3 3 4 3 4 4 4 4 4 2 1 4 3 4 4 5 4 3 4 3 3 4 4 4 2 2 2 2 4 5 3 3 4 5 5 5 4 5 5 5 5 4 5 3 3 3 3 3 4 4 4 4 4 2 4 4 3 5 5 5 5 2 3 3 4 4 2 3 2 1 2 3 2 3 3 3 3 4 4 4 4 5 4 1 3 3 3 3 4 4 4 4 2 2 2 2 3 3 3 2 2 3 3 4 6 5 3 3 3 3 4 3 3 4 4 3 2 3 3 2 2 3 4 5 5 4 4 4 1 3 3 3 3 3 3 3 3 3 3 4 4 3 3 3 2 3 2 3 3 3 3 2 2 3 3 4 3 3 3 5 4 4 4 5 4 4 4 4 3 3 3 3 3 3 3 3 3 4 4 3 4 3 4 3 3 3 3 3 2 3 3 2 2 2 3 2 2 2 2 3 2 2 2 2 2 2 4 3 4 5 4 4 5 3 4 4 3 3 3 3 3 3 4 4 4 3 4 3 3 3 2 3 3 2 2 2 3 5 4 5 3 3 3 4 3 4 4 3 3 3 3 2 2 2 3 3 2 3 2 4 3 3 4 4 5 4 3 4 3 3 3 3 3 3 3 4 3 2 3 2 2 2 2 3 4 3 5 5 5 4 4 3 3 3 3 3 3 3 3 3 3 3 3 3 3 3 2 2 2 2 3 2 2 4 4 4 4 4 4 2 3 3 3 3 3 3 2 2 4 2 3 2 3 2 3 2 2 2 2 4 3 5 4 3 3 3 3 3 2 3 2 2 2 2 2 5 4 5 3 3 2 2 3 2 3 3 2 2 2 2 3 3 5 5 5 5 5 5 3 3 3 3 3 3 3 3 3 3 4 3 2 3 2 2 2 3 4 2 4 3 5 5 3 3 3 3 3 3 3 3 3 2 2 3 3 3 4 3 3 2 2 2 3 2 2 2 2 4 5 5 3 3 3 3 3 3 3 3 3 3 2 4 4 3 2 2 2 2 2 2 2 2 2 4 3 5 4 3 3 1 3 3 3 3 3 3 3 2 2 3 3 2 3 2 2 2 2 2 3 4 4 5 5 5 4 4 4 3 3 3 3 2 3 2 2 3 3 3 4 3 3 3 3 3 2 4 4 4 2 4 4 2 4 3 2 3 3 3 3 2 2 2 1 2 5 5 4 3 1 3 2 1 1 2 3 3 3 4 3 3 3 3 3 3 3 3 3 2 2 4 3 3 3 3 3 3 2 3 3 2 2 2 2 2 2 2 5 5 3 2 3 3 2 3 3 3 3 2 2 2 2 3 3 2 4 2 3 3 3 3 3 2 2 2 2 2 4 3 5 4 3 5 4 4 3 1 2 3 2 2 2 3 3 4 3 3 3 3 3 4 4 3 2 2 3 3 3 4 3 3 3 3 2 2 2 3 2 2 2 6 4 3 3 3 2 3 3 3 3 3 3 3 1 3 3 3 3 2 3 2 4 3 3 3 3 3 2 2 2 2 3 4 4 4 5 4 3 4 2 3 3 2 2 3 3 3 3 3 3 2 3 3 3 2 2 3 3 6 3 5 4 3 3 2 2 2 3 2 2 3 3 3 3 3 4 2 2 3 2 4 3 2 2 2 2 2 4 4 4 5 3 2 1 3 1 2 2 2 2 3 3 3 2 2 4 3 3 2 2 2 2 2 2 3 3 5 4 5 4 4 1 3 2 2 2 3 3 3 4 3 3 2 4 2 2 2 2 2 2 2 2 4 2 5 5 5 5 5 2 2 3 3 3 3 2 2 2 2 2 3 2 2 2 2 4 2 2 3 2 4 3 2 3 3 3 3 3 3 3 3 3 3 2 3 2 4 3 2 3 6 4 4 5 5 4 3 3 3 3 3 3 3 3 3 3 3 3 3 3 2 2 3 2 3 4 5 5 3 3 3 4 4 3 3 3 3 4 4 3 2 2 3 3 3 2 3 4 3 5 5 4 3 2 3 3 3 4 4 4 3 3 2 2 2 2 2 3 2 3 3 2 2 5 3 2 3 3 3 3 3 3 3 3 2 2 2 1 2 1 2 2 2 2 2 2 2 2 2 3 3 3 2 2 3 3 3 3 2 2 4 4 3 2 3 2 3 3 3 3 3 3 3 2 2 2 2 3 4 2 3 5 5 4 5 4 3 3 3 3 3 3 3 3 3 2 2 1 2 2 2 2 2 2 3 3 4 5 2 3 2 3 3 3 3 3 3 1 4 4 4 2 3 2 2 4 3 3 5 6 5 5 5 4 1 3 2 2 2 3 3 3 3 3 1 2 2 3 3 3 3 3 4 4 4 4 5 5 5 5 4 2 2 2 2 3 3 2 3 3 3 3 3 3 3 2 3 3 3 3 4 4 2 4 2 4 5 5 5 5 2 2 2 3 3 3 3 3 3 3 3 3 2 2 4 2 3 4 3 4 4 2 2 2 3 3 3 3 3 4 3 4 4 4 5 4 5 5 5 3 2 2 3 1 2 3 3 3 4 3 3 3 3 1 3 2 4 3 3 3 3 2 2 2 3 4 2 5 4 4 4 4 5 5 6 6 4 5 5 5 5 5 5 2 2 2 2 3 3 4 2 3 2 2 2 3 2 3 2 3 2 4 2 2 4 5 3 5 4 4 4 3 2 2 2 2 2 2 2 4 3 3 3 3 1 1 3 3 2 2 2 3 3 4 3 3 3 2 2 3 3 2 3 5 5 5 4 3 3 3 2 3 3 2 2 3 1 2 3 3 3 4 3 3 2 3 3 4 3 2 4 4 2 2 3 4 3 3 3 3 4 6 3 4 3 5 4 2 2 2 2 1 3 3 4 3 3 3 2 3 4 2 2 2 2 3 3 2 2 3 2 3 2 4 4 4 2 2 2 2 2 3 3 3 3 2 4 3 2 2 3 3 3 3 2 2 2 2 2 4 3 3 4 4 5 4 4 4 4 4 2 2 2 2 3 2 2 2 3 3 3 3 3 2 2 3 2 3 2 3 3 2 3 3 2 2 4 4 3 4 5 4 5 4 3 3 3 4 4 3 3 3 2 2 2 2 2 3 3 3 2 4 4 4 3 2 3 2 2 2 4 5 4 5 4 4 4 4 2 2 2 2 3 2 3 2 3 3 3 3 3 3 2 2 2 2 2 3 2 4 2 2 2 4 2 4 3 4 4 4 4 4 4 3 2 2 2 2 2 2 4 2 2 3 3 3 3 4 3 3 3 3 4 2 3 3 3 3 4 2 2 2 3 3 3 3 4 3 4 4 4 4 2 2 2 2 2 2 2 3 2 3 2 2 3 3 3 3 1 3 2 2 3 4 3 2 3 3 3 3 3 3 3 2 2 3 2 3 4 4 4 4 4 4 4 3 4 4 4 4 3 2 2 2 2 2 2 2 2 2 3 2 2 1 3 4 3 3 3 1 2 2 2 2 2 2 2 2 2 2 2 3 3 3 3 2 3 2 2 3 4 4 4 3 4 4 4 3 4 2 4 4 4 4 4 2 2 2 5 2 3 2 4 5 2 2 3 3 3 3 1 2 2 2 3 2 3 2 2 3 3 2 2 2 2 2 2 4 4 3 3 3 2 2 4 4 4 4 4 4 4 2 2 2 2 2 2 2 4 2 2 2 3 3 2 3 3 3 3 3 3 3 1 1 2 2 2 3 3 2 2 2 2 3 3 2 2 3 3 2 4 4 4 4 1 2 2 1 2 3 3 1 1 3 2 3 3 2 2 2 2 2 2 2 3 3 4 4 4 3 3 3 2 3 4 4 4 4 4 2 1 1 2 1 2 2 2 3 3 3 1 2 2 2 2 2 3 2 2 3 2 2 3 3 3 3 3 3 3 3 2 3 1 1 1 2 1 3 3 3 1 3 1 2 3 2 2 3 3 3 4 4 4 3 3 4 3 4 2 2 3 3 3 2 2 2 3 4 1 1 1 3 2 3 3 3 3 3 3 3 2 3 3 3 3 3 3 2 4 4 3 3 4 1 1 2 3 3 2 3 3 3 3 2 2 3 3 2 2 2 4 2 3 3 3 3 3 3 3 3 3 3 2 2 3 3 3 4 3 3 3 3 3 4 4 1 1 3 3 3 4 4 4 4 3 4 4 4 4 4 3 4 4 4 3 3 3 3 2 3 3 3 3 3 3 2 3 3 3 3 3 3 3 3 2 3 3 4 3 3 4 2 2 3 5 4 4 4 1 1 1 3 4 4 4 4 4 4 4 4 4 4 4 4 4 3 3 3 2 3 3 3 3 2 3 2 2 3 4 4 2 2 2 2 2 2 4 2 2 3 2 3 3 3 3 3 3 3 3 3 3 3 3 4 4 4 4 4 4 4 3 2 2 3 3 2 2 2 3 3 3 3 3 3 3 2 1 1 1 1 1 3 3 3 3 3 3 4 4 3 4 4 4 4 3 3 2 2 3 3 4 2 3 3 3 2 2 2 4 3 1 2 3 3 3 3 3 3 4 4 4 4 4 4 4 3 4 4 1 3 1 3 3 2 3 2 2 2 1 3 2 2 2 3 3 2 2 2 2 2 2 2 2 3 4 4 1 4 2 2 2 2 1 1 1 1 2 2 3 3 4 4 4 4 4 3 2 2 3 3 2 2 3 2 3 2 3 2 3 3 2 4 3 2 3 2 3 2 2 1 2 3 3 4 4 4 4 4 4 4 4 4 4 4 4 4 4 4 4 4 4 3 1 1 2 2 2 2 3 3 2 2 2 2 3 3 2 3 3 3 2 3 2 1 2 2 3 4 4 4 4 4 4 4 4 4 4 4 4 4 4 4 4 4 4 4 4 4 4 1 1 1 2 3 2 3 3 2 2 2 4 3 3 3 3 3 3 2 2 2 2 2 2 2 4 1 1 3 2 2 3 4 4 4 4 4 4 4 4 4 4 1 2 2 3 2 3 2 2 3 3 3 3 2 3 3 2 3 3 2 2 2 2 2 2 1 2 1 3 1 2 2 2 4 4 4 1 3 2 3 3 3 2 2 2 2 2 2 1 3 3 1 3 1 1 3 3 2 3 2 2 2 2 2 2 3 3 3 2 2 3 3 3 2 2 2 2 2 2 3 2 2 2 2 3 2 1 3 2 1 3 2 2 2 2 2 3 2 2 2 3 3 3 3 2 3 3 2 2 2 3 3 4 2 3 3 2 3 1 1 2 2 2 2 2 2 3 3 3 3 3 3 3 3 3 4 2 2 2 2 1 1 1 1 1 1 1 3 2 2 2 3 3 3 2 2 2 3 3 3 2 2 3 3 3 3 3 3 1 1 1 3 2 2 2 4 2 3 3 2 3 3 2 3 3 2 2 3 3 2 2 3 3 2 2 1 1 2 2 2 2 2 3 2 2 2 2 2 4 2 2 1 2 2 3 3 3 4 2 2 2 2 2 1 3 2 2 2 2 2 2 3 3 4 3 3 2 3 3 3 2 2 2 1 2 1 1 1 3 1 2 2 3 2 2 2 2 3 2 2 2 2 3 3 2 2 2 2 2 2 2 2 2 2 1 1 1 1 2 2 2 3 2 3 3 3 1 1 3 3 3 3 2 2 2 3 2 2 2 1 1 2 3 4 2 1 2 2 2 2 2 2 2 3 3 3 3 2 2 2 2 2 2 2 2 2 2 1 1 1 1 2 2 2 3 3 3 1 2 2 2 2 2 3 2 3 3 3 3 3 3 4 3 3 3 3 2 2 2 1 2 2 1 2 1 2 2 3 3 2 3 2 3 3 3 3 2 2 2 2 2 2 2 2 2 2 2 3 3 2 3 2 3 3 3 3 3 3 3 3 1 2 2 2 3 3 3 3 3 3 4 4 3 3 4 4 4 4 3 3 3 3 2 2 2 2 2 1 2 2 2 3 3 3 4 3 3 2 1 2 2 2 2 2 1 2 3 3 2 1 1 2 3 2 4 1 1 2 3 2 1 1 1 2 2 3 1 2 4 2 1 1 2 2 3 3 3 3 3 1 1 2 3 4 1 1 1 1 1 1 1 3 4 1 1 1 2 1 1 1 1 1 1 1 1 1 1 1 1 1 1 1 2 1 1 1 1 1 1 1 1 1 1 1 1 1 1 1</vcount>
          <v>0 1 1 2 2 3 0 4 1 5 2 6 0 7 1 8 2 9 3 10 4 11 5 12 6 13 3 14 4 15 3 16 4 17 7 18 4 19 3 20 4 21 8 22 9 23 3 24 4 25 8 26 9 27 3 28 4 29 0 30 1 31 2 32 10 33 11 34 12 35 10 36 11 37 12 38 10 39 11 40 12 41 4 42 4 43 0 44 1 45 2 46 3 47 4 48 5 49 6 50 3 51 4 52 5 53 8 54 9 55 3 56 4 57 8 58 9 59 10 60 11 61 12 62 10 63 11 64 12 65 10 66 11 67 12 68 10 69 11 70 12 71 0 72 1 73 2 74 0 75 1 76 2 77 3 78 4 79 5 80 10 81 11 82 12 83 3 84 4 85 5 86 6 87 3 88 4 89 7 90 10 91 11 92 12 93 0 94 1 95 2 96 0 97 1 98 2 99 3 100 4 101 8 102 9 103 3 104 4 105 7 106 10 107 11 108 12 109 13 110 14 111 15 112 16 113 13 114 14 115 15 116 16 117 13 118 14 119 15 120 16 121 3 122 4 123 5 124 6 125 4 126 3 127 4 128 5 129 13 130 14 131 15 132 16 133 13 134 14 135 15 136 16 137 13 138 14 139 15 140 16 141 9 142 17 143 18 144 9 145 17 146 18 147 9 148 17 149 18 150 3 151 4 152 5 153 6 154 3 155 4 156 5 157 3 158 4 159 5 160 3 161 4 162 7 163 3 164 4 165 7 166 10 167 11 168 12 169 9 170 17 171 18 172 9 173 17 174 18 175 9 176 17 177 18 178 13 179 14 180 15 181 16 182 9 183 17 184 18 185 9 186 17 187 18 188 3 189 5 190 6 191 3 192 4 193 5 194 6 195 3 196 4 197 5 198 3 199 4 200 5 201 6 202 3 203 4 204 5 205 4 206 8 207 9 208 17 209 4 210 8 211 9 212 4 213 8 214 9 215 17 216 13 217 14 218 15 219 16 220 9 221 17 222 18 223 9 224 17 225 18 226 3 227 5 228 6 229 3 230 5 231 6 232 4 233 8 234 9 235 4 236 7 237 13 238 14 239 15 240 4 241 7 242 13 243 14 244 4 245 7 246 13 247 14 248 15 249 10 250 11 251 12 252 13 253 14 254 15 255 16 256 13 257 14 258 15 259 16 260 4 261 7 262 13 263 14 264 15 265 4 266 7 267 13 268 14 269 15 270 4 271 8 272 9 273 4 274 7 275 13 276 14 277 9 278 17 279 18 280 3 281 5 282 6 283 3 284 4 285 5 286 6 287 3 288 5 289 6 290 3 291 5 292 6 293 3 294 5 295 6 296 3 297 5 298 6 299 3 300 5 301 6 302 3 303 4 304 7 305 3 306 4 307 8 308 9 309 4 310 4 311 7 312 13 313 14 314 4 315 8 316 9 317 0 318 1 319 2 320 10 321 11 322 12 323 0 324 1 325 2 326 9 327 17 328 18 329 3 330 5 331 6 332 3 333 5 334 6 335 3 336 5 337 6 338 3 339 5 340 6 341 3 342 4 343 5 344 6 345 3 346 4 347 5 348 6 349 3 350 4 351 5 352 6 353 4 354 8 355 9 356 17 357 4 358 4 359 8 360 9 361 4 362 8 363 9 364 3 365 4 366 7 367 13 368 0 369 1 370 2 371 0 372 1 373 2 374 9 375 17 376 18 377 5 378 6 379 13 380 14 381 15 382 16 383 3 384 5 385 6 386 13 387 14 388 15 389 16 390 9 391 17 392 18 393 5 394 6 395 3 396 5 397 6 398 3 399 5 400 6 401 3 402 5 403 6 404 3 405 5 406 6 407 3 408 5 409 6 410 3 411 5 412 6 413 3 414 5 415 6 416 3 417 5 418 6 419 3 420 5 421 6 422 3 423 5 424 6 425 3 426 5 427 6 428 3 429 5 430 6 431 3 432 5 433 6 434 3 435 5 436 6 437 3 438 4 439 5 440 6 441 4 442 8 443 9 444 17 445 18 446 3 447 4 448 8 449 9 450 4 451 8 452 9 453 4 454 7 455 13 456 4 457 8 458 9 459 4 460 7 461 13 462 14 463 0 464 1 465 2 466 14 467 15 468 16 469 13 470 14 471 15 472 16 473 5 474 6 475 5 476 6 477 3 478 5 479 6 480 3 481 5 482 6 483 3 484 5 485 6 486 3 487 5 488 6 489 3 490 5 491 6 492 3 493 5 494 6 495 3 496 4 497 5 498 6 499 4 500 7 501 13 502 14 503 15 504 4 505 7 506 13 507 14 508 4 509 7 510 13 511 14 512 15 513 4 514 8 515 9 516 4 517 7 518 13 519 10 520 11 521 12 522 9 523 17 524 18 525 13 526 14 527 15 528 16 529 3 530 5 531 6 532 9 533 17 534 18 535 13 536 14 537 15 538 16 539 9 540 17 541 18 542 3 543 5 544 6 545 3 546 5 547 6 548 3 549 5 550 6 551 8 552 9 553 17 554 18 555 4 556 8 557 9 558 17 559 18 560 8 561 9 562 17 563 18 564 3 565 4 566 7 567 13 568 14 569 3 570 4 571 8 572 9 573 4 574 8 575 9 576 4 577 9 578 17 579 18 580 9 581 17 582 18 583 14 584 15 585 16 586 5 587 6 588 6 589 9 590 17 591 18 592 9 593 17 594 18 595 8 596 9 597 17 598 18 599 4 600 7 601 13 602 14 603 15 604 4 605 7 606 13 607 14 608 15 609 4 610 7 611 13 612 14 613 15 614 3 615 4 616 5 617 6 618 4 619 7 620 13 621 14 622 15 623 3 624 4 625 7 626 13 627 4 628 4 629 10 630 11 631 12 632 0 633 1 634 2 635 14 636 15 637 6 638 19 639 20 640 6 641 19 642 20 643 6 644 20 645 5 646 6 647 5 648 6 649 5 650 6 651 9 652 17 653 18 654 8 655 9 656 17 657 18 658 13 659 14 660 15 661 16 662 4 663 7 664 13 665 14 666 15 667 4 668 7 669 13 670 14 671 15 672 4 673 7 674 13 675 14 676 15 677 3 678 5 679 6 680 3 681 5 682 6 683 4 684 7 685 13 686 14 687 15 688 3 689 4 690 8 691 9 692 3 693 4 694 7 695 13 696 14 697 4 698 7 699 13 700 0 701 1 702 2 703 10 704 11 705 12 706 10 707 11 708 12 709 20 710 0 711 1 712 2 713 0 714 1 715 2 716 19 717 0 718 1 719 2 720 19 721 10 722 11 723 12 724 20 725 10 726 11 727 12 728 20 729 10 730 11 731 12 732 20 733 6 734 5 735 6 736 9 737 17 738 18 739 9 740 17 741 18 742 3 743 5 744 6 745 4 746 7 747 13 748 14 749 15 750 16 751 4 752 7 753 13 754 14 755 15 756 16 757 4 758 7 759 13 760 14 761 15 762 4 763 8 764 9 765 17 766 18 767 4 768 7 769 13 770 14 771 15 772 4 773 8 774 9 775 17 776 18 777 4 778 7 779 4 780 7 781 13 782 0 783 1 784 2 785 0 786 1 787 2 788 10 789 11 790 12 791 20 792 10 793 11 794 12 795 10 796 11 797 12 798 20 799 10 800 11 801 12 802 20 803 0 804 1 805 2 806 19 807 0 808 1 809 2 810 19 811 0 812 1 813 2 814 19 815 6 816 19 817 6 818 13 819 14 820 15 821 16 822 9 823 17 824 18 825 8 826 9 827 17 828 18 829 8 830 9 831 17 832 18 833 4 834 7 835 13 836 14 837 15 838 3 839 4 840 7 841 13 842 10 843 11 844 12 845 10 846 11 847 12 848 20 849 10 850 11 851 12 852 10 853 11 854 12 855 0 856 1 857 2 858 19 859 0 860 1 861 2 862 19 863 0 864 1 865 2 866 19 867 14 868 15 869 5 870 6 871 5 872 6 873 5 874 6 875 8 876 9 877 17 878 18 879 4 880 7 881 13 882 14 883 15 884 9 885 17 886 18 887 3 888 5 889 6 890 8 891 9 892 17 893 18 894 4 895 8 896 9 897 17 898 18 899 4 900 7 901 13 902 14 903 15 904 4 905 8 906 9 907 17 908 18 909 4 910 8 911 9 912 17 913 4 914 7 915 13 916 14 917 15 918 4 919 8 920 9 921 17 922 18 923 4 924 8 925 9 926 17 927 18 928 4 929 7 930 13 931 14 932 15 933 3 934 4 935 8 936 9 937 4 938 7 939 13 940 14 941 15 942 0 943 1 944 2 945 0 946 1 947 2 948 10 949 11 950 12 951 10 952 11 953 12 954 0 955 1 956 2 957 0 958 1 959 2 960 19 961 0 962 1 963 2 964 19 965 10 966 11 967 12 968 20 969 10 970 11 971 12 972 20 973 10 974 11 975 12 976 20 977 14 978 15 979 8 980 9 981 17 982 18 983 13 984 14 985 15 986 16 987 9 988 17 989 18 990 4 991 8 992 9 993 17 994 18 995 4 996 7 997 13 998 14 999 15 1000 4 1001 7 1002 13 1003 14 1004 15 1005 4 1006 7 1007 13 1008 14 1009 15 1010 4 1011 7 1012 4 1013 8 1014 9 1015 10 1016 11 1017 12 1018 0 1019 1 1020 2 1021 19 1022 0 1023 1 1024 2 1025 19 1026 17 1027 18 1028 6 1029 19 1030 20 1031 5 1032 6 1033 6 1034 6 1035 20 1036 5 1037 6 1038 19 1039 5 1040 6 1041 3 1042 5 1043 6 1044 3 1045 5 1046 6 1047 3 1048 5 1049 6 1050 3 1051 5 1052 6 1053 8 1054 9 1055 17 1056 18 1057 3 1058 4 1059 5 1060 6 1061 8 1062 9 1063 17 1064 18 1065 3 1066 4 1067 8 1068 9 1069 3 1070 4 1071 7 1072 13 1073 14 1074 3 1075 4 1076 7 1077 13 1078 4 1079 10 1080 11 1081 12 1082 10 1083 11 1084 12 1085 0 1086 1 1087 2 1088 10 1089 11 1090 12 1091 0 1092 1 1093 2 1094 19 1095 10 1096 11 1097 12 1098 20 1099 10 1100 11 1101 12 1102 20 1103 0 1104 1 1105 2 1106 19 1107 17 1108 18 1109 17 1110 18 1111 17 1112 18 1113 17 1114 18 1115 9 1116 17 1117 18 1118 9 1119 17 1120 18 1121 6 1122 19 1123 20 1124 6 1125 19 1126 5 1127 6 1128 9 1129 17 1130 18 1131 9 1132 17 1133 18 1134 13 1135 14 1136 15 1137 16 1138 4 1139 7 1140 13 1141 14 1142 15 1143 16 1144 4 1145 7 1146 13 1147 14 1148 15 1149 0 1150 1 1151 2 1152 0 1153 1 1154 2 1155 10 1156 11 1157 12 1158 0 1159 1 1160 2 1161 10 1162 11 1163 12 1164 20 1165 0 1166 1 1167 2 1168 10 1169 11 1170 20 1171 0 1172 1 1173 2 1174 19 1175 10 1176 11 1177 12 1178 20 1179 14 1180 15 1181 16 1182 14 1183 15 1184 6 1185 19 1186 20 1187 14 1188 15 1189 16 1190 6 1191 20 1192 6 1193 20 1194 3 1195 5 1196 6 1197 4 1198 7 1199 13 1200 14 1201 4 1202 7 1203 13 1204 14 1205 15 1206 3 1207 4 1208 7 1209 13 1210 14 1211 3 1212 4 1213 8 1214 9 1215 3 1216 4 1217 8 1218 9 1219 3 1220 4 1221 7 1222 13 1223 4 1224 4 1225 21 1226 22 1227 0 1228 1 1229 2 1230 0 1231 1 1232 2 1233 10 1234 11 1235 12 1236 0 1237 1 1238 2 1239 0 1240 1 1241 2 1242 0 1243 1 1244 2 1245 10 1246 11 1247 12 1248 10 1249 11 1250 12 1251 0 1252 1 1253 2 1254 0 1255 1 1256 2 1257 19 1258 0 1259 1 1260 2 1261 19 1262 0 1263 1 1264 19 1265 0 1266 1 1267 19 1268 10 1269 11 1270 20 1271 17 1272 18 1273 14 1274 15 1275 23 1276 14 1277 15 1278 14 1279 15 1280 23 1281 9 1282 17 1283 18 1284 14 1285 15 1286 16 1287 14 1288 15 1289 16 1290 17 1291 18 1292 14 1293 15 1294 9 1295 17 1296 18 1297 9 1298 17 1299 18 1300 13 1301 14 1302 15 1303 16 1304 3 1305 5 1306 6 1307 3 1308 5 1309 6 1310 3 1311 5 1312 6 1313 4 1314 8 1315 9 1316 17 1317 18 1318 3 1319 4 1320 8 1321 9 1322 3 1323 4 1324 7 1325 13 1326 3 1327 4 1328 7 1329 13 1330 4 1331 7 1332 13 1333 14 1334 15 1335 3 1336 4 1337 7 1338 13 1339 3 1340 4 1341 8 1342 9 1343 3 1344 4 1345 8 1346 9 1347 3 1348 4 1349 8 1350 9 1351 0 1352 1 1353 2 1354 0 1355 1 1356 2 1357 0 1358 1 1359 2 1360 0 1361 1 1362 2 1363 10 1364 11 1365 12 1366 10 1367 11 1368 12 1369 10 1370 11 1371 12 1372 10 1373 11 1374 12 1375 0 1376 1 1377 2 1378 0 1379 1 1380 2 1381 19 1382 10 1383 11 1384 12 1385 20 1386 10 1387 11 1388 20 1389 10 1390 11 1391 12 1392 20 1393 0 1394 1 1395 19 1396 10 1397 11 1398 12 1399 20 1400 10 1401 11 1402 20 1403 10 1404 11 1405 20 1406 0 1407 1 1408 19 1409 17 1410 18 1411 24 1412 14 1413 15 1414 16 1415 17 1416 18 1417 9 1418 17 1419 18 1420 9 1421 17 1422 18 1423 14 1424 15 1425 17 1426 18 1427 14 1428 15 1429 14 1430 15 1431 16 1432 14 1433 15 1434 14 1435 15 1436 14 1437 15 1438 17 1439 18 1440 6 1441 19 1442 20 1443 6 1444 19 1445 6 1446 20 1447 6 1448 19 1449 6 1450 19 1451 6 1452 20 1453 5 1454 6 1455 13 1456 14 1457 15 1458 16 1459 3 1460 5 1461 6 1462 8 1463 9 1464 17 1465 18 1466 3 1467 4 1468 7 1469 13 1470 14 1471 3 1472 4 1473 8 1474 9 1475 3 1476 4 1477 8 1478 9 1479 3 1480 4 1481 7 1482 13 1483 14 1484 4 1485 7 1486 13 1487 4 1488 7 1489 13 1490 14 1491 4 1492 7 1493 13 1494 14 1495 0 1496 1 1497 2 1498 10 1499 11 1500 12 1501 10 1502 11 1503 12 1504 0 1505 1 1506 2 1507 0 1508 1 1509 2 1510 0 1511 1 1512 2 1513 10 1514 11 1515 12 1516 20 1517 10 1518 11 1519 12 1520 20 1521 0 1522 1 1523 2 1524 19 1525 10 1526 11 1527 20 1528 0 1529 1 1530 2 1531 19 1532 0 1533 1 1534 19 1535 0 1536 1 1537 19 1538 6 1539 19 1540 20 1541 6 1542 20 1543 6 1544 10 1545 20 1546 6 1547 19 1548 20 1549 6 1550 20 1551 6 1552 20 1553 6 1554 19 1555 9 1556 17 1557 18 1558 4 1559 7 1560 13 1561 14 1562 15 1563 3 1564 4 1565 8 1566 9 1567 3 1568 4 1569 7 1570 13 1571 14 1572 4 1573 8 1574 9 1575 4 1576 7 1577 13 1578 4 1579 8 1580 9 1581 4 1582 7 1583 13 1584 14 1585 10 1586 11 1587 12 1588 0 1589 1 1590 2 1591 19 1592 10 1593 11 1594 12 1595 20 1596 0 1597 6 1598 19 1599 6 1600 19 1601 20 1602 6 1603 19 1604 20 1605 14 1606 15 1607 23 1608 17 1609 18 1610 6 1611 20 1612 17 1613 18 1614 14 1615 15 1616 16 1617 6 1618 19 1619 20 1620 17 1621 18 1622 6 1623 19 1624 20 1625 14 1626 15 1627 8 1628 9 1629 17 1630 18 1631 9 1632 17 1633 18 1634 9 1635 17 1636 18 1637 13 1638 14 1639 15 1640 16 1641 8 1642 9 1643 17 1644 18 1645 4 1646 8 1647 9 1648 17 1649 18 1650 4 1651 8 1652 9 1653 17 1654 4 1655 8 1656 9 1657 3 1658 4 1659 7 1660 13 1661 4 1662 8 1663 9 1664 4 1665 8 1666 9 1667 4 1668 8 1669 9 1670 0 1671 1 1672 2 1673 10 1674 11 1675 12 1676 10 1677 11 1678 12 1679 10 1680 11 1681 12 1682 0 1683 1 1684 2 1685 19 1686 10 1687 11 1688 20 1689 15 1690 23 1691 14 1692 15 1693 16 1694 17 1695 18 1696 17 1697 18 1698 6 1699 20 1700 6 1701 20 1702 5 1703 6 1704 19 1705 13 1706 14 1707 15 1708 16 1709 3 1710 5 1711 6 1712 4 1713 7 1714 13 1715 14 1716 15 1717 4 1718 7 1719 13 1720 14 1721 15 1722 4 1723 8 1724 9 1725 17 1726 18 1727 3 1728 4 1729 8 1730 9 1731 3 1732 4 1733 8 1734 9 1735 4 1736 8 1737 9 1738 10 1739 11 1740 12 1741 10 1742 11 1743 12 1744 0 1745 1 1746 2 1747 10 1748 11 1749 12 1750 10 1751 11 1752 12 1753 10 1754 11 1755 12 1756 10 1757 11 1758 12 1759 0 1760 1 1761 2 1762 0 1763 1 1764 19 1765 10 1766 11 1767 20 1768 0 1769 6 1770 19 1771 0 1772 6 1773 19 1774 6 1775 10 1776 20 1777 14 1778 15 1779 16 1780 6 1781 19 1782 6 1783 20 1784 14 1785 15 1786 17 1787 18 1788 9 1789 17 1790 18 1791 6 1792 19 1793 6 1794 20 1795 13 1796 14 1797 15 1798 16 1799 8 1800 9 1801 17 1802 18 1803 3 1804 4 1805 8 1806 9 1807 3 1808 4 1809 7 1810 13 1811 3 1812 4 1813 8 1814 9 1815 3 1816 4 1817 7 1818 13 1819 4 1820 7 1821 0 1822 1 1823 2 1824 0 1825 1 1826 2 1827 0 1828 1 1829 2 1830 10 1831 11 1832 20 1833 10 1834 11 1835 20 1836 10 1837 11 1838 20 1839 10 1840 20 1841 10 1842 20 1843 0 1844 6 1845 19 1846 20 1847 18 1848 24 1849 14 1850 15 1851 16 1852 18 1853 24 1854 14 1855 15 1856 16 1857 17 1858 18 1859 6 1860 19 1861 20 1862 6 1863 19 1864 6 1865 20 1866 6 1867 19 1868 6 1869 19 1870 13 1871 14 1872 15 1873 16 1874 5 1875 6 1876 20 1877 4 1878 7 1879 13 1880 14 1881 15 1882 3 1883 4 1884 8 1885 9 1886 0 1887 1 1888 19 1889 0 1890 1 1891 19 1892 10 1893 11 1894 20 1895 0 1896 1 1897 19 1898 0 1899 1 1900 19 1901 15 1902 23 1903 14 1904 15 1905 16 1906 17 1907 18 1908 14 1909 15 1910 6 1911 19 1912 6 1913 20 1914 6 1915 20 1916 4 1917 7 1918 13 1919 14 1920 15 1921 3 1922 4 1923 8 1924 9 1925 3 1926 4 1927 7 1928 13 1929 14 1930 4 1931 7 1932 13 1933 10 1934 11 1935 12 1936 10 1937 20 1938 10 1939 20 1940 9 1941 17 1942 18 1943 17 1944 18 1945 14 1946 15 1947 16 1948 14 1949 15 1950 23 1951 17 1952 18 1953 6 1954 19 1955 17 1956 18 1957 6 1958 20 1959 5 1960 6 1961 19 1962 9 1963 17 1964 18 1965 4 1966 8 1967 9 1968 17 1969 18 1970 4 1971 8 1972 9 1973 17 1974 18 1975 4 1976 7 1977 13 1978 14 1979 15 1980 4 1981 7 1982 13 1983 14 1984 15 1985 4 1986 8 1987 9 1988 17 1989 18 1990 4 1991 7 1992 13 1993 14 1994 15 1995 4 1996 7 1997 13 1998 10 1999 11 2000 12 2001 0 2002 1 2003 2 2004 0 2005 1 2006 2 2007 10 2008 11 2009 20 2010 10 2011 11 2012 20 2013 10 2014 11 2015 20 2016 0 2017 1 2018 19 2019 0 2020 1 2021 19 2022 0 2023 1 2024 19 2025 0 2026 1 2027 6 2028 19 2029 0 2030 6 2031 19 2032 17 2033 18 2034 14 2035 15 2036 16 2037 6 2038 20 2039 14 2040 15 2041 17 2042 18 2043 9 2044 17 2045 18 2046 13 2047 14 2048 15 2049 16 2050 5 2051 6 2052 13 2053 14 2054 15 2055 16 2056 9 2057 17 2058 18 2059 4 2060 8 2061 9 2062 17 2063 18 2064 3 2065 4 2066 7 2067 13 2068 14 2069 4 2070 8 2071 9 2072 10 2073 11 2074 12 2075 10 2076 11 2077 12 2078 0 2079 1 2080 19 2081 10 2082 11 2083 20 2084 10 2085 11 2086 20 2087 10 2088 11 2089 20 2090 10 2091 11 2092 20 2093 10 2094 11 2095 20 2096 10 2097 20 2098 10 2099 20 2100 10 2101 11 2102 20 2103 0 2104 1 2105 19 2106 0 2107 1 2108 19 2109 0 2110 1 2111 6 2112 19 2113 6 2114 19 2115 20 2116 6 2117 19 2118 20 2119 17 2120 18 2121 14 2122 15 2123 17 2124 18 2125 14 2126 15 2127 16 2128 6 2129 20 2130 6 2131 20 2132 5 2133 6 2134 5 2135 6 2136 8 2137 9 2138 17 2139 18 2140 3 2141 4 2142 5 2143 6 2144 7 2145 4 2146 8 2147 9 2148 17 2149 18 2150 4 2151 7 2152 13 2153 4 2154 7 2155 13 2156 0 2157 1 2158 2 2159 0 2160 1 2161 2 2162 10 2163 11 2164 12 2165 10 2166 11 2167 20 2168 0 2169 1 2170 19 2171 0 2172 1 2173 19 2174 10 2175 11 2176 20 2177 0 2178 1 2179 19 2180 10 2181 20 2182 0 2183 1 2184 6 2185 19 2186 0 2187 1 2188 6 2189 19 2190 0 2191 6 2192 19 2193 18 2194 24 2195 15 2196 23 2197 15 2198 23 2199 6 2200 20 2201 10 2202 20 2203 6 2204 19 2205 17 2206 18 2207 14 2208 15 2209 6 2210 19 2211 13 2212 14 2213 15 2214 16 2215 9 2216 17 2217 18 2218 4 2219 7 2220 13 2221 14 2222 15 2223 3 2224 4 2225 8 2226 9 2227 4 2228 7 2229 13 2230 4 2231 8 2232 9 2233 4 2234 4 2235 21 2236 22 2237 4 2238 21 2239 22 2240 10 2241 11 2242 20 2243 0 2244 1 2245 19 2246 10 2247 11 2248 20 2249 10 2250 11 2251 20 2252 0 2253 1 2254 19 2255 10 2256 20 2257 10 2258 20 2259 6 2260 19 2261 20 2262 6 2263 19 2264 20 2265 6 2266 19 2267 6 2268 19 2269 20 2270 6 2271 20 2272 17 2273 18 2274 6 2275 20 2276 17 2277 18 2278 6 2279 19 2280 5 2281 6 2282 19 2283 8 2284 9 2285 17 2286 18 2287 13 2288 14 2289 15 2290 16 2291 4 2292 7 2293 13 2294 14 2295 15 2296 4 2297 8 2298 9 2299 17 2300 18 2301 4 2302 7 2303 13 2304 14 2305 15 2306 8 2307 9 2308 17 2309 18 2310 3 2311 4 2312 7 2313 13 2314 3 2315 4 2316 8 2317 9 2318 4 2319 7 2320 13 2321 4 2322 21 2323 22 2324 4 2325 21 2326 22 2327 4 2328 21 2329 22 2330 4 2331 7 2332 4 2333 21 2334 22 2335 21 2336 22 2337 21 2338 22 2339 4 2340 21 2341 22 2342 4 2343 7 2344 13 2345 0 2346 1 2347 2 2348 0 2349 1 2350 2 2351 19 2352 10 2353 11 2354 20 2355 10 2356 11 2357 20 2358 0 2359 1 2360 19 2361 0 2362 1 2363 19 2364 0 2365 1 2366 19 2367 10 2368 20 2369 0 2370 1 2371 6 2372 19 2373 0 2374 1 2375 6 2376 19 2377 0 2378 1 2379 6 2380 19 2381 10 2382 20 2383 0 2384 1 2385 6 2386 19 2387 0 2388 1 2389 6 2390 19 2391 18 2392 24 2393 15 2394 16 2395 23 2396 25 2397 6 2398 19 2399 20 2400 18 2401 24 2402 6 2403 19 2404 20 2405 6 2406 19 2407 20 2408 6 2409 19 2410 20 2411 6 2412 19 2413 20 2414 6 2415 20 2416 14 2417 15 2418 6 2419 19 2420 6 2421 5 2422 6 2423 4 2424 7 2425 13 2426 14 2427 15 2428 4 2429 7 2430 13 2431 14 2432 15 2433 3 2434 4 2435 8 2436 9 2437 4 2438 8 2439 9 2440 4 2441 4 2442 21 2443 22 2444 4 2445 7 2446 4 2447 4 2448 21 2449 22 2450 10 2451 11 2452 12 2453 0 2454 1 2455 2 2456 10 2457 11 2458 12 2459 10 2460 11 2461 12 2462 20 2463 0 2464 1 2465 19 2466 0 2467 1 2468 19 2469 0 2470 1 2471 19 2472 0 2473 1 2474 19 2475 10 2476 11 2477 20 2478 10 2479 11 2480 20 2481 10 2482 11 2483 20 2484 0 2485 1 2486 19 2487 10 2488 11 2489 20 2490 10 2491 20 2492 10 2493 20 2494 0 2495 1 2496 6 2497 19 2498 0 2499 6 2500 19 2501 6 2502 19 2503 20 2504 17 2505 18 2506 26 2507 17 2508 18 2509 26 2510 6 2511 19 2512 20 2513 6 2514 19 2515 20 2516 17 2517 18 2518 6 2519 19 2520 20 2521 6 2522 19 2523 20 2524 6 2525 20 2526 17 2527 18 2528 6 2529 20 2530 6 2531 19 2532 14 2533 15 2534 5 2535 6 2536 5 2537 6 2538 4 2539 8 2540 9 2541 17 2542 18 2543 4 2544 7 2545 13 2546 14 2547 15 2548 4 2549 8 2550 9 2551 4 2552 22 2553 4 2554 7 2555 13 2556 4 2557 21 2558 22 2559 4 2560 22 2561 4 2562 21 2563 22 2564 4 2565 21 2566 22 2567 4 2568 21 2569 22 2570 4 2571 21 2572 22 2573 4 2574 22 2575 21 2576 22 2577 21 2578 22 2579 21 2580 22 2581 0 2582 1 2583 19 2584 0 2585 1 2586 19 2587 10 2588 20 2589 0 2590 1 2591 6 2592 19 2593 10 2594 20 2595 6 2596 19 2597 20 2598 6 2599 19 2600 20 2601 6 2602 19 2603 20 2604 6 2605 19 2606 20 2607 14 2608 15 2609 16 2610 6 2611 19 2612 6 2613 20 2614 6 2615 20 2616 6 2617 20 2618 17 2619 18 2620 9 2621 17 2622 18 2623 26 2624 9 2625 17 2626 18 2627 4 2628 7 2629 13 2630 14 2631 15 2632 8 2633 9 2634 17 2635 18 2636 9 2637 17 2638 18 2639 4 2640 8 2641 9 2642 17 2643 18 2644 3 2645 4 2646 7 2647 13 2648 8 2649 9 2650 17 2651 18 2652 4 2653 8 2654 9 2655 4 2656 4 2657 22 2658 4 2659 21 2660 22 2661 21 2662 22 2663 21 2664 22 2665 21 2666 22 2667 0 2668 1 2669 2 2670 0 2671 1 2672 2 2673 10 2674 11 2675 12 2676 20 2677 0 2678 1 2679 19 2680 10 2681 11 2682 20 2683 0 2684 1 2685 19 2686 10 2687 11 2688 20 2689 0 2690 1 2691 19 2692 0 2693 1 2694 6 2695 19 2696 0 2697 1 2698 6 2699 19 2700 0 2701 6 2702 19 2703 10 2704 20 2705 10 2706 20 2707 15 2708 16 2709 23 2710 6 2711 19 2712 20 2713 6 2714 19 2715 20 2716 14 2717 15 2718 16 2719 25 2720 14 2721 15 2722 16 2723 6 2724 19 2725 20 2726 14 2727 15 2728 16 2729 14 2730 15 2731 16 2732 6 2733 19 2734 17 2735 18 2736 6 2737 20 2738 14 2739 15 2740 16 2741 6 2742 19 2743 6 2744 20 2745 5 2746 6 2747 3 2748 4 2749 5 2750 6 2751 8 2752 9 2753 3 2754 4 2755 8 2756 9 2757 4 2758 8 2759 9 2760 4 2761 7 2762 13 2763 4 2764 7 2765 13 2766 4 2767 22 2768 4 2769 21 2770 22 2771 4 2772 21 2773 22 2774 4 2775 21 2776 22 2777 4 2778 21 2779 22 2780 4 2781 21 2782 22 2783 4 2784 21 2785 22 2786 4 2787 21 2788 22 2789 4 2790 10 2791 11 2792 20 2793 10 2794 11 2795 20 2796 0 2797 1 2798 19 2799 10 2800 11 2801 20 2802 10 2803 20 2804 15 2805 23 2806 27 2807 18 2808 24 2809 18 2810 24 2811 26 2812 28 2813 6 2814 19 2815 20 2816 6 2817 19 2818 20 2819 14 2820 15 2821 16 2822 17 2823 18 2824 26 2825 17 2826 18 2827 26 2828 6 2829 19 2830 17 2831 18 2832 6 2833 19 2834 6 2835 19 2836 14 2837 15 2838 16 2839 13 2840 14 2841 15 2842 16 2843 13 2844 14 2845 15 2846 16 2847 13 2848 14 2849 15 2850 16 2851 4 2852 8 2853 9 2854 17 2855 18 2856 4 2857 8 2858 9 2859 17 2860 4 2861 8 2862 9 2863 4 2864 7 2865 13 2866 14 2867 4 2868 22 2869 4 2870 21 2871 22 2872 4 2873 21 2874 22 2875 4 2876 22 2877 4 2878 21 2879 0 2880 1 2881 2 2882 0 2883 1 2884 2 2885 10 2886 11 2887 20 2888 10 2889 11 2890 20 2891 0 2892 1 2893 19 2894 0 2895 1 2896 19 2897 10 2898 20 2899 15 2900 23 2901 27 2902 6 2903 19 2904 20 2905 14 2906 15 2907 23 2908 14 2909 15 2910 6 2911 20 2912 9 2913 17 2914 18 2915 9 2916 17 2917 18 2918 4 2919 7 2920 13 2921 14 2922 15 2923 16 2924 9 2925 17 2926 18 2927 3 2928 4 2929 7 2930 13 2931 14 2932 3 2933 4 2934 8 2935 9 2936 4 2937 7 2938 13 2939 4 2940 21 2941 22 2942 4 2943 22 2944 4 2945 21 2946 4 2947 22 2948 4 2949 21 2950 22 2951 4 2952 22 2953 4 2954 7 2955 0 2956 1 2957 2 2958 10 2959 11 2960 12 2961 10 2962 11 2963 12 2964 0 2965 1 2966 19 2967 0 2968 1 2969 19 2970 0 2971 1 2972 6 2973 19 2974 10 2975 20 2976 18 2977 24 2978 15 2979 23 2980 27 2981 15 2982 23 2983 0 2984 6 2985 19 2986 20 2987 14 2988 15 2989 16 2990 17 2991 18 2992 14 2993 15 2994 6 2995 19 2996 6 2997 19 2998 6 2999 19 3000 13 3001 14 3002 15 3003 16 3004 4 3005 8 3006 9 3007 17 3008 8 3009 9 3010 17 3011 18 3012 4 3013 7 3014 13 3015 14 3016 15 3017 4 3018 8 3019 9 3020 4 3021 21 3022 4 3023 4 3024 8 3025 9 3026 4 3027 4 3028 8 3029 4 3030 8 3031 4 3032 7 3033 21 3034 22 3035 10 3036 11 3037 20 3038 10 3039 11 3040 20 3041 0 3042 1 3043 19 3044 10 3045 20 3046 18 3047 24 3048 0 3049 6 3050 19 3051 20 3052 6 3053 19 3054 20 3055 17 3056 18 3057 26 3058 6 3059 20 3060 14 3061 15 3062 17 3063 18 3064 6 3065 20 3066 6 3067 20 3068 5 3069 6 3070 9 3071 17 3072 18 3073 9 3074 17 3075 18 3076 4 3077 7 3078 13 3079 14 3080 15 3081 3 3082 4 3083 8 3084 9 3085 4 3086 7 3087 13 3088 14 3089 15 3090 3 3091 4 3092 8 3093 9 3094 3 3095 4 3096 8 3097 9 3098 4 3099 4 3100 8 3101 21 3102 21 3103 22 3104 21 3105 22 3106 21 3107 22 3108 0 3109 1 3110 2 3111 0 3112 1 3113 2 3114 10 3115 11 3116 20 3117 0 3118 1 3119 2 3120 19 3121 0 3122 1 3123 19 3124 10 3125 11 3126 20 3127 10 3128 20 3129 0 3130 1 3131 6 3132 19 3133 10 3134 20 3135 15 3136 23 3137 17 3138 18 3139 6 3140 19 3141 17 3142 18 3143 17 3144 18 3145 6 3146 19 3147 6 3148 19 3149 13 3150 14 3151 15 3152 16 3153 5 3154 6 3155 4 3156 8 3157 9 3158 17 3159 18 3160 4 3161 7 3162 13 3163 14 3164 15 3165 4 3166 7 3167 13 3168 14 3169 15 3170 3 3171 4 3172 7 3173 13 3174 14 3175 3 3176 4 3177 7 3178 13 3179 14 3180 21 3181 22 3182 21 3183 22 3184 0 3185 1 3186 2 3187 0 3188 1 3189 19 3190 0 3191 1 3192 19 3193 0 3194 1 3195 19 3196 10 3197 20 3198 10 3199 20 3200 10 3201 20 3202 24 3203 29 3204 18 3205 24 3206 15 3207 23 3208 27 3209 18 3210 24 3211 6 3212 20 3213 6 3214 19 3215 6 3216 20 3217 13 3218 14 3219 15 3220 16 3221 6 3222 20 3223 6 3224 19 3225 9 3226 17 3227 18 3228 5 3229 6 3230 4 3231 8 3232 9 3233 17 3234 4 3235 8 3236 9 3237 21 3238 22 3239 10 3240 11 3241 12 3242 0 3243 1 3244 2 3245 0 3246 1 3247 19 3248 10 3249 11 3250 20 3251 10 3252 11 3253 20 3254 10 3255 11 3256 20 3257 10 3258 11 3259 20 3260 0 3261 1 3262 19 3263 6 3264 10 3265 20 3266 15 3267 23 3268 27 3269 6 3270 19 3271 17 3272 18 3273 26 3274 17 3275 18 3276 13 3277 14 3278 15 3279 16 3280 14 3281 15 3282 16 3283 5 3284 6 3285 9 3286 17 3287 18 3288 4 3289 7 3290 13 3291 14 3292 15 3293 16 3294 13 3295 14 3296 15 3297 16 3298 13 3299 14 3300 15 3301 16 3302 4 3303 7 3304 13 3305 14 3306 15 3307 3 3308 4 3309 7 3310 13 3311 14 3312 8 3313 9 3314 17 3315 18 3316 4 3317 8 3318 9 3319 4 3320 8 3321 9 3322 10 3323 11 3324 12 3325 0 3326 1 3327 2 3328 0 3329 1 3330 19 3331 10 3332 11 3333 20 3334 10 3335 11 3336 20 3337 0 3338 1 3339 19 3340 10 3341 11 3342 20 3343 15 3344 23 3345 27 3346 6 3347 19 3348 20 3349 6 3350 19 3351 20 3352 6 3353 19 3354 20 3355 14 3356 15 3357 16 3358 6 3359 20 3360 17 3361 18 3362 14 3363 15 3364 16 3365 6 3366 20 3367 9 3368 17 3369 18 3370 13 3371 14 3372 15 3373 16 3374 4 3375 8 3376 9 3377 17 3378 18 3379 4 3380 7 3381 13 3382 14 3383 15 3384 4 3385 8 3386 21 3387 10 3388 11 3389 12 3390 10 3391 11 3392 12 3393 0 3394 1 3395 2 3396 19 3397 0 3398 1 3399 2 3400 19 3401 10 3402 11 3403 20 3404 10 3405 11 3406 20 3407 0 3408 1 3409 19 3410 0 3411 1 3412 19 3413 0 3414 1 3415 6 3416 19 3417 0 3418 1 3419 6 3420 19 3421 18 3422 24 3423 29 3424 23 3425 27 3426 24 3427 29 3428 6 3429 19 3430 20 3431 17 3432 18 3433 26 3434 14 3435 15 3436 16 3437 14 3438 15 3439 14 3440 15 3441 16 3442 13 3443 14 3444 15 3445 16 3446 9 3447 17 3448 18 3449 4 3450 8 3451 9 3452 17 3453 18 3454 4 3455 7 3456 13 3457 14 3458 15 3459 3 3460 4 3461 8 3462 9 3463 4 3464 8 3465 9 3466 21 3467 22 3468 10 3469 11 3470 12 3471 0 3472 1 3473 2 3474 10 3475 11 3476 12 3477 0 3478 1 3479 2 3480 19 3481 10 3482 11 3483 12 3484 20 3485 10 3486 11 3487 12 3488 20 3489 0 3490 1 3491 19 3492 10 3493 11 3494 20 3495 29 3496 30 3497 24 3498 29 3499 29 3500 30 3501 10 3502 20 3503 10 3504 20 3505 23 3506 27 3507 31 3508 18 3509 24 3510 17 3511 18 3512 26 3513 14 3514 15 3515 16 3516 6 3517 20 3518 6 3519 19 3520 4 3521 7 3522 13 3523 14 3524 15 3525 4 3526 7 3527 13 3528 1 3529 2 3530 0 3531 1 3532 2 3533 0 3534 1 3535 2 3536 0 3537 1 3538 2 3539 0 3540 1 3541 2 3542 0 3543 1 3544 2 3545 10 3546 11 3547 12 3548 10 3549 11 3550 20 3551 0 3552 1 3553 19 3554 29 3555 30 3556 29 3557 30 3558 29 3559 30 3560 31 3561 27 3562 31 3563 31 3564 27 3565 31 3566 27 3567 31 3568 29 3569 30 3570 27 3571 31 3572 27 3573 31 3574 29 3575 30 3576 27 3577 31 3578 27 3579 31 3580 24 3581 29 3582 23 3583 27 3584 31 3585 23 3586 27 3587 31 3588 0 3589 6 3590 19 3591 23 3592 27 3593 24 3594 29 3595 6 3596 19 3597 20 3598 17 3599 18 3600 26 3601 14 3602 15 3603 16 3604 14 3605 15 3606 16 3607 6 3608 20 3609 6 3610 20 3611 8 3612 9 3613 17 3614 18 3615 3 3616 4 3617 8 3618 9 3619 4 3620 7 3621 13 3622 1 3623 2 3624 0 3625 1 3626 2 3627 11 3628 12 3629 10 3630 11 3631 12 3632 10 3633 11 3634 12 3635 10 3636 11 3637 12 3638 10 3639 11 3640 12 3641 0 3642 1 3643 19 3644 10 3645 11 3646 20 3647 0 3648 1 3649 19 3650 24 3651 29 3652 24 3653 29 3654 6 3655 20 3656 18 3657 24 3658 6 3659 19 3660 20 3661 14 3662 15 3663 16 3664 25 3665 6 3666 19 3667 9 3668 17 3669 18 3670 4 3671 7 3672 13 3673 14 3674 15 3675 4 3676 8 3677 9 3678 17 3679 18 3680 3 3681 4 3682 8 3683 9 3684 4 3685 7 3686 13 3687 14 3688 15 3689 3 3690 4 3691 8 3692 9 3693 10 3694 11 3695 12 3696 0 3697 1 3698 2 3699 10 3700 11 3701 12 3702 0 3703 1 3704 2 3705 10 3706 11 3707 12 3708 0 3709 1 3710 19 3711 0 3712 1 3713 19 3714 10 3715 11 3716 20 3717 10 3718 11 3719 20 3720 29 3721 30 3722 29 3723 30 3724 31 3725 29 3726 30 3727 27 3728 31 3729 15 3730 23 3731 6 3732 20 3733 6 3734 20 3735 6 3736 20 3737 9 3738 17 3739 18 3740 9 3741 17 3742 18 3743 3 3744 4 3745 8 3746 9 3747 3 3748 4 3749 7 3750 13 3751 14 3752 21 3753 22 3754 10 3755 11 3756 12 3757 11 3758 12 3759 10 3760 11 3761 12 3762 0 3763 1 3764 2 3765 10 3766 11 3767 12 3768 0 3769 1 3770 2 3771 0 3772 1 3773 19 3774 10 3775 11 3776 20 3777 31 3778 0 3779 1 3780 6 3781 19 3782 0 3783 1 3784 6 3785 19 3786 0 3787 1 3788 6 3789 19 3790 24 3791 29 3792 0 3793 6 3794 19 3795 18 3796 24 3797 6 3798 19 3799 8 3800 9 3801 17 3802 18 3803 9 3804 17 3805 18 3806 9 3807 17 3808 18 3809 4 3810 7 3811 13 3812 14 3813 15 3814 3 3815 4 3816 7 3817 13 3818 14 3819 15 3820 3 3821 4 3822 7 3823 13 3824 14 3825 4 3826 8 3827 9 3828 17 3829 18 3830 3 3831 4 3832 7 3833 13 3834 14 3835 4 3836 7 3837 13 3838 14 3839 21 3840 4 3841 21 3842 22 3843 21 3844 22 3845 21 3846 22 3847 11 3848 12 3849 0 3850 1 3851 2 3852 0 3853 1 3854 2 3855 10 3856 11 3857 20 3858 10 3859 11 3860 20 3861 10 3862 11 3863 20 3864 31 3865 29 3866 30 3867 10 3868 20 3869 23 3870 27 3871 31 3872 15 3873 23 3874 27 3875 15 3876 16 3877 25 3878 17 3879 18 3880 26 3881 17 3882 18 3883 26 3884 13 3885 14 3886 15 3887 16 3888 13 3889 14 3890 15 3891 16 3892 13 3893 14 3894 15 3895 16 3896 13 3897 14 3898 15 3899 16 3900 4 3901 7 3902 13 3903 14 3904 15 3905 4 3906 8 3907 9 3908 17 3909 18 3910 4 3911 7 3912 13 3913 14 3914 15 3915 4 3916 7 3917 13 3918 14 3919 15 3920 3 3921 4 3922 8 3923 9 3924 4 3925 7 3926 4 3927 7 3928 4 3929 7 3930 4 3931 7 3932 4 3933 7 3934 13 3935 10 3936 11 3937 12 3938 1 3939 2 3940 10 3941 11 3942 12 3943 10 3944 11 3945 12 3946 0 3947 1 3948 2 3949 10 3950 11 3951 12 3952 0 3953 1 3954 2 3955 0 3956 1 3957 2 3958 10 3959 11 3960 20 3961 10 3962 20 3963 0 3964 6 3965 19 3966 18 3967 26 3968 28 3969 17 3970 18 3971 26 3972 17 3973 18 3974 26 3975 14 3976 15 3977 16 3978 25 3979 14 3980 15 3981 16 3982 25 3983 6 3984 19 3985 13 3986 14 3987 15 3988 16 3989 5 3990 6 3991 8 3992 9 3993 17 3994 18 3995 4 3996 7 3997 13 3998 14 3999 15 4000 4 4001 7 4002 13 4003 14 4004 15 4005 4 4006 8 4007 9 4008 17 4009 18 4010 4 4011 8 4012 9 4013 17 4014 18 4015 4 4016 7 4017 21 4018 22 4019 21 4020 22 4021 0 4022 1 4023 2 4024 0 4025 1 4026 2 4027 10 4028 11 4029 12 4030 0 4031 1 4032 2 4033 0 4034 1 4035 2 4036 0 4037 1 4038 19 4039 10 4040 11 4041 20 4042 0 4043 1 4044 19 4045 10 4046 11 4047 20 4048 10 4049 20 4050 10 4051 20 4052 0 4053 1 4054 6 4055 19 4056 24 4057 29 4058 17 4059 18 4060 26 4061 14 4062 15 4063 16 4064 25 4065 17 4066 18 4067 26 4068 14 4069 15 4070 16 4071 25 4072 14 4073 15 4074 16 4075 25 4076 17 4077 18 4078 6 4079 20 4080 6 4081 20 4082 9 4083 17 4084 18 4085 3 4086 5 4087 6 4088 9 4089 17 4090 18 4091 9 4092 17 4093 18 4094 9 4095 17 4096 18 4097 13 4098 14 4099 15 4100 16 4101 9 4102 17 4103 18 4104 13 4105 14 4106 15 4107 16 4108 8 4109 9 4110 17 4111 18 4112 3 4113 4 4114 5 4115 6 4116 4 4117 7 4118 13 4119 14 4120 15 4121 8 4122 9 4123 17 4124 18 4125 4 4126 8 4127 9 4128 17 4129 18 4130 4 4131 8 4132 9 4133 17 4134 18 4135 4 4136 8 4137 9 4138 17 4139 18 4140 4 4141 7 4142 13 4143 4 4144 8 4145 4 4146 21 4147 4 4148 7 4149 13 4150 21 4151 21 4152 22 4153 10 4154 11 4155 12 4156 0 4157 1 4158 2 4159 10 4160 11 4161 12 4162 10 4163 11 4164 12 4165 20 4166 0 4167 1 4168 19 4169 0 4170 1 4171 19 4172 10 4173 11 4174 20 4175 10 4176 11 4177 20 4178 31 4179 0 4180 1 4181 19 4182 10 4183 20 4184 0 4185 6 4186 19 4187 20 4188 6 4189 19 4190 20 4191 6 4192 19 4193 20 4194 17 4195 18 4196 26 4197 17 4198 18 4199 26 4200 6 4201 19 4202 6 4203 20 4204 6 4205 20 4206 9 4207 17 4208 18 4209 13 4210 14 4211 15 4212 16 4213 5 4214 6 4215 4 4216 7 4217 13 4218 14 4219 15 4220 13 4221 14 4222 15 4223 16 4224 8 4225 9 4226 17 4227 18 4228 8 4229 9 4230 17 4231 18 4232 8 4233 9 4234 17 4235 18 4236 4 4237 7 4238 13 4239 14 4240 15 4241 4 4242 7 4243 13 4244 14 4245 15 4246 4 4247 7 4248 13 4249 14 4250 15 4251 16 4252 4 4253 7 4254 13 4255 14 4256 15 4257 16 4258 8 4259 9 4260 17 4261 18 4262 4 4263 7 4264 13 4265 14 4266 15 4267 4 4268 7 4269 13 4270 14 4271 15 4272 4 4273 8 4274 9 4275 17 4276 18 4277 4 4278 8 4279 9 4280 17 4281 18 4282 4 4283 8 4284 9 4285 17 4286 18 4287 4 4288 7 4289 13 4290 14 4291 15 4292 4 4293 7 4294 4 4295 7 4296 4 4297 7 4298 1 4299 2 4300 0 4301 1 4302 2 4303 10 4304 11 4305 12 4306 10 4307 11 4308 12 4309 20 4310 29 4311 30 4312 0 4313 1 4314 19 4315 27 4316 31 4317 27 4318 31 4319 29 4320 30 4321 0 4322 1 4323 19 4324 10 4325 20 4326 0 4327 6 4328 19 4329 23 4330 27 4331 15 4332 23 4333 27 4334 18 4335 24 4336 14 4337 15 4338 16 4339 25 4340 15 4341 16 4342 5 4343 6 4344 13 4345 14 4346 15 4347 16 4348 4 4349 7 4350 13 4351 14 4352 15 4353 9 4354 17 4355 18 4356 4 4357 8 4358 9 4359 17 4360 18 4361 3 4362 4 4363 8 4364 9 4365 3 4366 4 4367 8 4368 9 4369 3 4370 4 4371 8 4372 9 4373 4 4374 8 4375 9 4376 4 4377 7 4378 4 4379 7 4380 4 4381 8 4382 4 4383 8 4384 4 4385 8 4386 4 4387 7 4388 4 4389 21 4390 10 4391 11 4392 12 4393 20 4394 0 4395 1 4396 19 4397 10 4398 11 4399 20 4400 10 4401 11 4402 20 4403 0 4404 1 4405 19 4406 31 4407 30 4408 0 4409 1 4410 19 4411 0 4412 1 4413 19 4414 27 4415 31 4416 18 4417 24 4418 16 4419 25 4420 6 4421 19 4422 20 4423 6 4424 19 4425 20 4426 14 4427 15 4428 16 4429 25 4430 15 4431 16 4432 25 4433 17 4434 18 4435 26 4436 18 4437 24 4438 26 4439 17 4440 18 4441 6 4442 19 4443 14 4444 15 4445 16 4446 9 4447 17 4448 18 4449 5 4450 6 4451 9 4452 17 4453 18 4454 4 4455 8 4456 9 4457 17 4458 18 4459 4 4460 7 4461 13 4462 14 4463 15 4464 4 4465 7 4466 13 4467 14 4468 15 4469 3 4470 4 4471 7 4472 13 4473 4 4474 7 4475 13 4476 4 4477 7 4478 13 4479 4 4480 7 4481 13 4482 4 4483 8 4484 4 4485 8 4486 9 4487 4 4488 8 4489 9 4490 4 4491 8 4492 4 4493 7 4494 4 4495 21 4496 22 4497 21 4498 21 4499 22 4500 0 4501 1 4502 2 4503 10 4504 11 4505 12 4506 0 4507 1 4508 2 4509 0 4510 1 4511 2 4512 19 4513 0 4514 1 4515 19 4516 0 4517 1 4518 19 4519 29 4520 30 4521 0 4522 1 4523 19 4524 10 4525 11 4526 20 4527 0 4528 1 4529 6 4530 19 4531 0 4532 1 4533 19 4534 29 4535 30 4536 0 4537 1 4538 6 4539 19 4540 0 4541 1 4542 6 4543 19 4544 10 4545 20 4546 24 4547 29 4548 16 4549 25 4550 32 4551 18 4552 26 4553 28 4554 33 4555 17 4556 18 4557 26 4558 17 4559 18 4560 26 4561 14 4562 15 4563 16 4564 14 4565 15 4566 16 4567 13 4568 14 4569 15 4570 16 4571 4 4572 7 4573 13 4574 14 4575 15 4576 16 4577 9 4578 17 4579 18 4580 13 4581 14 4582 15 4583 16 4584 9 4585 17 4586 18 4587 3 4588 4 4589 7 4590 13 4591 14 4592 3 4593 4 4594 8 4595 9 4596 4 4597 8 4598 4 4599 8 4600 4 4601 8 4602 4 4603 7 4604 21 4605 0 4606 1 4607 2 4608 0 4609 1 4610 2 4611 0 4612 1 4613 2 4614 19 4615 10 4616 11 4617 20 4618 10 4619 11 4620 20 4621 10 4622 11 4623 20 4624 29 4625 30 4626 10 4627 11 4628 20 4629 0 4630 1 4631 6 4632 19 4633 10 4634 20 4635 24 4636 29 4637 24 4638 29 4639 23 4640 27 4641 17 4642 18 4643 26 4644 17 4645 18 4646 26 4647 6 4648 20 4649 6 4650 19 4651 9 4652 17 4653 18 4654 5 4655 6 4656 9 4657 17 4658 18 4659 5 4660 6 4661 13 4662 14 4663 15 4664 16 4665 3 4666 4 4667 5 4668 6 4669 3 4670 4 4671 7 4672 13 4673 4 4674 7 4675 4 4676 7 4677 4 4678 8 4679 4 4680 7 4681 21 4682 22 4683 10 4684 11 4685 12 4686 10 4687 11 4688 20 4689 0 4690 1 4691 19 4692 0 4693 1 4694 19 4695 10 4696 20 4697 0 4698 1 4699 6 4700 19 4701 0 4702 6 4703 19 4704 10 4705 20 4706 10 4707 20 4708 0 4709 1 4710 19 4711 0 4712 1 4713 19 4714 15 4715 23 4716 27 4717 15 4718 23 4719 27 4720 6 4721 20 4722 6 4723 19 4724 6 4725 19 4726 6 4727 20 4728 5 4729 6 4730 9 4731 17 4732 18 4733 26 4734 9 4735 17 4736 18 4737 9 4738 17 4739 18 4740 3 4741 4 4742 7 4743 13 4744 3 4745 4 4746 7 4747 13 4748 4 4749 7 4750 13 4751 14 4752 15 4753 3 4754 4 4755 8 4756 9 4757 3 4758 4 4759 8 4760 9 4761 3 4762 4 4763 7 4764 13 4765 3 4766 4 4767 7 4768 13 4769 3 4770 4 4771 7 4772 13 4773 4 4774 7 4775 4 4776 8 4777 4 4778 7 4779 4 4780 8 4781 4 4782 8 4783 9 4784 21 4785 22 4786 21 4787 22 4788 21 4789 22 4790 0 4791 1 4792 2 4793 0 4794 1 4795 2 4796 10 4797 11 4798 12 4799 10 4800 11 4801 20 4802 0 4803 1 4804 19 4805 10 4806 20 4807 10 4808 20 4809 0 4810 6 4811 19 4812 27 4813 31 4814 23 4815 27 4816 31 4817 24 4818 29 4819 15 4820 16 4821 25 4822 15 4823 16 4824 25 4825 6 4826 20 4827 14 4828 15 4829 16 4830 14 4831 15 4832 16 4833 6 4834 19 4835 6 4836 20 4837 13 4838 14 4839 15 4840 16 4841 13 4842 14 4843 15 4844 16 4845 9 4846 17 4847 18 4848 3 4849 4 4850 8 4851 9 4852 3 4853 4 4854 7 4855 13 4856 14 4857 3 4858 4 4859 8 4860 9 4861 3 4862 4 4863 7 4864 13 4865 14 4866 3 4867 4 4868 7 4869 13 4870 4 4871 21 4872 22 4873 4 4874 21 4875 22 4876 10 4877 11 4878 12 4879 0 4880 1 4881 2 4882 19 4883 0 4884 1 4885 2 4886 19 4887 0 4888 1 4889 19 4890 10 4891 11 4892 20 4893 10 4894 11 4895 20 4896 29 4897 30 4898 29 4899 30 4900 27 4901 31 4902 10 4903 20 4904 10 4905 20 4906 15 4907 16 4908 23 4909 15 4910 16 4911 25 4912 0 4913 6 4914 19 4915 6 4916 19 4917 17 4918 18 4919 26 4920 28 4921 17 4922 18 4923 26 4924 28 4925 17 4926 18 4927 26 4928 28 4929 15 4930 16 4931 25 4932 17 4933 18 4934 9 4935 17 4936 18 4937 5 4938 6 4939 5 4940 6 4941 5 4942 6 4943 13 4944 14 4945 15 4946 16 4947 4 4948 8 4949 9 4950 17 4951 18 4952 4 4953 8 4954 9 4955 17 4956 4 4957 7 4958 13 4959 14 4960 15 4961 3 4962 4 4963 8 4964 9 4965 3 4966 4 4967 7 4968 13 4969 3 4970 4 4971 7 4972 13 4973 3 4974 4 4975 7 4976 13 4977 4 4978 7 4979 4 4980 8 4981 4 4982 7 4983 4 4984 21 4985 4 4986 21 4987 22 4988 21 4989 22 4990 0 4991 1 4992 2 4993 11 4994 12 4995 10 4996 11 4997 12 4998 0 4999 1 5000 19 5001 0 5002 1 5003 19 5004 10 5005 11 5006 20 5007 0 5008 1 5009 19 5010 0 5011 1 5012 19 5013 27 5014 31 5015 10 5016 20 5017 29 5018 30 5019 10 5020 20 5021 23 5022 27 5023 0 5024 6 5025 19 5026 6 5027 20 5028 0 5029 6 5030 19 5031 20 5032 6 5033 19 5034 6 5035 19 5036 6 5037 20 5038 13 5039 14 5040 15 5041 16 5042 5 5043 6 5044 13 5045 14 5046 15 5047 16 5048 9 5049 17 5050 18 5051 3 5052 4 5053 8 5054 9 5055 3 5056 4 5057 7 5058 13 5059 3 5060 4 5061 8 5062 9 5063 3 5064 4 5065 8 5066 9 5067 3 5068 4 5069 8 5070 9 5071 3 5072 4 5073 8 5074 9 5075 4 5076 8 5077 9 5078 4 5079 7 5080 4 5081 7 5082 4 5083 7 5084 4 5085 8 5086 4 5087 8 5088 4 5089 8 5090 4 5091 7 5092 13 5093 14 5094 21 5095 22 5096 11 5097 12 5098 0 5099 1 5100 2 5101 0 5102 1 5103 2 5104 0 5105 1 5106 19 5107 10 5108 11 5109 20 5110 10 5111 11 5112 12 5113 20 5114 10 5115 11 5116 20 5117 0 5118 1 5119 19 5120 0 5121 1 5122 19 5123 10 5124 11 5125 20 5126 0 5127 1 5128 6 5129 19 5130 10 5131 20 5132 23 5133 27 5134 31 5135 15 5136 23 5137 27 5138 6 5139 19 5140 20 5141 6 5142 19 5143 20 5144 17 5145 18 5146 26 5147 28 5148 6 5149 19 5150 6 5151 20 5152 6 5153 19 5154 9 5155 17 5156 18 5157 9 5158 17 5159 18 5160 9 5161 17 5162 18 5163 9 5164 17 5165 18 5166 13 5167 14 5168 15 5169 16 5170 3 5171 4 5172 7 5173 3 5174 4 5175 8 5176 9 5177 3 5178 4 5179 8 5180 9 5181 3 5182 4 5183 8 5184 9 5185 3 5186 4 5187 8 5188 9 5189 4 5190 8 5191 4 5192 8 5193 4 5194 8 5195 4 5196 7 5197 4 5198 7 5199 4 5200 7 5201 4 5202 8 5203 4 5204 8 5205 9 5206 4 5207 8 5208 4 5209 21 5210 22 5211 21 5212 22 5213 21 5214 22 5215 0 5216 1 5217 19 5218 0 5219 1 5220 19 5221 10 5222 11 5223 20 5224 10 5225 11 5226 20 5227 31 5228 0 5229 1 5230 19 5231 29 5232 30 5233 10 5234 20 5235 0 5236 1 5237 19 5238 0 5239 1 5240 6 5241 19 5242 0 5243 6 5244 19 5245 29 5246 30 5247 0 5248 6 5249 19 5250 23 5251 27 5252 31 5253 15 5254 23 5255 27 5256 15 5257 16 5258 25 5259 6 5260 19 5261 20 5262 6 5263 19 5264 20 5265 15 5266 16 5267 25 5268 6 5269 19 5270 6 5271 20 5272 14 5273 15 5274 16 5275 6 5276 20 5277 9 5278 17 5279 18 5280 13 5281 14 5282 15 5283 16 5284 13 5285 14 5286 15 5287 16 5288 13 5289 14 5290 15 5291 16 5292 13 5293 14 5294 15 5295 16 5296 13 5297 14 5298 15 5299 16 5300 13 5301 14 5302 15 5303 16 5304 13 5305 14 5306 15 5307 16 5308 9 5309 17 5310 18 5311 13 5312 14 5313 15 5314 16 5315 3 5316 4 5317 7 5318 13 5319 3 5320 4 5321 7 5322 13 5323 3 5324 4 5325 7 5326 13 5327 4 5328 8 5329 9 5330 4 5331 7 5332 4 5333 8 5334 4 5335 8 5336 4 5337 7 5338 4 5339 7 5340 4 5341 8 5342 4 5343 7 5344 4 5345 7 5346 4 5347 7 5348 3 5349 4 5350 7 5351 21 5352 22 5353 21 5354 22 5355 2 5356 10 5357 11 5358 12 5359 10 5360 11 5361 12 5362 20 5363 0 5364 1 5365 19 5366 10 5367 11 5368 20 5369 10 5370 11 5371 20 5372 30 5373 27 5374 31 5375 29 5376 30 5377 27 5378 31 5379 29 5380 30 5381 10 5382 20 5383 10 5384 20 5385 10 5386 20 5387 10 5388 20 5389 29 5390 30 5391 27 5392 31 5393 27 5394 31 5395 23 5396 27 5397 31 5398 18 5399 24 5400 28 5401 18 5402 26 5403 28 5404 15 5405 16 5406 23 5407 6 5408 19 5409 17 5410 18 5411 26 5412 6 5413 20 5414 6 5415 20 5416 14 5417 15 5418 16 5419 9 5420 17 5421 18 5422 26 5423 13 5424 14 5425 15 5426 16 5427 13 5428 14 5429 15 5430 16 5431 9 5432 17 5433 18 5434 13 5435 14 5436 15 5437 16 5438 13 5439 14 5440 15 5441 16 5442 13 5443 14 5444 15 5445 16 5446 9 5447 17 5448 18 5449 13 5450 14 5451 15 5452 16 5453 5 5454 6 5455 3 5456 4 5457 8 5458 9 5459 3 5460 4 5461 8 5462 9 5463 3 5464 4 5465 7 5466 13 5467 3 5468 4 5469 7 5470 13 5471 3 5472 4 5473 7 5474 13 5475 4 5476 7 5477 4 5478 7 5479 4 5480 8 5481 4 5482 7 5483 13 5484 14 5485 15 5486 4 5487 7 5488 3 5489 4 5490 7 5491 4 5492 7 5493 3 5494 4 5495 8 5496 9 5497 4 5498 7 5499 13 5500 14 5501 15 5502 11 5503 12 5504 1 5505 2 5506 10 5507 11 5508 12 5509 10 5510 11 5511 20 5512 10 5513 11 5514 20 5515 0 5516 1 5517 19 5518 31 5519 29 5520 30 5521 29 5522 30 5523 29 5524 30 5525 0 5526 1 5527 19 5528 10 5529 20 5530 0 5531 6 5532 19 5533 27 5534 31 5535 18 5536 24 5537 15 5538 23 5539 27 5540 26 5541 28 5542 33 5543 6 5544 19 5545 6 5546 20 5547 6 5548 20 5549 6 5550 19 5551 6 5552 20 5553 6 5554 19 5555 13 5556 14 5557 15 5558 16 5559 13 5560 14 5561 15 5562 16 5563 9 5564 17 5565 18 5566 9 5567 17 5568 18 5569 9 5570 17 5571 18 5572 5 5573 6 5574 5 5575 6 5576 3 5577 4 5578 8 5579 9 5580 3 5581 4 5582 7 5583 13 5584 3 5585 4 5586 7 5587 13 5588 3 5589 4 5590 8 5591 9 5592 3 5593 4 5594 8 5595 9 5596 3 5597 4 5598 7 5599 13 5600 3 5601 4 5602 7 5603 13 5604 4 5605 8 5606 4 5607 8 5608 4 5609 8 5610 4 5611 7 5612 4 5613 8 5614 4 5615 8 5616 4 5617 8 5618 3 5619 4 5620 7 5621 13 5622 4 5623 8 5624 4 5625 7 5626 4 5627 21 5628 4 5629 8 5630 9 5631 4 5632 7 5633 13 5634 1 5635 2 5636 0 5637 1 5638 2 5639 0 5640 1 5641 2 5642 10 5643 11 5644 12 5645 10 5646 11 5647 12 5648 10 5649 11 5650 20 5651 10 5652 11 5653 20 5654 0 5655 1 5656 19 5657 31 5658 31 5659 27 5660 31 5661 27 5662 31 5663 29 5664 30 5665 0 5666 6 5667 19 5668 23 5669 27 5670 31 5671 23 5672 27 5673 24 5674 29 5675 23 5676 27 5677 24 5678 29 5679 18 5680 24 5681 28 5682 6 5683 19 5684 20 5685 6 5686 19 5687 6 5688 20 5689 9 5690 17 5691 18 5692 9 5693 17 5694 18 5695 5 5696 6 5697 3 5698 4 5699 8 5700 9 5701 3 5702 4 5703 8 5704 9 5705 3 5706 4 5707 8 5708 9 5709 3 5710 4 5711 7 5712 13 5713 4 5714 4 5715 8 5716 4 5717 8 5718 4 5719 4 5720 21 5721 10 5722 11 5723 12 5724 0 5725 1 5726 19 5727 30 5728 31 5729 0 5730 1 5731 19 5732 29 5733 30 5734 0 5735 6 5736 19 5737 24 5738 29 5739 30 5740 29 5741 30 5742 10 5743 20 5744 10 5745 20 5746 24 5747 29 5748 10 5749 20 5750 24 5751 29 5752 23 5753 27 5754 6 5755 19 5756 20 5757 6 5758 19 5759 20 5760 17 5761 18 5762 26 5763 28 5764 17 5765 18 5766 26 5767 28 5768 17 5769 18 5770 26 5771 28 5772 15 5773 16 5774 25 5775 15 5776 16 5777 25 5778 15 5779 16 5780 25 5781 6 5782 20 5783 9 5784 17 5785 18 5786 13 5787 14 5788 15 5789 16 5790 3 5791 4 5792 8 5793 9 5794 3 5795 4 5796 7 5797 13 5798 3 5799 4 5800 8 5801 9 5802 3 5803 4 5804 8 5805 9 5806 4 5807 7 5808 4 5809 4 5810 4 5811 7 5812 4 5813 4 5814 21 5815 4 5816 21 5817 21 5818 22 5819 0 5820 1 5821 2 5822 0 5823 1 5824 19 5825 10 5826 11 5827 20 5828 31 5829 27 5830 31 5831 29 5832 30 5833 29 5834 30 5835 10 5836 20 5837 27 5838 31 5839 23 5840 27 5841 31 5842 27 5843 31 5844 24 5845 29 5846 23 5847 27 5848 31 5849 24 5850 29 5851 18 5852 24 5853 6 5854 19 5855 20 5856 6 5857 19 5858 20 5859 6 5860 19 5861 20 5862 6 5863 19 5864 20 5865 15 5866 16 5867 25 5868 15 5869 16 5870 25 5871 15 5872 16 5873 25 5874 17 5875 18 5876 26 5877 6 5878 19 5879 14 5880 15 5881 16 5882 4 5883 4 5884 4 5885 4 5886 7 5887 2 5888 10 5889 11 5890 12 5891 10 5892 11 5893 12 5894 0 5895 1 5896 19 5897 30 5898 0 5899 1 5900 19 5901 31 5902 29 5903 30 5904 23 5905 27 5906 31 5907 24 5908 29 5909 24 5910 29 5911 18 5912 26 5913 28 5914 6 5915 19 5916 20 5917 6 5918 19 5919 20 5920 17 5921 18 5922 26 5923 28 5924 17 5925 18 5926 26 5927 28 5928 17 5929 18 5930 26 5931 28 5932 15 5933 16 5934 25 5935 15 5936 16 5937 25 5938 17 5939 18 5940 26 5941 28 5942 15 5943 16 5944 25 5945 17 5946 18 5947 26 5948 28 5949 6 5950 19 5951 6 5952 20 5953 14 5954 15 5955 16 5956 14 5957 15 5958 16 5959 14 5960 15 5961 16 5962 6 5963 20 5964 6 5965 20 5966 6 5967 19 5968 14 5969 15 5970 16 5971 9 5972 17 5973 18 5974 26 5975 4 5976 4 5977 4 5978 4 5979 8 5980 9 5981 21 5982 22 5983 10 5984 11 5985 12 5986 0 5987 1 5988 19 5989 0 5990 1 5991 19 5992 10 5993 11 5994 20 5995 23 5996 27 5997 31 5998 15 5999 23 6000 27 6001 15 6002 23 6003 27 6004 18 6005 24 6006 6 6007 19 6008 20 6009 6 6010 19 6011 20 6012 6 6013 19 6014 20 6015 6 6016 19 6017 20 6018 15 6019 16 6020 25 6021 15 6022 16 6023 25 6024 15 6025 16 6026 9 6027 17 6028 18 6029 26 6030 9 6031 17 6032 18 6033 26 6034 14 6035 15 6036 16 6037 14 6038 15 6039 16 6040 3 6041 4 6042 8 6043 9 6044 4 6045 4 6046 1 6047 2 6048 10 6049 11 6050 12 6051 0 6052 1 6053 19 6054 10 6055 20 6056 0 6057 1 6058 19 6059 0 6060 1 6061 19 6062 0 6063 6 6064 19 6065 0 6066 6 6067 19 6068 10 6069 20 6070 29 6071 30 6072 0 6073 1 6074 19 6075 0 6076 6 6077 19 6078 10 6079 20 6080 10 6081 20 6082 23 6083 27 6084 18 6085 26 6086 28 6087 33 6088 16 6089 25 6090 26 6091 28 6092 33 6093 15 6094 16 6095 25 6096 18 6097 26 6098 28 6099 6 6100 19 6101 20 6102 6 6103 19 6104 20 6105 6 6106 19 6107 20 6108 6 6109 19 6110 20 6111 15 6112 16 6113 25 6114 17 6115 18 6116 26 6117 15 6118 16 6119 25 6120 6 6121 19 6122 6 6123 19 6124 14 6125 15 6126 16 6127 14 6128 15 6129 16 6130 14 6131 15 6132 16 6133 9 6134 17 6135 18 6136 26 6137 14 6138 15 6139 16 6140 14 6141 15 6142 16 6143 14 6144 15 6145 16 6146 14 6147 15 6148 16 6149 14 6150 15 6151 16 6152 9 6153 17 6154 18 6155 26 6156 3 6157 4 6158 8 6159 9 6160 4 6161 4 6162 0 6163 1 6164 2 6165 0 6166 1 6167 2 6168 0 6169 1 6170 2 6171 10 6172 11 6173 12 6174 20 6175 0 6176 1 6177 2 6178 19 6179 0 6180 1 6181 2 6182 19 6183 0 6184 1 6185 2 6186 19 6187 10 6188 11 6189 20 6190 10 6191 11 6192 12 6193 20 6194 10 6195 11 6196 12 6197 20 6198 0 6199 1 6200 2 6201 19 6202 0 6203 1 6204 2 6205 19 6206 0 6207 1 6208 2 6209 19 6210 10 6211 11 6212 20 6213 10 6214 11 6215 12 6216 20 6217 0 6218 1 6219 2 6220 19 6221 10 6222 11 6223 12 6224 20 6225 10 6226 11 6227 20 6228 0 6229 1 6230 19 6231 10 6232 11 6233 20 6234 24 6235 29 6236 30 6237 24 6238 29 6239 15 6240 23 6241 27 6242 6 6243 19 6244 20 6245 6 6246 19 6247 20 6248 6 6249 19 6250 20 6251 6 6252 19 6253 20 6254 17 6255 18 6256 26 6257 15 6258 16 6259 17 6260 18 6261 26 6262 17 6263 18 6264 26 6265 17 6266 18 6267 26 6268 17 6269 18 6270 26 6271 14 6272 15 6273 16 6274 17 6275 18 6276 26 6277 17 6278 18 6279 26 6280 14 6281 15 6282 16 6283 6 6284 20 6285 17 6286 18 6287 26 6288 14 6289 15 6290 16 6291 9 6292 17 6293 18 6294 26 6295 14 6296 15 6297 16 6298 14 6299 15 6300 16 6301 9 6302 17 6303 18 6304 26 6305 6 6306 20 6307 6 6308 19 6309 4 6310 8 6311 9 6312 4 6313 7 6314 13 6315 14 6316 15 6317 3 6318 4 6319 8 6320 9 6321 3 6322 4 6323 8 6324 9 6325 3 6326 4 6327 8 6328 9 6329 4 6330 12 6331 12 6332 0 6333 1 6334 2 6335 10 6336 11 6337 12 6338 20 6339 0 6340 1 6341 2 6342 19 6343 0 6344 1 6345 2 6346 19 6347 10 6348 11 6349 12 6350 20 6351 10 6352 11 6353 12 6354 20 6355 10 6356 11 6357 12 6358 20 6359 0 6360 1 6361 2 6362 19 6363 0 6364 1 6365 2 6366 19 6367 0 6368 1 6369 2 6370 19 6371 10 6372 11 6373 12 6374 20 6375 10 6376 11 6377 12 6378 20 6379 10 6380 11 6381 12 6382 20 6383 0 6384 1 6385 2 6386 19 6387 0 6388 1 6389 19 6390 10 6391 11 6392 20 6393 10 6394 11 6395 20 6396 10 6397 20 6398 16 6399 25 6400 32 6401 16 6402 25 6403 32 6404 15 6405 16 6406 25 6407 6 6408 19 6409 20 6410 15 6411 16 6412 14 6413 15 6414 16 6415 6 6416 19 6417 6 6418 20 6419 14 6420 15 6421 16 6422 9 6423 17 6424 18 6425 26 6426 9 6427 17 6428 18 6429 26 6430 6 6431 19 6432 5 6433 6 6434 6 6435 19 6436 5 6437 6 6438 5 6439 6 6440 5 6441 6 6442 4 6443 7 6444 13 6445 14 6446 21 6447 22 6448 21 6449 22 6450 10 6451 11 6452 12 6453 11 6454 12 6455 0 6456 1 6457 2 6458 10 6459 11 6460 12 6461 0 6462 1 6463 2 6464 0 6465 1 6466 2 6467 0 6468 1 6469 2 6470 0 6471 1 6472 2 6473 0 6474 1 6475 2 6476 0 6477 1 6478 2 6479 0 6480 1 6481 2 6482 0 6483 1 6484 2 6485 0 6486 1 6487 2 6488 0 6489 1 6490 2 6491 0 6492 1 6493 2 6494 19 6495 0 6496 1 6497 2 6498 19 6499 0 6500 1 6501 2 6502 19 6503 0 6504 1 6505 2 6506 19 6507 10 6508 11 6509 12 6510 20 6511 10 6512 11 6513 12 6514 20 6515 10 6516 11 6517 12 6518 20 6519 10 6520 11 6521 20 6522 29 6523 30 6524 10 6525 20 6526 0 6527 6 6528 19 6529 0 6530 6 6531 19 6532 24 6533 29 6534 10 6535 20 6536 23 6537 27 6538 15 6539 16 6540 23 6541 18 6542 26 6543 28 6544 18 6545 26 6546 28 6547 6 6548 19 6549 20 6550 18 6551 26 6552 28 6553 6 6554 19 6555 20 6556 6 6557 19 6558 20 6559 6 6560 19 6561 4 6562 4 6563 4 6564 4 6565 2 6566 10 6567 11 6568 12 6569 10 6570 11 6571 12 6572 10 6573 11 6574 12 6575 10 6576 11 6577 12 6578 10 6579 11 6580 12 6581 10 6582 11 6583 12 6584 0 6585 1 6586 2 6587 19 6588 10 6589 11 6590 12 6591 20 6592 10 6593 11 6594 20 6595 10 6596 11 6597 12 6598 20 6599 10 6600 11 6601 12 6602 20 6603 10 6604 11 6605 12 6606 20 6607 10 6608 11 6609 12 6610 20 6611 0 6612 1 6613 19 6614 0 6615 1 6616 19 6617 10 6618 20 6619 10 6620 20 6621 0 6622 6 6623 19 6624 0 6625 6 6626 19 6627 18 6628 24 6629 28 6630 29 6631 6 6632 20 6633 6 6634 19 6635 20 6636 6 6637 19 6638 20 6639 6 6640 19 6641 20 6642 6 6643 19 6644 6 6645 20 6646 6 6647 20 6648 3 6649 4 6650 8 6651 9 6652 3 6653 4 6654 7 6655 4 6656 4 6657 21 6658 0 6659 1 6660 2 6661 10 6662 11 6663 12 6664 10 6665 11 6666 12 6667 0 6668 1 6669 2 6670 10 6671 11 6672 12 6673 0 6674 1 6675 2 6676 0 6677 1 6678 2 6679 19 6680 0 6681 1 6682 2 6683 19 6684 10 6685 11 6686 12 6687 20 6688 10 6689 11 6690 12 6691 20 6692 0 6693 1 6694 2 6695 19 6696 0 6697 1 6698 2 6699 19 6700 0 6701 1 6702 2 6703 19 6704 0 6705 1 6706 19 6707 10 6708 11 6709 12 6710 20 6711 10 6712 11 6713 12 6714 20 6715 30 6716 10 6717 11 6718 20 6719 31 6720 0 6721 1 6722 19 6723 0 6724 1 6725 19 6726 29 6727 30 6728 10 6729 11 6730 20 6731 10 6732 20 6733 0 6734 19 6735 10 6736 20 6737 31 6738 0 6739 6 6740 19 6741 10 6742 20 6743 10 6744 20 6745 23 6746 27 6747 15 6748 23 6749 27 6750 6 6751 19 6752 20 6753 6 6754 19 6755 6 6756 19 6757 6 6758 20 6759 6 6760 19 6761 6 6762 20 6763 6 6764 19 6765 5 6766 6 6767 5 6768 6 6769 3 6770 4 6771 7 6772 3 6773 4 6774 8 6775 9 6776 3 6777 4 6778 7 6779 13 6780 4 6781 3 6782 4 6783 8 6784 9 6785 4 6786 21 6787 21 6788 22 6789 21 6790 22 6791 1 6792 2 6793 2 6794 12 6795 2 6796 12 6797 11 6798 12 6799 1 6800 2 6801 10 6802 11 6803 12 6804 0 6805 1 6806 2 6807 0 6808 1 6809 2 6810 19 6811 0 6812 1 6813 2 6814 19 6815 10 6816 11 6817 12 6818 20 6819 10 6820 11 6821 12 6822 20 6823 10 6824 11 6825 12 6826 20 6827 0 6828 1 6829 19 6830 27 6831 31 6832 27 6833 31 6834 0 6835 1 6836 19 6837 10 6838 11 6839 20 6840 27 6841 31 6842 27 6843 31 6844 24 6845 29 6846 30 6847 29 6848 30 6849 0 6850 6 6851 19 6852 10 6853 20 6854 0 6855 6 6856 19 6857 10 6858 20 6859 23 6860 27 6861 31 6862 15 6863 23 6864 27 6865 24 6866 29 6867 18 6868 24 6869 26 6870 28 6871 15 6872 16 6873 25 6874 6 6875 20 6876 6 6877 19 6878 20 6879 6 6880 20 6881 15 6882 16 6883 25 6884 6 6885 20 6886 18 6887 26 6888 4 6889 21 6890 22 6891 10 6892 11 6893 12 6894 10 6895 11 6896 12 6897 10 6898 11 6899 12 6900 20 6901 10 6902 11 6903 12 6904 20 6905 0 6906 1 6907 2 6908 19 6909 0 6910 1 6911 2 6912 19 6913 0 6914 1 6915 2 6916 19 6917 0 6918 1 6919 2 6920 19 6921 10 6922 11 6923 12 6924 20 6925 10 6926 11 6927 12 6928 20 6929 0 6930 1 6931 2 6932 19 6933 10 6934 11 6935 12 6936 20 6937 10 6938 11 6939 12 6940 20 6941 10 6942 11 6943 12 6944 20 6945 10 6946 11 6947 12 6948 20 6949 10 6950 11 6951 12 6952 20 6953 10 6954 11 6955 12 6956 20 6957 10 6958 11 6959 12 6960 20 6961 0 6962 1 6963 2 6964 19 6965 0 6966 1 6967 2 6968 19 6969 0 6970 1 6971 19 6972 30 6973 31 6974 29 6975 30 6976 29 6977 30 6978 29 6979 30 6980 27 6981 31 6982 23 6983 27 6984 31 6985 0 6986 6 6987 19 6988 10 6989 20 6990 10 6991 20 6992 24 6993 29 6994 18 6995 24 6996 0 6997 6 6998 19 6999 0 7000 6 7001 19 7002 6 7003 19 7004 18 7005 26 7006 28 7007 6 7008 19 7009 20 7010 18 7011 26 7012 28 7013 6 7014 19 7015 6 7016 19 7017 20 7018 5 7019 6 7020 4 7021 4 7022 21 7023 11 7024 12 7025 0 7026 1 7027 2 7028 0 7029 1 7030 2 7031 19 7032 0 7033 1 7034 2 7035 19 7036 0 7037 1 7038 2 7039 19 7040 0 7041 1 7042 2 7043 19 7044 0 7045 1 7046 2 7047 19 7048 0 7049 1 7050 2 7051 19 7052 0 7053 1 7054 2 7055 19 7056 0 7057 1 7058 2 7059 19 7060 10 7061 11 7062 12 7063 20 7064 10 7065 11 7066 12 7067 20 7068 10 7069 11 7070 12 7071 20 7072 10 7073 11 7074 12 7075 20 7076 10 7077 11 7078 12 7079 20 7080 10 7081 11 7082 12 7083 20 7084 0 7085 1 7086 2 7087 19 7088 10 7089 11 7090 12 7091 20 7092 0 7093 1 7094 2 7095 19 7096 0 7097 1 7098 2 7099 19 7100 0 7101 1 7102 2 7103 19 7104 0 7105 1 7106 2 7107 19 7108 10 7109 11 7110 12 7111 20 7112 0 7113 1 7114 2 7115 19 7116 31 7117 30 7118 31 7119 10 7120 20 7121 24 7122 29 7123 30 7124 24 7125 29 7126 24 7127 29 7128 30 7129 0 7130 6 7131 19 7132 10 7133 20 7134 10 7135 20 7136 10 7137 20 7138 18 7139 24 7140 26 7141 28 7142 6 7143 19 7144 20 7145 6 7146 19 7147 20 7148 15 7149 16 7150 25 7151 6 7152 19 7153 20 7154 6 7155 19 7156 20 7157 6 7158 19 7159 20 7160 6 7161 19 7162 6 7163 20 7164 6 7165 20 7166 6 7167 20 7168 5 7169 6 7170 5 7171 6 7172 5 7173 6 7174 4 7175 7 7176 13 7177 14 7178 4 7179 4 7180 4 7181 21 7182 22 7183 21 7184 22 7185 1 7186 2 7187 0 7188 1 7189 2 7190 10 7191 11 7192 12 7193 20 7194 10 7195 11 7196 12 7197 20 7198 10 7199 11 7200 12 7201 20 7202 10 7203 11 7204 12 7205 20 7206 0 7207 1 7208 2 7209 19 7210 10 7211 11 7212 12 7213 20 7214 10 7215 11 7216 12 7217 20 7218 0 7219 1 7220 2 7221 19 7222 0 7223 1 7224 2 7225 19 7226 0 7227 1 7228 2 7229 19 7230 31 7231 29 7232 30 7233 10 7234 20 7235 0 7236 6 7237 19 7238 10 7239 20 7240 0 7241 6 7242 19 7243 25 7244 32 7245 25 7246 32 7247 16 7248 25 7249 32 7250 26 7251 28 7252 33 7253 26 7254 28 7255 33 7256 26 7257 28 7258 33 7259 23 7260 27 7261 16 7262 25 7263 32 7264 26 7265 28 7266 33 7267 6 7268 20 7269 6 7270 19 7271 20 7272 15 7273 16 7274 25 7275 5 7276 6 7277 5 7278 6 7279 5 7280 6 7281 3 7282 4 7283 3 7284 4 7285 3 7286 4 7287 4 7288 3 7289 4 7290 4 7291 3 7292 4 7293 7 7294 4 7295 4 7296 22 7297 4 7298 21 7299 21 7300 22 7301 10 7302 11 7303 12 7304 20 7305 0 7306 1 7307 2 7308 19 7309 10 7310 11 7311 12 7312 20 7313 30 7314 0 7315 6 7316 19 7317 18 7318 24 7319 16 7320 25 7321 32 7322 16 7323 25 7324 32 7325 6 7326 19 7327 20 7328 6 7329 20 7330 6 7331 20 7332 3 7333 4 7334 3 7335 4 7336 3 7337 4 7338 3 7339 4 7340 4 7341 4 7342 21 7343 22 7344 4 7345 21 7346 22 7347 2 7348 0 7349 1 7350 19 7351 31 7352 31 7353 23 7354 27 7355 31 7356 23 7357 27 7358 31 7359 10 7360 20 7361 23 7362 27 7363 31 7364 28 7365 33 7366 28 7367 33 7368 28 7369 33 7370 25 7371 32 7372 25 7373 32 7374 23 7375 27 7376 26 7377 28 7378 33 7379 26 7380 28 7381 33 7382 15 7383 23 7384 27 7385 18 7386 24 7387 18 7388 24 7389 18 7390 26 7391 28 7392 15 7393 16 7394 25 7395 6 7396 19 7397 20 7398 6 7399 20 7400 6 7401 19 7402 6 7403 19 7404 6 7405 19 7406 6 7407 19 7408 6 7409 20 7410 3 7411 5 7412 6 7413 5 7414 6 7415 5 7416 6 7417 5 7418 6 7419 5 7420 6 7421 3 7422 5 7423 6 7424 3 7425 4 7426 4 7427 4 7428 8 7429 9 7430 3 7431 4 7432 4 7433 4 7434 21 7435 22 7436 21 7437 22 7438 21 7439 22 7440 21 7441 22 7442 21 7443 22 7444 21 7445 22 7446 10 7447 11 7448 20 7449 29 7450 30 7451 27 7452 31 7453 28 7454 33 7455 16 7456 25 7457 32 7458 26 7459 28 7460 33 7461 15 7462 23 7463 27 7464 16 7465 25 7466 32 7467 15 7468 23 7469 15 7470 16 7471 25 7472 15 7473 16 7474 25 7475 6 7476 20 7477 5 7478 6 7479 5 7480 6 7481 3 7482 5 7483 6 7484 3 7485 5 7486 6 7487 3 7488 4 7489 5 7490 6 7491 3 7492 4 7493 4 7494 8 7495 9 7496 4 7497 7 7498 13 7499 11 7500 12 7501 0 7502 1 7503 19 7504 30 7505 31 7506 27 7507 31 7508 29 7509 30 7510 27 7511 31 7512 28 7513 33 7514 24 7515 29 7516 23 7517 27 7518 26 7519 28 7520 33 7521 26 7522 28 7523 33 7524 16 7525 25 7526 32 7527 16 7528 25 7529 32 7530 18 7531 26 7532 28 7533 15 7534 16 7535 25 7536 6 7537 19 7538 20 7539 3 7540 5 7541 6 7542 3 7543 5 7544 6 7545 3 7546 4 7547 5 7548 6 7549 3 7550 4 7551 3 7552 4 7553 3 7554 4 7555 3 7556 4 7557 4 7558 12 7559 2 7560 2 7561 12 7562 12 7563 12 7564 0 7565 1 7566 19 7567 29 7568 30 7569 27 7570 31 7571 24 7572 29 7573 23 7574 27 7575 31 7576 23 7577 27 7578 31 7579 23 7580 27 7581 31 7582 25 7583 32 7584 28 7585 33 7586 24 7587 29 7588 26 7589 28 7590 33 7591 26 7592 28 7593 33 7594 6 7595 19 7596 20 7597 6 7598 20 7599 6 7600 20 7601 3 7602 5 7603 6 7604 3 7605 5 7606 6 7607 3 7608 5 7609 6 7610 4 7611 21 7612 22 7613 4 7614 21 7615 22 7616 4 7617 21 7618 22 7619 12 7620 2 7621 31 7622 10 7623 11 7624 20 7625 28 7626 33 7627 24 7628 29 7629 25 7630 32 7631 18 7632 24 7633 26 7634 28 7635 18 7636 24 7637 16 7638 25 7639 32 7640 16 7641 25 7642 32 7643 15 7644 23 7645 18 7646 24 7647 26 7648 16 7649 25 7650 32 7651 16 7652 25 7653 18 7654 26 7655 28 7656 15 7657 16 7658 25 7659 6 7660 19 7661 5 7662 6 7663 3 7664 5 7665 6 7666 3 7667 4 7668 7 7669 3 7670 4 7671 3 7672 4 7673 4 7674 21 7675 22 7676 4 7677 21 7678 22 7679 21 7680 22 7681 21 7682 22 7683 2 7684 2 7685 29 7686 30 7687 29 7688 30 7689 27 7690 31 7691 27 7692 31 7693 29 7694 30 7695 23 7696 27 7697 31 7698 25 7699 32 7700 23 7701 27 7702 23 7703 27 7704 24 7705 29 7706 26 7707 28 7708 18 7709 24 7710 26 7711 28 7712 6 7713 20 7714 6 7715 20 7716 6 7717 5 7718 6 7719 5 7720 6 7721 3 7722 5 7723 6 7724 3 7725 5 7726 6 7727 3 7728 5 7729 6 7730 3 7731 4 7732 8 7733 9 7734 3 7735 4 7736 3 7737 4 7738 3 7739 4 7740 21 7741 22 7742 21 7743 22 7744 12 7745 10 7746 11 7747 20 7748 29 7749 30 7750 29 7751 30 7752 29 7753 30 7754 27 7755 31 7756 29 7757 30 7758 29 7759 30 7760 16 7761 25 7762 32 7763 16 7764 25 7765 32 7766 15 7767 16 7768 23 7769 25 7770 26 7771 28 7772 33 7773 18 7774 26 7775 28 7776 5 7777 6 7778 3 7779 5 7780 6 7781 3 7782 5 7783 6 7784 3 7785 5 7786 6 7787 3 7788 4 7789 21 7790 22 7791 21 7792 22 7793 2 7794 1 7795 2 7796 12 7797 12 7798 2 7799 0 7800 1 7801 2 7802 12 7803 24 7804 29 7805 25 7806 32 7807 23 7808 27 7809 31 7810 28 7811 33 7812 23 7813 27 7814 15 7815 23 7816 15 7817 23 7818 15 7819 16 7820 25 7821 5 7822 6 7823 5 7824 6 7825 5 7826 6 7827 5 7828 6 7829 3 7830 5 7831 6 7832 3 7833 5 7834 6 7835 3 7836 4 7837 21 7838 22 7839 21 7840 22 7841 21 7842 22 7843 21 7844 22 7845 21 7846 22 7847 21 7848 22 7849 21 7850 22 7851 21 7852 22 7853 11 7854 12 7855 2 7856 12 7857 2 7858 31 7859 24 7860 29 7861 28 7862 33 7863 28 7864 33 7865 18 7866 24 7867 26 7868 15 7869 23 7870 18 7871 26 7872 28 7873 6 7874 19 7875 20 7876 6 7877 19 7878 20 7879 6 7880 6 7881 3 7882 5 7883 6 7884 3 7885 5 7886 6 7887 3 7888 4 7889 5 7890 3 7891 4 7892 5 7893 3 7894 4 7895 3 7896 4 7897 3 7898 4 7899 4 7900 21 7901 22 7902 21 7903 22 7904 21 7905 22 7906 21 7907 22 7908 12 7909 2 7910 25 7911 32 7912 26 7913 28 7914 33 7915 18 7916 24 7917 26 7918 28 7919 15 7920 23 7921 6 7922 5 7923 6 7924 5 7925 6 7926 5 7927 6 7928 5 7929 6 7930 5 7931 6 7932 5 7933 6 7934 5 7935 6 7936 3 7937 5 7938 6 7939 3 7940 5 7941 6 7942 3 7943 4 7944 5 7945 4 7946 21 7947 22 7948 21 7949 22 7950 21 7951 22 7952 21 7953 22 7954 21 7955 22 7956 21 7957 22 7958 21 7959 22 7960 21 7961 22 7962 21 7963 22 7964 21 7965 22 7966 11 7967 12 7968 12 7969 12 7970 2 7971 2 7972 29 7973 30 7974 25 7975 32 7976 28 7977 33 7978 26 7979 28 7980 33 7981 26 7982 28 7983 33 7984 6 7985 19 7986 20 7987 6 7988 6 7989 20 7990 5 7991 6 7992 5 7993 6 7994 5 7995 6 7996 5 7997 6 7998 3 7999 5 8000 6 8001 5 8002 6 8003 3 8004 5 8005 6 8006 3 8007 5 8008 6 8009 3 8010 5 8011 6 8012 3 8013 5 8014 6 8015 3 8016 5 8017 6 8018 3 8019 5 8020 6 8021 3 8022 4 8023 5 8024 6 8025 4 8026 21 8027 22 8028 4 8029 21 8030 22 8031 4 8032 21 8033 22 8034 4 8035 21 8036 22 8037 21 8038 22 8039 21 8040 22 8041 21 8042 22 8043 2 8044 1 8045 2 8046 1 8047 2 8048 2 8049 29 8050 30 8051 31 8052 27 8053 31 8054 25 8055 32 8056 16 8057 25 8058 32 8059 16 8060 25 8061 32 8062 24 8063 29 8064 16 8065 25 8066 32 8067 5 8068 6 8069 3 8070 5 8071 6 8072 3 8073 5 8074 6 8075 4 8076 21 8077 22 8078 4 8079 21 8080 22 8081 21 8082 22 8083 21 8084 22 8085 1 8086 2 8087 1 8088 2 8089 11 8090 12 8091 11 8092 12 8093 29 8094 30 8095 24 8096 29 8097 23 8098 27 8099 23 8100 27 8101 28 8102 33 8103 16 8104 25 8105 32 8106 6 8107 19 8108 20 8109 5 8110 6 8111 3 8112 5 8113 6 8114 5 8115 6 8116 3 8117 5 8118 6 8119 3 8120 5 8121 6 8122 3 8123 5 8124 6 8125 3 8126 5 8127 6 8128 3 8129 5 8130 6 8131 4 8132 21 8133 22 8134 4 8135 21 8136 22 8137 4 8138 21 8139 22 8140 12 8141 11 8142 12 8143 29 8144 30 8145 25 8146 32 8147 23 8148 27 8149 31 8150 26 8151 28 8152 33 8153 3 8154 5 8155 6 8156 3 8157 5 8158 6 8159 3 8160 5 8161 6 8162 3 8163 5 8164 6 8165 3 8166 4 8167 5 8168 6 8169 3 8170 4 8171 5 8172 6 8173 3 8174 5 8175 6 8176 3 8177 5 8178 6 8179 3 8180 4 8181 5 8182 6 8183 3 8184 4 8185 5 8186 6 8187 3 8188 4 8189 5 8190 6 8191 3 8192 4 8193 5 8194 6 8195 3 8196 4 8197 5 8198 4 8199 21 8200 22 8201 4 8202 21 8203 22 8204 4 8205 21 8206 22 8207 21 8208 22 8209 11 8210 12 8211 11 8212 12 8213 11 8214 12 8215 1 8216 2 8217 12 8218 29 8219 30 8220 27 8221 31 8222 24 8223 29 8224 3 8225 5 8226 6 8227 3 8228 5 8229 6 8230 3 8231 5 8232 6 8233 3 8234 4 8235 5 8236 6 8237 3 8238 4 8239 5 8240 3 8241 4 8242 5 8243 21 8244 22 8245 2 8246 1 8247 2 8248 1 8249 2 8250 11 8251 12 8252 1 8253 2 8254 1 8255 2 8256 2 8257 29 8258 30 8259 3 8260 4 8261 5 8262 4 8263 21 8264 22 8265 21 8266 22 8267 2 8268 2 8269 11 8270 12 8271 10 8272 11 8273 12 8274 28 8275 33 8276 3 8277 4 8278 5 8279 6 8280 12 8281 12 8282 1 8283 2 8284 0 8285 1 8286 2 8287 1 8288 2 8289 12 8290 2 8291 12 8292 27 8293 31 8294 25 8295 32 8296 16 8297 25 8298 32 8299 6 8300 5 8301 6 8302 3 8303 4 8304 5 8305 6 8306 21 8307 22 8308 12 8309 12 8310 11 8311 12 8312 25 8313 32 8314 16 8315 25 8316 32 8317 3 8318 5 8319 6 8320 3 8321 4 8322 5 8323 3 8324 4 8325 5 8326 4 8327 21 8328 22 8329 2 8330 12 8331 28 8332 33 8333 26 8334 28 8335 33 8336 3 8337 4 8338 5 8339 6 8340 2 8341 2 8342 12 8343 2 8344 2 8345 2 8346 12 8347 26 8348 28 8349 33 8350 3 8351 4 8352 5 8353 6 8354 2 8355 12 8356 2 8357 1 8358 2 8359 2 8360 12 8361 12 8362 2 8363 12 8364 12 8365 12 8366 12 8367 2 8368 2 8369 12 8370 12 8371 2 8372 12 8373 2 8374 11 8375 12 8376 12 8377 2 8378 12 8379 2 8380 2 8381 12 8382 2 8383 2 8384 12 8385 12 8386 2 8387 12 8388 2 8389 2 8390 12 8391</v>
        </vertex_weights>
      </skin>
    </controller>
  </library_controllers>
  <library_animations>
    <animation id="mixamorig_Hips-anim" name="mixamorig_Hips">
      <source id="mixamorig_Hips-Matrix-animation-input">
        <float_array id="mixamorig_Hips-Matrix-animation-input-array" count="2">

0.000000 0.033333</float_array>
        <technique_common>
          <accessor source="#mixamorig_Hips-Matrix-animation-input-array" count="2">
            <param name="TIME" type="float"/>
          </accessor>
        </technique_common>
      </source>
      <source id="mixamorig_Hips-Matrix-animation-output-transform">
        <float_array id="mixamorig_Hips-Matrix-animation-output-transform-array" count="32">

1.000000 0.000023 -0.000001 -0.000038 -0.000023 1.000000 -0.000000 112.816513 0.000001 0.000000 1.000000 -1.074782 0.000000 0.000000 0.000000 1.000000
1.000000 0.000023 -0.000001 -0.000038 -0.000023 1.000000 -0.000000 112.816513 0.000001 0.000000 1.000000 -1.074782 0.000000 0.000000 0.000000 1.000000</float_array>
        <technique_common>
          <accessor source="#mixamorig_Hips-Matrix-animation-output-transform-array" count="2" stride="16">
            <param type="float4x4"/>
          </accessor>
        </technique_common>
      </source>
      <source id="mixamorig_Hips-Interpolations">
        <Name_array id="mixamorig_Hips-Interpolations-array" count="2">
 LINEAR LINEAR</Name_array>
        <technique_common>
          <accessor source="#mixamorig_Hips-Interpolations-array" count="2">
            <param type="name"/>
          </accessor>
        </technique_common>
      </source>
      <sampler id="mixamorig_Hips-Matrix-animation-transform">
        <input semantic="INPUT" source="#mixamorig_Hips-Matrix-animation-input"/>
        <input semantic="OUTPUT" source="#mixamorig_Hips-Matrix-animation-output-transform"/>
        <input semantic="INTERPOLATION" source="#mixamorig_Hips-Interpolations"/>
      </sampler>
      <channel source="#mixamorig_Hips-Matrix-animation-transform" target="mixamorig_Hips/matrix"/>
    </animation>
    <animation id="mixamorig_Spine-anim" name="mixamorig_Spine">
      <source id="mixamorig_Spine-Matrix-animation-input">
        <float_array id="mixamorig_Spine-Matrix-animation-input-array" count="2">

0.000000 0.033333</float_array>
        <technique_common>
          <accessor source="#mixamorig_Spine-Matrix-animation-input-array" count="2">
            <param name="TIME" type="float"/>
          </accessor>
        </technique_common>
      </source>
      <source id="mixamorig_Spine-Matrix-animation-output-transform">
        <float_array id="mixamorig_Spine-Matrix-animation-output-transform-array" count="32">

1.000000 -0.000023 -0.000001 -0.000000 0.000023 0.994024 0.109165 10.706654 -0.000001 -0.109165 0.994024 -1.175817 0.000000 0.000000 0.000000 1.000000
1.000000 -0.000023 -0.000001 -0.000000 0.000023 0.994024 0.109165 10.706654 -0.000001 -0.109165 0.994024 -1.175817 0.000000 0.000000 0.000000 1.000000</float_array>
        <technique_common>
          <accessor source="#mixamorig_Spine-Matrix-animation-output-transform-array" count="2" stride="16">
            <param type="float4x4"/>
          </accessor>
        </technique_common>
      </source>
      <source id="mixamorig_Spine-Interpolations">
        <Name_array id="mixamorig_Spine-Interpolations-array" count="2">
 LINEAR LINEAR</Name_array>
        <technique_common>
          <accessor source="#mixamorig_Spine-Interpolations-array" count="2">
            <param type="name"/>
          </accessor>
        </technique_common>
      </source>
      <sampler id="mixamorig_Spine-Matrix-animation-transform">
        <input semantic="INPUT" source="#mixamorig_Spine-Matrix-animation-input"/>
        <input semantic="OUTPUT" source="#mixamorig_Spine-Matrix-animation-output-transform"/>
        <input semantic="INTERPOLATION" source="#mixamorig_Spine-Interpolations"/>
      </sampler>
      <channel source="#mixamorig_Spine-Matrix-animation-transform" target="mixamorig_Spine/matrix"/>
    </animation>
    <animation id="mixamorig_Spine1-anim" name="mixamorig_Spine1">
      <source id="mixamorig_Spine1-Matrix-animation-input">
        <float_array id="mixamorig_Spine1-Matrix-animation-input-array" count="2">

0.000000 0.033333</float_array>
        <technique_common>
          <accessor source="#mixamorig_Spine1-Matrix-animation-input-array" count="2">
            <param name="TIME" type="float"/>
          </accessor>
        </technique_common>
      </source>
      <source id="mixamorig_Spine1-Matrix-animation-output-transform">
        <float_array id="mixamorig_Spine1-Matrix-animation-output-transform-array" count="32">

1.000000 0.000000 0.000000 0.000000 -0.000000 1.000000 0.000000 12.566188 -0.000000 0.000000 1.000000 -0.000000 0.000000 0.000000 0.000000 1.000000
1.000000 0.000000 0.000000 0.000000 -0.000000 1.000000 0.000000 12.566188 -0.000000 0.000000 1.000000 -0.000000 0.000000 0.000000 0.000000 1.000000</float_array>
        <technique_common>
          <accessor source="#mixamorig_Spine1-Matrix-animation-output-transform-array" count="2" stride="16">
            <param type="float4x4"/>
          </accessor>
        </technique_common>
      </source>
      <source id="mixamorig_Spine1-Interpolations">
        <Name_array id="mixamorig_Spine1-Interpolations-array" count="2">
 LINEAR LINEAR</Name_array>
        <technique_common>
          <accessor source="#mixamorig_Spine1-Interpolations-array" count="2">
            <param type="name"/>
          </accessor>
        </technique_common>
      </source>
      <sampler id="mixamorig_Spine1-Matrix-animation-transform">
        <input semantic="INPUT" source="#mixamorig_Spine1-Matrix-animation-input"/>
        <input semantic="OUTPUT" source="#mixamorig_Spine1-Matrix-animation-output-transform"/>
        <input semantic="INTERPOLATION" source="#mixamorig_Spine1-Interpolations"/>
      </sampler>
      <channel source="#mixamorig_Spine1-Matrix-animation-transform" target="mixamorig_Spine1/matrix"/>
    </animation>
    <animation id="mixamorig_Spine2-anim" name="mixamorig_Spine2">
      <source id="mixamorig_Spine2-Matrix-animation-input">
        <float_array id="mixamorig_Spine2-Matrix-animation-input-array" count="2">

0.000000 0.033333</float_array>
        <technique_common>
          <accessor source="#mixamorig_Spine2-Matrix-animation-input-array" count="2">
            <param name="TIME" type="float"/>
          </accessor>
        </technique_common>
      </source>
      <source id="mixamorig_Spine2-Matrix-animation-output-transform">
        <float_array id="mixamorig_Spine2-Matrix-animation-output-transform-array" count="32">

1.000000 0.000000 -0.000000 0.000000 0.000000 1.000000 0.000000 14.361372 0.000000 0.000000 1.000000 0.000000 0.000000 0.000000 0.000000 1.000000
1.000000 0.000000 -0.000000 0.000000 0.000000 1.000000 0.000000 14.361372 0.000000 0.000000 1.000000 0.000000 0.000000 0.000000 0.000000 1.000000</float_array>
        <technique_common>
          <accessor source="#mixamorig_Spine2-Matrix-animation-output-transform-array" count="2" stride="16">
            <param type="float4x4"/>
          </accessor>
        </technique_common>
      </source>
      <source id="mixamorig_Spine2-Interpolations">
        <Name_array id="mixamorig_Spine2-Interpolations-array" count="2">
 LINEAR LINEAR</Name_array>
        <technique_common>
          <accessor source="#mixamorig_Spine2-Interpolations-array" count="2">
            <param type="name"/>
          </accessor>
        </technique_common>
      </source>
      <sampler id="mixamorig_Spine2-Matrix-animation-transform">
        <input semantic="INPUT" source="#mixamorig_Spine2-Matrix-animation-input"/>
        <input semantic="OUTPUT" source="#mixamorig_Spine2-Matrix-animation-output-transform"/>
        <input semantic="INTERPOLATION" source="#mixamorig_Spine2-Interpolations"/>
      </sampler>
      <channel source="#mixamorig_Spine2-Matrix-animation-transform" target="mixamorig_Spine2/matrix"/>
    </animation>
    <animation id="mixamorig_Neck-anim" name="mixamorig_Neck">
      <source id="mixamorig_Neck-Matrix-animation-input">
        <float_array id="mixamorig_Neck-Matrix-animation-input-array" count="2">

0.000000 0.033333</float_array>
        <technique_common>
          <accessor source="#mixamorig_Neck-Matrix-animation-input-array" count="2">
            <param name="TIME" type="float"/>
          </accessor>
        </technique_common>
      </source>
      <source id="mixamorig_Neck-Matrix-animation-output-transform">
        <float_array id="mixamorig_Neck-Matrix-animation-output-transform-array" count="32">

1.000000 0.000000 -0.000000 0.000000 -0.000000 0.994024 -0.109165 16.156532 0.000000 0.109165 0.994024 -0.000000 0.000000 0.000000 0.000000 1.000000
1.000000 0.000000 -0.000000 0.000000 -0.000000 0.994024 -0.109165 16.156532 0.000000 0.109165 0.994024 -0.000000 0.000000 0.000000 0.000000 1.000000</float_array>
        <technique_common>
          <accessor source="#mixamorig_Neck-Matrix-animation-output-transform-array" count="2" stride="16">
            <param type="float4x4"/>
          </accessor>
        </technique_common>
      </source>
      <source id="mixamorig_Neck-Interpolations">
        <Name_array id="mixamorig_Neck-Interpolations-array" count="2">
 LINEAR LINEAR</Name_array>
        <technique_common>
          <accessor source="#mixamorig_Neck-Interpolations-array" count="2">
            <param type="name"/>
          </accessor>
        </technique_common>
      </source>
      <sampler id="mixamorig_Neck-Matrix-animation-transform">
        <input semantic="INPUT" source="#mixamorig_Neck-Matrix-animation-input"/>
        <input semantic="OUTPUT" source="#mixamorig_Neck-Matrix-animation-output-transform"/>
        <input semantic="INTERPOLATION" source="#mixamorig_Neck-Interpolations"/>
      </sampler>
      <channel source="#mixamorig_Neck-Matrix-animation-transform" target="mixamorig_Neck/matrix"/>
    </animation>
    <animation id="mixamorig_Head-anim" name="mixamorig_Head">
      <source id="mixamorig_Head-Matrix-animation-input">
        <float_array id="mixamorig_Head-Matrix-animation-input-array" count="2">

0.000000 0.033333</float_array>
        <technique_common>
          <accessor source="#mixamorig_Head-Matrix-animation-input-array" count="2">
            <param name="TIME" type="float"/>
          </accessor>
        </technique_common>
      </source>
      <source id="mixamorig_Head-Matrix-animation-output-transform">
        <float_array id="mixamorig_Head-Matrix-animation-output-transform-array" count="32">

1.000000 -0.000000 0.000000 0.000000 0.000000 1.000000 0.000000 1.383636 -0.000000 0.000000 1.000000 1.145801 0.000000 0.000000 0.000000 1.000000
1.000000 -0.000000 0.000000 0.000000 0.000000 1.000000 0.000000 1.383636 -0.000000 0.000000 1.000000 1.145801 0.000000 0.000000 0.000000 1.000000</float_array>
        <technique_common>
          <accessor source="#mixamorig_Head-Matrix-animation-output-transform-array" count="2" stride="16">
            <param type="float4x4"/>
          </accessor>
        </technique_common>
      </source>
      <source id="mixamorig_Head-Interpolations">
        <Name_array id="mixamorig_Head-Interpolations-array" count="2">
 LINEAR LINEAR</Name_array>
        <technique_common>
          <accessor source="#mixamorig_Head-Interpolations-array" count="2">
            <param type="name"/>
          </accessor>
        </technique_common>
      </source>
      <sampler id="mixamorig_Head-Matrix-animation-transform">
        <input semantic="INPUT" source="#mixamorig_Head-Matrix-animation-input"/>
        <input semantic="OUTPUT" source="#mixamorig_Head-Matrix-animation-output-transform"/>
        <input semantic="INTERPOLATION" source="#mixamorig_Head-Interpolations"/>
      </sampler>
      <channel source="#mixamorig_Head-Matrix-animation-transform" target="mixamorig_Head/matrix"/>
    </animation>
    <animation id="mixamorig_LeftShoulder-anim" name="mixamorig_LeftShoulder">
      <source id="mixamorig_LeftShoulder-Matrix-animation-input">
        <float_array id="mixamorig_LeftShoulder-Matrix-animation-input-array" count="2">

0.000000 0.033333</float_array>
        <technique_common>
          <accessor source="#mixamorig_LeftShoulder-Matrix-animation-input-array" count="2">
            <param name="TIME" type="float"/>
          </accessor>
        </technique_common>
      </source>
      <source id="mixamorig_LeftShoulder-Matrix-animation-output-transform">
        <float_array id="mixamorig_LeftShoulder-Matrix-animation-output-transform-array" count="32">

-0.017230 0.999113 0.038435 12.201913 -0.006981 0.038319 -0.999241 13.791432 -0.999827 -0.017486 0.006315 -0.529851 0.000000 0.000000 0.000000 1.000000
-0.017230 0.999113 0.038435 12.201913 -0.006981 0.038319 -0.999241 13.791432 -0.999827 -0.017486 0.006315 -0.529851 0.000000 0.000000 0.000000 1.000000</float_array>
        <technique_common>
          <accessor source="#mixamorig_LeftShoulder-Matrix-animation-output-transform-array" count="2" stride="16">
            <param type="float4x4"/>
          </accessor>
        </technique_common>
      </source>
      <source id="mixamorig_LeftShoulder-Interpolations">
        <Name_array id="mixamorig_LeftShoulder-Interpolations-array" count="2">
 LINEAR LINEAR</Name_array>
        <technique_common>
          <accessor source="#mixamorig_LeftShoulder-Interpolations-array" count="2">
            <param type="name"/>
          </accessor>
        </technique_common>
      </source>
      <sampler id="mixamorig_LeftShoulder-Matrix-animation-transform">
        <input semantic="INPUT" source="#mixamorig_LeftShoulder-Matrix-animation-input"/>
        <input semantic="OUTPUT" source="#mixamorig_LeftShoulder-Matrix-animation-output-transform"/>
        <input semantic="INTERPOLATION" source="#mixamorig_LeftShoulder-Interpolations"/>
      </sampler>
      <channel source="#mixamorig_LeftShoulder-Matrix-animation-transform" target="mixamorig_LeftShoulder/matrix"/>
    </animation>
    <animation id="mixamorig_LeftArm-anim" name="mixamorig_LeftArm">
      <source id="mixamorig_LeftArm-Matrix-animation-input">
        <float_array id="mixamorig_LeftArm-Matrix-animation-input-array" count="2">

0.000000 0.033333</float_array>
        <technique_common>
          <accessor source="#mixamorig_LeftArm-Matrix-animation-input-array" count="2">
            <param name="TIME" type="float"/>
          </accessor>
        </technique_common>
      </source>
      <source id="mixamorig_LeftArm-Matrix-animation-output-transform">
        <float_array id="mixamorig_LeftArm-Matrix-animation-output-transform-array" count="32">

0.995639 -0.017231 0.091687 0.000000 0.020671 0.999112 -0.036706 24.900921 -0.090973 0.038441 0.995111 0.000000 0.000000 0.000000 0.000000 1.000000
0.995639 -0.017231 0.091687 0.000000 0.020671 0.999112 -0.036706 24.900921 -0.090973 0.038441 0.995111 0.000000 0.000000 0.000000 0.000000 1.000000</float_array>
        <technique_common>
          <accessor source="#mixamorig_LeftArm-Matrix-animation-output-transform-array" count="2" stride="16">
            <param type="float4x4"/>
          </accessor>
        </technique_common>
      </source>
      <source id="mixamorig_LeftArm-Interpolations">
        <Name_array id="mixamorig_LeftArm-Interpolations-array" count="2">
 LINEAR LINEAR</Name_array>
        <technique_common>
          <accessor source="#mixamorig_LeftArm-Interpolations-array" count="2">
            <param type="name"/>
          </accessor>
        </technique_common>
      </source>
      <sampler id="mixamorig_LeftArm-Matrix-animation-transform">
        <input semantic="INPUT" source="#mixamorig_LeftArm-Matrix-animation-input"/>
        <input semantic="OUTPUT" source="#mixamorig_LeftArm-Matrix-animation-output-transform"/>
        <input semantic="INTERPOLATION" source="#mixamorig_LeftArm-Interpolations"/>
      </sampler>
      <channel source="#mixamorig_LeftArm-Matrix-animation-transform" target="mixamorig_LeftArm/matrix"/>
    </animation>
    <animation id="mixamorig_LeftForeArm-anim" name="mixamorig_LeftForeArm">
      <source id="mixamorig_LeftForeArm-Matrix-animation-input">
        <float_array id="mixamorig_LeftForeArm-Matrix-animation-input-array" count="2">

0.000000 0.033333</float_array>
        <technique_common>
          <accessor source="#mixamorig_LeftForeArm-Matrix-animation-input-array" count="2">
            <param name="TIME" type="float"/>
          </accessor>
        </technique_common>
      </source>
      <source id="mixamorig_LeftForeArm-Matrix-animation-output-transform">
        <float_array id="mixamorig_LeftForeArm-Matrix-animation-output-transform-array" count="32">

0.999988 0.000000 -0.004950 -0.000000 -0.000000 1.000000 0.000000 34.805481 0.004950 -0.000000 0.999988 -0.000000 0.000000 0.000000 0.000000 1.000000
0.999988 0.000000 -0.004950 -0.000000 -0.000000 1.000000 0.000000 34.805481 0.004950 -0.000000 0.999988 -0.000000 0.000000 0.000000 0.000000 1.000000</float_array>
        <technique_common>
          <accessor source="#mixamorig_LeftForeArm-Matrix-animation-output-transform-array" count="2" stride="16">
            <param type="float4x4"/>
          </accessor>
        </technique_common>
      </source>
      <source id="mixamorig_LeftForeArm-Interpolations">
        <Name_array id="mixamorig_LeftForeArm-Interpolations-array" count="2">
 LINEAR LINEAR</Name_array>
        <technique_common>
          <accessor source="#mixamorig_LeftForeArm-Interpolations-array" count="2">
            <param type="name"/>
          </accessor>
        </technique_common>
      </source>
      <sampler id="mixamorig_LeftForeArm-Matrix-animation-transform">
        <input semantic="INPUT" source="#mixamorig_LeftForeArm-Matrix-animation-input"/>
        <input semantic="OUTPUT" source="#mixamorig_LeftForeArm-Matrix-animation-output-transform"/>
        <input semantic="INTERPOLATION" source="#mixamorig_LeftForeArm-Interpolations"/>
      </sampler>
      <channel source="#mixamorig_LeftForeArm-Matrix-animation-transform" target="mixamorig_LeftForeArm/matrix"/>
    </animation>
    <animation id="mixamorig_LeftHand-anim" name="mixamorig_LeftHand">
      <source id="mixamorig_LeftHand-Matrix-animation-input">
        <float_array id="mixamorig_LeftHand-Matrix-animation-input-array" count="2">

0.000000 0.033333</float_array>
        <technique_common>
          <accessor source="#mixamorig_LeftHand-Matrix-animation-input-array" count="2">
            <param name="TIME" type="float"/>
          </accessor>
        </technique_common>
      </source>
      <source id="mixamorig_LeftHand-Matrix-animation-output-transform">
        <float_array id="mixamorig_LeftHand-Matrix-animation-output-transform-array" count="32">

0.796744 0.016493 0.604091 0.000000 0.000000 0.999628 -0.027292 34.147903 -0.604316 0.021745 0.796448 0.000000 0.000000 0.000000 0.000000 1.000000
0.796744 0.016493 0.604091 0.000000 0.000000 0.999628 -0.027292 34.147903 -0.604316 0.021745 0.796448 0.000000 0.000000 0.000000 0.000000 1.000000</float_array>
        <technique_common>
          <accessor source="#mixamorig_LeftHand-Matrix-animation-output-transform-array" count="2" stride="16">
            <param type="float4x4"/>
          </accessor>
        </technique_common>
      </source>
      <source id="mixamorig_LeftHand-Interpolations">
        <Name_array id="mixamorig_LeftHand-Interpolations-array" count="2">
 LINEAR LINEAR</Name_array>
        <technique_common>
          <accessor source="#mixamorig_LeftHand-Interpolations-array" count="2">
            <param type="name"/>
          </accessor>
        </technique_common>
      </source>
      <sampler id="mixamorig_LeftHand-Matrix-animation-transform">
        <input semantic="INPUT" source="#mixamorig_LeftHand-Matrix-animation-input"/>
        <input semantic="OUTPUT" source="#mixamorig_LeftHand-Matrix-animation-output-transform"/>
        <input semantic="INTERPOLATION" source="#mixamorig_LeftHand-Interpolations"/>
      </sampler>
      <channel source="#mixamorig_LeftHand-Matrix-animation-transform" target="mixamorig_LeftHand/matrix"/>
    </animation>
    <animation id="mixamorig_LeftHandThumb1-anim" name="mixamorig_LeftHandThumb1">
      <source id="mixamorig_LeftHandThumb1-Matrix-animation-input">
        <float_array id="mixamorig_LeftHandThumb1-Matrix-animation-input-array" count="2">

0.000000 0.033333</float_array>
        <technique_common>
          <accessor source="#mixamorig_LeftHandThumb1-Matrix-animation-input-array" count="2">
            <param name="TIME" type="float"/>
          </accessor>
        </technique_common>
      </source>
      <source id="mixamorig_LeftHandThumb1-Matrix-animation-output-transform">
        <float_array id="mixamorig_LeftHandThumb1-Matrix-animation-output-transform-array" count="32">

0.879508 -0.472187 0.059202 -7.070284 0.475280 0.877834 -0.059306 5.699593 -0.023966 0.080297 0.996483 0.000000 0.000000 0.000000 0.000000 1.000000
0.879508 -0.472187 0.059202 -7.070284 0.475280 0.877834 -0.059306 5.699593 -0.023966 0.080297 0.996483 0.000000 0.000000 0.000000 0.000000 1.000000</float_array>
        <technique_common>
          <accessor source="#mixamorig_LeftHandThumb1-Matrix-animation-output-transform-array" count="2" stride="16">
            <param type="float4x4"/>
          </accessor>
        </technique_common>
      </source>
      <source id="mixamorig_LeftHandThumb1-Interpolations">
        <Name_array id="mixamorig_LeftHandThumb1-Interpolations-array" count="2">
 LINEAR LINEAR</Name_array>
        <technique_common>
          <accessor source="#mixamorig_LeftHandThumb1-Interpolations-array" count="2">
            <param type="name"/>
          </accessor>
        </technique_common>
      </source>
      <sampler id="mixamorig_LeftHandThumb1-Matrix-animation-transform">
        <input semantic="INPUT" source="#mixamorig_LeftHandThumb1-Matrix-animation-input"/>
        <input semantic="OUTPUT" source="#mixamorig_LeftHandThumb1-Matrix-animation-output-transform"/>
        <input semantic="INTERPOLATION" source="#mixamorig_LeftHandThumb1-Interpolations"/>
      </sampler>
      <channel source="#mixamorig_LeftHandThumb1-Matrix-animation-transform" target="mixamorig_LeftHandThumb1/matrix"/>
    </animation>
    <animation id="mixamorig_LeftHandThumb2-anim" name="mixamorig_LeftHandThumb2">
      <source id="mixamorig_LeftHandThumb2-Matrix-animation-input">
        <float_array id="mixamorig_LeftHandThumb2-Matrix-animation-input-array" count="2">

0.000000 0.033333</float_array>
        <technique_common>
          <accessor source="#mixamorig_LeftHandThumb2-Matrix-animation-input-array" count="2">
            <param name="TIME" type="float"/>
          </accessor>
        </technique_common>
      </source>
      <source id="mixamorig_LeftHandThumb2-Matrix-animation-output-transform">
        <float_array id="mixamorig_LeftHandThumb2-Matrix-animation-output-transform-array" count="32">

0.992767 -0.099156 -0.067687 -1.316683 0.098534 0.995056 -0.012473 7.144920 0.068589 0.005714 0.997629 -0.000000 0.000000 0.000000 0.000000 1.000000
0.992767 -0.099156 -0.067687 -1.316683 0.098534 0.995056 -0.012473 7.144920 0.068589 0.005714 0.997629 -0.000000 0.000000 0.000000 0.000000 1.000000</float_array>
        <technique_common>
          <accessor source="#mixamorig_LeftHandThumb2-Matrix-animation-output-transform-array" count="2" stride="16">
            <param type="float4x4"/>
          </accessor>
        </technique_common>
      </source>
      <source id="mixamorig_LeftHandThumb2-Interpolations">
        <Name_array id="mixamorig_LeftHandThumb2-Interpolations-array" count="2">
 LINEAR LINEAR</Name_array>
        <technique_common>
          <accessor source="#mixamorig_LeftHandThumb2-Interpolations-array" count="2">
            <param type="name"/>
          </accessor>
        </technique_common>
      </source>
      <sampler id="mixamorig_LeftHandThumb2-Matrix-animation-transform">
        <input semantic="INPUT" source="#mixamorig_LeftHandThumb2-Matrix-animation-input"/>
        <input semantic="OUTPUT" source="#mixamorig_LeftHandThumb2-Matrix-animation-output-transform"/>
        <input semantic="INTERPOLATION" source="#mixamorig_LeftHandThumb2-Interpolations"/>
      </sampler>
      <channel source="#mixamorig_LeftHandThumb2-Matrix-animation-transform" target="mixamorig_LeftHandThumb2/matrix"/>
    </animation>
    <animation id="mixamorig_LeftHandThumb3-anim" name="mixamorig_LeftHandThumb3">
      <source id="mixamorig_LeftHandThumb3-Matrix-animation-input">
        <float_array id="mixamorig_LeftHandThumb3-Matrix-animation-input-array" count="2">

0.000000 0.033333</float_array>
        <technique_common>
          <accessor source="#mixamorig_LeftHandThumb3-Matrix-animation-input-array" count="2">
            <param name="TIME" type="float"/>
          </accessor>
        </technique_common>
      </source>
      <source id="mixamorig_LeftHandThumb3-Matrix-animation-output-transform">
        <float_array id="mixamorig_LeftHandThumb3-Matrix-animation-output-transform-array" count="32">

0.952129 -0.305638 0.006048 -0.874021 0.305640 0.952147 0.000504 10.491166 -0.005913 0.001368 0.999982 0.000000 0.000000 0.000000 0.000000 1.000000
0.952129 -0.305638 0.006048 -0.874021 0.305640 0.952147 0.000504 10.491166 -0.005913 0.001368 0.999982 0.000000 0.000000 0.000000 0.000000 1.000000</float_array>
        <technique_common>
          <accessor source="#mixamorig_LeftHandThumb3-Matrix-animation-output-transform-array" count="2" stride="16">
            <param type="float4x4"/>
          </accessor>
        </technique_common>
      </source>
      <source id="mixamorig_LeftHandThumb3-Interpolations">
        <Name_array id="mixamorig_LeftHandThumb3-Interpolations-array" count="2">
 LINEAR LINEAR</Name_array>
        <technique_common>
          <accessor source="#mixamorig_LeftHandThumb3-Interpolations-array" count="2">
            <param type="name"/>
          </accessor>
        </technique_common>
      </source>
      <sampler id="mixamorig_LeftHandThumb3-Matrix-animation-transform">
        <input semantic="INPUT" source="#mixamorig_LeftHandThumb3-Matrix-animation-input"/>
        <input semantic="OUTPUT" source="#mixamorig_LeftHandThumb3-Matrix-animation-output-transform"/>
        <input semantic="INTERPOLATION" source="#mixamorig_LeftHandThumb3-Interpolations"/>
      </sampler>
      <channel source="#mixamorig_LeftHandThumb3-Matrix-animation-transform" target="mixamorig_LeftHandThumb3/matrix"/>
    </animation>
    <animation id="mixamorig_LeftHandIndex1-anim" name="mixamorig_LeftHandIndex1">
      <source id="mixamorig_LeftHandIndex1-Matrix-animation-input">
        <float_array id="mixamorig_LeftHandIndex1-Matrix-animation-input-array" count="2">

0.000000 0.033333</float_array>
        <technique_common>
          <accessor source="#mixamorig_LeftHandIndex1-Matrix-animation-input-array" count="2">
            <param name="TIME" type="float"/>
          </accessor>
        </technique_common>
      </source>
      <source id="mixamorig_LeftHandIndex1-Matrix-animation-output-transform">
        <float_array id="mixamorig_LeftHandIndex1-Matrix-animation-output-transform-array" count="32">

0.992399 0.110786 0.053578 -0.000000 -0.112357 0.993294 0.027253 17.760099 -0.050200 -0.033065 0.998192 -0.484852 0.000000 0.000000 0.000000 1.000000
0.992399 0.110786 0.053578 -0.000000 -0.112357 0.993294 0.027253 17.760099 -0.050200 -0.033065 0.998192 -0.484852 0.000000 0.000000 0.000000 1.000000</float_array>
        <technique_common>
          <accessor source="#mixamorig_LeftHandIndex1-Matrix-animation-output-transform-array" count="2" stride="16">
            <param type="float4x4"/>
          </accessor>
        </technique_common>
      </source>
      <source id="mixamorig_LeftHandIndex1-Interpolations">
        <Name_array id="mixamorig_LeftHandIndex1-Interpolations-array" count="2">
 LINEAR LINEAR</Name_array>
        <technique_common>
          <accessor source="#mixamorig_LeftHandIndex1-Interpolations-array" count="2">
            <param type="name"/>
          </accessor>
        </technique_common>
      </source>
      <sampler id="mixamorig_LeftHandIndex1-Matrix-animation-transform">
        <input semantic="INPUT" source="#mixamorig_LeftHandIndex1-Matrix-animation-input"/>
        <input semantic="OUTPUT" source="#mixamorig_LeftHandIndex1-Matrix-animation-output-transform"/>
        <input semantic="INTERPOLATION" source="#mixamorig_LeftHandIndex1-Interpolations"/>
      </sampler>
      <channel source="#mixamorig_LeftHandIndex1-Matrix-animation-transform" target="mixamorig_LeftHandIndex1/matrix"/>
    </animation>
    <animation id="mixamorig_LeftHandIndex2-anim" name="mixamorig_LeftHandIndex2">
      <source id="mixamorig_LeftHandIndex2-Matrix-animation-input">
        <float_array id="mixamorig_LeftHandIndex2-Matrix-animation-input-array" count="2">

0.000000 0.033333</float_array>
        <technique_common>
          <accessor source="#mixamorig_LeftHandIndex2-Matrix-animation-input-array" count="2">
            <param name="TIME" type="float"/>
          </accessor>
        </technique_common>
      </source>
      <source id="mixamorig_LeftHandIndex2-Matrix-animation-output-transform">
        <float_array id="mixamorig_LeftHandIndex2-Matrix-animation-output-transform-array" count="32">

0.976073 -0.217442 -0.000288 -1.109697 0.217442 0.976073 -0.000032 9.940526 0.000288 -0.000031 1.000000 -0.000000 0.000000 0.000000 0.000000 1.000000
0.976073 -0.217442 -0.000288 -1.109697 0.217442 0.976073 -0.000032 9.940526 0.000288 -0.000031 1.000000 -0.000000 0.000000 0.000000 0.000000 1.000000</float_array>
        <technique_common>
          <accessor source="#mixamorig_LeftHandIndex2-Matrix-animation-output-transform-array" count="2" stride="16">
            <param type="float4x4"/>
          </accessor>
        </technique_common>
      </source>
      <source id="mixamorig_LeftHandIndex2-Interpolations">
        <Name_array id="mixamorig_LeftHandIndex2-Interpolations-array" count="2">
 LINEAR LINEAR</Name_array>
        <technique_common>
          <accessor source="#mixamorig_LeftHandIndex2-Interpolations-array" count="2">
            <param type="name"/>
          </accessor>
        </technique_common>
      </source>
      <sampler id="mixamorig_LeftHandIndex2-Matrix-animation-transform">
        <input semantic="INPUT" source="#mixamorig_LeftHandIndex2-Matrix-animation-input"/>
        <input semantic="OUTPUT" source="#mixamorig_LeftHandIndex2-Matrix-animation-output-transform"/>
        <input semantic="INTERPOLATION" source="#mixamorig_LeftHandIndex2-Interpolations"/>
      </sampler>
      <channel source="#mixamorig_LeftHandIndex2-Matrix-animation-transform" target="mixamorig_LeftHandIndex2/matrix"/>
    </animation>
    <animation id="mixamorig_LeftHandIndex3-anim" name="mixamorig_LeftHandIndex3">
      <source id="mixamorig_LeftHandIndex3-Matrix-animation-input">
        <float_array id="mixamorig_LeftHandIndex3-Matrix-animation-input-array" count="2">

0.000000 0.033333</float_array>
        <technique_common>
          <accessor source="#mixamorig_LeftHandIndex3-Matrix-animation-input-array" count="2">
            <param name="TIME" type="float"/>
          </accessor>
        </technique_common>
      </source>
      <source id="mixamorig_LeftHandIndex3-Matrix-animation-output-transform">
        <float_array id="mixamorig_LeftHandIndex3-Matrix-animation-output-transform-array" count="32">

0.996233 0.086588 -0.004688 1.016954 -0.086587 0.996244 0.000508 9.378285 0.004714 -0.000100 0.999989 -0.000000 0.000000 0.000000 0.000000 1.000000
0.996233 0.086588 -0.004688 1.016954 -0.086587 0.996244 0.000508 9.378285 0.004714 -0.000100 0.999989 -0.000000 0.000000 0.000000 0.000000 1.000000</float_array>
        <technique_common>
          <accessor source="#mixamorig_LeftHandIndex3-Matrix-animation-output-transform-array" count="2" stride="16">
            <param type="float4x4"/>
          </accessor>
        </technique_common>
      </source>
      <source id="mixamorig_LeftHandIndex3-Interpolations">
        <Name_array id="mixamorig_LeftHandIndex3-Interpolations-array" count="2">
 LINEAR LINEAR</Name_array>
        <technique_common>
          <accessor source="#mixamorig_LeftHandIndex3-Interpolations-array" count="2">
            <param type="name"/>
          </accessor>
        </technique_common>
      </source>
      <sampler id="mixamorig_LeftHandIndex3-Matrix-animation-transform">
        <input semantic="INPUT" source="#mixamorig_LeftHandIndex3-Matrix-animation-input"/>
        <input semantic="OUTPUT" source="#mixamorig_LeftHandIndex3-Matrix-animation-output-transform"/>
        <input semantic="INTERPOLATION" source="#mixamorig_LeftHandIndex3-Interpolations"/>
      </sampler>
      <channel source="#mixamorig_LeftHandIndex3-Matrix-animation-transform" target="mixamorig_LeftHandIndex3/matrix"/>
    </animation>
    <animation id="mixamorig_RightShoulder-anim" name="mixamorig_RightShoulder">
      <source id="mixamorig_RightShoulder-Matrix-animation-input">
        <float_array id="mixamorig_RightShoulder-Matrix-animation-input-array" count="2">

0.000000 0.033333</float_array>
        <technique_common>
          <accessor source="#mixamorig_RightShoulder-Matrix-animation-input-array" count="2">
            <param name="TIME" type="float"/>
          </accessor>
        </technique_common>
      </source>
      <source id="mixamorig_RightShoulder-Matrix-animation-output-transform">
        <float_array id="mixamorig_RightShoulder-Matrix-animation-output-transform-array" count="32">

0.025302 -0.999112 -0.033685 -12.201913 -0.003013 0.033620 -0.999430 13.732811 0.999675 0.025389 -0.002159 0.003935 0.000000 0.000000 0.000000 1.000000
0.025302 -0.999112 -0.033685 -12.201913 -0.003013 0.033620 -0.999430 13.732811 0.999675 0.025389 -0.002159 0.003935 0.000000 0.000000 0.000000 1.000000</float_array>
        <technique_common>
          <accessor source="#mixamorig_RightShoulder-Matrix-animation-output-transform-array" count="2" stride="16">
            <param type="float4x4"/>
          </accessor>
        </technique_common>
      </source>
      <source id="mixamorig_RightShoulder-Interpolations">
        <Name_array id="mixamorig_RightShoulder-Interpolations-array" count="2">
 LINEAR LINEAR</Name_array>
        <technique_common>
          <accessor source="#mixamorig_RightShoulder-Interpolations-array" count="2">
            <param type="name"/>
          </accessor>
        </technique_common>
      </source>
      <sampler id="mixamorig_RightShoulder-Matrix-animation-transform">
        <input semantic="INPUT" source="#mixamorig_RightShoulder-Matrix-animation-input"/>
        <input semantic="OUTPUT" source="#mixamorig_RightShoulder-Matrix-animation-output-transform"/>
        <input semantic="INTERPOLATION" source="#mixamorig_RightShoulder-Interpolations"/>
      </sampler>
      <channel source="#mixamorig_RightShoulder-Matrix-animation-transform" target="mixamorig_RightShoulder/matrix"/>
    </animation>
    <animation id="mixamorig_RightArm-anim" name="mixamorig_RightArm">
      <source id="mixamorig_RightArm-Matrix-animation-input">
        <float_array id="mixamorig_RightArm-Matrix-animation-input-array" count="2">

0.000000 0.033333</float_array>
        <technique_common>
          <accessor source="#mixamorig_RightArm-Matrix-animation-input-array" count="2">
            <param name="TIME" type="float"/>
          </accessor>
        </technique_common>
      </source>
      <source id="mixamorig_RightArm-Matrix-animation-output-transform">
        <float_array id="mixamorig_RightArm-Matrix-animation-output-transform-array" count="32">

0.987298 -0.025302 -0.156852 0.000000 0.019688 0.999112 -0.037243 24.900921 0.157655 0.033682 0.986920 0.000000 0.000000 0.000000 0.000000 1.000000
0.987298 -0.025302 -0.156852 0.000000 0.019688 0.999112 -0.037243 24.900921 0.157655 0.033682 0.986920 0.000000 0.000000 0.000000 0.000000 1.000000</float_array>
        <technique_common>
          <accessor source="#mixamorig_RightArm-Matrix-animation-output-transform-array" count="2" stride="16">
            <param type="float4x4"/>
          </accessor>
        </technique_common>
      </source>
      <source id="mixamorig_RightArm-Interpolations">
        <Name_array id="mixamorig_RightArm-Interpolations-array" count="2">
 LINEAR LINEAR</Name_array>
        <technique_common>
          <accessor source="#mixamorig_RightArm-Interpolations-array" count="2">
            <param type="name"/>
          </accessor>
        </technique_common>
      </source>
      <sampler id="mixamorig_RightArm-Matrix-animation-transform">
        <input semantic="INPUT" source="#mixamorig_RightArm-Matrix-animation-input"/>
        <input semantic="OUTPUT" source="#mixamorig_RightArm-Matrix-animation-output-transform"/>
        <input semantic="INTERPOLATION" source="#mixamorig_RightArm-Interpolations"/>
      </sampler>
      <channel source="#mixamorig_RightArm-Matrix-animation-transform" target="mixamorig_RightArm/matrix"/>
    </animation>
    <animation id="mixamorig_RightForeArm-anim" name="mixamorig_RightForeArm">
      <source id="mixamorig_RightForeArm-Matrix-animation-input">
        <float_array id="mixamorig_RightForeArm-Matrix-animation-input-array" count="2">

0.000000 0.033333</float_array>
        <technique_common>
          <accessor source="#mixamorig_RightForeArm-Matrix-animation-input-array" count="2">
            <param name="TIME" type="float"/>
          </accessor>
        </technique_common>
      </source>
      <source id="mixamorig_RightForeArm-Matrix-animation-output-transform">
        <float_array id="mixamorig_RightForeArm-Matrix-animation-output-transform-array" count="32">

0.999946 0.000001 0.010375 -0.000000 -0.000001 1.000000 0.000000 34.831860 -0.010375 -0.000000 0.999946 -0.000000 0.000000 0.000000 0.000000 1.000000
0.999946 0.000001 0.010375 -0.000000 -0.000001 1.000000 0.000000 34.831860 -0.010375 -0.000000 0.999946 -0.000000 0.000000 0.000000 0.000000 1.000000</float_array>
        <technique_common>
          <accessor source="#mixamorig_RightForeArm-Matrix-animation-output-transform-array" count="2" stride="16">
            <param type="float4x4"/>
          </accessor>
        </technique_common>
      </source>
      <source id="mixamorig_RightForeArm-Interpolations">
        <Name_array id="mixamorig_RightForeArm-Interpolations-array" count="2">
 LINEAR LINEAR</Name_array>
        <technique_common>
          <accessor source="#mixamorig_RightForeArm-Interpolations-array" count="2">
            <param type="name"/>
          </accessor>
        </technique_common>
      </source>
      <sampler id="mixamorig_RightForeArm-Matrix-animation-transform">
        <input semantic="INPUT" source="#mixamorig_RightForeArm-Matrix-animation-input"/>
        <input semantic="OUTPUT" source="#mixamorig_RightForeArm-Matrix-animation-output-transform"/>
        <input semantic="INTERPOLATION" source="#mixamorig_RightForeArm-Interpolations"/>
      </sampler>
      <channel source="#mixamorig_RightForeArm-Matrix-animation-transform" target="mixamorig_RightForeArm/matrix"/>
    </animation>
    <animation id="mixamorig_RightHand-anim" name="mixamorig_RightHand">
      <source id="mixamorig_RightHand-Matrix-animation-input">
        <float_array id="mixamorig_RightHand-Matrix-animation-input-array" count="2">

0.000000 0.033333</float_array>
        <technique_common>
          <accessor source="#mixamorig_RightHand-Matrix-animation-input-array" count="2">
            <param name="TIME" type="float"/>
          </accessor>
        </technique_common>
      </source>
      <source id="mixamorig_RightHand-Matrix-animation-output-transform">
        <float_array id="mixamorig_RightHand-Matrix-animation-output-transform-array" count="32">

0.789549 -0.010180 -0.613603 -0.000000 -0.000000 0.999862 -0.016589 34.523083 0.613688 0.013098 0.789440 0.000000 0.000000 0.000000 0.000000 1.000000
0.789549 -0.010180 -0.613603 -0.000000 -0.000000 0.999862 -0.016589 34.523083 0.613688 0.013098 0.789440 0.000000 0.000000 0.000000 0.000000 1.000000</float_array>
        <technique_common>
          <accessor source="#mixamorig_RightHand-Matrix-animation-output-transform-array" count="2" stride="16">
            <param type="float4x4"/>
          </accessor>
        </technique_common>
      </source>
      <source id="mixamorig_RightHand-Interpolations">
        <Name_array id="mixamorig_RightHand-Interpolations-array" count="2">
 LINEAR LINEAR</Name_array>
        <technique_common>
          <accessor source="#mixamorig_RightHand-Interpolations-array" count="2">
            <param type="name"/>
          </accessor>
        </technique_common>
      </source>
      <sampler id="mixamorig_RightHand-Matrix-animation-transform">
        <input semantic="INPUT" source="#mixamorig_RightHand-Matrix-animation-input"/>
        <input semantic="OUTPUT" source="#mixamorig_RightHand-Matrix-animation-output-transform"/>
        <input semantic="INTERPOLATION" source="#mixamorig_RightHand-Interpolations"/>
      </sampler>
      <channel source="#mixamorig_RightHand-Matrix-animation-transform" target="mixamorig_RightHand/matrix"/>
    </animation>
    <animation id="mixamorig_RightHandThumb1-anim" name="mixamorig_RightHandThumb1">
      <source id="mixamorig_RightHandThumb1-Matrix-animation-input">
        <float_array id="mixamorig_RightHandThumb1-Matrix-animation-input-array" count="2">

0.000000 0.033333</float_array>
        <technique_common>
          <accessor source="#mixamorig_RightHandThumb1-Matrix-animation-input-array" count="2">
            <param name="TIME" type="float"/>
          </accessor>
        </technique_common>
      </source>
      <source id="mixamorig_RightHandThumb1-Matrix-animation-output-transform">
        <float_array id="mixamorig_RightHandThumb1-Matrix-animation-output-transform-array" count="32">

0.918339 0.394693 -0.029507 7.149430 -0.395465 0.918063 -0.027721 5.106395 0.016148 0.037126 0.999180 0.000002 0.000000 0.000000 0.000000 1.000000
0.918339 0.394693 -0.029507 7.149430 -0.395465 0.918063 -0.027721 5.106395 0.016148 0.037126 0.999180 0.000002 0.000000 0.000000 0.000000 1.000000</float_array>
        <technique_common>
          <accessor source="#mixamorig_RightHandThumb1-Matrix-animation-output-transform-array" count="2" stride="16">
            <param type="float4x4"/>
          </accessor>
        </technique_common>
      </source>
      <source id="mixamorig_RightHandThumb1-Interpolations">
        <Name_array id="mixamorig_RightHandThumb1-Interpolations-array" count="2">
 LINEAR LINEAR</Name_array>
        <technique_common>
          <accessor source="#mixamorig_RightHandThumb1-Interpolations-array" count="2">
            <param type="name"/>
          </accessor>
        </technique_common>
      </source>
      <sampler id="mixamorig_RightHandThumb1-Matrix-animation-transform">
        <input semantic="INPUT" source="#mixamorig_RightHandThumb1-Matrix-animation-input"/>
        <input semantic="OUTPUT" source="#mixamorig_RightHandThumb1-Matrix-animation-output-transform"/>
        <input semantic="INTERPOLATION" source="#mixamorig_RightHandThumb1-Interpolations"/>
      </sampler>
      <channel source="#mixamorig_RightHandThumb1-Matrix-animation-transform" target="mixamorig_RightHandThumb1/matrix"/>
    </animation>
    <animation id="mixamorig_RightHandThumb2-anim" name="mixamorig_RightHandThumb2">
      <source id="mixamorig_RightHandThumb2-Matrix-animation-input">
        <float_array id="mixamorig_RightHandThumb2-Matrix-animation-input-array" count="2">

0.000000 0.033333</float_array>
        <technique_common>
          <accessor source="#mixamorig_RightHandThumb2-Matrix-animation-input-array" count="2">
            <param name="TIME" type="float"/>
          </accessor>
        </technique_common>
      </source>
      <source id="mixamorig_RightHandThumb2-Matrix-animation-output-transform">
        <float_array id="mixamorig_RightHandThumb2-Matrix-animation-output-transform-array" count="32">

0.971593 0.225064 0.073161 1.917283 -0.224137 0.974337 -0.020744 6.762054 -0.075952 0.003756 0.997104 -0.000000 0.000000 0.000000 0.000000 1.000000
0.971593 0.225064 0.073161 1.917283 -0.224137 0.974337 -0.020744 6.762054 -0.075952 0.003756 0.997104 -0.000000 0.000000 0.000000 0.000000 1.000000</float_array>
        <technique_common>
          <accessor source="#mixamorig_RightHandThumb2-Matrix-animation-output-transform-array" count="2" stride="16">
            <param type="float4x4"/>
          </accessor>
        </technique_common>
      </source>
      <source id="mixamorig_RightHandThumb2-Interpolations">
        <Name_array id="mixamorig_RightHandThumb2-Interpolations-array" count="2">
 LINEAR LINEAR</Name_array>
        <technique_common>
          <accessor source="#mixamorig_RightHandThumb2-Interpolations-array" count="2">
            <param type="name"/>
          </accessor>
        </technique_common>
      </source>
      <sampler id="mixamorig_RightHandThumb2-Matrix-animation-transform">
        <input semantic="INPUT" source="#mixamorig_RightHandThumb2-Matrix-animation-input"/>
        <input semantic="OUTPUT" source="#mixamorig_RightHandThumb2-Matrix-animation-output-transform"/>
        <input semantic="INTERPOLATION" source="#mixamorig_RightHandThumb2-Interpolations"/>
      </sampler>
      <channel source="#mixamorig_RightHandThumb2-Matrix-animation-transform" target="mixamorig_RightHandThumb2/matrix"/>
    </animation>
    <animation id="mixamorig_RightHandThumb3-anim" name="mixamorig_RightHandThumb3">
      <source id="mixamorig_RightHandThumb3-Matrix-animation-input">
        <float_array id="mixamorig_RightHandThumb3-Matrix-animation-input-array" count="2">

0.000000 0.033333</float_array>
        <technique_common>
          <accessor source="#mixamorig_RightHandThumb3-Matrix-animation-input-array" count="2">
            <param name="TIME" type="float"/>
          </accessor>
        </technique_common>
      </source>
      <source id="mixamorig_RightHandThumb3-Matrix-animation-output-transform">
        <float_array id="mixamorig_RightHandThumb3-Matrix-animation-output-transform-array" count="32">

0.948264 0.317483 0.000164 0.497132 -0.317483 0.948264 -0.000007 10.051082 -0.000158 -0.000045 1.000000 -0.000000 0.000000 0.000000 0.000000 1.000000
0.948264 0.317483 0.000164 0.497132 -0.317483 0.948264 -0.000007 10.051082 -0.000158 -0.000045 1.000000 -0.000000 0.000000 0.000000 0.000000 1.000000</float_array>
        <technique_common>
          <accessor source="#mixamorig_RightHandThumb3-Matrix-animation-output-transform-array" count="2" stride="16">
            <param type="float4x4"/>
          </accessor>
        </technique_common>
      </source>
      <source id="mixamorig_RightHandThumb3-Interpolations">
        <Name_array id="mixamorig_RightHandThumb3-Interpolations-array" count="2">
 LINEAR LINEAR</Name_array>
        <technique_common>
          <accessor source="#mixamorig_RightHandThumb3-Interpolations-array" count="2">
            <param type="name"/>
          </accessor>
        </technique_common>
      </source>
      <sampler id="mixamorig_RightHandThumb3-Matrix-animation-transform">
        <input semantic="INPUT" source="#mixamorig_RightHandThumb3-Matrix-animation-input"/>
        <input semantic="OUTPUT" source="#mixamorig_RightHandThumb3-Matrix-animation-output-transform"/>
        <input semantic="INTERPOLATION" source="#mixamorig_RightHandThumb3-Interpolations"/>
      </sampler>
      <channel source="#mixamorig_RightHandThumb3-Matrix-animation-transform" target="mixamorig_RightHandThumb3/matrix"/>
    </animation>
    <animation id="mixamorig_RightHandIndex1-anim" name="mixamorig_RightHandIndex1">
      <source id="mixamorig_RightHandIndex1-Matrix-animation-input">
        <float_array id="mixamorig_RightHandIndex1-Matrix-animation-input-array" count="2">

0.000000 0.033333</float_array>
        <technique_common>
          <accessor source="#mixamorig_RightHandIndex1-Matrix-animation-input-array" count="2">
            <param name="TIME" type="float"/>
          </accessor>
        </technique_common>
      </source>
      <source id="mixamorig_RightHandIndex1-Matrix-animation-output-transform">
        <float_array id="mixamorig_RightHandIndex1-Matrix-animation-output-transform-array" count="32">

0.988681 0.008955 -0.149765 0.000000 -0.006571 0.999844 0.016402 19.401506 0.149889 -0.015232 0.988586 -0.321865 0.000000 0.000000 0.000000 1.000000
0.988681 0.008955 -0.149765 0.000000 -0.006571 0.999844 0.016402 19.401506 0.149889 -0.015232 0.988586 -0.321865 0.000000 0.000000 0.000000 1.000000</float_array>
        <technique_common>
          <accessor source="#mixamorig_RightHandIndex1-Matrix-animation-output-transform-array" count="2" stride="16">
            <param type="float4x4"/>
          </accessor>
        </technique_common>
      </source>
      <source id="mixamorig_RightHandIndex1-Interpolations">
        <Name_array id="mixamorig_RightHandIndex1-Interpolations-array" count="2">
 LINEAR LINEAR</Name_array>
        <technique_common>
          <accessor source="#mixamorig_RightHandIndex1-Interpolations-array" count="2">
            <param type="name"/>
          </accessor>
        </technique_common>
      </source>
      <sampler id="mixamorig_RightHandIndex1-Matrix-animation-transform">
        <input semantic="INPUT" source="#mixamorig_RightHandIndex1-Matrix-animation-input"/>
        <input semantic="OUTPUT" source="#mixamorig_RightHandIndex1-Matrix-animation-output-transform"/>
        <input semantic="INTERPOLATION" source="#mixamorig_RightHandIndex1-Interpolations"/>
      </sampler>
      <channel source="#mixamorig_RightHandIndex1-Matrix-animation-transform" target="mixamorig_RightHandIndex1/matrix"/>
    </animation>
    <animation id="mixamorig_RightHandIndex2-anim" name="mixamorig_RightHandIndex2">
      <source id="mixamorig_RightHandIndex2-Matrix-animation-input">
        <float_array id="mixamorig_RightHandIndex2-Matrix-animation-input-array" count="2">

0.000000 0.033333</float_array>
        <technique_common>
          <accessor source="#mixamorig_RightHandIndex2-Matrix-animation-input-array" count="2">
            <param name="TIME" type="float"/>
          </accessor>
        </technique_common>
      </source>
      <source id="mixamorig_RightHandIndex2-Matrix-animation-output-transform">
        <float_array id="mixamorig_RightHandIndex2-Matrix-animation-output-transform-array" count="32">

0.999940 -0.010953 0.000031 -0.085108 0.010953 0.999940 0.000000 9.396384 -0.000031 -0.000000 1.000000 -0.000000 0.000000 0.000000 0.000000 1.000000
0.999940 -0.010953 0.000031 -0.085108 0.010953 0.999940 0.000000 9.396384 -0.000031 -0.000000 1.000000 -0.000000 0.000000 0.000000 0.000000 1.000000</float_array>
        <technique_common>
          <accessor source="#mixamorig_RightHandIndex2-Matrix-animation-output-transform-array" count="2" stride="16">
            <param type="float4x4"/>
          </accessor>
        </technique_common>
      </source>
      <source id="mixamorig_RightHandIndex2-Interpolations">
        <Name_array id="mixamorig_RightHandIndex2-Interpolations-array" count="2">
 LINEAR LINEAR</Name_array>
        <technique_common>
          <accessor source="#mixamorig_RightHandIndex2-Interpolations-array" count="2">
            <param type="name"/>
          </accessor>
        </technique_common>
      </source>
      <sampler id="mixamorig_RightHandIndex2-Matrix-animation-transform">
        <input semantic="INPUT" source="#mixamorig_RightHandIndex2-Matrix-animation-input"/>
        <input semantic="OUTPUT" source="#mixamorig_RightHandIndex2-Matrix-animation-output-transform"/>
        <input semantic="INTERPOLATION" source="#mixamorig_RightHandIndex2-Interpolations"/>
      </sampler>
      <channel source="#mixamorig_RightHandIndex2-Matrix-animation-transform" target="mixamorig_RightHandIndex2/matrix"/>
    </animation>
    <animation id="mixamorig_RightHandIndex3-anim" name="mixamorig_RightHandIndex3">
      <source id="mixamorig_RightHandIndex3-Matrix-animation-input">
        <float_array id="mixamorig_RightHandIndex3-Matrix-animation-input-array" count="2">

0.000000 0.033333</float_array>
        <technique_common>
          <accessor source="#mixamorig_RightHandIndex3-Matrix-animation-input-array" count="2">
            <param name="TIME" type="float"/>
          </accessor>
        </technique_common>
      </source>
      <source id="mixamorig_RightHandIndex3-Matrix-animation-output-transform">
        <float_array id="mixamorig_RightHandIndex3-Matrix-animation-output-transform-array" count="32">

0.999903 -0.013922 -0.000116 0.015877 0.013922 0.999903 0.000001 8.385044 0.000116 -0.000003 1.000000 -0.000000 0.000000 0.000000 0.000000 1.000000
0.999903 -0.013922 -0.000116 0.015877 0.013922 0.999903 0.000001 8.385044 0.000116 -0.000003 1.000000 -0.000000 0.000000 0.000000 0.000000 1.000000</float_array>
        <technique_common>
          <accessor source="#mixamorig_RightHandIndex3-Matrix-animation-output-transform-array" count="2" stride="16">
            <param type="float4x4"/>
          </accessor>
        </technique_common>
      </source>
      <source id="mixamorig_RightHandIndex3-Interpolations">
        <Name_array id="mixamorig_RightHandIndex3-Interpolations-array" count="2">
 LINEAR LINEAR</Name_array>
        <technique_common>
          <accessor source="#mixamorig_RightHandIndex3-Interpolations-array" count="2">
            <param type="name"/>
          </accessor>
        </technique_common>
      </source>
      <sampler id="mixamorig_RightHandIndex3-Matrix-animation-transform">
        <input semantic="INPUT" source="#mixamorig_RightHandIndex3-Matrix-animation-input"/>
        <input semantic="OUTPUT" source="#mixamorig_RightHandIndex3-Matrix-animation-output-transform"/>
        <input semantic="INTERPOLATION" source="#mixamorig_RightHandIndex3-Interpolations"/>
      </sampler>
      <channel source="#mixamorig_RightHandIndex3-Matrix-animation-transform" target="mixamorig_RightHandIndex3/matrix"/>
    </animation>
    <animation id="mixamorig_LeftUpLeg-anim" name="mixamorig_LeftUpLeg">
      <source id="mixamorig_LeftUpLeg-Matrix-animation-input">
        <float_array id="mixamorig_LeftUpLeg-Matrix-animation-input-array" count="2">

0.000000 0.033333</float_array>
        <technique_common>
          <accessor source="#mixamorig_LeftUpLeg-Matrix-animation-input-array" count="2">
            <param name="TIME" type="float"/>
          </accessor>
        </technique_common>
      </source>
      <source id="mixamorig_LeftUpLeg-Matrix-animation-output-transform">
        <float_array id="mixamorig_LeftUpLeg-Matrix-animation-output-transform-array" count="32">

-0.999791 0.019331 0.006674 17.234682 -0.018869 -0.997801 0.063537 -5.936558 0.007888 0.063398 0.997957 0.975565 0.000000 0.000000 0.000000 1.000000
-0.999791 0.019331 0.006674 17.234682 -0.018869 -0.997801 0.063537 -5.936558 0.007888 0.063398 0.997957 0.975565 0.000000 0.000000 0.000000 1.000000</float_array>
        <technique_common>
          <accessor source="#mixamorig_LeftUpLeg-Matrix-animation-output-transform-array" count="2" stride="16">
            <param type="float4x4"/>
          </accessor>
        </technique_common>
      </source>
      <source id="mixamorig_LeftUpLeg-Interpolations">
        <Name_array id="mixamorig_LeftUpLeg-Interpolations-array" count="2">
 LINEAR LINEAR</Name_array>
        <technique_common>
          <accessor source="#mixamorig_LeftUpLeg-Interpolations-array" count="2">
            <param type="name"/>
          </accessor>
        </technique_common>
      </source>
      <sampler id="mixamorig_LeftUpLeg-Matrix-animation-transform">
        <input semantic="INPUT" source="#mixamorig_LeftUpLeg-Matrix-animation-input"/>
        <input semantic="OUTPUT" source="#mixamorig_LeftUpLeg-Matrix-animation-output-transform"/>
        <input semantic="INTERPOLATION" source="#mixamorig_LeftUpLeg-Interpolations"/>
      </sampler>
      <channel source="#mixamorig_LeftUpLeg-Matrix-animation-transform" target="mixamorig_LeftUpLeg/matrix"/>
    </animation>
    <animation id="mixamorig_LeftLeg-anim" name="mixamorig_LeftLeg">
      <source id="mixamorig_LeftLeg-Matrix-animation-input">
        <float_array id="mixamorig_LeftLeg-Matrix-animation-input-array" count="2">

0.000000 0.033333</float_array>
        <technique_common>
          <accessor source="#mixamorig_LeftLeg-Matrix-animation-input-array" count="2">
            <param name="TIME" type="float"/>
          </accessor>
        </technique_common>
      </source>
      <source id="mixamorig_LeftLeg-Matrix-animation-output-transform">
        <float_array id="mixamorig_LeftLeg-Matrix-animation-output-transform-array" count="32">

0.999224 0.038591 0.007890 -0.000000 -0.039389 0.978002 0.204843 46.723827 0.000188 -0.204995 0.978763 -0.000000 0.000000 0.000000 0.000000 1.000000
0.999224 0.038591 0.007890 -0.000000 -0.039389 0.978002 0.204843 46.723827 0.000188 -0.204995 0.978763 -0.000000 0.000000 0.000000 0.000000 1.000000</float_array>
        <technique_common>
          <accessor source="#mixamorig_LeftLeg-Matrix-animation-output-transform-array" count="2" stride="16">
            <param type="float4x4"/>
          </accessor>
        </technique_common>
      </source>
      <source id="mixamorig_LeftLeg-Interpolations">
        <Name_array id="mixamorig_LeftLeg-Interpolations-array" count="2">
 LINEAR LINEAR</Name_array>
        <technique_common>
          <accessor source="#mixamorig_LeftLeg-Interpolations-array" count="2">
            <param type="name"/>
          </accessor>
        </technique_common>
      </source>
      <sampler id="mixamorig_LeftLeg-Matrix-animation-transform">
        <input semantic="INPUT" source="#mixamorig_LeftLeg-Matrix-animation-input"/>
        <input semantic="OUTPUT" source="#mixamorig_LeftLeg-Matrix-animation-output-transform"/>
        <input semantic="INTERPOLATION" source="#mixamorig_LeftLeg-Interpolations"/>
      </sampler>
      <channel source="#mixamorig_LeftLeg-Matrix-animation-transform" target="mixamorig_LeftLeg/matrix"/>
    </animation>
    <animation id="mixamorig_LeftFoot-anim" name="mixamorig_LeftFoot">
      <source id="mixamorig_LeftFoot-Matrix-animation-input">
        <float_array id="mixamorig_LeftFoot-Matrix-animation-input-array" count="2">

0.000000 0.033333</float_array>
        <technique_common>
          <accessor source="#mixamorig_LeftFoot-Matrix-animation-input-array" count="2">
            <param name="TIME" type="float"/>
          </accessor>
        </technique_common>
      </source>
      <source id="mixamorig_LeftFoot-Matrix-animation-output-transform">
        <float_array id="mixamorig_LeftFoot-Matrix-animation-output-transform-array" count="32">

0.903637 -0.384244 -0.189199 -0.000000 0.106421 0.629328 -0.769819 42.762394 0.414866 0.675503 0.609575 0.000000 0.000000 0.000000 0.000000 1.000000
0.903637 -0.384244 -0.189199 -0.000000 0.106421 0.629328 -0.769819 42.762394 0.414866 0.675503 0.609575 0.000000 0.000000 0.000000 0.000000 1.000000</float_array>
        <technique_common>
          <accessor source="#mixamorig_LeftFoot-Matrix-animation-output-transform-array" count="2" stride="16">
            <param type="float4x4"/>
          </accessor>
        </technique_common>
      </source>
      <source id="mixamorig_LeftFoot-Interpolations">
        <Name_array id="mixamorig_LeftFoot-Interpolations-array" count="2">
 LINEAR LINEAR</Name_array>
        <technique_common>
          <accessor source="#mixamorig_LeftFoot-Interpolations-array" count="2">
            <param type="name"/>
          </accessor>
        </technique_common>
      </source>
      <sampler id="mixamorig_LeftFoot-Matrix-animation-transform">
        <input semantic="INPUT" source="#mixamorig_LeftFoot-Matrix-animation-input"/>
        <input semantic="OUTPUT" source="#mixamorig_LeftFoot-Matrix-animation-output-transform"/>
        <input semantic="INTERPOLATION" source="#mixamorig_LeftFoot-Interpolations"/>
      </sampler>
      <channel source="#mixamorig_LeftFoot-Matrix-animation-transform" target="mixamorig_LeftFoot/matrix"/>
    </animation>
    <animation id="mixamorig_LeftToeBase-anim" name="mixamorig_LeftToeBase">
      <source id="mixamorig_LeftToeBase-Matrix-animation-input">
        <float_array id="mixamorig_LeftToeBase-Matrix-animation-input-array" count="2">

0.000000 0.033333</float_array>
        <technique_common>
          <accessor source="#mixamorig_LeftToeBase-Matrix-animation-input-array" count="2">
            <param name="TIME" type="float"/>
          </accessor>
        </technique_common>
      </source>
      <source id="mixamorig_LeftToeBase-Matrix-animation-output-transform">
        <float_array id="mixamorig_LeftToeBase-Matrix-animation-output-transform-array" count="32">

0.983933 -0.130195 -0.122165 0.000000 -0.000000 0.684259 -0.729239 24.681414 0.178536 0.717522 0.673265 0.000001 0.000000 0.000000 0.000000 1.000000
0.983933 -0.130195 -0.122165 0.000000 -0.000000 0.684259 -0.729239 24.681414 0.178536 0.717522 0.673265 0.000001 0.000000 0.000000 0.000000 1.000000</float_array>
        <technique_common>
          <accessor source="#mixamorig_LeftToeBase-Matrix-animation-output-transform-array" count="2" stride="16">
            <param type="float4x4"/>
          </accessor>
        </technique_common>
      </source>
      <source id="mixamorig_LeftToeBase-Interpolations">
        <Name_array id="mixamorig_LeftToeBase-Interpolations-array" count="2">
 LINEAR LINEAR</Name_array>
        <technique_common>
          <accessor source="#mixamorig_LeftToeBase-Interpolations-array" count="2">
            <param type="name"/>
          </accessor>
        </technique_common>
      </source>
      <sampler id="mixamorig_LeftToeBase-Matrix-animation-transform">
        <input semantic="INPUT" source="#mixamorig_LeftToeBase-Matrix-animation-input"/>
        <input semantic="OUTPUT" source="#mixamorig_LeftToeBase-Matrix-animation-output-transform"/>
        <input semantic="INTERPOLATION" source="#mixamorig_LeftToeBase-Interpolations"/>
      </sampler>
      <channel source="#mixamorig_LeftToeBase-Matrix-animation-transform" target="mixamorig_LeftToeBase/matrix"/>
    </animation>
    <animation id="mixamorig_RightUpLeg-anim" name="mixamorig_RightUpLeg">
      <source id="mixamorig_RightUpLeg-Matrix-animation-input">
        <float_array id="mixamorig_RightUpLeg-Matrix-animation-input-array" count="2">

0.000000 0.033333</float_array>
        <technique_common>
          <accessor source="#mixamorig_RightUpLeg-Matrix-animation-input-array" count="2">
            <param name="TIME" type="float"/>
          </accessor>
        </technique_common>
      </source>
      <source id="mixamorig_RightUpLeg-Matrix-animation-output-transform">
        <float_array id="mixamorig_RightUpLeg-Matrix-animation-output-transform-array" count="32">

-0.999780 -0.019272 -0.008221 -17.234682 0.018570 -0.996764 0.078212 -5.936558 -0.009702 0.078042 0.996903 0.593925 0.000000 0.000000 0.000000 1.000000
-0.999780 -0.019272 -0.008221 -17.234682 0.018570 -0.996764 0.078212 -5.936558 -0.009702 0.078042 0.996903 0.593925 0.000000 0.000000 0.000000 1.000000</float_array>
        <technique_common>
          <accessor source="#mixamorig_RightUpLeg-Matrix-animation-output-transform-array" count="2" stride="16">
            <param type="float4x4"/>
          </accessor>
        </technique_common>
      </source>
      <source id="mixamorig_RightUpLeg-Interpolations">
        <Name_array id="mixamorig_RightUpLeg-Interpolations-array" count="2">
 LINEAR LINEAR</Name_array>
        <technique_common>
          <accessor source="#mixamorig_RightUpLeg-Interpolations-array" count="2">
            <param type="name"/>
          </accessor>
        </technique_common>
      </source>
      <sampler id="mixamorig_RightUpLeg-Matrix-animation-transform">
        <input semantic="INPUT" source="#mixamorig_RightUpLeg-Matrix-animation-input"/>
        <input semantic="OUTPUT" source="#mixamorig_RightUpLeg-Matrix-animation-output-transform"/>
        <input semantic="INTERPOLATION" source="#mixamorig_RightUpLeg-Interpolations"/>
      </sampler>
      <channel source="#mixamorig_RightUpLeg-Matrix-animation-transform" target="mixamorig_RightUpLeg/matrix"/>
    </animation>
    <animation id="mixamorig_RightLeg-anim" name="mixamorig_RightLeg">
      <source id="mixamorig_RightLeg-Matrix-animation-input">
        <float_array id="mixamorig_RightLeg-Matrix-animation-input-array" count="2">

0.000000 0.033333</float_array>
        <technique_common>
          <accessor source="#mixamorig_RightLeg-Matrix-animation-input-array" count="2">
            <param name="TIME" type="float"/>
          </accessor>
        </technique_common>
      </source>
      <source id="mixamorig_RightLeg-Matrix-animation-output-transform">
        <float_array id="mixamorig_RightLeg-Matrix-animation-output-transform-array" count="32">

0.999242 -0.037977 -0.008590 -0.000000 0.038936 0.973334 0.226064 46.758759 -0.000224 -0.226227 0.974075 0.000000 0.000000 0.000000 0.000000 1.000000
0.999242 -0.037977 -0.008590 -0.000000 0.038936 0.973334 0.226064 46.758759 -0.000224 -0.226227 0.974075 0.000000 0.000000 0.000000 0.000000 1.000000</float_array>
        <technique_common>
          <accessor source="#mixamorig_RightLeg-Matrix-animation-output-transform-array" count="2" stride="16">
            <param type="float4x4"/>
          </accessor>
        </technique_common>
      </source>
      <source id="mixamorig_RightLeg-Interpolations">
        <Name_array id="mixamorig_RightLeg-Interpolations-array" count="2">
 LINEAR LINEAR</Name_array>
        <technique_common>
          <accessor source="#mixamorig_RightLeg-Interpolations-array" count="2">
            <param type="name"/>
          </accessor>
        </technique_common>
      </source>
      <sampler id="mixamorig_RightLeg-Matrix-animation-transform">
        <input semantic="INPUT" source="#mixamorig_RightLeg-Matrix-animation-input"/>
        <input semantic="OUTPUT" source="#mixamorig_RightLeg-Matrix-animation-output-transform"/>
        <input semantic="INTERPOLATION" source="#mixamorig_RightLeg-Interpolations"/>
      </sampler>
      <channel source="#mixamorig_RightLeg-Matrix-animation-transform" target="mixamorig_RightLeg/matrix"/>
    </animation>
    <animation id="mixamorig_RightFoot-anim" name="mixamorig_RightFoot">
      <source id="mixamorig_RightFoot-Matrix-animation-input">
        <float_array id="mixamorig_RightFoot-Matrix-animation-input-array" count="2">

0.000000 0.033333</float_array>
        <technique_common>
          <accessor source="#mixamorig_RightFoot-Matrix-animation-input-array" count="2">
            <param name="TIME" type="float"/>
          </accessor>
        </technique_common>
      </source>
      <source id="mixamorig_RightFoot-Matrix-animation-output-transform">
        <float_array id="mixamorig_RightFoot-Matrix-animation-output-transform-array" count="32">

0.909617 0.378536 0.171192 0.000000 -0.108415 0.614071 -0.781769 42.821053 -0.401052 0.692551 0.599608 -0.000000 0.000000 0.000000 0.000000 1.000000
0.909617 0.378536 0.171192 0.000000 -0.108415 0.614071 -0.781769 42.821053 -0.401052 0.692551 0.599608 -0.000000 0.000000 0.000000 0.000000 1.000000</float_array>
        <technique_common>
          <accessor source="#mixamorig_RightFoot-Matrix-animation-output-transform-array" count="2" stride="16">
            <param type="float4x4"/>
          </accessor>
        </technique_common>
      </source>
      <source id="mixamorig_RightFoot-Interpolations">
        <Name_array id="mixamorig_RightFoot-Interpolations-array" count="2">
 LINEAR LINEAR</Name_array>
        <technique_common>
          <accessor source="#mixamorig_RightFoot-Interpolations-array" count="2">
            <param type="name"/>
          </accessor>
        </technique_common>
      </source>
      <sampler id="mixamorig_RightFoot-Matrix-animation-transform">
        <input semantic="INPUT" source="#mixamorig_RightFoot-Matrix-animation-input"/>
        <input semantic="OUTPUT" source="#mixamorig_RightFoot-Matrix-animation-output-transform"/>
        <input semantic="INTERPOLATION" source="#mixamorig_RightFoot-Interpolations"/>
      </sampler>
      <channel source="#mixamorig_RightFoot-Matrix-animation-transform" target="mixamorig_RightFoot/matrix"/>
    </animation>
    <animation id="mixamorig_RightToeBase-anim" name="mixamorig_RightToeBase">
      <source id="mixamorig_RightToeBase-Matrix-animation-input">
        <float_array id="mixamorig_RightToeBase-Matrix-animation-input-array" count="2">

0.000000 0.033333</float_array>
        <technique_common>
          <accessor source="#mixamorig_RightToeBase-Matrix-animation-input-array" count="2">
            <param name="TIME" type="float"/>
          </accessor>
        </technique_common>
      </source>
      <source id="mixamorig_RightToeBase-Matrix-animation-output-transform">
        <float_array id="mixamorig_RightToeBase-Matrix-animation-output-transform-array" count="32">

0.979484 0.145158 0.139787 -0.000000 0.000000 0.693655 -0.720307 24.984602 -0.201522 0.705529 0.679424 0.000001 0.000000 0.000000 0.000000 1.000000
0.979484 0.145158 0.139787 -0.000000 0.000000 0.693655 -0.720307 24.984602 -0.201522 0.705529 0.679424 0.000001 0.000000 0.000000 0.000000 1.000000</float_array>
        <technique_common>
          <accessor source="#mixamorig_RightToeBase-Matrix-animation-output-transform-array" count="2" stride="16">
            <param type="float4x4"/>
          </accessor>
        </technique_common>
      </source>
      <source id="mixamorig_RightToeBase-Interpolations">
        <Name_array id="mixamorig_RightToeBase-Interpolations-array" count="2">
 LINEAR LINEAR</Name_array>
        <technique_common>
          <accessor source="#mixamorig_RightToeBase-Interpolations-array" count="2">
            <param type="name"/>
          </accessor>
        </technique_common>
      </source>
      <sampler id="mixamorig_RightToeBase-Matrix-animation-transform">
        <input semantic="INPUT" source="#mixamorig_RightToeBase-Matrix-animation-input"/>
        <input semantic="OUTPUT" source="#mixamorig_RightToeBase-Matrix-animation-output-transform"/>
        <input semantic="INTERPOLATION" source="#mixamorig_RightToeBase-Interpolations"/>
      </sampler>
      <channel source="#mixamorig_RightToeBase-Matrix-animation-transform" target="mixamorig_RightToeBase/matrix"/>
    </animation>
  </library_animations>
  <library_visual_scenes>
    <visual_scene id="RootNode" name="RootNode">
      <node id="Mesh1.0" name="Mesh1.0" sid="Mesh1.0">
        <instance_controller url="#Mesh1.0Controller">
          <skeleton>#mixamorig_Hips</skeleton>
          <bind_material>
            <technique_common>
              <instance_material symbol="Material.001SG" target="#Material.001"/>
            </technique_common>
          </bind_material>
        </instance_controller>
      </node>
      <node id="mixamorig_Hips" name="mixamorig_Hips" sid="mixamorig_Hips" type="JOINT">
        <matrix sid="matrix">1.000000 0.000023 -0.000001 -0.000038 -0.000023 1.000000 -0.000000 112.816513 0.000001 0.000000 1.000000 -1.074782 0.000000 0.000000 0.000000 1.000000</matrix>
        <node id="mixamorig_Spine" name="mixamorig_Spine" sid="mixamorig_Spine" type="JOINT">
          <matrix sid="matrix">1.000000 -0.000023 -0.000001 -0.000000 0.000023 0.994024 0.109165 10.706654 -0.000001 -0.109165 0.994024 -1.175817 0.000000 0.000000 0.000000 1.000000</matrix>
          <node id="mixamorig_Spine1" name="mixamorig_Spine1" sid="mixamorig_Spine1" type="JOINT">
            <matrix sid="matrix">1.000000 0.000000 0.000000 0.000000 -0.000000 1.000000 0.000000 12.566188 -0.000000 0.000000 1.000000 -0.000000 0.000000 0.000000 0.000000 1.000000</matrix>
            <node id="mixamorig_Spine2" name="mixamorig_Spine2" sid="mixamorig_Spine2" type="JOINT">
              <matrix sid="matrix">1.000000 0.000000 -0.000000 0.000000 0.000000 1.000000 0.000000 14.361372 0.000000 0.000000 1.000000 0.000000 0.000000 0.000000 0.000000 1.000000</matrix>
              <node id="mixamorig_Neck" name="mixamorig_Neck" sid="mixamorig_Neck" type="JOINT">
                <matrix sid="matrix">1.000000 0.000000 -0.000000 0.000000 -0.000000 0.994024 -0.109165 16.156532 0.000000 0.109165 0.994024 -0.000000 0.000000 0.000000 0.000000 1.000000</matrix>
                <node id="mixamorig_Head" name="mixamorig_Head" sid="mixamorig_Head" type="JOINT">
                  <matrix sid="matrix">1.000000 -0.000000 0.000000 0.000000 0.000000 1.000000 0.000000 1.383636 -0.000000 0.000000 1.000000 1.145801 0.000000 0.000000 0.000000 1.000000</matrix>
                  <node id="mixamorig_HeadTop_End" name="mixamorig_HeadTop_End" sid="mixamorig_HeadTop_End" type="JOINT">
                    <matrix sid="matrix">1.000000 -0.000000 0.000000 0.000000 0.000000 1.000000 0.000000 19.933113 -0.000000 0.000000 1.000000 16.506777 0.000000 0.000000 0.000000 1.000000</matrix>
                  </node>
                </node>
              </node>
              <node id="mixamorig_LeftShoulder" name="mixamorig_LeftShoulder" sid="mixamorig_LeftShoulder" type="JOINT">
                <matrix sid="matrix">-0.017230 0.999113 0.038435 12.201913 -0.006981 0.038319 -0.999241 13.791432 -0.999827 -0.017486 0.006315 -0.529851 0.000000 0.000000 0.000000 1.000000</matrix>
                <node id="mixamorig_LeftArm" name="mixamorig_LeftArm" sid="mixamorig_LeftArm" type="JOINT">
                  <matrix sid="matrix">0.995639 -0.017231 0.091687 0.000000 0.020671 0.999112 -0.036706 24.900921 -0.090973 0.038441 0.995111 0.000000 0.000000 0.000000 0.000000 1.000000</matrix>
                  <node id="mixamorig_LeftForeArm" name="mixamorig_LeftForeArm" sid="mixamorig_LeftForeArm" type="JOINT">
                    <matrix sid="matrix">0.999988 0.000000 -0.004950 -0.000000 -0.000000 1.000000 0.000000 34.805481 0.004950 -0.000000 0.999988 -0.000000 0.000000 0.000000 0.000000 1.000000</matrix>
                    <node id="mixamorig_LeftHand" name="mixamorig_LeftHand" sid="mixamorig_LeftHand" type="JOINT">
                      <matrix sid="matrix">0.796744 0.016493 0.604091 0.000000 0.000000 0.999628 -0.027292 34.147903 -0.604316 0.021745 0.796448 0.000000 0.000000 0.000000 0.000000 1.000000</matrix>
                      <node id="mixamorig_LeftHandThumb1" name="mixamorig_LeftHandThumb1" sid="mixamorig_LeftHandThumb1" type="JOINT">
                        <matrix sid="matrix">0.879508 -0.472187 0.059202 -7.070284 0.475280 0.877834 -0.059306 5.699593 -0.023966 0.080297 0.996483 0.000000 0.000000 0.000000 0.000000 1.000000</matrix>
                        <node id="mixamorig_LeftHandThumb2" name="mixamorig_LeftHandThumb2" sid="mixamorig_LeftHandThumb2" type="JOINT">
                          <matrix sid="matrix">0.992767 -0.099156 -0.067687 -1.316683 0.098534 0.995056 -0.012473 7.144920 0.068589 0.005714 0.997629 -0.000000 0.000000 0.000000 0.000000 1.000000</matrix>
                          <node id="mixamorig_LeftHandThumb3" name="mixamorig_LeftHandThumb3" sid="mixamorig_LeftHandThumb3" type="JOINT">
                            <matrix sid="matrix">0.952129 -0.305638 0.006048 -0.874021 0.305640 0.952147 0.000504 10.491166 -0.005913 0.001368 0.999982 0.000000 0.000000 0.000000 0.000000 1.000000</matrix>
                            <node id="mixamorig_LeftHandThumb4" name="mixamorig_LeftHandThumb4" sid="mixamorig_LeftHandThumb4" type="JOINT">
                              <matrix sid="matrix">1.000000 0.000000 0.000000 2.190705 0.000000 1.000000 0.000000 9.462880 0.000000 -0.000000 1.000000 0.000000 0.000000 0.000000 0.000000 1.000000</matrix>
                            </node>
                          </node>
                        </node>
                      </node>
                      <node id="mixamorig_LeftHandIndex1" name="mixamorig_LeftHandIndex1" sid="mixamorig_LeftHandIndex1" type="JOINT">
                        <matrix sid="matrix">0.992399 0.110786 0.053578 -0.000000 -0.112357 0.993294 0.027253 17.760099 -0.050200 -0.033065 0.998192 -0.484852 0.000000 0.000000 0.000000 1.000000</matrix>
                        <node id="mixamorig_LeftHandIndex2" name="mixamorig_LeftHandIndex2" sid="mixamorig_LeftHandIndex2" type="JOINT">
                          <matrix sid="matrix">0.976073 -0.217442 -0.000288 -1.109697 0.217442 0.976073 -0.000032 9.940526 0.000288 -0.000031 1.000000 -0.000000 0.000000 0.000000 0.000000 1.000000</matrix>
                          <node id="mixamorig_LeftHandIndex3" name="mixamorig_LeftHandIndex3" sid="mixamorig_LeftHandIndex3" type="JOINT">
                            <matrix sid="matrix">0.996233 0.086588 -0.004688 1.016954 -0.086587 0.996244 0.000508 9.378285 0.004714 -0.000100 0.999989 -0.000000 0.000000 0.000000 0.000000 1.000000</matrix>
                            <node id="mixamorig_LeftHandIndex4" name="mixamorig_LeftHandIndex4" sid="mixamorig_LeftHandIndex4" type="JOINT">
                              <matrix sid="matrix">1.000000 -0.000000 0.000000 0.092743 -0.000000 1.000000 0.000000 4.346759 0.000000 0.000000 1.000000 -0.000000 0.000000 0.000000 0.000000 1.000000</matrix>
                            </node>
                          </node>
                        </node>
                      </node>
                    </node>
                  </node>
                </node>
              </node>
              <node id="mixamorig_RightShoulder" name="mixamorig_RightShoulder" sid="mixamorig_RightShoulder" type="JOINT">
                <matrix sid="matrix">0.025302 -0.999112 -0.033685 -12.201913 -0.003013 0.033620 -0.999430 13.732811 0.999675 0.025389 -0.002159 0.003935 0.000000 0.000000 0.000000 1.000000</matrix>
                <node id="mixamorig_RightArm" name="mixamorig_RightArm" sid="mixamorig_RightArm" type="JOINT">
                  <matrix sid="matrix">0.987298 -0.025302 -0.156852 0.000000 0.019688 0.999112 -0.037243 24.900921 0.157655 0.033682 0.986920 0.000000 0.000000 0.000000 0.000000 1.000000</matrix>
                  <node id="mixamorig_RightForeArm" name="mixamorig_RightForeArm" sid="mixamorig_RightForeArm" type="JOINT">
                    <matrix sid="matrix">0.999946 0.000001 0.010375 -0.000000 -0.000001 1.000000 0.000000 34.831860 -0.010375 -0.000000 0.999946 -0.000000 0.000000 0.000000 0.000000 1.000000</matrix>
                    <node id="mixamorig_RightHand" name="mixamorig_RightHand" sid="mixamorig_RightHand" type="JOINT">
                      <matrix sid="matrix">0.789549 -0.010180 -0.613603 -0.000000 -0.000000 0.999862 -0.016589 34.523083 0.613688 0.013098 0.789440 0.000000 0.000000 0.000000 0.000000 1.000000</matrix>
                      <node id="mixamorig_RightHandThumb1" name="mixamorig_RightHandThumb1" sid="mixamorig_RightHandThumb1" type="JOINT">
                        <matrix sid="matrix">0.918339 0.394693 -0.029507 7.149430 -0.395465 0.918063 -0.027721 5.106395 0.016148 0.037126 0.999180 0.000002 0.000000 0.000000 0.000000 1.000000</matrix>
                        <node id="mixamorig_RightHandThumb2" name="mixamorig_RightHandThumb2" sid="mixamorig_RightHandThumb2" type="JOINT">
                          <matrix sid="matrix">0.971593 0.225064 0.073161 1.917283 -0.224137 0.974337 -0.020744 6.762054 -0.075952 0.003756 0.997104 -0.000000 0.000000 0.000000 0.000000 1.000000</matrix>
                          <node id="mixamorig_RightHandThumb3" name="mixamorig_RightHandThumb3" sid="mixamorig_RightHandThumb3" type="JOINT">
                            <matrix sid="matrix">0.948264 0.317483 0.000164 0.497132 -0.317483 0.948264 -0.000007 10.051082 -0.000158 -0.000045 1.000000 -0.000000 0.000000 0.000000 0.000000 1.000000</matrix>
                            <node id="mixamorig_RightHandThumb4" name="mixamorig_RightHandThumb4" sid="mixamorig_RightHandThumb4" type="JOINT">
                              <matrix sid="matrix">1.000000 -0.000000 0.000000 -2.414415 0.000000 1.000000 -0.000000 8.601429 -0.000000 0.000000 1.000000 -0.000000 0.000000 0.000000 0.000000 1.000000</matrix>
                            </node>
                          </node>
                        </node>
                      </node>
                      <node id="mixamorig_RightHandIndex1" name="mixamorig_RightHandIndex1" sid="mixamorig_RightHandIndex1" type="JOINT">
                        <matrix sid="matrix">0.988681 0.008955 -0.149765 0.000000 -0.006571 0.999844 0.016402 19.401506 0.149889 -0.015232 0.988586 -0.321865 0.000000 0.000000 0.000000 1.000000</matrix>
                        <node id="mixamorig_RightHandIndex2" name="mixamorig_RightHandIndex2" sid="mixamorig_RightHandIndex2" type="JOINT">
                          <matrix sid="matrix">0.999940 -0.010953 0.000031 -0.085108 0.010953 0.999940 0.000000 9.396384 -0.000031 -0.000000 1.000000 -0.000000 0.000000 0.000000 0.000000 1.000000</matrix>
                          <node id="mixamorig_RightHandIndex3" name="mixamorig_RightHandIndex3" sid="mixamorig_RightHandIndex3" type="JOINT">
                            <matrix sid="matrix">0.999903 -0.013922 -0.000116 0.015877 0.013922 0.999903 0.000001 8.385044 0.000116 -0.000003 1.000000 -0.000000 0.000000 0.000000 0.000000 1.000000</matrix>
                            <node id="mixamorig_RightHandIndex4" name="mixamorig_RightHandIndex4" sid="mixamorig_RightHandIndex4" type="JOINT">
                              <matrix sid="matrix">1.000000 -0.000000 0.000000 0.069231 -0.000000 1.000000 -0.000000 4.374271 -0.000000 0.000000 1.000000 0.000000 0.000000 0.000000 0.000000 1.000000</matrix>
                            </node>
                          </node>
                        </node>
                      </node>
                    </node>
                  </node>
                </node>
              </node>
            </node>
          </node>
        </node>
        <node id="mixamorig_LeftUpLeg" name="mixamorig_LeftUpLeg" sid="mixamorig_LeftUpLeg" type="JOINT">
          <matrix sid="matrix">-0.999791 0.019331 0.006674 17.234682 -0.018869 -0.997801 0.063537 -5.936558 0.007888 0.063398 0.997957 0.975565 0.000000 0.000000 0.000000 1.000000</matrix>
          <node id="mixamorig_LeftLeg" name="mixamorig_LeftLeg" sid="mixamorig_LeftLeg" type="JOINT">
            <matrix sid="matrix">0.999224 0.038591 0.007890 -0.000000 -0.039389 0.978002 0.204843 46.723827 0.000188 -0.204995 0.978763 -0.000000 0.000000 0.000000 0.000000 1.000000</matrix>
            <node id="mixamorig_LeftFoot" name="mixamorig_LeftFoot" sid="mixamorig_LeftFoot" type="JOINT">
              <matrix sid="matrix">0.903637 -0.384244 -0.189199 -0.000000 0.106421 0.629328 -0.769819 42.762394 0.414866 0.675503 0.609575 0.000000 0.000000 0.000000 0.000000 1.000000</matrix>
              <node id="mixamorig_LeftToeBase" name="mixamorig_LeftToeBase" sid="mixamorig_LeftToeBase" type="JOINT">
                <matrix sid="matrix">0.983933 -0.130195 -0.122165 0.000000 -0.000000 0.684259 -0.729239 24.681414 0.178536 0.717522 0.673265 0.000001 0.000000 0.000000 0.000000 1.000000</matrix>
                <node id="mixamorig_LeftToe_End" name="mixamorig_LeftToe_End" sid="mixamorig_LeftToe_End" type="JOINT">
                  <matrix sid="matrix">1.000000 0.000000 0.000000 0.000000 0.000000 1.000000 0.000000 12.745445 -0.000000 0.000000 1.000000 0.000000 0.000000 0.000000 0.000000 1.000000</matrix>
                </node>
              </node>
            </node>
          </node>
        </node>
        <node id="mixamorig_RightUpLeg" name="mixamorig_RightUpLeg" sid="mixamorig_RightUpLeg" type="JOINT">
          <matrix sid="matrix">-0.999780 -0.019272 -0.008221 -17.234682 0.018570 -0.996764 0.078212 -5.936558 -0.009702 0.078042 0.996903 0.593925 0.000000 0.000000 0.000000 1.000000</matrix>
          <node id="mixamorig_RightLeg" name="mixamorig_RightLeg" sid="mixamorig_RightLeg" type="JOINT">
            <matrix sid="matrix">0.999242 -0.037977 -0.008590 -0.000000 0.038936 0.973334 0.226064 46.758759 -0.000224 -0.226227 0.974075 0.000000 0.000000 0.000000 0.000000 1.000000</matrix>
            <node id="mixamorig_RightFoot" name="mixamorig_RightFoot" sid="mixamorig_RightFoot" type="JOINT">
              <matrix sid="matrix">0.909617 0.378536 0.171192 0.000000 -0.108415 0.614071 -0.781769 42.821053 -0.401052 0.692551 0.599608 -0.000000 0.000000 0.000000 0.000000 1.000000</matrix>
              <node id="mixamorig_RightToeBase" name="mixamorig_RightToeBase" sid="mixamorig_RightToeBase" type="JOINT">
                <matrix sid="matrix">0.979484 0.145158 0.139787 -0.000000 0.000000 0.693655 -0.720307 24.984602 -0.201522 0.705529 0.679424 0.000001 0.000000 0.000000 0.000000 1.000000</matrix>
                <node id="mixamorig_RightToe_End" name="mixamorig_RightToe_End" sid="mixamorig_RightToe_End" type="JOINT">
                  <matrix sid="matrix">1.000000 -0.000000 -0.000000 0.000000 -0.000000 1.000000 0.000000 12.741482 0.000000 0.000000 1.000000 0.000000 0.000000 0.000000 0.000000 1.000000</matrix>
                </node>
              </node>
            </node>
          </node>
        </node>
      </node>
    </visual_scene>
  </library_visual_scenes>
  <scene>
    <instance_visual_scene url="#RootNode"/>
  </scene>
</COLLADA>
